CustomerId,Surname,Geography,Gender,Age,Tenure,Balance,NumOfProducts,HasCrCard,IsActiveMember,EstimatedSalary,Exited,error_message
15634602,Hargrave,FRA,Female,42.0,2,0.0,1,Yes,Yes,101348.88,1,"new row for relation ""bank_churn"" violates check constraint ""valid_countries""
DETAIL:  Failing row contains (15634602, Hargrave, FRA, Female, 42, 2, 0, 1, t, t, 101349, 1).
"
15619304,Onio,French,Female,42.0,8,159660.8,3,No,No,113931.57,1,"new row for relation ""bank_churn"" violates check constraint ""valid_countries""
DETAIL:  Failing row contains (15619304, Onio, French, Female, 42, 8, 159661, 3, f, f, 113932, 1).
"
15701354,Boni,FRA,Female,39.0,1,0.0,2,No,No,93826.63,0,"new row for relation ""bank_churn"" violates check constraint ""valid_countries""
DETAIL:  Failing row contains (15701354, Boni, FRA, Female, 39, 1, 0, 2, f, f, 93827, 0).
"
15792365,He,French,Male,44.0,4,142051.07,2,Yes,Yes,74940.5,0,"new row for relation ""bank_churn"" violates check constraint ""valid_countries""
DETAIL:  Failing row contains (15792365, He, French, Male, 44, 4, 142051, 2, t, t, 74941, 0).
"
15767821,Bearce,French,Male,31.0,6,102016.72,2,No,No,80181.12,0,"new row for relation ""bank_churn"" violates check constraint ""valid_countries""
DETAIL:  Failing row contains (15767821, Bearce, French, Male, 31, 6, 102017, 2, f, f, 80181, 0).
"
15632264,Kay,FRA,Female,34.0,10,0.0,2,No,No,26260.98,0,"new row for relation ""bank_churn"" violates check constraint ""valid_countries""
DETAIL:  Failing row contains (15632264, Kay, FRA, Female, 34, 10, 0, 2, f, f, 26261, 0).
"
15568982,Hao,French,Female,24.0,6,0.0,2,Yes,Yes,54724.03,0,"new row for relation ""bank_churn"" violates check constraint ""valid_countries""
DETAIL:  Failing row contains (15568982, Hao, French, Female, 24, 6, 0, 2, t, t, 54724, 0).
"
15577657,McDonald,French,Male,41.0,8,0.0,2,Yes,Yes,170886.17,0,"new row for relation ""bank_churn"" violates check constraint ""valid_countries""
DETAIL:  Failing row contains (15577657, McDonald, French, Male, 41, 8, 0, 2, t, t, 170886, 0).
"
15625047,Yen,FRA,Female,38.0,5,0.0,1,Yes,Yes,187616.16,0,"new row for relation ""bank_churn"" violates check constraint ""valid_countries""
DETAIL:  Failing row contains (15625047, Yen, FRA, Female, 38, 5, 0, 1, t, t, 187616, 0).
"
15700772,Nebechi,FRA,Male,44.0,9,0.0,2,No,No,38433.35,0,"new row for relation ""bank_churn"" violates check constraint ""valid_countries""
DETAIL:  Failing row contains (15700772, Nebechi, FRA, Male, 44, 9, 0, 2, f, f, 38433, 0).
"
15728693,,Germany,Female,,3,141349.43,1,Yes,Yes,-999999.0,0,"integer out of range
"
15656300,Lucciano,French,Male,29.0,0,59697.17,2,Yes,Yes,53483.21,0,"new row for relation ""bank_churn"" violates check constraint ""valid_countries""
DETAIL:  Failing row contains (15656300, Lucciano, French, Male, 29, 0, 59697, 2, t, t, 53483, 0).
"
15717426,Armstrong,French,Male,36.0,7,0.0,1,Yes,Yes,40812.9,0,"new row for relation ""bank_churn"" violates check constraint ""valid_countries""
DETAIL:  Failing row contains (15717426, Armstrong, French, Male, 36, 7, 0, 1, t, t, 40813, 0).
"
15738148,Clarke,FRA,Female,51.0,8,122522.32,1,No,No,181297.65,1,"new row for relation ""bank_churn"" violates check constraint ""valid_countries""
DETAIL:  Failing row contains (15738148, Clarke, FRA, Female, 51, 8, 122522, 1, f, f, 181298, 1).
"
15687946,Osborne,FRA,Female,61.0,2,117419.35,1,Yes,Yes,94153.83,0,"new row for relation ""bank_churn"" violates check constraint ""valid_countries""
DETAIL:  Failing row contains (15687946, Osborne, FRA, Female, 61, 2, 117419, 1, t, t, 94154, 0).
"
15755196,Lavine,FRA,Female,49.0,2,131394.56,1,No,No,194365.76,1,"new row for relation ""bank_churn"" violates check constraint ""valid_countries""
DETAIL:  Failing row contains (15755196, Lavine, FRA, Female, 49, 2, 131395, 1, f, f, 194366, 1).
"
15683553,O'Brien,FRA,Female,33.0,5,0.0,2,No,No,116978.19,0,"new row for relation ""bank_churn"" violates check constraint ""valid_countries""
DETAIL:  Failing row contains (15683553, O'Brien, FRA, Female, 33, 5, 0, 2, f, f, 116978, 0).
"
15760861,Phillipps,French,Male,43.0,1,125211.92,1,Yes,Yes,113410.49,0,"new row for relation ""bank_churn"" violates check constraint ""valid_countries""
DETAIL:  Failing row contains (15760861, Phillipps, French, Male, 43, 1, 125212, 1, t, t, 113410, 0).
"
15804771,Velazquez,FRA,Male,51.0,4,40685.92,1,Yes,Yes,46775.28,0,"new row for relation ""bank_churn"" violates check constraint ""valid_countries""
DETAIL:  Failing row contains (15804771, Velazquez, FRA, Male, 51, 4, 40686, 1, t, t, 46775, 0).
"
15755648,Pisano,FRA,Female,21.0,8,98373.26,1,No,No,18203.0,0,"new row for relation ""bank_churn"" violates check constraint ""valid_countries""
DETAIL:  Failing row contains (15755648, Pisano, FRA, Female, 21, 8, 98373, 1, f, f, 18203, 0).
"
15770811,Wallace,FRA,Male,36.0,9,0.0,2,Yes,Yes,145562.4,0,"new row for relation ""bank_churn"" violates check constraint ""valid_countries""
DETAIL:  Failing row contains (15770811, Wallace, FRA, Male, 36, 9, 0, 2, t, t, 145562, 0).
"
15614049,Hu,FRA,Male,55.0,8,0.0,2,Yes,Yes,139161.64,0,"new row for relation ""bank_churn"" violates check constraint ""valid_countries""
DETAIL:  Failing row contains (15614049, Hu, FRA, Male, 55, 8, 0, 2, t, t, 139162, 0).
"
15662085,Read,FRA,Female,32.0,9,0.0,1,Yes,Yes,148210.64,0,"new row for relation ""bank_churn"" violates check constraint ""valid_countries""
DETAIL:  Failing row contains (15662085, Read, FRA, Female, 32, 9, 0, 1, t, t, 148211, 0).
"
15701164,Onyeorulu,FRA,Female,34.0,4,90307.62,1,Yes,Yes,159235.29,0,"new row for relation ""bank_churn"" violates check constraint ""valid_countries""
DETAIL:  Failing row contains (15701164, Onyeorulu, FRA, Female, 34, 4, 90308, 1, t, t, 159235, 0).
"
15622897,Sharpe,French,Female,46.0,4,0.0,3,No,No,93251.42,1,"new row for relation ""bank_churn"" violates check constraint ""valid_countries""
DETAIL:  Failing row contains (15622897, Sharpe, French, Female, 46, 4, 0, 3, f, f, 93251, 1).
"
15809248,Cole,FRA,Female,36.0,10,0.0,2,No,No,109614.57,0,"new row for relation ""bank_churn"" violates check constraint ""valid_countries""
DETAIL:  Failing row contains (15809248, Cole, FRA, Female, 36, 10, 0, 2, f, f, 109615, 0).
"
15640635,Capon,FRA,Male,29.0,8,0.0,2,Yes,Yes,172290.61,0,"new row for relation ""bank_churn"" violates check constraint ""valid_countries""
DETAIL:  Failing row contains (15640635, Capon, FRA, Male, 29, 8, 0, 2, t, t, 172291, 0).
"
15808582,Fu,FRA,Female,40.0,6,0.0,1,Yes,Yes,161848.03,0,"new row for relation ""bank_churn"" violates check constraint ""valid_countries""
DETAIL:  Failing row contains (15808582, Fu, FRA, Female, 40, 6, 0, 1, t, t, 161848, 0).
"
15743192,Hung,French,Female,44.0,6,0.0,2,No,No,167162.43,0,"new row for relation ""bank_churn"" violates check constraint ""valid_countries""
DETAIL:  Failing row contains (15743192, Hung, French, Female, 44, 6, 0, 2, f, f, 167162, 0).
"
15682472,Culbreth,French,Male,34.0,8,129433.34,2,No,No,38131.77,0,"new row for relation ""bank_churn"" violates check constraint ""valid_countries""
DETAIL:  Failing row contains (15682472, Culbreth, French, Male, 34, 8, 129433, 2, f, f, 38132, 0).
"
15580203,,Spain,Male,,6,120193.42,1,No,No,-999999.0,0,"integer out of range
"
15690673,Cameron,French,Female,39.0,6,0.0,2,No,No,141069.88,0,"new row for relation ""bank_churn"" violates check constraint ""valid_countries""
DETAIL:  Failing row contains (15690673, Cameron, French, Female, 39, 6, 0, 2, f, f, 141070, 0).
"
15779659,Zetticci,FRA,Female,28.0,3,0.0,1,No,No,183646.41,0,"new row for relation ""bank_churn"" violates check constraint ""valid_countries""
DETAIL:  Failing row contains (15779659, Zetticci, FRA, Female, 28, 3, 0, 1, f, f, 183646, 0).
"
15575492,Kennedy,FRA,Female,41.0,7,0.0,2,No,No,171378.77,0,"new row for relation ""bank_churn"" violates check constraint ""valid_countries""
DETAIL:  Failing row contains (15575492, Kennedy, FRA, Female, 41, 7, 0, 2, f, f, 171379, 0).
"
15591607,Fernie,FRA,Male,24.0,9,101827.07,1,No,No,167256.35,0,"new row for relation ""bank_churn"" violates check constraint ""valid_countries""
DETAIL:  Failing row contains (15591607, Fernie, FRA, Male, 24, 9, 101827, 1, f, f, 167256, 0).
"
15740404,He,FRA,Female,34.0,3,0.0,2,Yes,Yes,124226.16,0,"new row for relation ""bank_churn"" violates check constraint ""valid_countries""
DETAIL:  Failing row contains (15740404, He, FRA, Female, 34, 3, 0, 2, t, t, 124226, 0).
"
15642004,Alekseeva,French,Male,25.0,1,0.0,2,Yes,Yes,16459.37,0,"new row for relation ""bank_churn"" violates check constraint ""valid_countries""
DETAIL:  Failing row contains (15642004, Alekseeva, French, Male, 25, 1, 0, 2, t, t, 16459, 0).
"
15610156,Ma,FRA,Male,40.0,2,133463.1,1,Yes,Yes,93165.34,0,"new row for relation ""bank_churn"" violates check constraint ""valid_countries""
DETAIL:  Failing row contains (15610156, Ma, FRA, Male, 40, 2, 133463, 1, t, t, 93165, 0).
"
15628145,Forwood,FRA,Female,43.0,5,125851.93,1,Yes,Yes,193318.33,0,"new row for relation ""bank_churn"" violates check constraint ""valid_countries""
DETAIL:  Failing row contains (15628145, Forwood, FRA, Female, 43, 5, 125852, 1, t, t, 193318, 0).
"
15612350,Taylor,FRA,Female,31.0,5,40915.55,1,No,No,126213.84,1,"new row for relation ""bank_churn"" violates check constraint ""valid_countries""
DETAIL:  Failing row contains (15612350, Taylor, FRA, Female, 31, 5, 40916, 1, f, f, 126214, 1).
"
15754105,Olisanugo,French,Male,37.0,5,106967.18,1,No,No,24495.03,0,"new row for relation ""bank_churn"" violates check constraint ""valid_countries""
DETAIL:  Failing row contains (15754105, Olisanugo, French, Male, 37, 5, 106967, 1, f, f, 24495, 0).
"
15759618,Alexeeva,French,Female,48.0,9,0.0,1,No,No,149892.79,1,"new row for relation ""bank_churn"" violates check constraint ""valid_countries""
DETAIL:  Failing row contains (15759618, Alexeeva, French, Female, 48, 9, 0, 1, f, f, 149893, 1).
"
15709368,Milne,French,Female,43.0,6,0.0,2,Yes,Yes,109041.53,0,"new row for relation ""bank_churn"" violates check constraint ""valid_countries""
DETAIL:  Failing row contains (15709368, Milne, French, Female, 43, 6, 0, 2, t, t, 109042, 0).
"
15655007,Li,French,Female,33.0,7,0.0,2,No,No,82996.47,0,"new row for relation ""bank_churn"" violates check constraint ""valid_countries""
DETAIL:  Failing row contains (15655007, Li, French, Female, 33, 7, 0, 2, f, f, 82996, 0).
"
15589975,Maclean,French,Female,73.0,6,97259.25,1,Yes,Yes,104719.66,0,"new row for relation ""bank_churn"" violates check constraint ""valid_countries""
DETAIL:  Failing row contains (15589975, Maclean, French, Female, 73, 6, 97259, 1, t, t, 104720, 0).
"
15641122,Wei,French,Male,30.0,2,0.0,2,No,No,83473.82,0,"new row for relation ""bank_churn"" violates check constraint ""valid_countries""
DETAIL:  Failing row contains (15641122, Wei, French, Male, 30, 2, 0, 2, f, f, 83474, 0).
"
15630910,Treacy,FRA,Female,49.0,7,108007.36,1,No,No,47125.11,0,"new row for relation ""bank_churn"" violates check constraint ""valid_countries""
DETAIL:  Failing row contains (15630910, Treacy, FRA, Female, 49, 7, 108007, 1, f, f, 47125, 0).
"
15587562,Hawkins,French,Female,29.0,4,130114.39,1,No,No,164017.89,0,"new row for relation ""bank_churn"" violates check constraint ""valid_countries""
DETAIL:  Failing row contains (15587562, Hawkins, French, Female, 29, 4, 130114, 1, f, f, 164018, 0).
"
15586310,Ting,French,Male,30.0,4,169462.09,1,No,No,112187.11,0,"new row for relation ""bank_churn"" violates check constraint ""valid_countries""
DETAIL:  Failing row contains (15586310, Ting, French, Male, 30, 4, 169462, 1, f, f, 112187, 0).
"
15645248,Ho,French,Female,30.0,0,0.0,2,Yes,Yes,130553.47,0,"new row for relation ""bank_churn"" violates check constraint ""valid_countries""
DETAIL:  Failing row contains (15645248, Ho, French, Female, 30, 0, 0, 2, t, t, 130553, 0).
"
15789669,Hsia,FRA,Male,65.0,2,0.0,2,Yes,Yes,48071.61,0,"new row for relation ""bank_churn"" violates check constraint ""valid_countries""
DETAIL:  Failing row contains (15789669, Hsia, FRA, Male, 65, 2, 0, 2, t, t, 48072, 0).
"
15810845,T'ang,FRA,Male,42.0,2,0.0,2,Yes,Yes,55470.78,0,"new row for relation ""bank_churn"" violates check constraint ""valid_countries""
DETAIL:  Failing row contains (15810845, T'ang, FRA, Male, 42, 2, 0, 2, t, t, 55471, 0).
"
15719377,Cocci,French,Female,50.0,4,0.0,1,Yes,Yes,8546.87,1,"new row for relation ""bank_churn"" violates check constraint ""valid_countries""
DETAIL:  Failing row contains (15719377, Cocci, French, Female, 50, 4, 0, 1, t, t, 8547, 1).
"
15771977,T'ao,FRA,Female,39.0,1,99010.67,1,No,No,194945.8,0,"new row for relation ""bank_churn"" violates check constraint ""valid_countries""
DETAIL:  Failing row contains (15771977, T'ao, FRA, Female, 39, 1, 99011, 1, f, f, 194946, 0).
"
15726931,Onwumelu,FRA,Female,41.0,8,56214.85,2,No,No,92982.61,1,"new row for relation ""bank_churn"" violates check constraint ""valid_countries""
DETAIL:  Failing row contains (15726931, Onwumelu, FRA, Female, 41, 8, 56215, 2, f, f, 92983, 1).
"
15771086,Graham,French,Female,36.0,3,84327.77,2,No,No,17675.36,0,"new row for relation ""bank_churn"" violates check constraint ""valid_countries""
DETAIL:  Failing row contains (15771086, Graham, French, Female, 36, 3, 84328, 2, f, f, 17675, 0).
"
15756850,Golovanov,French,Male,40.0,1,0.0,2,No,No,114996.43,0,"new row for relation ""bank_churn"" violates check constraint ""valid_countries""
DETAIL:  Failing row contains (15756850, Golovanov, French, Male, 40, 1, 0, 2, f, f, 114996, 0).
"
15702741,Potts,French,Male,32.0,8,93012.89,1,No,No,86957.42,0,"new row for relation ""bank_churn"" violates check constraint ""valid_countries""
DETAIL:  Failing row contains (15702741, Potts, French, Male, 32, 8, 93013, 1, f, f, 86957, 0).
"
15811127,Volkov,FRA,Male,35.0,6,96423.84,1,No,No,10488.44,0,"new row for relation ""bank_churn"" violates check constraint ""valid_countries""
DETAIL:  Failing row contains (15811127, Volkov, FRA, Male, 35, 6, 96424, 1, f, f, 10488, 0).
"
15622911,Jude,FRA,Male,42.0,4,105420.18,1,Yes,Yes,121409.06,0,"new row for relation ""bank_churn"" violates check constraint ""valid_countries""
DETAIL:  Failing row contains (15622911, Jude, FRA, Male, 42, 4, 105420, 1, t, t, 121409, 0).
"
15684181,Hackett,French,Male,45.0,5,0.0,1,No,No,142513.5,1,"new row for relation ""bank_churn"" violates check constraint ""valid_countries""
DETAIL:  Failing row contains (15684181, Hackett, French, Male, 45, 5, 0, 1, f, f, 142514, 1).
"
15624592,Tan,French,Male,31.0,8,0.0,2,Yes,Yes,169915.02,0,"new row for relation ""bank_churn"" violates check constraint ""valid_countries""
DETAIL:  Failing row contains (15624592, Tan, French, Male, 31, 8, 0, 2, t, t, 169915, 0).
"
15573152,Glassman,French,Female,41.0,9,0.0,2,No,No,88852.47,0,"new row for relation ""bank_churn"" violates check constraint ""valid_countries""
DETAIL:  Failing row contains (15573152, Glassman, French, Female, 41, 9, 0, 2, f, f, 88852, 0).
"
15594917,Miller,French,Female,34.0,1,63095.01,1,Yes,Yes,40645.81,0,"new row for relation ""bank_churn"" violates check constraint ""valid_countries""
DETAIL:  Failing row contains (15594917, Miller, French, Female, 34, 1, 63095, 1, t, t, 40646, 0).
"
15680920,Marchesi,French,Male,46.0,7,49512.55,1,No,No,133007.34,0,"new row for relation ""bank_churn"" violates check constraint ""valid_countries""
DETAIL:  Failing row contains (15680920, Marchesi, French, Male, 46, 7, 49513, 1, f, f, 133007, 0).
"
15659366,Shih,FRA,Male,43.0,1,105799.32,2,No,No,34888.04,1,"new row for relation ""bank_churn"" violates check constraint ""valid_countries""
DETAIL:  Failing row contains (15659366, Shih, FRA, Male, 43, 1, 105799, 2, f, f, 34888, 1).
"
15774854,Fuller,FRA,Male,54.0,8,0.0,1,Yes,Yes,28737.71,1,"new row for relation ""bank_churn"" violates check constraint ""valid_countries""
DETAIL:  Failing row contains (15774854, Fuller, FRA, Male, 54, 8, 0, 1, t, t, 28738, 1).
"
15727829,McIntyre,FRA,Male,42.0,2,0.0,2,Yes,Yes,167984.61,0,"new row for relation ""bank_churn"" violates check constraint ""valid_countries""
DETAIL:  Failing row contains (15727829, McIntyre, FRA, Male, 42, 2, 0, 2, t, t, 167985, 0).
"
15699029,Bagley,FRA,Male,37.0,4,170557.91,2,No,No,198252.88,0,"new row for relation ""bank_churn"" violates check constraint ""valid_countries""
DETAIL:  Failing row contains (15699029, Bagley, FRA, Male, 37, 4, 170558, 2, f, f, 198253, 0).
"
15774393,Ch'ien,French,Female,30.0,9,0.0,2,Yes,Yes,26960.31,0,"new row for relation ""bank_churn"" violates check constraint ""valid_countries""
DETAIL:  Failing row contains (15774393, Ch'ien, French, Female, 30, 9, 0, 2, t, t, 26960, 0).
"
15627000,Freeman,FRA,Male,40.0,0,0.0,2,No,No,62232.6,0,"new row for relation ""bank_churn"" violates check constraint ""valid_countries""
DETAIL:  Failing row contains (15627000, Freeman, FRA, Male, 40, 0, 0, 2, f, f, 62233, 0).
"
15787174,Sergeyev,French,Female,37.0,1,0.0,2,Yes,Yes,156105.03,0,"new row for relation ""bank_churn"" violates check constraint ""valid_countries""
DETAIL:  Failing row contains (15787174, Sergeyev, French, Female, 37, 1, 0, 2, t, t, 156105, 0).
"
15704769,Smith,French,Female,67.0,5,113978.97,2,Yes,Yes,93146.11,0,"new row for relation ""bank_churn"" violates check constraint ""valid_countries""
DETAIL:  Failing row contains (15704769, Smith, French, Female, 67, 5, 113979, 2, t, t, 93146, 0).
"
15795149,Stevens,FRA,Male,28.0,2,81173.83,2,Yes,Yes,162812.16,0,"new row for relation ""bank_churn"" violates check constraint ""valid_countries""
DETAIL:  Failing row contains (15795149, Stevens, FRA, Male, 28, 2, 81174, 2, t, t, 162812, 0).
"
15813844,Barnes,FRA,Male,37.0,8,105961.68,2,Yes,Yes,74158.8,0,"new row for relation ""bank_churn"" violates check constraint ""valid_countries""
DETAIL:  Failing row contains (15813844, Barnes, FRA, Male, 37, 8, 105962, 2, t, t, 74159, 0).
"
15599792,Dimauro,FRA,Female,26.0,1,0.0,2,Yes,Yes,199638.56,0,"new row for relation ""bank_churn"" violates check constraint ""valid_countries""
DETAIL:  Failing row contains (15599792, Dimauro, FRA, Female, 26, 1, 0, 2, t, t, 199639, 0).
"
15636684,Kirkland,FRA,Male,34.0,10,0.0,2,Yes,Yes,198637.34,0,"new row for relation ""bank_churn"" violates check constraint ""valid_countries""
DETAIL:  Failing row contains (15636684, Kirkland, FRA, Male, 34, 10, 0, 2, t, t, 198637, 0).
"
15750803,Jess,FRA,Female,30.0,6,127992.25,1,Yes,Yes,50457.2,0,"new row for relation ""bank_churn"" violates check constraint ""valid_countries""
DETAIL:  Failing row contains (15750803, Jess, FRA, Female, 30, 6, 127992, 1, t, t, 50457, 0).
"
15686776,Rossi,FRA,Female,32.0,6,184686.41,2,No,No,14956.44,0,"new row for relation ""bank_churn"" violates check constraint ""valid_countries""
DETAIL:  Failing row contains (15686776, Rossi, FRA, Female, 32, 6, 184686, 2, f, f, 14956, 0).
"
15653857,Wallis,French,Male,34.0,2,0.0,2,Yes,Yes,148528.24,0,"new row for relation ""bank_churn"" violates check constraint ""valid_countries""
DETAIL:  Failing row contains (15653857, Wallis, French, Male, 34, 2, 0, 2, t, t, 148528, 0).
"
15725166,Newton,French,Male,30.0,8,0.0,2,No,No,33159.37,0,"new row for relation ""bank_churn"" violates check constraint ""valid_countries""
DETAIL:  Failing row contains (15725166, Newton, French, Male, 30, 8, 0, 2, f, f, 33159, 0).
"
15694456,Toscani,French,Male,62.0,3,0.0,1,Yes,Yes,11199.04,1,"new row for relation ""bank_churn"" violates check constraint ""valid_countries""
DETAIL:  Failing row contains (15694456, Toscani, French, Male, 62, 3, 0, 1, t, t, 11199, 1).
"
15767339,Chiazagomekpere,French,Female,53.0,10,0.0,2,No,No,189992.97,0,"new row for relation ""bank_churn"" violates check constraint ""valid_countries""
DETAIL:  Failing row contains (15767339, Chiazagomekpere, French, Female, 53, 10, 0, 2, f, f, 189993, 0).
"
15683562,Allen,French,Male,35.0,6,84026.86,1,Yes,Yes,164255.69,0,"new row for relation ""bank_churn"" violates check constraint ""valid_countries""
DETAIL:  Failing row contains (15683562, Allen, French, Male, 35, 6, 84027, 1, t, t, 164256, 0).
"
15782210,K'ung,French,Male,46.0,1,0.0,1,No,No,152167.79,1,"new row for relation ""bank_churn"" violates check constraint ""valid_countries""
DETAIL:  Failing row contains (15782210, K'ung, French, Male, 46, 1, 0, 1, f, f, 152168, 1).
"
15699389,Ch'ien,French,Male,42.0,7,118274.71,1,Yes,Yes,25885.72,0,"new row for relation ""bank_churn"" violates check constraint ""valid_countries""
DETAIL:  Failing row contains (15699389, Ch'ien, French, Male, 42, 7, 118275, 1, t, t, 25886, 0).
"
15708608,Wallwork,FRA,Female,22.0,8,174185.98,2,Yes,Yes,192633.85,0,"new row for relation ""bank_churn"" violates check constraint ""valid_countries""
DETAIL:  Failing row contains (15708608, Wallwork, FRA, Female, 22, 8, 174186, 2, t, t, 192634, 0).
"
15626144,Chu,French,Male,40.0,7,113208.86,2,No,No,34577.36,0,"new row for relation ""bank_churn"" violates check constraint ""valid_countries""
DETAIL:  Failing row contains (15626144, Chu, French, Male, 40, 7, 113209, 2, f, f, 34577, 0).
"
15790678,Davidson,FRA,Female,32.0,8,119023.28,1,No,No,100816.29,0,"new row for relation ""bank_churn"" violates check constraint ""valid_countries""
DETAIL:  Failing row contains (15790678, Davidson, FRA, Female, 32, 8, 119023, 1, f, f, 100816, 0).
"
15655774,Booth,French,Male,27.0,7,0.0,2,No,No,51285.49,0,"new row for relation ""bank_churn"" violates check constraint ""valid_countries""
DETAIL:  Failing row contains (15655774, Booth, French, Male, 27, 7, 0, 2, f, f, 51285, 0).
"
15785819,Shao,FRA,Male,38.0,3,0.0,2,Yes,Yes,112491.96,0,"new row for relation ""bank_churn"" violates check constraint ""valid_countries""
DETAIL:  Failing row contains (15785819, Shao, FRA, Male, 38, 3, 0, 2, t, t, 112492, 0).
"
15723654,Tsao,French,Male,25.0,2,135903.33,1,No,No,73656.38,0,"new row for relation ""bank_churn"" violates check constraint ""valid_countries""
DETAIL:  Failing row contains (15723654, Tsao, French, Male, 25, 2, 135903, 1, f, f, 73656, 0).
"
15774510,Tien,FRA,Female,31.0,4,125169.26,1,Yes,Yes,106636.89,0,"new row for relation ""bank_churn"" violates check constraint ""valid_countries""
DETAIL:  Failing row contains (15774510, Tien, FRA, Female, 31, 4, 125169, 1, t, t, 106637, 0).
"
15650068,Johnson,French,Male,58.0,0,149117.31,1,Yes,Yes,162599.51,0,"new row for relation ""bank_churn"" violates check constraint ""valid_countries""
DETAIL:  Failing row contains (15650068, Johnson, French, Male, 58, 0, 149117, 1, t, t, 162600, 0).
"
15803976,Efremov,FRA,Female,31.0,10,0.0,2,No,No,160990.27,0,"new row for relation ""bank_churn"" violates check constraint ""valid_countries""
DETAIL:  Failing row contains (15803976, Efremov, FRA, Female, 31, 10, 0, 2, f, f, 160990, 0).
"
15695699,Calabrese,FRA,Male,35.0,8,0.0,2,No,No,10334.05,0,"new row for relation ""bank_churn"" violates check constraint ""valid_countries""
DETAIL:  Failing row contains (15695699, Calabrese, FRA, Male, 35, 8, 0, 2, f, f, 10334, 0).
"
15624188,Chiu,FRA,Female,33.0,6,0.0,2,Yes,Yes,190686.16,0,"new row for relation ""bank_churn"" violates check constraint ""valid_countries""
DETAIL:  Failing row contains (15624188, Chiu, FRA, Female, 33, 6, 0, 2, t, t, 190686, 0).
"
15812191,Brennan,French,Male,33.0,4,118082.89,1,No,No,94440.45,0,"new row for relation ""bank_churn"" violates check constraint ""valid_countries""
DETAIL:  Failing row contains (15812191, Brennan, French, Male, 33, 4, 118083, 1, f, f, 94440, 0).
"
15594898,Hewitt,French,Male,43.0,2,0.0,1,Yes,Yes,170034.95,1,"new row for relation ""bank_churn"" violates check constraint ""valid_countries""
DETAIL:  Failing row contains (15594898, Hewitt, French, Male, 43, 2, 0, 1, t, t, 170035, 1).
"
15773972,Balashov,FRA,Male,50.0,4,137104.47,1,No,No,127166.49,1,"new row for relation ""bank_churn"" violates check constraint ""valid_countries""
DETAIL:  Failing row contains (15773972, Balashov, FRA, Male, 50, 4, 137104, 1, f, f, 127166, 1).
"
15712287,Pokrovskii,FRA,Female,80.0,4,0.0,2,Yes,Yes,188603.07,0,"new row for relation ""bank_churn"" violates check constraint ""valid_countries""
DETAIL:  Failing row contains (15712287, Pokrovskii, FRA, Female, 80, 4, 0, 2, t, t, 188603, 0).
"
15674398,Russo,French,Male,38.0,3,0.0,2,No,No,171463.83,0,"new row for relation ""bank_churn"" violates check constraint ""valid_countries""
DETAIL:  Failing row contains (15674398, Russo, French, Male, 38, 3, 0, 2, f, f, 171464, 0).
"
15662736,Doyle,FRA,Male,49.0,2,147069.78,1,No,No,120540.83,1,"new row for relation ""bank_churn"" violates check constraint ""valid_countries""
DETAIL:  Failing row contains (15662736, Doyle, FRA, Male, 49, 2, 147070, 1, f, f, 120541, 1).
"
15678910,Ts'ai,FRA,Female,30.0,8,141441.75,1,Yes,Yes,16278.97,0,"new row for relation ""bank_churn"" violates check constraint ""valid_countries""
DETAIL:  Failing row contains (15678910, Ts'ai, FRA, Female, 30, 8, 141442, 1, t, t, 16279, 0).
"
15682757,Pardey,FRA,Male,30.0,3,0.0,2,No,No,107640.25,0,"new row for relation ""bank_churn"" violates check constraint ""valid_countries""
DETAIL:  Failing row contains (15682757, Pardey, FRA, Male, 30, 3, 0, 2, f, f, 107640, 0).
"
15736601,Tai,FRA,Male,35.0,4,144428.87,1,No,No,134132.65,0,"new row for relation ""bank_churn"" violates check constraint ""valid_countries""
DETAIL:  Failing row contains (15736601, Tai, FRA, Male, 35, 4, 144429, 1, f, f, 134133, 0).
"
15601848,Scott,FRA,Male,35.0,2,0.0,2,No,No,103480.69,0,"new row for relation ""bank_churn"" violates check constraint ""valid_countries""
DETAIL:  Failing row contains (15601848, Scott, FRA, Male, 35, 2, 0, 2, f, f, 103481, 0).
"
15736008,Hunter,French,Female,46.0,9,95441.27,1,No,No,108761.05,1,"new row for relation ""bank_churn"" violates check constraint ""valid_countries""
DETAIL:  Failing row contains (15736008, Hunter, French, Female, 46, 9, 95441, 1, f, f, 108761, 1).
"
15598493,Beach,FRA,Male,50.0,7,0.0,2,Yes,Yes,72143.44,0,"new row for relation ""bank_churn"" violates check constraint ""valid_countries""
DETAIL:  Failing row contains (15598493, Beach, FRA, Male, 50, 7, 0, 2, t, t, 72143, 0).
"
15697441,Hsueh,French,Male,29.0,7,182123.79,1,No,No,116828.51,1,"new row for relation ""bank_churn"" violates check constraint ""valid_countries""
DETAIL:  Failing row contains (15697441, Hsueh, French, Male, 29, 7, 182124, 1, f, f, 116829, 1).
"
15648064,Kennedy,FRA,Male,33.0,2,0.0,2,No,No,2010.98,0,"new row for relation ""bank_churn"" violates check constraint ""valid_countries""
DETAIL:  Failing row contains (15648064, Kennedy, FRA, Male, 33, 2, 0, 2, f, f, 2011, 0).
"
15786170,Tien,FRA,Male,31.0,4,118342.26,1,No,No,161574.19,0,"new row for relation ""bank_churn"" violates check constraint ""valid_countries""
DETAIL:  Failing row contains (15786170, Tien, FRA, Male, 31, 4, 118342, 1, f, f, 161574, 0).
"
15684484,White,French,Male,22.0,8,0.0,2,No,No,127587.22,0,"new row for relation ""bank_churn"" violates check constraint ""valid_countries""
DETAIL:  Failing row contains (15684484, White, French, Male, 22, 8, 0, 2, f, f, 127587, 0).
"
15785869,Pisano,FRA,Female,25.0,7,0.0,2,No,No,30380.12,0,"new row for relation ""bank_churn"" violates check constraint ""valid_countries""
DETAIL:  Failing row contains (15785869, Pisano, FRA, Female, 25, 7, 0, 2, f, f, 30380, 0).
"
15763859,Brown,French,Female,43.0,7,0.0,2,No,No,90908.95,0,"new row for relation ""bank_churn"" violates check constraint ""valid_countries""
DETAIL:  Failing row contains (15763859, Brown, French, Female, 43, 7, 0, 2, f, f, 90909, 0).
"
15576256,Yusupova,French,Male,39.0,5,0.0,2,Yes,Yes,129892.93,0,"new row for relation ""bank_churn"" violates check constraint ""valid_countries""
DETAIL:  Failing row contains (15576256, Yusupova, French, Male, 39, 5, 0, 2, t, t, 129893, 0).
"
15625461,Amos,French,Female,45.0,1,187841.99,2,Yes,Yes,147224.27,0,"new row for relation ""bank_churn"" violates check constraint ""valid_countries""
DETAIL:  Failing row contains (15625461, Amos, French, Female, 45, 1, 187842, 2, t, t, 147224, 0).
"
15739438,Reed,FRA,Male,30.0,0,0.0,2,No,No,160979.66,0,"new row for relation ""bank_churn"" violates check constraint ""valid_countries""
DETAIL:  Failing row contains (15739438, Reed, FRA, Male, 30, 0, 0, 2, f, f, 160980, 0).
"
15633950,Yen,FRA,Male,41.0,1,101960.74,1,Yes,Yes,123547.28,0,"new row for relation ""bank_churn"" violates check constraint ""valid_countries""
DETAIL:  Failing row contains (15633950, Yen, FRA, Male, 41, 1, 101961, 1, t, t, 123547, 0).
"
15706365,Bianchi,French,Female,50.0,9,102535.57,1,Yes,Yes,189543.19,0,"new row for relation ""bank_churn"" violates check constraint ""valid_countries""
DETAIL:  Failing row contains (15706365, Bianchi, French, Female, 50, 9, 102536, 1, t, t, 189543, 0).
"
15676715,Madukaego,FRA,Male,68.0,9,0.0,2,Yes,Yes,199493.38,0,"new row for relation ""bank_churn"" violates check constraint ""valid_countries""
DETAIL:  Failing row contains (15676715, Madukaego, FRA, Male, 68, 9, 0, 2, t, t, 199493, 0).
"
15583303,Monaldo,FRA,Female,29.0,2,152265.43,1,No,No,34004.44,0,"new row for relation ""bank_churn"" violates check constraint ""valid_countries""
DETAIL:  Failing row contains (15583303, Monaldo, FRA, Female, 29, 2, 152265, 1, f, f, 34004, 0).
"
15758449,Angelo,FRA,Female,39.0,8,0.0,1,Yes,Yes,21016.0,0,"new row for relation ""bank_churn"" violates check constraint ""valid_countries""
DETAIL:  Failing row contains (15758449, Angelo, FRA, Female, 39, 8, 0, 1, t, t, 21016, 0).
"
15591509,Milano,FRA,Male,36.0,7,101583.11,2,No,No,123775.15,0,"new row for relation ""bank_churn"" violates check constraint ""valid_countries""
DETAIL:  Failing row contains (15591509, Milano, FRA, Male, 36, 7, 101583, 2, f, f, 123775, 0).
"
15720910,Black,FRA,Female,66.0,9,0.0,1,Yes,Yes,15928.49,0,"new row for relation ""bank_churn"" violates check constraint ""valid_countries""
DETAIL:  Failing row contains (15720910, Black, FRA, Female, 66, 9, 0, 1, t, t, 15928, 0).
"
15762218,Mills,FRA,Female,39.0,9,0.0,2,Yes,Yes,145894.9,0,"new row for relation ""bank_churn"" violates check constraint ""valid_countries""
DETAIL:  Failing row contains (15762218, Mills, FRA, Female, 39, 9, 0, 2, t, t, 145895, 0).
"
15690452,Tung,French,Male,52.0,1,63349.75,1,No,No,108887.44,0,"new row for relation ""bank_churn"" violates check constraint ""valid_countries""
DETAIL:  Failing row contains (15690452, Tung, French, Male, 52, 1, 63350, 1, f, f, 108887, 0).
"
15692761,Pratt,French,Male,36.0,9,0.0,1,No,No,45909.87,0,"new row for relation ""bank_churn"" violates check constraint ""valid_countries""
DETAIL:  Failing row contains (15692761, Pratt, French, Male, 36, 9, 0, 1, f, f, 45910, 0).
"
15760431,Pino,French,Male,38.0,1,0.0,2,Yes,Yes,80006.65,0,"new row for relation ""bank_churn"" violates check constraint ""valid_countries""
DETAIL:  Failing row contains (15760431, Pino, French, Male, 38, 1, 0, 2, t, t, 80007, 0).
"
15659843,Li,FRA,Female,46.0,6,0.0,2,No,No,106781.59,0,"new row for relation ""bank_churn"" violates check constraint ""valid_countries""
DETAIL:  Failing row contains (15659843, Li, FRA, Female, 46, 6, 0, 2, f, f, 106782, 0).
"
15615624,De Salis,FRA,Female,28.0,6,0.0,2,No,No,159508.52,0,"new row for relation ""bank_churn"" violates check constraint ""valid_countries""
DETAIL:  Failing row contains (15615624, De Salis, FRA, Female, 28, 6, 0, 2, f, f, 159509, 0).
"
15716186,Richardson,FRA,Female,38.0,2,0.0,2,No,No,87168.46,0,"new row for relation ""bank_churn"" violates check constraint ""valid_countries""
DETAIL:  Failing row contains (15716186, Richardson, FRA, Female, 38, 2, 0, 2, f, f, 87168, 0).
"
15566111,Estes,FRA,Male,39.0,9,0.0,1,No,No,48963.59,0,"new row for relation ""bank_churn"" violates check constraint ""valid_countries""
DETAIL:  Failing row contains (15566111, Estes, FRA, Male, 39, 9, 0, 1, f, f, 48964, 0).
"
15806964,Utz,FRA,Male,45.0,0,80793.58,1,Yes,Yes,27474.81,0,"new row for relation ""bank_churn"" violates check constraint ""valid_countries""
DETAIL:  Failing row contains (15806964, Utz, FRA, Male, 45, 0, 80794, 1, t, t, 27475, 0).
"
15799384,Collier,French,Male,33.0,8,0.0,1,No,No,73564.44,0,"new row for relation ""bank_churn"" violates check constraint ""valid_countries""
DETAIL:  Failing row contains (15799384, Collier, French, Male, 33, 8, 0, 1, f, f, 73564, 0).
"
15581197,Ricci,FRA,Female,51.0,3,99286.98,1,Yes,Yes,85578.63,0,"new row for relation ""bank_churn"" violates check constraint ""valid_countries""
DETAIL:  Failing row contains (15581197, Ricci, FRA, Female, 51, 3, 99287, 1, t, t, 85579, 0).
"
15624623,Hs?,FRA,Male,35.0,10,104088.59,2,No,No,119666.0,0,"new row for relation ""bank_churn"" violates check constraint ""valid_countries""
DETAIL:  Failing row contains (15624623, Hs?, FRA, Male, 35, 10, 104089, 2, f, f, 119666, 0).
"
15782735,Chukwuemeka,French,Female,35.0,3,0.0,1,No,No,80190.36,0,"new row for relation ""bank_churn"" violates check constraint ""valid_countries""
DETAIL:  Failing row contains (15782735, Chukwuemeka, French, Female, 35, 3, 0, 1, f, f, 80190, 0).
"
15611088,Genovese,FRA,Female,31.0,9,0.0,2,No,No,84126.75,0,"new row for relation ""bank_churn"" violates check constraint ""valid_countries""
DETAIL:  Failing row contains (15611088, Genovese, FRA, Female, 31, 9, 0, 2, f, f, 84127, 0).
"
15672145,Swift,French,Female,34.0,7,121551.58,2,Yes,Yes,70179.0,0,"new row for relation ""bank_churn"" violates check constraint ""valid_countries""
DETAIL:  Failing row contains (15672145, Swift, French, Female, 34, 7, 121552, 2, t, t, 70179, 0).
"
15803406,Ross,French,Female,26.0,1,77780.29,1,Yes,Yes,183049.41,0,"new row for relation ""bank_churn"" violates check constraint ""valid_countries""
DETAIL:  Failing row contains (15803406, Ross, French, Female, 26, 1, 77780, 1, t, t, 183049, 0).
"
15730460,Oleary,French,Male,37.0,2,0.0,1,No,No,120906.83,0,"new row for relation ""bank_churn"" violates check constraint ""valid_countries""
DETAIL:  Failing row contains (15730460, Oleary, French, Male, 37, 2, 0, 1, f, f, 120907, 0).
"
15644572,Turnbull,FRA,Male,40.0,4,125832.2,1,Yes,Yes,100433.83,0,"new row for relation ""bank_churn"" violates check constraint ""valid_countries""
DETAIL:  Failing row contains (15644572, Turnbull, FRA, Male, 40, 4, 125832, 1, t, t, 100434, 0).
"
15694860,Uspensky,French,Female,38.0,6,68065.8,1,No,No,138777.0,1,"new row for relation ""bank_churn"" violates check constraint ""valid_countries""
DETAIL:  Failing row contains (15694860, Uspensky, French, Female, 38, 6, 68066, 1, f, f, 138777, 1).
"
15785798,Uchechukwu,FRA,Male,40.0,9,0.0,2,Yes,Yes,119232.33,0,"new row for relation ""bank_churn"" violates check constraint ""valid_countries""
DETAIL:  Failing row contains (15785798, Uchechukwu, FRA, Male, 40, 9, 0, 2, t, t, 119232, 0).
"
15726631,Hilton,French,Female,39.0,6,127357.76,1,Yes,Yes,56577.0,0,"new row for relation ""bank_churn"" violates check constraint ""valid_countries""
DETAIL:  Failing row contains (15726631, Hilton, French, Female, 39, 6, 127358, 1, t, t, 56577, 0).
"
15733797,Sal,French,Male,36.0,5,0.0,2,No,No,164253.35,0,"new row for relation ""bank_churn"" violates check constraint ""valid_countries""
DETAIL:  Failing row contains (15733797, Sal, French, Male, 36, 5, 0, 2, f, f, 164253, 0).
"
15634632,Titus,FRA,Male,38.0,3,0.0,2,No,No,68487.51,0,"new row for relation ""bank_churn"" violates check constraint ""valid_countries""
DETAIL:  Failing row contains (15634632, Titus, FRA, Male, 38, 3, 0, 2, f, f, 68488, 0).
"
15773792,Evans,French,Female,32.0,4,133950.37,1,Yes,Yes,48725.68,1,"new row for relation ""bank_churn"" violates check constraint ""valid_countries""
DETAIL:  Failing row contains (15773792, Evans, French, Female, 32, 4, 133950, 1, t, t, 48726, 1).
"
15633283,Padovano,French,Male,35.0,8,0.0,2,No,No,64833.28,0,"new row for relation ""bank_churn"" violates check constraint ""valid_countries""
DETAIL:  Failing row contains (15633283, Padovano, French, Male, 35, 8, 0, 2, f, f, 64833, 0).
"
15749167,Fisk,FRA,Male,35.0,3,0.0,2,Yes,Yes,184843.77,0,"new row for relation ""bank_churn"" violates check constraint ""valid_countries""
DETAIL:  Failing row contains (15749167, Fisk, FRA, Male, 35, 3, 0, 2, t, t, 184844, 0).
"
15683625,Hare,FRA,Male,37.0,1,149762.08,1,No,No,20629.4,1,"new row for relation ""bank_churn"" violates check constraint ""valid_countries""
DETAIL:  Failing row contains (15683625, Hare, FRA, Male, 37, 1, 149762, 1, f, f, 20629, 1).
"
15635367,Muir,French,Male,26.0,2,93844.69,1,No,No,28415.36,0,"new row for relation ""bank_churn"" violates check constraint ""valid_countries""
DETAIL:  Failing row contains (15635367, Muir, French, Male, 26, 2, 93845, 1, f, f, 28415, 0).
"
15681705,Fanucci,French,Male,28.0,8,0.0,2,No,No,77231.27,0,"new row for relation ""bank_churn"" violates check constraint ""valid_countries""
DETAIL:  Failing row contains (15681705, Fanucci, French, Male, 28, 8, 0, 2, f, f, 77231, 0).
"
15603156,Elewechi,French,Female,33.0,1,0.0,2,No,No,102750.7,0,"new row for relation ""bank_churn"" violates check constraint ""valid_countries""
DETAIL:  Failing row contains (15603156, Elewechi, French, Female, 33, 1, 0, 2, f, f, 102751, 0).
"
15809722,Ankudinov,FRA,Female,40.0,8,100812.33,2,No,No,147358.27,0,"new row for relation ""bank_churn"" violates check constraint ""valid_countries""
DETAIL:  Failing row contains (15809722, Ankudinov, FRA, Female, 40, 8, 100812, 2, f, f, 147358, 0).
"
15677538,Nwokike,French,Male,38.0,7,0.0,1,Yes,Yes,108469.2,0,"new row for relation ""bank_churn"" violates check constraint ""valid_countries""
DETAIL:  Failing row contains (15677538, Nwokike, French, Male, 38, 7, 0, 1, t, t, 108469, 0).
"
15744398,Burns,FRA,Female,23.0,5,0.0,2,No,No,160249.1,0,"new row for relation ""bank_churn"" violates check constraint ""valid_countries""
DETAIL:  Failing row contains (15744398, Burns, FRA, Female, 23, 5, 0, 2, f, f, 160249, 0).
"
15637954,Lewis,French,Female,35.0,0,155470.55,1,Yes,Yes,53718.28,0,"new row for relation ""bank_churn"" violates check constraint ""valid_countries""
DETAIL:  Failing row contains (15637954, Lewis, French, Female, 35, 0, 155471, 1, t, t, 53718, 0).
"
15758639,Moran,French,Male,37.0,7,0.0,2,No,No,75248.3,0,"new row for relation ""bank_churn"" violates check constraint ""valid_countries""
DETAIL:  Failing row contains (15758639, Moran, French, Male, 37, 7, 0, 2, f, f, 75248, 0).
"
15731744,Carslaw,FRA,Male,30.0,2,0.0,2,Yes,Yes,130486.57,0,"new row for relation ""bank_churn"" violates check constraint ""valid_countries""
DETAIL:  Failing row contains (15731744, Carslaw, FRA, Male, 30, 2, 0, 2, t, t, 130487, 0).
"
15699005,Martin,French,Female,41.0,2,156067.05,1,Yes,Yes,9983.88,0,"new row for relation ""bank_churn"" violates check constraint ""valid_countries""
DETAIL:  Failing row contains (15699005, Martin, French, Female, 41, 2, 156067, 1, t, t, 9984, 0).
"
15624170,Tan,FRA,Female,38.0,4,81550.94,2,Yes,Yes,118974.77,0,"new row for relation ""bank_churn"" violates check constraint ""valid_countries""
DETAIL:  Failing row contains (15624170, Tan, FRA, Female, 38, 4, 81551, 2, t, t, 118975, 0).
"
15662403,Kryukova,French,Female,32.0,6,169089.38,2,No,No,101057.95,0,"new row for relation ""bank_churn"" violates check constraint ""valid_countries""
DETAIL:  Failing row contains (15662403, Kryukova, French, Female, 32, 6, 169089, 2, f, f, 101058, 0).
"
15733616,Sopuluchukwu,French,Male,40.0,5,80613.93,1,Yes,Yes,142838.64,0,"new row for relation ""bank_churn"" violates check constraint ""valid_countries""
DETAIL:  Failing row contains (15733616, Sopuluchukwu, French, Male, 40, 5, 80614, 1, t, t, 142839, 0).
"
15576623,Outlaw,French,Male,31.0,5,0.0,2,No,No,31474.27,0,"new row for relation ""bank_churn"" violates check constraint ""valid_countries""
DETAIL:  Failing row contains (15576623, Outlaw, French, Male, 31, 5, 0, 2, f, f, 31474, 0).
"
15773890,Okechukwu,FRA,Male,22.0,5,0.0,2,Yes,Yes,117202.19,0,"new row for relation ""bank_churn"" violates check constraint ""valid_countries""
DETAIL:  Failing row contains (15773890, Okechukwu, FRA, Male, 22, 5, 0, 2, t, t, 117202, 0).
"
15593601,Isayev,French,Male,34.0,6,133598.4,1,Yes,Yes,13107.24,0,"new row for relation ""bank_churn"" violates check constraint ""valid_countries""
DETAIL:  Failing row contains (15593601, Isayev, French, Male, 34, 6, 133598, 1, t, t, 13107, 0).
"
15682048,Pisano,FRA,Female,51.0,3,136188.78,1,Yes,Yes,67110.59,1,"new row for relation ""bank_churn"" violates check constraint ""valid_countries""
DETAIL:  Failing row contains (15682048, Pisano, FRA, Female, 51, 3, 136189, 1, t, t, 67111, 1).
"
15745417,Knipe,FRA,Male,58.0,6,89685.92,1,Yes,Yes,126471.13,0,"new row for relation ""bank_churn"" violates check constraint ""valid_countries""
DETAIL:  Failing row contains (15745417, Knipe, FRA, Male, 58, 6, 89686, 1, t, t, 126471, 0).
"
15671256,Macartney,French,Female,35.0,1,211774.31,1,No,No,188574.12,1,"new row for relation ""bank_churn"" violates check constraint ""valid_countries""
DETAIL:  Failing row contains (15671256, Macartney, French, Female, 35, 1, 211774, 1, f, f, 188574, 1).
"
15653547,Madukwe,FRA,Male,56.0,7,131317.48,1,Yes,Yes,119175.45,0,"new row for relation ""bank_churn"" violates check constraint ""valid_countries""
DETAIL:  Failing row contains (15653547, Madukwe, FRA, Male, 56, 7, 131317, 1, t, t, 119175, 0).
"
15763274,Wu,FRA,Male,48.0,3,120320.54,1,No,No,96463.25,0,"new row for relation ""bank_churn"" violates check constraint ""valid_countries""
DETAIL:  Failing row contains (15763274, Wu, FRA, Male, 48, 3, 120321, 1, f, f, 96463, 0).
"
15786063,Chin,FRA,Female,31.0,2,0.0,2,Yes,Yes,112349.51,0,"new row for relation ""bank_churn"" violates check constraint ""valid_countries""
DETAIL:  Failing row contains (15786063, Chin, FRA, Female, 31, 2, 0, 2, t, t, 112350, 0).
"
15600258,Chesnokova,FRA,Male,43.0,2,0.0,2,Yes,Yes,165303.79,0,"new row for relation ""bank_churn"" violates check constraint ""valid_countries""
DETAIL:  Failing row contains (15600258, Chesnokova, FRA, Male, 43, 2, 0, 2, t, t, 165304, 0).
"
15573318,Kung,FRA,Male,26.0,8,0.0,2,No,No,166031.08,0,"new row for relation ""bank_churn"" violates check constraint ""valid_countries""
DETAIL:  Failing row contains (15573318, Kung, FRA, Male, 26, 8, 0, 2, f, f, 166031, 0).
"
15694272,Nkemakolam,French,Male,30.0,1,64097.75,1,Yes,Yes,77783.35,0,"new row for relation ""bank_churn"" violates check constraint ""valid_countries""
DETAIL:  Failing row contains (15694272, Nkemakolam, French, Male, 30, 1, 64098, 1, t, t, 77783, 0).
"
15663478,Baldwin,French,Male,32.0,6,93694.42,1,Yes,Yes,79919.13,0,"new row for relation ""bank_churn"" violates check constraint ""valid_countries""
DETAIL:  Failing row contains (15663478, Baldwin, French, Male, 32, 6, 93694, 1, t, t, 79919, 0).
"
15567832,Shih,French,Female,40.0,7,114354.95,1,No,No,54018.93,0,"new row for relation ""bank_churn"" violates check constraint ""valid_countries""
DETAIL:  Failing row contains (15567832, Shih, French, Female, 40, 7, 114355, 1, f, f, 54019, 0).
"
15776780,He,French,Male,59.0,1,0.0,1,No,No,70649.64,1,"new row for relation ""bank_churn"" violates check constraint ""valid_countries""
DETAIL:  Failing row contains (15776780, He, French, Male, 59, 1, 0, 1, f, f, 70650, 1).
"
15626578,Milne,FRA,Male,26.0,9,0.0,2,Yes,Yes,153237.59,0,"new row for relation ""bank_churn"" violates check constraint ""valid_countries""
DETAIL:  Failing row contains (15626578, Milne, FRA, Male, 26, 9, 0, 2, t, t, 153238, 0).
"
15776223,Davide,French,Female,42.0,4,64740.12,1,Yes,Yes,106841.12,0,"new row for relation ""bank_churn"" violates check constraint ""valid_countries""
DETAIL:  Failing row contains (15776223, Davide, French, Female, 42, 4, 64740, 1, t, t, 106841, 0).
"
15595440,Kryukova,French,Male,49.0,7,122451.46,2,Yes,Yes,75808.1,0,"new row for relation ""bank_churn"" violates check constraint ""valid_countries""
DETAIL:  Failing row contains (15595440, Kryukova, French, Male, 49, 7, 122451, 2, t, t, 75808, 0).
"
15600651,Ijendu,FRA,Male,24.0,1,0.0,3,Yes,Yes,47911.03,0,"new row for relation ""bank_churn"" violates check constraint ""valid_countries""
DETAIL:  Failing row contains (15600651, Ijendu, FRA, Male, 24, 1, 0, 3, t, t, 47911, 0).
"
15709324,Bruce,French,Male,34.0,7,0.0,2,No,No,55003.79,0,"new row for relation ""bank_churn"" violates check constraint ""valid_countries""
DETAIL:  Failing row contains (15709324, Bruce, French, Male, 34, 7, 0, 2, f, f, 55004, 0).
"
15665956,Pendergrass,FRA,Female,46.0,1,0.0,1,No,No,71244.59,1,"new row for relation ""bank_churn"" violates check constraint ""valid_countries""
DETAIL:  Failing row contains (15665956, Pendergrass, FRA, Female, 46, 1, 0, 1, f, f, 71245, 1).
"
15706647,Jordan,French,Male,31.0,7,0.0,3,Yes,Yes,166698.18,0,"new row for relation ""bank_churn"" violates check constraint ""valid_countries""
DETAIL:  Failing row contains (15706647, Jordan, French, Male, 31, 7, 0, 3, t, t, 166698, 0).
"
15622003,Carslaw,French,Male,35.0,9,92566.53,2,No,No,161519.77,0,"new row for relation ""bank_churn"" violates check constraint ""valid_countries""
DETAIL:  Failing row contains (15622003, Carslaw, French, Male, 35, 9, 92567, 2, f, f, 161520, 0).
"
15653620,Gordon,FRA,Female,27.0,8,0.0,2,Yes,Yes,14858.1,0,"new row for relation ""bank_churn"" violates check constraint ""valid_countries""
DETAIL:  Failing row contains (15653620, Gordon, FRA, Female, 27, 8, 0, 2, t, t, 14858, 0).
"
15633922,Gray,FRA,Male,30.0,4,123217.66,2,Yes,Yes,144183.1,0,"new row for relation ""bank_churn"" violates check constraint ""valid_countries""
DETAIL:  Failing row contains (15633922, Gray, FRA, Male, 30, 4, 123218, 2, t, t, 144183, 0).
"
15734674,Lin,FRA,Female,41.0,6,0.0,1,No,No,65170.66,0,"new row for relation ""bank_churn"" violates check constraint ""valid_countries""
DETAIL:  Failing row contains (15734674, Lin, FRA, Female, 41, 6, 0, 1, f, f, 65171, 0).
"
15718057,Onyinyechukwuka,FRA,Female,51.0,2,100946.71,1,No,No,179614.8,1,"new row for relation ""bank_churn"" violates check constraint ""valid_countries""
DETAIL:  Failing row contains (15718057, Onyinyechukwuka, FRA, Female, 51, 2, 100947, 1, f, f, 179615, 1).
"
15680998,Nwankwo,French,Male,44.0,5,0.0,1,Yes,Yes,117356.14,0,"new row for relation ""bank_churn"" violates check constraint ""valid_countries""
DETAIL:  Failing row contains (15680998, Nwankwo, French, Male, 44, 5, 0, 1, t, t, 117356, 0).
"
15604044,Mitchell,FRA,Male,38.0,8,134811.3,1,No,No,1299.75,0,"new row for relation ""bank_churn"" violates check constraint ""valid_countries""
DETAIL:  Failing row contains (15604044, Mitchell, FRA, Male, 38, 8, 134811, 1, f, f, 1300, 0).
"
15592387,Burke,FRA,Male,30.0,5,0.0,1,No,No,54926.51,1,"new row for relation ""bank_churn"" violates check constraint ""valid_countries""
DETAIL:  Failing row contains (15592387, Burke, FRA, Male, 30, 5, 0, 1, f, f, 54927, 1).
"
15609286,Chadwick,FRA,Male,37.0,10,150525.8,1,Yes,Yes,94728.49,0,"new row for relation ""bank_churn"" violates check constraint ""valid_countries""
DETAIL:  Failing row contains (15609286, Chadwick, FRA, Male, 37, 10, 150526, 1, t, t, 94728, 0).
"
15661249,Bellucci,French,Male,53.0,4,0.0,2,Yes,Yes,111307.98,0,"new row for relation ""bank_churn"" violates check constraint ""valid_countries""
DETAIL:  Failing row contains (15661249, Bellucci, French, Male, 53, 4, 0, 2, t, t, 111308, 0).
"
15629117,Harper,French,Male,28.0,10,0.0,2,No,No,19834.32,0,"new row for relation ""bank_churn"" violates check constraint ""valid_countries""
DETAIL:  Failing row contains (15629117, Harper, French, Male, 28, 10, 0, 2, f, f, 19834, 0).
"
15607170,Boyle,FRA,Male,35.0,5,0.0,2,Yes,Yes,78397.24,0,"new row for relation ""bank_churn"" violates check constraint ""valid_countries""
DETAIL:  Failing row contains (15607170, Boyle, FRA, Male, 35, 5, 0, 2, t, t, 78397, 0).
"
15603203,Avdeyeva,FRA,Female,27.0,6,0.0,2,No,No,1002.39,0,"new row for relation ""bank_churn"" violates check constraint ""valid_countries""
DETAIL:  Failing row contains (15603203, Avdeyeva, FRA, Female, 27, 6, 0, 2, f, f, 1002, 0).
"
15619857,Crawford,French,Female,64.0,2,129555.7,1,Yes,Yes,13601.79,0,"new row for relation ""bank_churn"" violates check constraint ""valid_countries""
DETAIL:  Failing row contains (15619857, Crawford, French, Female, 64, 2, 129556, 1, t, t, 13602, 0).
"
15626900,Kung,French,Male,29.0,1,141325.56,1,Yes,Yes,93839.3,0,"new row for relation ""bank_churn"" violates check constraint ""valid_countries""
DETAIL:  Failing row contains (15626900, Kung, French, Male, 29, 1, 141326, 1, t, t, 93839, 0).
"
15605447,Palermo,French,Male,49.0,2,78653.84,1,No,No,7698.6,0,"new row for relation ""bank_churn"" violates check constraint ""valid_countries""
DETAIL:  Failing row contains (15605447, Palermo, French, Male, 49, 2, 78654, 1, f, f, 7699, 0).
"
15589030,Ts'ai,French,Male,47.0,1,0.0,2,Yes,Yes,145593.85,0,"new row for relation ""bank_churn"" violates check constraint ""valid_countries""
DETAIL:  Failing row contains (15589030, Ts'ai, French, Male, 47, 1, 0, 2, t, t, 145594, 0).
"
15712403,McMillan,FRA,Female,61.0,1,0.0,1,No,No,61108.56,1,"new row for relation ""bank_churn"" violates check constraint ""valid_countries""
DETAIL:  Failing row contains (15712403, McMillan, FRA, Female, 61, 1, 0, 1, f, f, 61109, 1).
"
15738181,Douglas,French,Male,31.0,6,67996.23,2,No,No,50129.87,1,"new row for relation ""bank_churn"" violates check constraint ""valid_countries""
DETAIL:  Failing row contains (15738181, Douglas, French, Male, 31, 6, 67996, 2, f, f, 50130, 1).
"
15588350,McIntyre,French,Female,43.0,10,147832.15,1,Yes,Yes,24234.11,0,"new row for relation ""bank_churn"" violates check constraint ""valid_countries""
DETAIL:  Failing row contains (15588350, McIntyre, French, Female, 43, 10, 147832, 1, t, t, 24234, 0).
"
15798398,Pagnotto,FRA,Female,36.0,4,135438.4,1,No,No,190627.01,0,"new row for relation ""bank_churn"" violates check constraint ""valid_countries""
DETAIL:  Failing row contains (15798398, Pagnotto, FRA, Female, 36, 4, 135438, 1, f, f, 190627, 0).
"
15580684,Feng,French,Female,29.0,5,112564.62,1,No,No,42334.38,0,"new row for relation ""bank_churn"" violates check constraint ""valid_countries""
DETAIL:  Failing row contains (15580684, Feng, French, Female, 29, 5, 112565, 1, f, f, 42334, 0).
"
15809663,Donaldson,FRA,Female,27.0,1,125406.58,1,Yes,Yes,110784.42,0,"new row for relation ""bank_churn"" violates check constraint ""valid_countries""
DETAIL:  Failing row contains (15809663, Donaldson, FRA, Female, 27, 1, 125407, 1, t, t, 110784, 0).
"
15569807,Ejimofor,French,Female,34.0,8,42157.08,1,No,No,20598.59,1,"new row for relation ""bank_churn"" violates check constraint ""valid_countries""
DETAIL:  Failing row contains (15569807, Ejimofor, French, Female, 34, 8, 42157, 1, f, f, 20599, 1).
"
15805112,Pokrovsky,FRA,Male,38.0,7,82259.29,1,No,No,8996.97,0,"new row for relation ""bank_churn"" violates check constraint ""valid_countries""
DETAIL:  Failing row contains (15805112, Pokrovsky, FRA, Male, 38, 7, 82259, 1, f, f, 8997, 0).
"
15633064,Stonebraker,FRA,Female,36.0,4,0.0,2,No,No,64420.5,0,"new row for relation ""bank_churn"" violates check constraint ""valid_countries""
DETAIL:  Failing row contains (15633064, Stonebraker, FRA, Female, 36, 4, 0, 2, f, f, 64421, 0).
"
15703119,Liang,French,Male,38.0,6,0.0,2,Yes,Yes,145700.22,0,"new row for relation ""bank_churn"" violates check constraint ""valid_countries""
DETAIL:  Failing row contains (15703119, Liang, French, Male, 38, 6, 0, 2, t, t, 145700, 0).
"
15730447,Anderson,French,Female,49.0,4,0.0,2,Yes,Yes,196335.48,0,"new row for relation ""bank_churn"" violates check constraint ""valid_countries""
DETAIL:  Failing row contains (15730447, Anderson, French, Female, 49, 4, 0, 2, t, t, 196335, 0).
"
15813850,Christian,French,Male,52.0,7,0.0,1,Yes,Yes,14781.12,0,"new row for relation ""bank_churn"" violates check constraint ""valid_countries""
DETAIL:  Failing row contains (15813850, Christian, French, Male, 52, 7, 0, 1, t, t, 14781, 0).
"
15667215,Chandler,FRA,Male,31.0,2,0.0,2,Yes,Yes,58803.28,0,"new row for relation ""bank_churn"" violates check constraint ""valid_countries""
DETAIL:  Failing row contains (15667215, Chandler, FRA, Male, 31, 2, 0, 2, t, t, 58803, 0).
"
15788659,Howells,French,Male,46.0,4,0.0,2,Yes,Yes,137537.22,0,"new row for relation ""bank_churn"" violates check constraint ""valid_countries""
DETAIL:  Failing row contains (15788659, Howells, French, Male, 46, 4, 0, 2, t, t, 137537, 0).
"
15725511,Wallace,FRA,Female,31.0,3,127070.73,1,Yes,Yes,160941.78,0,"new row for relation ""bank_churn"" violates check constraint ""valid_countries""
DETAIL:  Failing row contains (15725511, Wallace, FRA, Female, 31, 3, 127071, 1, t, t, 160942, 0).
"
15575024,Uwaezuoke,FRA,Male,29.0,3,0.0,2,Yes,Yes,143954.99,0,"new row for relation ""bank_churn"" violates check constraint ""valid_countries""
DETAIL:  Failing row contains (15575024, Uwaezuoke, FRA, Male, 29, 3, 0, 2, t, t, 143955, 0).
"
15662397,Small,French,Female,42.0,5,176099.13,1,Yes,Yes,8404.73,0,"new row for relation ""bank_churn"" violates check constraint ""valid_countries""
DETAIL:  Failing row contains (15662397, Small, French, Female, 42, 5, 176099, 1, t, t, 8405, 0).
"
15721024,Wickens,French,Male,26.0,0,0.0,1,No,No,47472.68,0,"new row for relation ""bank_churn"" violates check constraint ""valid_countries""
DETAIL:  Failing row contains (15721024, Wickens, French, Male, 26, 0, 0, 1, f, f, 47473, 0).
"
15754605,Jarvis,FRA,Female,39.0,5,0.0,2,Yes,Yes,17603.81,0,"new row for relation ""bank_churn"" violates check constraint ""valid_countries""
DETAIL:  Failing row contains (15754605, Jarvis, FRA, Female, 39, 5, 0, 2, t, t, 17604, 0).
"
15780804,Nucci,FRA,Male,55.0,5,97318.25,1,Yes,Yes,78416.14,0,"new row for relation ""bank_churn"" violates check constraint ""valid_countries""
DETAIL:  Failing row contains (15780804, Nucci, FRA, Male, 55, 5, 97318, 1, t, t, 78416, 0).
"
15801277,Maccallum,French,Female,31.0,2,112212.14,2,Yes,Yes,181600.72,0,"new row for relation ""bank_churn"" violates check constraint ""valid_countries""
DETAIL:  Failing row contains (15801277, Maccallum, French, Female, 31, 2, 112212, 2, t, t, 181601, 0).
"
15802741,Mitchel,FRA,Female,51.0,7,136294.97,1,No,No,38867.46,1,"new row for relation ""bank_churn"" violates check constraint ""valid_countries""
DETAIL:  Failing row contains (15802741, Mitchel, FRA, Female, 51, 7, 136295, 1, f, f, 38867, 1).
"
15740900,Perrodin,French,Male,34.0,6,0.0,2,Yes,Yes,177896.92,0,"new row for relation ""bank_churn"" violates check constraint ""valid_countries""
DETAIL:  Failing row contains (15740900, Perrodin, French, Male, 34, 6, 0, 2, t, t, 177897, 0).
"
15748625,Napolitano,French,Male,57.0,6,0.0,2,Yes,Yes,15304.08,0,"new row for relation ""bank_churn"" violates check constraint ""valid_countries""
DETAIL:  Failing row contains (15748625, Napolitano, French, Male, 57, 6, 0, 2, t, t, 15304, 0).
"
15803457,Hao,French,Female,32.0,5,0.0,2,No,No,95611.47,0,"new row for relation ""bank_churn"" violates check constraint ""valid_countries""
DETAIL:  Failing row contains (15803457, Hao, French, Female, 32, 5, 0, 2, f, f, 95611, 0).
"
15659098,Toscano,FRA,Male,30.0,7,95128.86,1,No,No,19799.26,0,"new row for relation ""bank_churn"" violates check constraint ""valid_countries""
DETAIL:  Failing row contains (15659098, Toscano, FRA, Male, 30, 7, 95129, 1, f, f, 19799, 0).
"
15649423,Cooper,French,Female,35.0,8,0.0,2,Yes,Yes,10357.03,0,"new row for relation ""bank_churn"" violates check constraint ""valid_countries""
DETAIL:  Failing row contains (15649423, Cooper, French, Female, 35, 8, 0, 2, t, t, 10357, 0).
"
15734886,Mazzi,FRA,Female,34.0,3,123971.51,2,No,No,147794.63,0,"new row for relation ""bank_churn"" violates check constraint ""valid_countries""
DETAIL:  Failing row contains (15734886, Mazzi, FRA, Female, 34, 3, 123972, 2, f, f, 147795, 0).
"
15722548,Fisher,French,Male,48.0,0,148116.48,1,No,No,116973.48,0,"new row for relation ""bank_churn"" violates check constraint ""valid_countries""
DETAIL:  Failing row contains (15722548, Fisher, French, Male, 48, 0, 148116, 1, f, f, 116973, 0).
"
15736879,Obinna,French,Male,23.0,1,0.0,2,No,No,66088.83,0,"new row for relation ""bank_churn"" violates check constraint ""valid_countries""
DETAIL:  Failing row contains (15736879, Obinna, French, Male, 23, 1, 0, 2, f, f, 66089, 0).
"
15571973,Chinwemma,French,Female,38.0,2,169824.46,1,No,No,169291.7,0,"new row for relation ""bank_churn"" violates check constraint ""valid_countries""
DETAIL:  Failing row contains (15571973, Chinwemma, French, Female, 38, 2, 169824, 1, f, f, 169292, 0).
"
15626742,Carpenter,FRA,Male,36.0,3,97530.25,1,Yes,Yes,117140.41,0,"new row for relation ""bank_churn"" violates check constraint ""valid_countries""
DETAIL:  Failing row contains (15626742, Carpenter, FRA, Male, 36, 3, 97530, 1, t, t, 117140, 0).
"
15672692,Yin,French,Female,42.0,10,145988.65,2,Yes,Yes,79510.37,0,"new row for relation ""bank_churn"" violates check constraint ""valid_countries""
DETAIL:  Failing row contains (15672692, Yin, French, Female, 42, 10, 145989, 2, t, t, 79510, 0).
"
15767432,Ts'ai,FRA,Female,25.0,7,0.0,3,Yes,Yes,9679.28,0,"new row for relation ""bank_churn"" violates check constraint ""valid_countries""
DETAIL:  Failing row contains (15767432, Ts'ai, FRA, Female, 25, 7, 0, 3, t, t, 9679, 0).
"
15654238,Jen,French,Female,40.0,5,137494.28,1,No,No,81753.92,0,"new row for relation ""bank_churn"" violates check constraint ""valid_countries""
DETAIL:  Failing row contains (15654238, Jen, French, Female, 40, 5, 137494, 1, f, f, 81754, 0).
"
15612525,Preston,French,Female,57.0,1,0.0,1,No,No,131372.38,1,"new row for relation ""bank_churn"" violates check constraint ""valid_countries""
DETAIL:  Failing row contains (15612525, Preston, French, Female, 57, 1, 0, 1, f, f, 131372, 1).
"
15790757,Cody,FRA,Female,25.0,10,0.0,2,No,No,187925.75,0,"new row for relation ""bank_churn"" violates check constraint ""valid_countries""
DETAIL:  Failing row contains (15790757, Cody, FRA, Female, 25, 10, 0, 2, f, f, 187926, 0).
"
15784209,Tang,FRA,Male,47.0,6,0.0,1,Yes,Yes,90055.08,0,"new row for relation ""bank_churn"" violates check constraint ""valid_countries""
DETAIL:  Failing row contains (15784209, Tang, FRA, Male, 47, 6, 0, 1, t, t, 90055, 0).
"
15637414,Gell,French,Female,24.0,7,128736.39,1,Yes,Yes,37147.61,0,"new row for relation ""bank_churn"" violates check constraint ""valid_countries""
DETAIL:  Failing row contains (15637414, Gell, French, Female, 24, 7, 128736, 1, t, t, 37148, 0).
"
15696231,Chiwetelu,French,Male,29.0,7,105405.97,1,Yes,Yes,149853.89,0,"new row for relation ""bank_churn"" violates check constraint ""valid_countries""
DETAIL:  Failing row contains (15696231, Chiwetelu, French, Male, 29, 7, 105406, 1, t, t, 149854, 0).
"
15641675,Kirillova,FRA,Female,49.0,2,88915.37,3,No,No,161435.02,1,"new row for relation ""bank_churn"" violates check constraint ""valid_countries""
DETAIL:  Failing row contains (15641675, Kirillova, FRA, Female, 49, 2, 88915, 3, f, f, 161435, 1).
"
15787619,Hsieh,FRA,Male,18.0,2,160980.03,1,No,No,145936.28,0,"new row for relation ""bank_churn"" violates check constraint ""valid_countries""
DETAIL:  Failing row contains (15787619, Hsieh, FRA, Male, 18, 2, 160980, 1, f, f, 145936, 0).
"
15677305,Hsieh,FRA,Female,35.0,7,107749.03,1,Yes,Yes,3937.37,0,"new row for relation ""bank_churn"" violates check constraint ""valid_countries""
DETAIL:  Failing row contains (15677305, Hsieh, FRA, Female, 35, 7, 107749, 1, t, t, 3937, 0).
"
15647099,Ts'ui,FRA,Female,37.0,9,156091.97,1,No,No,72008.61,0,"new row for relation ""bank_churn"" violates check constraint ""valid_countries""
DETAIL:  Failing row contains (15647099, Ts'ui, FRA, Female, 37, 9, 156092, 1, f, f, 72009, 0).
"
15582741,Maclean,FRA,Female,35.0,5,124151.09,1,No,No,88705.14,1,"new row for relation ""bank_churn"" violates check constraint ""valid_countries""
DETAIL:  Failing row contains (15582741, Maclean, FRA, Female, 35, 5, 124151, 1, f, f, 88705, 1).
"
15685329,McKenzie,FRA,Female,63.0,1,114715.71,1,Yes,Yes,24506.95,1,"new row for relation ""bank_churn"" violates check constraint ""valid_countries""
DETAIL:  Failing row contains (15685329, McKenzie, FRA, Female, 63, 1, 114716, 1, t, t, 24507, 1).
"
15639314,Cartwright,French,Male,32.0,2,0.0,2,Yes,Yes,9468.64,0,"new row for relation ""bank_churn"" violates check constraint ""valid_countries""
DETAIL:  Failing row contains (15639314, Cartwright, French, Male, 32, 2, 0, 2, t, t, 9469, 0).
"
15685320,Johnstone,FRA,Male,36.0,3,139180.2,1,No,No,123880.19,0,"new row for relation ""bank_churn"" violates check constraint ""valid_countries""
DETAIL:  Failing row contains (15685320, Johnstone, FRA, Male, 36, 3, 139180, 1, f, f, 123880, 0).
"
15797227,Otutodilinna,French,Male,28.0,8,0.0,2,Yes,Yes,52615.62,0,"new row for relation ""bank_churn"" violates check constraint ""valid_countries""
DETAIL:  Failing row contains (15797227, Otutodilinna, French, Male, 28, 8, 0, 2, t, t, 52616, 0).
"
15737051,Denisov,FRA,Male,27.0,8,0.0,2,No,No,192247.35,0,"new row for relation ""bank_churn"" violates check constraint ""valid_countries""
DETAIL:  Failing row contains (15737051, Denisov, FRA, Male, 27, 8, 0, 2, f, f, 192247, 0).
"
15585595,Owens,FRA,Female,28.0,1,71264.02,2,Yes,Yes,68759.57,0,"new row for relation ""bank_churn"" violates check constraint ""valid_countries""
DETAIL:  Failing row contains (15585595, Owens, FRA, Female, 28, 1, 71264, 2, t, t, 68760, 0).
"
15763431,Echezonachukwu,FRA,Male,36.0,2,82275.35,2,Yes,Yes,93249.26,0,"new row for relation ""bank_churn"" violates check constraint ""valid_countries""
DETAIL:  Failing row contains (15763431, Echezonachukwu, FRA, Male, 36, 2, 82275, 2, t, t, 93249, 0).
"
15776807,Brennan,French,Male,29.0,1,0.0,1,No,No,180345.44,0,"new row for relation ""bank_churn"" violates check constraint ""valid_countries""
DETAIL:  Failing row contains (15776807, Brennan, French, Male, 29, 1, 0, 1, f, f, 180345, 0).
"
15668747,Virgo,FRA,Female,46.0,9,98444.19,1,Yes,Yes,109563.28,0,"new row for relation ""bank_churn"" violates check constraint ""valid_countries""
DETAIL:  Failing row contains (15668747, Virgo, FRA, Female, 46, 9, 98444, 1, t, t, 109563, 0).
"
15747542,Perez,French,Male,52.0,7,0.0,2,Yes,Yes,173952.5,0,"new row for relation ""bank_churn"" violates check constraint ""valid_countries""
DETAIL:  Failing row contains (15747542, Perez, French, Male, 52, 7, 0, 2, t, t, 173953, 0).
"
15778463,Ikenna,French,Female,37.0,6,95845.6,1,No,No,122218.23,0,"new row for relation ""bank_churn"" violates check constraint ""valid_countries""
DETAIL:  Failing row contains (15778463, Ikenna, French, Female, 37, 6, 95846, 1, f, f, 122218, 0).
"
15641655,Black,French,Female,26.0,2,0.0,2,No,No,50051.42,0,"new row for relation ""bank_churn"" violates check constraint ""valid_countries""
DETAIL:  Failing row contains (15641655, Black, French, Female, 26, 2, 0, 2, f, f, 50051, 0).
"
15619708,Harker,French,Male,25.0,5,157993.15,2,No,No,146041.45,0,"new row for relation ""bank_churn"" violates check constraint ""valid_countries""
DETAIL:  Failing row contains (15619708, Harker, French, Male, 25, 5, 157993, 2, f, f, 146041, 0).
"
15747807,Gallagher,FRA,Female,43.0,6,137824.03,2,No,No,172557.77,0,"new row for relation ""bank_churn"" violates check constraint ""valid_countries""
DETAIL:  Failing row contains (15747807, Gallagher, FRA, Female, 43, 6, 137824, 2, f, f, 172558, 0).
"
15780628,Wu,French,Female,30.0,6,0.0,2,No,No,41642.29,0,"new row for relation ""bank_churn"" violates check constraint ""valid_countries""
DETAIL:  Failing row contains (15780628, Wu, French, Female, 30, 6, 0, 2, f, f, 41642, 0).
"
15575883,Manna,French,Male,34.0,2,137390.11,2,No,No,9677.0,0,"new row for relation ""bank_churn"" violates check constraint ""valid_countries""
DETAIL:  Failing row contains (15575883, Manna, French, Male, 34, 2, 137390, 2, f, f, 9677, 0).
"
15727915,Artemiev,FRA,Male,36.0,4,83543.37,1,No,No,140134.43,0,"new row for relation ""bank_churn"" violates check constraint ""valid_countries""
DETAIL:  Failing row contains (15727915, Artemiev, FRA, Male, 36, 4, 83543, 1, f, f, 140134, 0).
"
15737792,Abbie,FRA,Female,31.0,1,186796.37,1,No,No,178252.63,0,"new row for relation ""bank_churn"" violates check constraint ""valid_countries""
DETAIL:  Failing row contains (15737792, Abbie, FRA, Female, 31, 1, 186796, 1, f, f, 178253, 0).
"
15806983,Moss,FRA,Male,44.0,3,137148.68,1,No,No,92381.01,0,"new row for relation ""bank_churn"" violates check constraint ""valid_countries""
DETAIL:  Failing row contains (15806983, Moss, FRA, Male, 44, 3, 137149, 1, f, f, 92381, 0).
"
15592222,Lo,French,Male,49.0,7,80001.23,1,No,No,135180.11,0,"new row for relation ""bank_churn"" violates check constraint ""valid_countries""
DETAIL:  Failing row contains (15592222, Lo, French, Male, 49, 7, 80001, 1, f, f, 135180, 0).
"
15725811,Lim,FRA,Male,25.0,0,97544.29,1,Yes,Yes,59887.15,0,"new row for relation ""bank_churn"" violates check constraint ""valid_countries""
DETAIL:  Failing row contains (15725811, Lim, FRA, Male, 25, 0, 97544, 1, t, t, 59887, 0).
"
15809087,Landry,FRA,Male,64.0,1,0.0,2,No,No,195635.3,1,"new row for relation ""bank_churn"" violates check constraint ""valid_countries""
DETAIL:  Failing row contains (15809087, Landry, FRA, Male, 64, 1, 0, 2, f, f, 195635, 1).
"
15809100,Nucci,FRA,Female,32.0,2,172448.77,1,No,No,188083.77,1,"new row for relation ""bank_churn"" violates check constraint ""valid_countries""
DETAIL:  Failing row contains (15809100, Nucci, FRA, Female, 32, 2, 172449, 1, f, f, 188084, 1).
"
15614215,Oguejiofor,French,Male,53.0,6,0.0,2,Yes,Yes,97614.87,0,"new row for relation ""bank_churn"" violates check constraint ""valid_countries""
DETAIL:  Failing row contains (15614215, Oguejiofor, French, Male, 53, 6, 0, 2, t, t, 97615, 0).
"
15805449,Ugochukwu,FRA,Male,38.0,4,0.0,2,No,No,186884.04,0,"new row for relation ""bank_churn"" violates check constraint ""valid_countries""
DETAIL:  Failing row contains (15805449, Ugochukwu, FRA, Male, 38, 4, 0, 2, f, f, 186884, 0).
"
15756804,O'Loghlen,French,Female,48.0,1,170833.46,1,No,No,110510.28,1,"new row for relation ""bank_churn"" violates check constraint ""valid_countries""
DETAIL:  Failing row contains (15756804, O'Loghlen, French, Female, 48, 1, 170833, 1, f, f, 110510, 1).
"
15710424,Page,French,Male,36.0,4,0.0,1,Yes,Yes,197015.2,0,"new row for relation ""bank_churn"" violates check constraint ""valid_countries""
DETAIL:  Failing row contains (15710424, Page, French, Male, 36, 4, 0, 1, t, t, 197015, 0).
"
15799422,Evans,French,Female,40.0,8,0.0,1,Yes,Yes,27689.77,0,"new row for relation ""bank_churn"" violates check constraint ""valid_countries""
DETAIL:  Failing row contains (15799422, Evans, French, Female, 40, 8, 0, 1, t, t, 27690, 0).
"
15794549,Andrews,French,Female,35.0,2,163943.89,2,Yes,Yes,15068.18,0,"new row for relation ""bank_churn"" violates check constraint ""valid_countries""
DETAIL:  Failing row contains (15794549, Andrews, French, Female, 35, 2, 163944, 2, t, t, 15068, 0).
"
15674840,Chiazagomekpere,FRA,Female,38.0,5,101430.3,2,Yes,Yes,4400.32,0,"new row for relation ""bank_churn"" violates check constraint ""valid_countries""
DETAIL:  Failing row contains (15674840, Chiazagomekpere, FRA, Female, 38, 5, 101430, 2, t, t, 4400, 0).
"
15653762,Chidiebele,French,Female,39.0,9,117301.66,1,No,No,182025.95,0,"new row for relation ""bank_churn"" violates check constraint ""valid_countries""
DETAIL:  Failing row contains (15653762, Chidiebele, French, Female, 39, 9, 117302, 1, f, f, 182026, 0).
"
15656333,Jen,FRA,Female,33.0,3,134348.57,1,No,No,63163.99,0,"new row for relation ""bank_churn"" violates check constraint ""valid_countries""
DETAIL:  Failing row contains (15656333, Jen, FRA, Female, 33, 3, 134349, 1, f, f, 63164, 0).
"
15697497,She,FRA,Female,45.0,9,105525.65,2,Yes,Yes,73418.29,0,"new row for relation ""bank_churn"" violates check constraint ""valid_countries""
DETAIL:  Failing row contains (15697497, She, FRA, Female, 45, 9, 105526, 2, t, t, 73418, 0).
"
15585362,Simmons,French,Female,60.0,6,0.0,1,No,No,17978.68,1,"new row for relation ""bank_churn"" violates check constraint ""valid_countries""
DETAIL:  Failing row contains (15585362, Simmons, French, Female, 60, 6, 0, 1, f, f, 17979, 1).
"
15625021,Hung,French,Male,42.0,2,0.0,2,Yes,Yes,18657.77,0,"new row for relation ""bank_churn"" violates check constraint ""valid_countries""
DETAIL:  Failing row contains (15625021, Hung, French, Male, 42, 2, 0, 2, t, t, 18658, 0).
"
15600462,Barwell,FRA,Female,43.0,8,145618.37,1,Yes,Yes,10350.74,0,"new row for relation ""bank_churn"" violates check constraint ""valid_countries""
DETAIL:  Failing row contains (15600462, Barwell, FRA, Female, 43, 8, 145618, 1, t, t, 10351, 0).
"
15733119,Mistry,French,Male,35.0,8,0.0,2,No,No,94820.85,0,"new row for relation ""bank_churn"" violates check constraint ""valid_countries""
DETAIL:  Failing row contains (15733119, Mistry, French, Male, 35, 8, 0, 2, f, f, 94821, 0).
"
15782390,T'ien,FRA,Female,40.0,6,0.0,1,No,No,155155.25,0,"new row for relation ""bank_churn"" violates check constraint ""valid_countries""
DETAIL:  Failing row contains (15782390, T'ien, FRA, Female, 40, 6, 0, 1, f, f, 155155, 0).
"
15654700,Fallaci,FRA,Female,40.0,2,102967.41,1,No,No,128702.1,1,"new row for relation ""bank_churn"" violates check constraint ""valid_countries""
DETAIL:  Failing row contains (15654700, Fallaci, FRA, Female, 40, 2, 102967, 1, f, f, 128702, 1).
"
15709737,Hunter,French,Male,36.0,7,161064.64,2,Yes,Yes,84294.82,0,"new row for relation ""bank_churn"" violates check constraint ""valid_countries""
DETAIL:  Failing row contains (15709737, Hunter, French, Male, 36, 7, 161065, 2, t, t, 84295, 0).
"
15786014,Ku,French,Male,28.0,5,145105.64,2,No,No,185489.11,0,"new row for relation ""bank_churn"" violates check constraint ""valid_countries""
DETAIL:  Failing row contains (15786014, Ku, French, Male, 28, 5, 145106, 2, f, f, 185489, 0).
"
15675964,Chukwukadibia,FRA,Female,45.0,9,0.0,1,Yes,Yes,92027.69,1,"new row for relation ""bank_churn"" violates check constraint ""valid_countries""
DETAIL:  Failing row contains (15675964, Chukwukadibia, FRA, Female, 45, 9, 0, 1, t, t, 92028, 1).
"
15814275,Zikoranachidimma,French,Male,33.0,6,174912.72,1,Yes,Yes,43932.54,0,"new row for relation ""bank_churn"" violates check constraint ""valid_countries""
DETAIL:  Failing row contains (15814275, Zikoranachidimma, French, Male, 33, 6, 174913, 1, t, t, 43933, 0).
"
15724848,Oluchukwu,French,Female,46.0,1,104947.72,1,No,No,115789.25,1,"new row for relation ""bank_churn"" violates check constraint ""valid_countries""
DETAIL:  Failing row contains (15724848, Oluchukwu, French, Female, 46, 1, 104948, 1, f, f, 115789, 1).
"
15599660,Bennett,FRA,Male,36.0,6,116229.85,2,Yes,Yes,79633.38,0,"new row for relation ""bank_churn"" violates check constraint ""valid_countries""
DETAIL:  Failing row contains (15599660, Bennett, FRA, Male, 36, 6, 116230, 2, t, t, 79633, 0).
"
15775625,McKenzie,French,Male,47.0,6,0.0,1,No,No,74835.65,0,"new row for relation ""bank_churn"" violates check constraint ""valid_countries""
DETAIL:  Failing row contains (15775625, McKenzie, French, Male, 47, 6, 0, 1, f, f, 74836, 0).
"
15792328,James,French,Male,39.0,6,0.0,1,Yes,Yes,56999.9,1,"new row for relation ""bank_churn"" violates check constraint ""valid_countries""
DETAIL:  Failing row contains (15792328, James, French, Male, 39, 6, 0, 1, t, t, 57000, 1).
"
15719856,Lamb,French,Female,45.0,3,47134.75,1,Yes,Yes,57236.44,0,"new row for relation ""bank_churn"" violates check constraint ""valid_countries""
DETAIL:  Failing row contains (15719856, Lamb, French, Female, 45, 3, 47135, 1, t, t, 57236, 0).
"
15797748,Lu,French,Male,44.0,5,0.0,2,Yes,Yes,9200.54,0,"new row for relation ""bank_churn"" violates check constraint ""valid_countries""
DETAIL:  Failing row contains (15797748, Lu, French, Male, 44, 5, 0, 2, t, t, 9201, 0).
"
15675316,Avdeeva,French,Female,38.0,3,0.0,2,Yes,Yes,116467.35,0,"new row for relation ""bank_churn"" violates check constraint ""valid_countries""
DETAIL:  Failing row contains (15675316, Avdeeva, French, Female, 38, 3, 0, 2, t, t, 116467, 0).
"
15668032,Buchanan,FRA,Female,37.0,4,0.0,1,Yes,Yes,79881.39,0,"new row for relation ""bank_churn"" violates check constraint ""valid_countries""
DETAIL:  Failing row contains (15668032, Buchanan, FRA, Female, 37, 4, 0, 1, t, t, 79881, 0).
"
15676521,Y?an,French,Female,31.0,8,0.0,2,No,No,191074.11,0,"new row for relation ""bank_churn"" violates check constraint ""valid_countries""
DETAIL:  Failing row contains (15676521, Y?an, French, Female, 31, 8, 0, 2, f, f, 191074, 0).
"
15804586,Lin,French,Female,46.0,6,0.0,1,No,No,157333.69,1,"new row for relation ""bank_churn"" violates check constraint ""valid_countries""
DETAIL:  Failing row contains (15804586, Lin, French, Female, 46, 6, 0, 1, f, f, 157334, 1).
"
15741336,Ejimofor,FRA,Female,38.0,5,118590.41,1,Yes,Yes,5684.17,1,"new row for relation ""bank_churn"" violates check constraint ""valid_countries""
DETAIL:  Failing row contains (15741336, Ejimofor, FRA, Female, 38, 5, 118590, 1, t, t, 5684, 1).
"
15620981,Wickham,FRA,Female,48.0,3,73309.38,1,No,No,21228.34,1,"new row for relation ""bank_churn"" violates check constraint ""valid_countries""
DETAIL:  Failing row contains (15620981, Wickham, FRA, Female, 48, 3, 73309, 1, f, f, 21228, 1).
"
15571002,Yusupov,French,Female,44.0,4,129605.99,1,No,No,69865.49,0,"new row for relation ""bank_churn"" violates check constraint ""valid_countries""
DETAIL:  Failing row contains (15571002, Yusupov, French, Female, 44, 4, 129606, 1, f, f, 69865, 0).
"
15628034,Wilder,FRA,Female,37.0,6,129101.3,1,Yes,Yes,23971.33,0,"new row for relation ""bank_churn"" violates check constraint ""valid_countries""
DETAIL:  Failing row contains (15628034, Wilder, FRA, Female, 37, 6, 129101, 1, t, t, 23971, 0).
"
15805955,L?,FRA,Female,48.0,10,138333.03,1,Yes,Yes,47679.14,0,"new row for relation ""bank_churn"" violates check constraint ""valid_countries""
DETAIL:  Failing row contains (15805955, L?, FRA, Female, 48, 10, 138333, 1, t, t, 47679, 0).
"
15801488,Buckner,FRA,Male,25.0,3,0.0,2,Yes,Yes,134509.47,0,"new row for relation ""bank_churn"" violates check constraint ""valid_countries""
DETAIL:  Failing row contains (15801488, Buckner, FRA, Male, 25, 3, 0, 2, t, t, 134509, 0).
"
15570060,Palerma,FRA,Female,43.0,8,132558.26,1,No,No,67046.83,1,"new row for relation ""bank_churn"" violates check constraint ""valid_countries""
DETAIL:  Failing row contains (15570060, Palerma, FRA, Female, 43, 8, 132558, 1, f, f, 67047, 1).
"
15582616,Y?an,FRA,Female,38.0,4,0.0,2,No,No,56388.63,0,"new row for relation ""bank_churn"" violates check constraint ""valid_countries""
DETAIL:  Failing row contains (15582616, Y?an, FRA, Female, 38, 4, 0, 2, f, f, 56389, 0).
"
15792360,Clark,French,Male,32.0,7,0.0,2,Yes,Yes,777.37,0,"new row for relation ""bank_churn"" violates check constraint ""valid_countries""
DETAIL:  Failing row contains (15792360, Clark, French, Male, 32, 7, 0, 2, t, t, 777, 0).
"
15745527,Burke,FRA,Male,37.0,5,93147.0,2,No,No,66214.13,0,"new row for relation ""bank_churn"" violates check constraint ""valid_countries""
DETAIL:  Failing row contains (15745527, Burke, FRA, Male, 37, 5, 93147, 2, f, f, 66214, 0).
"
15806926,Watson,French,Female,35.0,2,97440.02,2,Yes,Yes,139816.1,0,"new row for relation ""bank_churn"" violates check constraint ""valid_countries""
DETAIL:  Failing row contains (15806926, Watson, French, Female, 35, 2, 97440, 2, t, t, 139816, 0).
"
15701301,Murphy,French,Female,42.0,3,175159.9,2,No,No,67124.48,1,"new row for relation ""bank_churn"" violates check constraint ""valid_countries""
DETAIL:  Failing row contains (15701301, Murphy, French, Female, 42, 3, 175160, 2, f, f, 67124, 1).
"
15573086,Millar,FRA,Male,42.0,7,99824.45,1,Yes,Yes,36721.4,0,"new row for relation ""bank_churn"" violates check constraint ""valid_countries""
DETAIL:  Failing row contains (15573086, Millar, FRA, Male, 42, 7, 99824, 1, t, t, 36721, 0).
"
15569050,Farrell,FRA,Male,45.0,6,0.0,1,No,No,130009.85,1,"new row for relation ""bank_churn"" violates check constraint ""valid_countries""
DETAIL:  Failing row contains (15569050, Farrell, FRA, Male, 45, 6, 0, 1, f, f, 130010, 1).
"
15799811,Herrera,FRA,Male,40.0,10,0.0,1,No,No,127847.25,1,"new row for relation ""bank_churn"" violates check constraint ""valid_countries""
DETAIL:  Failing row contains (15799811, Herrera, FRA, Male, 40, 10, 0, 1, f, f, 127847, 1).
"
15655274,Bardin,FRA,Female,29.0,4,0.0,2,Yes,Yes,48673.18,0,"new row for relation ""bank_churn"" violates check constraint ""valid_countries""
DETAIL:  Failing row contains (15655274, Bardin, FRA, Female, 29, 4, 0, 2, t, t, 48673, 0).
"
15686936,McGregor,FRA,Female,37.0,5,89634.69,1,Yes,Yes,169583.18,1,"new row for relation ""bank_churn"" violates check constraint ""valid_countries""
DETAIL:  Failing row contains (15686936, McGregor, FRA, Female, 37, 5, 89635, 1, t, t, 169583, 1).
"
15729279,Naylor,French,Female,25.0,4,108691.95,1,No,No,63030.97,0,"new row for relation ""bank_churn"" violates check constraint ""valid_countries""
DETAIL:  Failing row contains (15729279, Naylor, French, Female, 25, 4, 108692, 1, f, f, 63031, 0).
"
15759805,Pinto,French,Female,32.0,4,0.0,2,No,No,59668.81,0,"new row for relation ""bank_churn"" violates check constraint ""valid_countries""
DETAIL:  Failing row contains (15759805, Pinto, French, Female, 32, 4, 0, 2, f, f, 59669, 0).
"
15681174,Zuev,French,Male,39.0,1,116537.6,1,No,No,145679.6,0,"new row for relation ""bank_churn"" violates check constraint ""valid_countries""
DETAIL:  Failing row contains (15681174, Zuev, French, Male, 39, 1, 116538, 1, f, f, 145680, 0).
"
15667521,Crawford,French,Female,22.0,3,0.0,2,No,No,30781.77,0,"new row for relation ""bank_churn"" violates check constraint ""valid_countries""
DETAIL:  Failing row contains (15667521, Crawford, French, Female, 22, 3, 0, 2, f, f, 30782, 0).
"
15695475,Maclean,FRA,Male,29.0,1,130131.08,2,Yes,Yes,196474.35,0,"new row for relation ""bank_churn"" violates check constraint ""valid_countries""
DETAIL:  Failing row contains (15695475, Maclean, FRA, Male, 29, 1, 130131, 2, t, t, 196474, 0).
"
15689176,Fabro,FRA,Male,46.0,3,0.0,2,Yes,Yes,176276.1,0,"new row for relation ""bank_churn"" violates check constraint ""valid_countries""
DETAIL:  Failing row contains (15689176, Fabro, FRA, Male, 46, 3, 0, 2, t, t, 176276, 0).
"
15631054,Volkova,FRA,Female,24.0,1,0.0,2,Yes,Yes,180969.55,0,"new row for relation ""bank_churn"" violates check constraint ""valid_countries""
DETAIL:  Failing row contains (15631054, Volkova, FRA, Female, 24, 1, 0, 2, t, t, 180970, 0).
"
15581479,Archer,FRA,Male,30.0,1,83181.29,1,Yes,Yes,138176.78,0,"new row for relation ""bank_churn"" violates check constraint ""valid_countries""
DETAIL:  Failing row contains (15581479, Archer, FRA, Male, 30, 1, 83181, 1, t, t, 138177, 0).
"
15779059,Timms,French,Female,38.0,4,119624.54,2,Yes,Yes,110472.12,0,"new row for relation ""bank_churn"" violates check constraint ""valid_countries""
DETAIL:  Failing row contains (15779059, Timms, French, Female, 38, 4, 119625, 2, t, t, 110472, 0).
"
15706534,Enyinnaya,FRA,Female,47.0,1,122949.14,1,No,No,180251.68,1,"new row for relation ""bank_churn"" violates check constraint ""valid_countries""
DETAIL:  Failing row contains (15706534, Enyinnaya, FRA, Female, 47, 1, 122949, 1, f, f, 180252, 1).
"
15762198,Capon,French,Male,34.0,5,103818.43,1,Yes,Yes,166038.27,0,"new row for relation ""bank_churn"" violates check constraint ""valid_countries""
DETAIL:  Failing row contains (15762198, Capon, French, Male, 34, 5, 103818, 1, t, t, 166038, 0).
"
15699598,Smith,French,Female,20.0,4,0.0,2,Yes,Yes,140385.33,0,"new row for relation ""bank_churn"" violates check constraint ""valid_countries""
DETAIL:  Failing row contains (15699598, Smith, French, Female, 20, 4, 0, 2, t, t, 140385, 0).
"
15692744,Davison,French,Male,36.0,4,152169.12,2,No,No,38629.3,1,"new row for relation ""bank_churn"" violates check constraint ""valid_countries""
DETAIL:  Failing row contains (15692744, Davison, French, Male, 36, 4, 152169, 2, f, f, 38629, 1).
"
15680303,Gibson,FRA,Male,57.0,6,0.0,1,No,No,19376.56,1,"new row for relation ""bank_churn"" violates check constraint ""valid_countries""
DETAIL:  Failing row contains (15680303, Gibson, FRA, Male, 57, 6, 0, 1, f, f, 19377, 1).
"
15682618,Jamieson,French,Female,31.0,7,111855.04,2,Yes,Yes,36278.89,0,"new row for relation ""bank_churn"" violates check constraint ""valid_countries""
DETAIL:  Failing row contains (15682618, Jamieson, French, Female, 31, 7, 111855, 2, t, t, 36279, 0).
"
15729832,Cheng,French,Male,29.0,3,145512.84,1,No,No,20207.02,0,"new row for relation ""bank_churn"" violates check constraint ""valid_countries""
DETAIL:  Failing row contains (15729832, Cheng, French, Male, 29, 3, 145513, 1, f, f, 20207, 0).
"
15646513,Spyer,FRA,Male,42.0,5,0.0,1,No,No,196466.83,1,"new row for relation ""bank_churn"" violates check constraint ""valid_countries""
DETAIL:  Failing row contains (15646513, Spyer, FRA, Male, 42, 5, 0, 1, f, f, 196467, 1).
"
15708063,Walker,French,Male,36.0,2,100749.5,3,No,No,70758.37,1,"new row for relation ""bank_churn"" violates check constraint ""valid_countries""
DETAIL:  Failing row contains (15708063, Walker, French, Male, 36, 2, 100750, 3, f, f, 70758, 1).
"
15649744,Fallaci,French,Female,51.0,3,123981.31,2,Yes,Yes,40546.15,0,"new row for relation ""bank_churn"" violates check constraint ""valid_countries""
DETAIL:  Failing row contains (15649744, Fallaci, French, Female, 51, 3, 123981, 2, t, t, 40546, 0).
"
15784092,Henderson,French,Male,36.0,7,126195.81,1,Yes,Yes,133172.48,0,"new row for relation ""bank_churn"" violates check constraint ""valid_countries""
DETAIL:  Failing row contains (15784092, Henderson, French, Male, 36, 7, 126196, 1, t, t, 133172, 0).
"
15585198,Bergamaschi,FRA,Male,41.0,4,94267.9,1,Yes,Yes,152821.12,1,"new row for relation ""bank_churn"" violates check constraint ""valid_countries""
DETAIL:  Failing row contains (15585198, Bergamaschi, FRA, Male, 41, 4, 94268, 1, t, t, 152821, 1).
"
15624347,Fokine,FRA,Male,40.0,4,0.0,2,Yes,Yes,147715.83,0,"new row for relation ""bank_churn"" violates check constraint ""valid_countries""
DETAIL:  Failing row contains (15624347, Fokine, FRA, Male, 40, 4, 0, 2, t, t, 147716, 0).
"
15621687,Mackay,French,Male,34.0,0,0.0,2,No,No,43169.15,0,"new row for relation ""bank_churn"" violates check constraint ""valid_countries""
DETAIL:  Failing row contains (15621687, Mackay, French, Male, 34, 0, 0, 2, f, f, 43169, 0).
"
15689081,Wu,FRA,Male,29.0,4,0.0,1,No,No,76755.99,1,"new row for relation ""bank_churn"" violates check constraint ""valid_countries""
DETAIL:  Failing row contains (15689081, Wu, FRA, Male, 29, 4, 0, 1, f, f, 76756, 1).
"
15604295,Wei,French,Male,36.0,6,0.0,2,No,No,176728.28,0,"new row for relation ""bank_churn"" violates check constraint ""valid_countries""
DETAIL:  Failing row contains (15604295, Wei, French, Male, 36, 6, 0, 2, f, f, 176728, 0).
"
15724127,McLean,French,Female,26.0,4,141581.71,2,No,No,98309.27,0,"new row for relation ""bank_churn"" violates check constraint ""valid_countries""
DETAIL:  Failing row contains (15724127, McLean, French, Female, 26, 4, 141582, 2, f, f, 98309, 0).
"
15590476,Onochie,French,Male,28.0,7,0.0,2,No,No,151645.96,0,"new row for relation ""bank_churn"" violates check constraint ""valid_countries""
DETAIL:  Failing row contains (15590476, Onochie, French, Male, 28, 7, 0, 2, f, f, 151646, 0).
"
15624293,Mironova,FRA,Female,46.0,3,106511.85,1,No,No,55072.32,0,"new row for relation ""bank_churn"" violates check constraint ""valid_countries""
DETAIL:  Failing row contains (15624293, Mironova, FRA, Female, 46, 3, 106512, 1, f, f, 55072, 0).
"
15618182,Ndubueze,FRA,Female,38.0,2,0.0,2,No,No,115068.99,0,"new row for relation ""bank_churn"" violates check constraint ""valid_countries""
DETAIL:  Failing row contains (15618182, Ndubueze, FRA, Female, 38, 2, 0, 2, f, f, 115069, 0).
"
15616330,Liao,French,Male,31.0,4,0.0,2,No,No,189995.86,0,"new row for relation ""bank_churn"" violates check constraint ""valid_countries""
DETAIL:  Failing row contains (15616330, Liao, French, Male, 31, 4, 0, 2, f, f, 189996, 0).
"
15592229,Mullan,French,Female,52.0,0,185891.54,1,Yes,Yes,46369.57,1,"new row for relation ""bank_churn"" violates check constraint ""valid_countries""
DETAIL:  Failing row contains (15592229, Mullan, French, Female, 52, 0, 185892, 1, t, t, 46370, 1).
"
15714750,Northey,French,Female,42.0,3,92578.14,2,No,No,70810.6,0,"new row for relation ""bank_churn"" violates check constraint ""valid_countries""
DETAIL:  Failing row contains (15714750, Northey, French, Female, 42, 3, 92578, 2, f, f, 70811, 0).
"
15626147,Maclean,FRA,Female,62.0,8,144976.5,1,No,No,175836.03,1,"new row for relation ""bank_churn"" violates check constraint ""valid_countries""
DETAIL:  Failing row contains (15626147, Maclean, FRA, Female, 62, 8, 144977, 1, f, f, 175836, 1).
"
15723250,Teng,French,Male,42.0,8,0.0,2,Yes,Yes,101485.72,0,"new row for relation ""bank_churn"" violates check constraint ""valid_countries""
DETAIL:  Failing row contains (15723250, Teng, French, Male, 42, 8, 0, 2, t, t, 101486, 0).
"
15592583,Colman,French,Female,47.0,1,115414.19,3,No,No,191734.67,1,"new row for relation ""bank_churn"" violates check constraint ""valid_countries""
DETAIL:  Failing row contains (15592583, Colman, French, Female, 47, 1, 115414, 3, f, f, 191735, 1).
"
15685309,Souter,French,Female,35.0,7,0.0,1,Yes,Yes,49108.23,1,"new row for relation ""bank_churn"" violates check constraint ""valid_countries""
DETAIL:  Failing row contains (15685309, Souter, French, Female, 35, 7, 0, 1, t, t, 49108, 1).
"
15762110,Anderson,French,Male,37.0,0,0.0,2,Yes,Yes,171707.93,0,"new row for relation ""bank_churn"" violates check constraint ""valid_countries""
DETAIL:  Failing row contains (15762110, Anderson, French, Male, 37, 0, 0, 2, t, t, 171708, 0).
"
15706899,Ma,FRA,Male,34.0,4,0.0,2,Yes,Yes,66721.98,0,"new row for relation ""bank_churn"" violates check constraint ""valid_countries""
DETAIL:  Failing row contains (15706899, Ma, FRA, Male, 34, 4, 0, 2, t, t, 66722, 0).
"
15732660,Black,French,Female,27.0,2,0.0,1,Yes,Yes,57876.05,0,"new row for relation ""bank_churn"" violates check constraint ""valid_countries""
DETAIL:  Failing row contains (15732660, Black, French, Female, 27, 2, 0, 1, t, t, 57876, 0).
"
15605965,Henderson,FRA,Male,43.0,9,0.0,2,Yes,Yes,34338.04,0,"new row for relation ""bank_churn"" violates check constraint ""valid_countries""
DETAIL:  Failing row contains (15605965, Henderson, FRA, Male, 43, 9, 0, 2, t, t, 34338, 0).
"
15601688,Piccio,French,Male,28.0,8,0.0,1,No,No,159254.29,0,"new row for relation ""bank_churn"" violates check constraint ""valid_countries""
DETAIL:  Failing row contains (15601688, Piccio, French, Male, 28, 8, 0, 1, f, f, 159254, 0).
"
15768006,Wu,FRA,Male,34.0,3,152303.8,1,No,No,12128.69,0,"new row for relation ""bank_churn"" violates check constraint ""valid_countries""
DETAIL:  Failing row contains (15768006, Wu, FRA, Male, 34, 3, 152304, 1, f, f, 12129, 0).
"
15781802,Abramov,FRA,Male,41.0,6,104817.41,1,No,No,126013.58,1,"new row for relation ""bank_churn"" violates check constraint ""valid_countries""
DETAIL:  Failing row contains (15781802, Abramov, FRA, Male, 41, 6, 104817, 1, f, f, 126014, 1).
"
15750776,Genovese,FRA,Female,36.0,0,164850.54,1,Yes,Yes,62722.44,0,"new row for relation ""bank_churn"" violates check constraint ""valid_countries""
DETAIL:  Failing row contains (15750776, Genovese, FRA, Female, 36, 0, 164851, 1, t, t, 62722, 0).
"
15702430,Ignatyeva,FRA,Female,35.0,10,0.0,1,Yes,Yes,31299.71,0,"new row for relation ""bank_churn"" violates check constraint ""valid_countries""
DETAIL:  Failing row contains (15702430, Ignatyeva, FRA, Female, 35, 10, 0, 1, t, t, 31300, 0).
"
15710456,Balmain,French,Female,27.0,2,0.0,2,No,No,63495.86,0,"new row for relation ""bank_churn"" violates check constraint ""valid_countries""
DETAIL:  Failing row contains (15710456, Balmain, French, Female, 27, 2, 0, 2, f, f, 63496, 0).
"
15650351,Millar,FRA,Female,38.0,8,102133.38,1,Yes,Yes,166520.96,0,"new row for relation ""bank_churn"" violates check constraint ""valid_countries""
DETAIL:  Failing row contains (15650351, Millar, FRA, Female, 38, 8, 102133, 1, t, t, 166521, 0).
"
15604217,Williams,French,Male,34.0,9,0.0,2,No,No,14121.61,0,"new row for relation ""bank_churn"" violates check constraint ""valid_countries""
DETAIL:  Failing row contains (15604217, Williams, French, Male, 34, 9, 0, 2, f, f, 14122, 0).
"
15570326,Wilkins,FRA,Male,34.0,6,0.0,2,Yes,Yes,99128.13,0,"new row for relation ""bank_churn"" violates check constraint ""valid_countries""
DETAIL:  Failing row contains (15570326, Wilkins, FRA, Male, 34, 6, 0, 2, t, t, 99128, 0).
"
15600992,Madukaego,FRA,Male,36.0,1,0.0,2,Yes,Yes,151314.98,0,"new row for relation ""bank_churn"" violates check constraint ""valid_countries""
DETAIL:  Failing row contains (15600992, Madukaego, FRA, Male, 36, 1, 0, 2, t, t, 151315, 0).
"
15795228,Stewart,FRA,Male,37.0,3,132623.6,1,Yes,Yes,58974.0,0,"new row for relation ""bank_churn"" violates check constraint ""valid_countries""
DETAIL:  Failing row contains (15795228, Stewart, FRA, Male, 37, 3, 132624, 1, t, t, 58974, 0).
"
15719302,Brennan,French,Female,50.0,9,126547.8,1,Yes,Yes,79579.94,1,"new row for relation ""bank_churn"" violates check constraint ""valid_countries""
DETAIL:  Failing row contains (15719302, Brennan, French, Female, 50, 9, 126548, 1, t, t, 79580, 1).
"
15639882,She,French,Male,30.0,2,128262.72,2,No,No,50771.16,0,"new row for relation ""bank_churn"" violates check constraint ""valid_countries""
DETAIL:  Failing row contains (15639882, She, French, Male, 30, 2, 128263, 2, f, f, 50771, 0).
"
15791279,Murray,FRA,Male,40.0,5,169742.64,1,Yes,Yes,153537.55,1,"new row for relation ""bank_churn"" violates check constraint ""valid_countries""
DETAIL:  Failing row contains (15791279, Murray, FRA, Male, 40, 5, 169743, 1, t, t, 153538, 1).
"
15573769,Fiorentini,FRA,Female,24.0,7,0.0,2,No,No,186105.99,0,"new row for relation ""bank_churn"" violates check constraint ""valid_countries""
DETAIL:  Failing row contains (15573769, Fiorentini, FRA, Female, 24, 7, 0, 2, f, f, 186106, 0).
"
15578866,Hughes,FRA,Female,43.0,2,0.0,1,Yes,Yes,55119.53,0,"new row for relation ""bank_churn"" violates check constraint ""valid_countries""
DETAIL:  Failing row contains (15578866, Hughes, FRA, Female, 43, 2, 0, 1, t, t, 55120, 0).
"
15724334,Alekseyeva,FRA,Male,22.0,5,0.0,1,No,No,151169.83,0,"new row for relation ""bank_churn"" violates check constraint ""valid_countries""
DETAIL:  Failing row contains (15724334, Alekseyeva, FRA, Male, 22, 5, 0, 1, f, f, 151170, 0).
"
15569451,Miller,FRA,Male,35.0,2,101257.16,1,Yes,Yes,118113.64,0,"new row for relation ""bank_churn"" violates check constraint ""valid_countries""
DETAIL:  Failing row contains (15569451, Miller, FRA, Male, 35, 2, 101257, 1, t, t, 118114, 0).
"
15616451,Genovese,FRA,Female,47.0,6,128252.66,1,Yes,Yes,168053.4,0,"new row for relation ""bank_churn"" violates check constraint ""valid_countries""
DETAIL:  Failing row contains (15616451, Genovese, FRA, Female, 47, 6, 128253, 1, t, t, 168053, 0).
"
15715667,Sorokina,FRA,Female,32.0,7,0.0,2,No,No,155227.0,0,"new row for relation ""bank_churn"" violates check constraint ""valid_countries""
DETAIL:  Failing row contains (15715667, Sorokina, FRA, Female, 32, 7, 0, 2, f, f, 155227, 0).
"
15658969,Gray,French,Male,51.0,7,0.0,3,No,No,38409.79,1,"new row for relation ""bank_churn"" violates check constraint ""valid_countries""
DETAIL:  Failing row contains (15658969, Gray, French, Male, 51, 7, 0, 3, f, f, 38410, 1).
"
15624229,Noble,FRA,Female,22.0,4,0.0,2,Yes,Yes,11525.72,0,"new row for relation ""bank_churn"" violates check constraint ""valid_countries""
DETAIL:  Failing row contains (15624229, Noble, FRA, Female, 22, 4, 0, 2, t, t, 11526, 0).
"
15730038,Docherty,French,Female,23.0,5,0.0,1,No,No,164128.41,1,"new row for relation ""bank_churn"" violates check constraint ""valid_countries""
DETAIL:  Failing row contains (15730038, Docherty, French, Female, 23, 5, 0, 1, f, f, 164128, 1).
"
15697625,Bevan,FRA,Male,37.0,2,163789.49,2,No,No,75832.53,0,"new row for relation ""bank_churn"" violates check constraint ""valid_countries""
DETAIL:  Failing row contains (15697625, Bevan, FRA, Male, 37, 2, 163789, 2, f, f, 75833, 0).
"
15616280,Hsia,FRA,Male,46.0,1,65733.41,1,No,No,61094.53,0,"new row for relation ""bank_churn"" violates check constraint ""valid_countries""
DETAIL:  Failing row contains (15616280, Hsia, FRA, Male, 46, 1, 65733, 1, f, f, 61095, 0).
"
15613844,Murphy,FRA,Female,28.0,7,146445.24,2,No,No,184317.74,0,"new row for relation ""bank_churn"" violates check constraint ""valid_countries""
DETAIL:  Failing row contains (15613844, Murphy, FRA, Female, 28, 7, 146445, 2, f, f, 184318, 0).
"
15578515,Osinachi,FRA,Female,38.0,3,0.0,2,No,No,158553.1,0,"new row for relation ""bank_churn"" violates check constraint ""valid_countries""
DETAIL:  Failing row contains (15578515, Osinachi, FRA, Female, 38, 3, 0, 2, f, f, 158553, 0).
"
15684865,Lucchesi,FRA,Female,66.0,7,143773.07,1,Yes,Yes,130827.88,0,"new row for relation ""bank_churn"" violates check constraint ""valid_countries""
DETAIL:  Failing row contains (15684865, Lucchesi, FRA, Female, 66, 7, 143773, 1, t, t, 130828, 0).
"
15634267,Yudin,French,Male,42.0,5,0.0,2,No,No,172665.21,0,"new row for relation ""bank_churn"" violates check constraint ""valid_countries""
DETAIL:  Failing row contains (15634267, Yudin, French, Male, 42, 5, 0, 2, f, f, 172665, 0).
"
15619626,Wade,FRA,Male,24.0,3,137492.35,2,Yes,Yes,170142.09,0,"new row for relation ""bank_churn"" violates check constraint ""valid_countries""
DETAIL:  Failing row contains (15619626, Wade, FRA, Male, 24, 3, 137492, 2, t, t, 170142, 0).
"
15660422,Chung,French,Male,28.0,7,0.0,2,No,No,73977.23,0,"new row for relation ""bank_churn"" violates check constraint ""valid_countries""
DETAIL:  Failing row contains (15660422, Chung, French, Male, 28, 7, 0, 2, f, f, 73977, 0).
"
15617934,Septimus,FRA,Male,36.0,9,129829.59,1,Yes,Yes,60906.12,0,"new row for relation ""bank_churn"" violates check constraint ""valid_countries""
DETAIL:  Failing row contains (15617934, Septimus, FRA, Male, 36, 9, 129830, 1, t, t, 60906, 0).
"
15658052,Cameron,French,Female,44.0,10,81553.93,1,No,No,20063.63,1,"new row for relation ""bank_churn"" violates check constraint ""valid_countries""
DETAIL:  Failing row contains (15658052, Cameron, French, Female, 44, 10, 81554, 1, f, f, 20064, 1).
"
15721189,Kung,FRA,Female,66.0,7,0.0,2,Yes,Yes,99792.82,0,"new row for relation ""bank_churn"" violates check constraint ""valid_countries""
DETAIL:  Failing row contains (15721189, Kung, FRA, Female, 66, 7, 0, 2, t, t, 99793, 0).
"
15711288,Hay,FRA,Male,24.0,6,0.0,2,No,No,37654.31,0,"new row for relation ""bank_churn"" violates check constraint ""valid_countries""
DETAIL:  Failing row contains (15711288, Hay, FRA, Male, 24, 6, 0, 2, f, f, 37654, 0).
"
15658306,Lo,FRA,Male,68.0,4,97705.99,1,Yes,Yes,61569.07,0,"new row for relation ""bank_churn"" violates check constraint ""valid_countries""
DETAIL:  Failing row contains (15658306, Lo, FRA, Male, 68, 4, 97706, 1, t, t, 61569, 0).
"
15647402,Wan,French,Female,38.0,3,0.0,2,Yes,Yes,48924.73,0,"new row for relation ""bank_churn"" violates check constraint ""valid_countries""
DETAIL:  Failing row contains (15647402, Wan, French, Female, 38, 3, 0, 2, t, t, 48925, 0).
"
15740494,Cameron,FRA,Female,33.0,3,0.0,2,No,No,191111.02,0,"new row for relation ""bank_churn"" violates check constraint ""valid_countries""
DETAIL:  Failing row contains (15740494, Cameron, FRA, Female, 33, 3, 0, 2, f, f, 191111, 0).
"
15726557,Lai,FRA,Female,42.0,7,165679.92,1,No,No,32916.29,0,"new row for relation ""bank_churn"" violates check constraint ""valid_countries""
DETAIL:  Failing row contains (15726557, Lai, FRA, Female, 42, 7, 165680, 1, f, f, 32916, 0).
"
15662291,Davidson,FRA,Female,55.0,8,116973.26,3,No,No,122066.5,1,"new row for relation ""bank_churn"" violates check constraint ""valid_countries""
DETAIL:  Failing row contains (15662291, Davidson, FRA, Female, 55, 8, 116973, 3, f, f, 122067, 1).
"
15749050,Justice,French,Female,36.0,3,0.0,1,No,No,65996.9,0,"new row for relation ""bank_churn"" violates check constraint ""valid_countries""
DETAIL:  Failing row contains (15749050, Justice, French, Female, 36, 3, 0, 1, f, f, 65997, 0).
"
15793854,Ahmed,FRA,Male,42.0,2,99095.73,1,Yes,Yes,17512.53,0,"new row for relation ""bank_churn"" violates check constraint ""valid_countries""
DETAIL:  Failing row contains (15793854, Ahmed, FRA, Male, 42, 2, 99096, 1, t, t, 17513, 0).
"
15612064,Tsou,FRA,Male,33.0,5,0.0,2,No,No,181945.52,1,"new row for relation ""bank_churn"" violates check constraint ""valid_countries""
DETAIL:  Failing row contains (15612064, Tsou, FRA, Male, 33, 5, 0, 2, f, f, 181946, 1).
"
15683195,Ubanwa,FRA,Male,32.0,9,146605.27,1,Yes,Yes,77119.45,0,"new row for relation ""bank_churn"" violates check constraint ""valid_countries""
DETAIL:  Failing row contains (15683195, Ubanwa, FRA, Male, 32, 9, 146605, 1, t, t, 77119, 0).
"
15778287,Ugoji,French,Male,35.0,8,0.0,2,Yes,Yes,131772.51,0,"new row for relation ""bank_churn"" violates check constraint ""valid_countries""
DETAIL:  Failing row contains (15778287, Ugoji, French, Male, 35, 8, 0, 2, t, t, 131773, 0).
"
15609510,Gregory,FRA,Male,45.0,7,149364.58,1,Yes,Yes,173454.07,0,"new row for relation ""bank_churn"" violates check constraint ""valid_countries""
DETAIL:  Failing row contains (15609510, Gregory, FRA, Male, 45, 7, 149365, 1, t, t, 173454, 0).
"
15742229,Mackay,French,Male,59.0,7,127450.14,1,Yes,Yes,67552.71,0,"new row for relation ""bank_churn"" violates check constraint ""valid_countries""
DETAIL:  Failing row contains (15742229, Mackay, French, Male, 59, 7, 127450, 1, t, t, 67553, 0).
"
15636589,Murray,FRA,Female,41.0,7,0.0,2,Yes,Yes,74275.08,0,"new row for relation ""bank_churn"" violates check constraint ""valid_countries""
DETAIL:  Failing row contains (15636589, Murray, FRA, Female, 41, 7, 0, 2, t, t, 74275, 0).
"
15687752,Griffin,FRA,Male,30.0,2,87505.47,2,Yes,Yes,7278.57,0,"new row for relation ""bank_churn"" violates check constraint ""valid_countries""
DETAIL:  Failing row contains (15687752, Griffin, FRA, Male, 30, 2, 87505, 2, t, t, 7279, 0).
"
15793247,Hancock,FRA,Male,34.0,5,0.0,2,Yes,Yes,91711.66,0,"new row for relation ""bank_churn"" violates check constraint ""valid_countries""
DETAIL:  Failing row contains (15793247, Hancock, FRA, Male, 34, 5, 0, 2, t, t, 91712, 0).
"
15572360,Clark,French,Male,30.0,10,57657.49,1,No,No,79240.9,0,"new row for relation ""bank_churn"" violates check constraint ""valid_countries""
DETAIL:  Failing row contains (15572360, Clark, French, Male, 30, 10, 57657, 1, f, f, 79241, 0).
"
15724620,Dodds,FRA,Male,37.0,1,134752.08,1,No,No,162511.55,0,"new row for relation ""bank_churn"" violates check constraint ""valid_countries""
DETAIL:  Failing row contains (15724620, Dodds, FRA, Male, 37, 1, 134752, 1, f, f, 162512, 0).
"
15749004,Tsao,FRA,Female,31.0,0,118100.59,2,No,No,103165.15,0,"new row for relation ""bank_churn"" violates check constraint ""valid_countries""
DETAIL:  Failing row contains (15749004, Tsao, FRA, Female, 31, 0, 118101, 2, f, f, 103165, 0).
"
15662294,Bennett,French,Male,33.0,10,118327.17,2,Yes,Yes,192928.82,0,"new row for relation ""bank_churn"" violates check constraint ""valid_countries""
DETAIL:  Failing row contains (15662294, Bennett, French, Male, 33, 10, 118327, 2, t, t, 192929, 0).
"
15750497,Longo,French,Female,37.0,7,153147.75,1,Yes,Yes,152235.3,0,"new row for relation ""bank_churn"" violates check constraint ""valid_countries""
DETAIL:  Failing row contains (15750497, Longo, French, Female, 37, 7, 153148, 1, t, t, 152235, 0).
"
15596181,Kwemto,French,Male,38.0,8,65942.26,1,Yes,Yes,68093.23,1,"new row for relation ""bank_churn"" violates check constraint ""valid_countries""
DETAIL:  Failing row contains (15596181, Kwemto, French, Male, 38, 8, 65942, 1, t, t, 68093, 1).
"
15576602,Lawrence,French,Male,38.0,3,0.0,2,Yes,Yes,80061.31,0,"new row for relation ""bank_churn"" violates check constraint ""valid_countries""
DETAIL:  Failing row contains (15576602, Lawrence, French, Male, 38, 3, 0, 2, t, t, 80061, 0).
"
15644833,Duncan,French,Male,54.0,2,0.0,1,No,No,149583.67,1,"new row for relation ""bank_churn"" violates check constraint ""valid_countries""
DETAIL:  Failing row contains (15644833, Duncan, French, Male, 54, 2, 0, 1, f, f, 149584, 1).
"
15808689,Morres,French,Female,31.0,4,0.0,2,Yes,Yes,33082.81,0,"new row for relation ""bank_churn"" violates check constraint ""valid_countries""
DETAIL:  Failing row contains (15808689, Morres, French, Female, 31, 4, 0, 2, t, t, 33083, 0).
"
15720702,Shih,French,Male,37.0,3,0.0,1,No,No,121883.87,1,"new row for relation ""bank_churn"" violates check constraint ""valid_countries""
DETAIL:  Failing row contains (15720702, Shih, French, Male, 37, 3, 0, 1, f, f, 121884, 1).
"
15665077,Vogel,FRA,Female,43.0,5,0.0,3,Yes,Yes,100722.72,1,"new row for relation ""bank_churn"" violates check constraint ""valid_countries""
DETAIL:  Failing row contains (15665077, Vogel, FRA, Female, 43, 5, 0, 3, t, t, 100723, 1).
"
15596493,Wisdom,FRA,Female,47.0,7,0.0,2,Yes,Yes,177624.01,0,"new row for relation ""bank_churn"" violates check constraint ""valid_countries""
DETAIL:  Failing row contains (15596493, Wisdom, FRA, Female, 47, 7, 0, 2, t, t, 177624, 0).
"
15704483,Lorenzo,FRA,Male,40.0,6,0.0,2,No,No,106149.48,0,"new row for relation ""bank_churn"" violates check constraint ""valid_countries""
DETAIL:  Failing row contains (15704483, Lorenzo, FRA, Male, 40, 6, 0, 2, f, f, 106149, 0).
"
15598846,Shahan,FRA,Female,44.0,2,58781.76,1,No,No,16874.92,0,"new row for relation ""bank_churn"" violates check constraint ""valid_countries""
DETAIL:  Failing row contains (15598846, Shahan, FRA, Female, 44, 2, 58782, 1, f, f, 16875, 0).
"
15682773,Hayward,FRA,Female,38.0,3,128345.69,2,No,No,63218.85,0,"new row for relation ""bank_churn"" violates check constraint ""valid_countries""
DETAIL:  Failing row contains (15682773, Hayward, FRA, Female, 38, 3, 128346, 2, f, f, 63219, 0).
"
15796721,Nnamutaezinwa,French,Male,38.0,3,145018.49,2,Yes,Yes,126702.41,0,"new row for relation ""bank_churn"" violates check constraint ""valid_countries""
DETAIL:  Failing row contains (15796721, Nnamutaezinwa, French, Male, 38, 3, 145018, 2, t, t, 126702, 0).
"
15609824,Fedorov,FRA,Female,41.0,7,176845.41,3,No,No,166526.26,1,"new row for relation ""bank_churn"" violates check constraint ""valid_countries""
DETAIL:  Failing row contains (15609824, Fedorov, FRA, Female, 41, 7, 176845, 3, f, f, 166526, 1).
"
15777826,Wofford,FRA,Male,30.0,5,94443.77,1,Yes,Yes,165614.4,0,"new row for relation ""bank_churn"" violates check constraint ""valid_countries""
DETAIL:  Failing row contains (15777826, Wofford, FRA, Male, 30, 5, 94444, 1, t, t, 165614, 0).
"
15668445,Mai,French,Male,37.0,2,0.0,2,Yes,Yes,86372.24,0,"new row for relation ""bank_churn"" violates check constraint ""valid_countries""
DETAIL:  Failing row contains (15668445, Mai, French, Male, 37, 2, 0, 2, t, t, 86372, 0).
"
15576162,King,FRA,Male,32.0,7,92199.84,1,Yes,Yes,2755.53,0,"new row for relation ""bank_churn"" violates check constraint ""valid_countries""
DETAIL:  Failing row contains (15576162, King, FRA, Male, 32, 7, 92200, 1, t, t, 2756, 0).
"
15613141,Hsu,FRA,Female,41.0,3,135756.96,1,Yes,Yes,103706.41,0,"new row for relation ""bank_churn"" violates check constraint ""valid_countries""
DETAIL:  Failing row contains (15613141, Hsu, FRA, Female, 41, 3, 135757, 1, t, t, 103706, 0).
"
15754068,Judd,FRA,Male,32.0,4,0.0,2,Yes,Yes,141822.8,0,"new row for relation ""bank_churn"" violates check constraint ""valid_countries""
DETAIL:  Failing row contains (15754068, Judd, FRA, Male, 32, 4, 0, 2, t, t, 141823, 0).
"
15791767,Lucciano,French,Female,26.0,7,0.0,2,No,No,176843.53,0,"new row for relation ""bank_churn"" violates check constraint ""valid_countries""
DETAIL:  Failing row contains (15791767, Lucciano, French, Female, 26, 7, 0, 2, f, f, 176844, 0).
"
15774738,Campa,FRA,Male,44.0,3,107764.75,1,No,No,185667.72,0,"new row for relation ""bank_churn"" violates check constraint ""valid_countries""
DETAIL:  Failing row contains (15774738, Campa, FRA, Male, 44, 3, 107765, 1, f, f, 185668, 0).
"
15574004,Mancini,FRA,Female,27.0,6,117307.44,2,Yes,Yes,24020.49,0,"new row for relation ""bank_churn"" violates check constraint ""valid_countries""
DETAIL:  Failing row contains (15574004, Mancini, FRA, Female, 27, 6, 117307, 2, t, t, 24020, 0).
"
15587233,Donoghue,French,Male,41.0,8,73700.12,3,Yes,Yes,185750.02,1,"new row for relation ""bank_churn"" violates check constraint ""valid_countries""
DETAIL:  Failing row contains (15587233, Donoghue, French, Male, 41, 8, 73700, 3, t, t, 185750, 1).
"
15714466,Baxter,FRA,Female,41.0,5,0.0,3,No,No,3440.47,1,"new row for relation ""bank_churn"" violates check constraint ""valid_countries""
DETAIL:  Failing row contains (15714466, Baxter, FRA, Female, 41, 5, 0, 3, f, f, 3440, 1).
"
15696637,Sung,FRA,Female,23.0,10,151097.28,1,Yes,Yes,17163.75,0,"new row for relation ""bank_churn"" violates check constraint ""valid_countries""
DETAIL:  Failing row contains (15696637, Sung, FRA, Female, 23, 10, 151097, 1, t, t, 17164, 0).
"
15672756,Mills,FRA,Female,35.0,8,112808.18,1,Yes,Yes,17848.3,0,"new row for relation ""bank_churn"" violates check constraint ""valid_countries""
DETAIL:  Failing row contains (15672756, Mills, FRA, Female, 35, 8, 112808, 1, t, t, 17848, 0).
"
15704586,Osonduagwuike,FRA,Female,42.0,7,0.0,2,Yes,Yes,76209.56,0,"new row for relation ""bank_churn"" violates check constraint ""valid_countries""
DETAIL:  Failing row contains (15704586, Osonduagwuike, FRA, Female, 42, 7, 0, 2, t, t, 76210, 0).
"
15674526,Byrne,FRA,Male,66.0,4,86459.8,1,Yes,Yes,141476.56,0,"new row for relation ""bank_churn"" violates check constraint ""valid_countries""
DETAIL:  Failing row contains (15674526, Byrne, FRA, Male, 66, 4, 86460, 1, t, t, 141477, 0).
"
15727281,Macintyre,FRA,Female,27.0,9,0.0,2,No,No,96429.29,0,"new row for relation ""bank_churn"" violates check constraint ""valid_countries""
DETAIL:  Failing row contains (15727281, Macintyre, FRA, Female, 27, 9, 0, 2, f, f, 96429, 0).
"
15582180,Lees,FRA,Male,29.0,9,120268.13,1,Yes,Yes,173870.39,0,"new row for relation ""bank_churn"" violates check constraint ""valid_countries""
DETAIL:  Failing row contains (15582180, Lees, FRA, Male, 29, 9, 120268, 1, t, t, 173870, 0).
"
15628947,Praed,French,Female,38.0,3,0.0,2,No,No,78133.48,1,"new row for relation ""bank_churn"" violates check constraint ""valid_countries""
DETAIL:  Failing row contains (15628947, Praed, French, Female, 38, 3, 0, 2, f, f, 78133, 1).
"
15721487,Pirogova,FRA,Female,27.0,6,0.0,1,Yes,Yes,57572.38,0,"new row for relation ""bank_churn"" violates check constraint ""valid_countries""
DETAIL:  Failing row contains (15721487, Pirogova, FRA, Female, 27, 6, 0, 1, t, t, 57572, 0).
"
15612494,Panicucci,FRA,Female,44.0,6,128747.69,1,No,No,146955.71,1,"new row for relation ""bank_churn"" violates check constraint ""valid_countries""
DETAIL:  Failing row contains (15612494, Panicucci, FRA, Female, 44, 6, 128748, 1, f, f, 146956, 1).
"
15579062,Chu,FRA,Male,32.0,9,0.0,2,No,No,30807.02,0,"new row for relation ""bank_churn"" violates check constraint ""valid_countries""
DETAIL:  Failing row contains (15579062, Chu, FRA, Male, 32, 9, 0, 2, f, f, 30807, 0).
"
15814268,Franklin,FRA,Female,40.0,5,84350.07,1,No,No,143835.76,0,"new row for relation ""bank_churn"" violates check constraint ""valid_countries""
DETAIL:  Failing row contains (15814268, Franklin, FRA, Female, 40, 5, 84350, 1, f, f, 143836, 0).
"
15710164,P'eng,FRA,Female,73.0,7,0.0,2,No,No,130883.9,1,"new row for relation ""bank_churn"" violates check constraint ""valid_countries""
DETAIL:  Failing row contains (15710164, P'eng, FRA, Female, 73, 7, 0, 2, f, f, 130884, 1).
"
15705657,Hewitt,FRA,Female,44.0,2,114427.86,1,Yes,Yes,136330.26,0,"new row for relation ""bank_churn"" violates check constraint ""valid_countries""
DETAIL:  Failing row contains (15705657, Hewitt, FRA, Female, 44, 2, 114428, 1, t, t, 136330, 0).
"
15583668,Ludowici,French,Female,42.0,2,109471.79,1,Yes,Yes,175161.05,0,"new row for relation ""bank_churn"" violates check constraint ""valid_countries""
DETAIL:  Failing row contains (15583668, Ludowici, French, Female, 42, 2, 109472, 1, t, t, 175161, 0).
"
15710206,Larson,FRA,Female,39.0,4,150500.64,1,No,No,14928.8,0,"new row for relation ""bank_churn"" violates check constraint ""valid_countries""
DETAIL:  Failing row contains (15710206, Larson, FRA, Female, 39, 4, 150501, 1, f, f, 14929, 0).
"
15794560,Maclean,FRA,Male,57.0,5,0.0,1,Yes,Yes,133501.94,0,"new row for relation ""bank_churn"" violates check constraint ""valid_countries""
DETAIL:  Failing row contains (15794560, Maclean, FRA, Male, 57, 5, 0, 1, t, t, 133502, 0).
"
15626485,Lu,FRA,Female,26.0,8,78892.23,1,Yes,Yes,23703.52,0,"new row for relation ""bank_churn"" violates check constraint ""valid_countries""
DETAIL:  Failing row contains (15626485, Lu, FRA, Female, 26, 8, 78892, 1, t, t, 23704, 0).
"
15585282,Trevisano,French,Male,62.0,1,127706.33,2,Yes,Yes,142377.69,0,"new row for relation ""bank_churn"" violates check constraint ""valid_countries""
DETAIL:  Failing row contains (15585282, Trevisano, French, Male, 62, 1, 127706, 2, t, t, 142378, 0).
"
15714993,Longo,French,Female,41.0,9,124349.34,1,No,No,135635.25,0,"new row for relation ""bank_churn"" violates check constraint ""valid_countries""
DETAIL:  Failing row contains (15714993, Longo, French, Female, 41, 9, 124349, 1, f, f, 135635, 0).
"
15742632,Alexeyeva,FRA,Female,31.0,9,0.0,1,Yes,Yes,76254.83,0,"new row for relation ""bank_churn"" violates check constraint ""valid_countries""
DETAIL:  Failing row contains (15742632, Alexeyeva, FRA, Female, 31, 9, 0, 1, t, t, 76255, 0).
"
15796179,Moore,French,Male,43.0,8,0.0,1,No,No,96754.8,0,"new row for relation ""bank_churn"" violates check constraint ""valid_countries""
DETAIL:  Failing row contains (15796179, Moore, French, Male, 43, 8, 0, 1, f, f, 96755, 0).
"
15598751,Ingram,French,Female,43.0,6,0.0,3,No,No,125154.57,1,"new row for relation ""bank_churn"" violates check constraint ""valid_countries""
DETAIL:  Failing row contains (15598751, Ingram, French, Female, 43, 6, 0, 3, f, f, 125155, 1).
"
15703019,Okeke,FRA,Female,38.0,10,0.0,2,Yes,Yes,113597.64,0,"new row for relation ""bank_churn"" violates check constraint ""valid_countries""
DETAIL:  Failing row contains (15703019, Okeke, FRA, Female, 38, 10, 0, 2, t, t, 113598, 0).
"
15646302,Shao,FRA,Female,24.0,7,100169.51,1,No,No,121408.55,0,"new row for relation ""bank_churn"" violates check constraint ""valid_countries""
DETAIL:  Failing row contains (15646302, Shao, FRA, Female, 24, 7, 100170, 1, f, f, 121409, 0).
"
15684198,McDonald,FRA,Female,38.0,10,0.0,2,Yes,Yes,216.27,0,"new row for relation ""bank_churn"" violates check constraint ""valid_countries""
DETAIL:  Failing row contains (15684198, McDonald, FRA, Female, 38, 10, 0, 2, t, t, 216, 0).
"
15714227,Kelly,FRA,Female,53.0,7,0.0,1,Yes,Yes,136910.18,0,"new row for relation ""bank_churn"" violates check constraint ""valid_countries""
DETAIL:  Failing row contains (15714227, Kelly, FRA, Female, 53, 7, 0, 1, t, t, 136910, 0).
"
15678385,Lange,FRA,Male,25.0,2,78247.31,2,Yes,Yes,10472.31,0,"new row for relation ""bank_churn"" violates check constraint ""valid_countries""
DETAIL:  Failing row contains (15678385, Lange, FRA, Male, 25, 2, 78247, 2, t, t, 10472, 0).
"
15571778,Trentini,French,Female,55.0,10,117561.49,1,No,No,95941.55,1,"new row for relation ""bank_churn"" violates check constraint ""valid_countries""
DETAIL:  Failing row contains (15571778, Trentini, French, Female, 55, 10, 117561, 1, f, f, 95942, 1).
"
15657085,Gardiner,French,Male,23.0,10,88980.32,1,Yes,Yes,125222.36,0,"new row for relation ""bank_churn"" violates check constraint ""valid_countries""
DETAIL:  Failing row contains (15657085, Gardiner, French, Male, 23, 10, 88980, 1, t, t, 125222, 0).
"
15753566,Espinosa,French,Female,32.0,3,63763.49,1,No,No,156593.09,0,"new row for relation ""bank_churn"" violates check constraint ""valid_countries""
DETAIL:  Failing row contains (15753566, Espinosa, French, Female, 32, 3, 63763, 1, f, f, 156593, 0).
"
15814846,Ozerova,French,Male,52.0,3,0.0,1,No,No,175843.68,1,"new row for relation ""bank_churn"" violates check constraint ""valid_countries""
DETAIL:  Failing row contains (15814846, Ozerova, French, Male, 52, 3, 0, 1, f, f, 175844, 1).
"
15745080,Griffiths,FRA,Male,26.0,8,0.0,1,No,No,21760.96,0,"new row for relation ""bank_churn"" violates check constraint ""valid_countries""
DETAIL:  Failing row contains (15745080, Griffiths, FRA, Male, 26, 8, 0, 1, f, f, 21761, 0).
"
15703399,McNeil,French,Female,26.0,5,101641.14,2,Yes,Yes,154460.68,0,"new row for relation ""bank_churn"" violates check constraint ""valid_countries""
DETAIL:  Failing row contains (15703399, McNeil, French, Female, 26, 5, 101641, 2, t, t, 154461, 0).
"
15732175,Bruno,French,Male,37.0,2,0.0,1,Yes,Yes,8065.0,0,"new row for relation ""bank_churn"" violates check constraint ""valid_countries""
DETAIL:  Failing row contains (15732175, Bruno, French, Male, 37, 2, 0, 1, t, t, 8065, 0).
"
15630725,Johnson,French,Female,45.0,5,92786.66,1,No,No,173365.9,1,"new row for relation ""bank_churn"" violates check constraint ""valid_countries""
DETAIL:  Failing row contains (15630725, Johnson, French, Female, 45, 5, 92787, 1, f, f, 173366, 1).
"
15716822,Moen,FRA,Male,30.0,5,98014.74,1,Yes,Yes,12757.14,0,"new row for relation ""bank_churn"" violates check constraint ""valid_countries""
DETAIL:  Failing row contains (15716822, Moen, FRA, Male, 30, 5, 98015, 1, t, t, 12757, 0).
"
15790683,Matthews,French,Male,36.0,1,104077.19,2,Yes,Yes,68594.0,0,"new row for relation ""bank_churn"" violates check constraint ""valid_countries""
DETAIL:  Failing row contains (15790683, Matthews, French, Male, 36, 1, 104077, 2, t, t, 68594, 0).
"
15700212,Shih,FRA,Female,46.0,10,0.0,2,No,No,122953.0,1,"new row for relation ""bank_churn"" violates check constraint ""valid_countries""
DETAIL:  Failing row contains (15700212, Shih, FRA, Female, 46, 10, 0, 2, f, f, 122953, 1).
"
15808189,Woodard,French,Male,52.0,6,0.0,2,Yes,Yes,123622.0,0,"new row for relation ""bank_churn"" violates check constraint ""valid_countries""
DETAIL:  Failing row contains (15808189, Woodard, French, Male, 52, 6, 0, 2, t, t, 123622, 0).
"
15583595,Tao,French,Female,28.0,8,0.0,1,Yes,Yes,103349.74,0,"new row for relation ""bank_churn"" violates check constraint ""valid_countries""
DETAIL:  Failing row contains (15583595, Tao, French, Female, 28, 8, 0, 1, t, t, 103350, 0).
"
15590146,Mao,French,Male,50.0,1,81947.76,1,Yes,Yes,63606.22,1,"new row for relation ""bank_churn"" violates check constraint ""valid_countries""
DETAIL:  Failing row contains (15590146, Mao, French, Male, 50, 1, 81948, 1, t, t, 63606, 1).
"
15801548,Buckland,FRA,Female,31.0,7,144162.3,2,Yes,Yes,14490.79,0,"new row for relation ""bank_churn"" violates check constraint ""valid_countries""
DETAIL:  Failing row contains (15801548, Buckland, FRA, Female, 31, 7, 144162, 2, t, t, 14491, 0).
"
15762277,Jamieson,French,Male,47.0,5,158623.14,1,No,No,83499.89,1,"new row for relation ""bank_churn"" violates check constraint ""valid_countries""
DETAIL:  Failing row contains (15762277, Jamieson, French, Male, 47, 5, 158623, 1, f, f, 83500, 1).
"
15599956,Payne,French,Male,27.0,10,0.0,2,No,No,13007.89,0,"new row for relation ""bank_churn"" violates check constraint ""valid_countries""
DETAIL:  Failing row contains (15599956, Payne, French, Male, 27, 10, 0, 2, f, f, 13008, 0).
"
15638149,Rowley,FRA,Male,37.0,6,103772.45,1,No,No,197111.99,0,"new row for relation ""bank_churn"" violates check constraint ""valid_countries""
DETAIL:  Failing row contains (15638149, Rowley, FRA, Male, 37, 6, 103772, 1, f, f, 197112, 0).
"
15786199,Hsing,French,Male,33.0,2,133040.32,1,Yes,Yes,110299.78,0,"new row for relation ""bank_churn"" violates check constraint ""valid_countries""
DETAIL:  Failing row contains (15786199, Hsing, French, Male, 33, 2, 133040, 1, t, t, 110300, 0).
"
15586974,Pearce,FRA,Male,39.0,10,0.0,2,Yes,Yes,98894.64,0,"new row for relation ""bank_churn"" violates check constraint ""valid_countries""
DETAIL:  Failing row contains (15586974, Pearce, FRA, Male, 39, 10, 0, 2, t, t, 98895, 0).
"
15701333,Blackburn,French,Female,37.0,7,96558.66,1,No,No,163427.18,0,"new row for relation ""bank_churn"" violates check constraint ""valid_countries""
DETAIL:  Failing row contains (15701333, Blackburn, French, Female, 37, 7, 96559, 1, f, f, 163427, 0).
"
15812071,Endrizzi,French,Male,54.0,6,93806.31,2,Yes,Yes,140068.77,0,"new row for relation ""bank_churn"" violates check constraint ""valid_countries""
DETAIL:  Failing row contains (15812071, Endrizzi, French, Male, 54, 6, 93806, 2, t, t, 140069, 0).
"
15738267,Macarthur,FRA,Female,64.0,3,124043.8,1,Yes,Yes,111402.97,1,"new row for relation ""bank_churn"" violates check constraint ""valid_countries""
DETAIL:  Failing row contains (15738267, Macarthur, FRA, Female, 64, 3, 124044, 1, t, t, 111403, 1).
"
15720662,Sholes,French,Female,35.0,1,106266.8,1,Yes,Yes,16607.15,0,"new row for relation ""bank_churn"" violates check constraint ""valid_countries""
DETAIL:  Failing row contains (15720662, Sholes, French, Female, 35, 1, 106267, 1, t, t, 16607, 0).
"
15653595,Ts'ai,French,Male,51.0,6,0.0,2,Yes,Yes,194733.28,0,"new row for relation ""bank_churn"" violates check constraint ""valid_countries""
DETAIL:  Failing row contains (15653595, Ts'ai, French, Male, 51, 6, 0, 2, t, t, 194733, 0).
"
15640953,Bligh,FRA,Female,26.0,2,107508.93,2,Yes,Yes,120801.65,0,"new row for relation ""bank_churn"" violates check constraint ""valid_countries""
DETAIL:  Failing row contains (15640953, Bligh, FRA, Female, 26, 2, 107509, 2, t, t, 120802, 0).
"
15769818,Moore,French,Female,37.0,3,212778.2,1,Yes,Yes,69372.88,0,"new row for relation ""bank_churn"" violates check constraint ""valid_countries""
DETAIL:  Failing row contains (15769818, Moore, French, Female, 37, 3, 212778, 1, t, t, 69373, 0).
"
15794014,Schofield,FRA,Female,34.0,8,0.0,2,No,No,27472.07,0,"new row for relation ""bank_churn"" violates check constraint ""valid_countries""
DETAIL:  Failing row contains (15794014, Schofield, FRA, Female, 34, 8, 0, 2, f, f, 27472, 0).
"
15732448,Stewart,French,Female,28.0,8,0.0,1,Yes,Yes,36754.13,0,"new row for relation ""bank_churn"" violates check constraint ""valid_countries""
DETAIL:  Failing row contains (15732448, Stewart, French, Female, 28, 8, 0, 1, t, t, 36754, 0).
"
15797686,Howard,FRA,Male,38.0,8,113000.92,1,Yes,Yes,152872.39,0,"new row for relation ""bank_churn"" violates check constraint ""valid_countries""
DETAIL:  Failing row contains (15797686, Howard, FRA, Male, 38, 8, 113001, 1, t, t, 152872, 0).
"
15690678,Brooks,FRA,Female,33.0,4,129307.32,1,Yes,Yes,172930.28,0,"new row for relation ""bank_churn"" violates check constraint ""valid_countries""
DETAIL:  Failing row contains (15690678, Brooks, FRA, Female, 33, 4, 129307, 1, t, t, 172930, 0).
"
15584364,Trentini,FRA,Male,48.0,4,59486.31,1,No,No,163944.18,1,"new row for relation ""bank_churn"" violates check constraint ""valid_countries""
DETAIL:  Failing row contains (15584364, Trentini, FRA, Male, 48, 4, 59486, 1, f, f, 163944, 1).
"
15718779,Clark,FRA,Male,34.0,1,0.0,1,Yes,Yes,64804.04,0,"new row for relation ""bank_churn"" violates check constraint ""valid_countries""
DETAIL:  Failing row contains (15718779, Clark, FRA, Male, 34, 1, 0, 1, t, t, 64804, 0).
"
15568106,L?,FRA,Female,38.0,8,119278.01,2,Yes,Yes,19370.73,0,"new row for relation ""bank_churn"" violates check constraint ""valid_countries""
DETAIL:  Failing row contains (15568106, L?, FRA, Female, 38, 8, 119278, 2, t, t, 19371, 0).
"
15709994,Gallo,French,Female,40.0,7,140596.95,1,Yes,Yes,135459.02,1,"new row for relation ""bank_churn"" violates check constraint ""valid_countries""
DETAIL:  Failing row contains (15709994, Gallo, French, Female, 40, 7, 140597, 1, t, t, 135459, 1).
"
15618018,Dickson,French,Female,35.0,1,104783.81,2,Yes,Yes,178512.52,0,"new row for relation ""bank_churn"" violates check constraint ""valid_countries""
DETAIL:  Failing row contains (15618018, Dickson, French, Female, 35, 1, 104784, 2, t, t, 178513, 0).
"
15649523,Kennedy,French,Male,38.0,1,0.0,2,No,No,46176.22,0,"new row for relation ""bank_churn"" violates check constraint ""valid_countries""
DETAIL:  Failing row contains (15649523, Kennedy, French, Male, 38, 1, 0, 2, f, f, 46176, 0).
"
15683124,Evans,FRA,Male,53.0,6,115029.4,1,No,No,191521.32,1,"new row for relation ""bank_churn"" violates check constraint ""valid_countries""
DETAIL:  Failing row contains (15683124, Evans, FRA, Male, 53, 6, 115029, 1, f, f, 191521, 1).
"
15618314,Chu,FRA,Male,40.0,8,114005.78,1,Yes,Yes,67998.45,0,"new row for relation ""bank_churn"" violates check constraint ""valid_countries""
DETAIL:  Failing row contains (15618314, Chu, FRA, Male, 40, 8, 114006, 1, t, t, 67998, 0).
"
15615012,Fan,French,Male,23.0,5,156267.59,1,No,No,160968.44,0,"new row for relation ""bank_churn"" violates check constraint ""valid_countries""
DETAIL:  Failing row contains (15615012, Fan, French, Male, 23, 5, 156268, 1, f, f, 160968, 0).
"
15623560,Onyekachukwu,FRA,Female,35.0,6,102482.76,1,Yes,Yes,53994.64,0,"new row for relation ""bank_churn"" violates check constraint ""valid_countries""
DETAIL:  Failing row contains (15623560, Onyekachukwu, FRA, Female, 35, 6, 102483, 1, t, t, 53995, 0).
"
15636756,Marino,French,Male,23.0,2,0.0,2,No,No,189613.12,0,"new row for relation ""bank_churn"" violates check constraint ""valid_countries""
DETAIL:  Failing row contains (15636756, Marino, French, Male, 23, 2, 0, 2, f, f, 189613, 0).
"
15647474,Niu,French,Female,40.0,9,95624.36,2,Yes,Yes,60706.33,0,"new row for relation ""bank_churn"" violates check constraint ""valid_countries""
DETAIL:  Failing row contains (15647474, Niu, French, Female, 40, 9, 95624, 2, t, t, 60706, 0).
"
15585047,Onyemere,French,Male,28.0,7,160376.61,1,No,No,196853.11,0,"new row for relation ""bank_churn"" violates check constraint ""valid_countries""
DETAIL:  Failing row contains (15585047, Onyemere, French, Male, 28, 7, 160377, 1, f, f, 196853, 0).
"
15692002,Skelton,French,Male,33.0,6,93791.38,1,Yes,Yes,199249.29,0,"new row for relation ""bank_churn"" violates check constraint ""valid_countries""
DETAIL:  Failing row contains (15692002, Skelton, French, Male, 33, 6, 93791, 1, t, t, 199249, 0).
"
15789548,Giordano,FRA,Female,37.0,7,0.0,2,Yes,Yes,126726.33,0,"new row for relation ""bank_churn"" violates check constraint ""valid_countries""
DETAIL:  Failing row contains (15789548, Giordano, FRA, Female, 37, 7, 0, 2, t, t, 126726, 0).
"
15758035,Bateson,FRA,Male,61.0,7,155973.13,1,Yes,Yes,147554.26,0,"new row for relation ""bank_churn"" violates check constraint ""valid_countries""
DETAIL:  Failing row contains (15758035, Bateson, FRA, Male, 61, 7, 155973, 1, t, t, 147554, 0).
"
15719309,Stephens,FRA,Female,42.0,1,115961.58,2,Yes,Yes,29483.87,0,"new row for relation ""bank_churn"" violates check constraint ""valid_countries""
DETAIL:  Failing row contains (15719309, Stephens, FRA, Female, 42, 1, 115962, 2, t, t, 29484, 0).
"
15748718,Gordon,FRA,Male,28.0,2,115062.61,1,No,No,179056.23,0,"new row for relation ""bank_churn"" violates check constraint ""valid_countries""
DETAIL:  Failing row contains (15748718, Gordon, FRA, Male, 28, 2, 115063, 1, f, f, 179056, 0).
"
15751158,Mashman,FRA,Female,42.0,4,108825.34,3,No,No,55558.51,1,"new row for relation ""bank_churn"" violates check constraint ""valid_countries""
DETAIL:  Failing row contains (15751158, Mashman, FRA, Female, 42, 4, 108825, 3, f, f, 55559, 1).
"
15695129,Milanesi,French,Female,31.0,1,152663.77,1,Yes,Yes,17128.64,0,"new row for relation ""bank_churn"" violates check constraint ""valid_countries""
DETAIL:  Failing row contains (15695129, Milanesi, French, Female, 31, 1, 152664, 1, t, t, 17129, 0).
"
15750248,Wright,French,Female,35.0,8,132292.63,1,No,No,65682.93,0,"new row for relation ""bank_churn"" violates check constraint ""valid_countries""
DETAIL:  Failing row contains (15750248, Wright, French, Female, 35, 8, 132293, 1, f, f, 65683, 0).
"
15758726,Chiemeka,French,Female,24.0,0,0.0,2,Yes,Yes,140586.08,0,"new row for relation ""bank_churn"" violates check constraint ""valid_countries""
DETAIL:  Failing row contains (15758726, Chiemeka, French, Female, 24, 0, 0, 2, t, t, 140586, 0).
"
15649121,Pinto,French,Male,52.0,3,0.0,1,No,No,116137.01,1,"new row for relation ""bank_churn"" violates check constraint ""valid_countries""
DETAIL:  Failing row contains (15649121, Pinto, French, Male, 52, 3, 0, 1, f, f, 116137, 1).
"
15646037,Sopuluchi,FRA,Male,77.0,9,0.0,3,Yes,Yes,81514.06,0,"new row for relation ""bank_churn"" violates check constraint ""valid_countries""
DETAIL:  Failing row contains (15646037, Sopuluchi, FRA, Male, 77, 9, 0, 3, t, t, 81514, 0).
"
15662955,Nicholls,FRA,Male,27.0,8,141223.68,2,No,No,90591.15,0,"new row for relation ""bank_churn"" violates check constraint ""valid_countries""
DETAIL:  Failing row contains (15662955, Nicholls, FRA, Male, 27, 8, 141224, 2, f, f, 90591, 0).
"
15783955,Miah,French,Female,25.0,4,165686.11,2,No,No,15467.98,0,"new row for relation ""bank_churn"" violates check constraint ""valid_countries""
DETAIL:  Failing row contains (15783955, Miah, French, Female, 25, 4, 165686, 2, f, f, 15468, 0).
"
15804516,Builder,French,Male,38.0,2,0.0,1,No,No,79915.28,0,"new row for relation ""bank_churn"" violates check constraint ""valid_countries""
DETAIL:  Failing row contains (15804516, Builder, French, Male, 38, 2, 0, 1, f, f, 79915, 0).
"
15630321,Hu,FRA,Male,44.0,3,0.0,2,No,No,86935.08,0,"new row for relation ""bank_churn"" violates check constraint ""valid_countries""
DETAIL:  Failing row contains (15630321, Hu, FRA, Male, 44, 3, 0, 2, f, f, 86935, 0).
"
15588248,Hs?,FRA,Female,28.0,0,0.0,2,Yes,Yes,7597.83,1,"new row for relation ""bank_churn"" violates check constraint ""valid_countries""
DETAIL:  Failing row contains (15588248, Hs?, FRA, Female, 28, 0, 0, 2, t, t, 7598, 1).
"
15591932,Ford,FRA,Male,32.0,5,92961.61,1,No,No,116957.6,0,"new row for relation ""bank_churn"" violates check constraint ""valid_countries""
DETAIL:  Failing row contains (15591932, Ford, FRA, Male, 32, 5, 92962, 1, f, f, 116958, 0).
"
15745827,Padovesi,French,Male,30.0,3,132005.77,1,No,No,142940.39,0,"new row for relation ""bank_churn"" violates check constraint ""valid_countries""
DETAIL:  Failing row contains (15745827, Padovesi, French, Male, 30, 3, 132006, 1, f, f, 142940, 0).
"
15755868,Farmer,FRA,Male,35.0,7,0.0,1,No,No,48869.67,0,"new row for relation ""bank_churn"" violates check constraint ""valid_countries""
DETAIL:  Failing row contains (15755868, Farmer, FRA, Male, 35, 7, 0, 1, f, f, 48870, 0).
"
15604804,Lu,FRA,Female,33.0,7,127305.5,1,Yes,Yes,120037.36,0,"new row for relation ""bank_churn"" violates check constraint ""valid_countries""
DETAIL:  Failing row contains (15604804, Lu, FRA, Female, 33, 7, 127306, 1, t, t, 120037, 0).
"
15718944,Artemiev,FRA,Female,37.0,6,0.0,2,No,No,193995.37,0,"new row for relation ""bank_churn"" violates check constraint ""valid_countries""
DETAIL:  Failing row contains (15718944, Artemiev, FRA, Female, 37, 6, 0, 2, f, f, 193995, 0).
"
15701109,Andreyev,FRA,Female,37.0,7,0.0,1,Yes,Yes,185210.63,0,"new row for relation ""bank_churn"" violates check constraint ""valid_countries""
DETAIL:  Failing row contains (15701109, Andreyev, FRA, Female, 37, 7, 0, 1, t, t, 185211, 0).
"
15675501,Woods,French,Male,59.0,5,153861.1,1,Yes,Yes,17699.48,0,"new row for relation ""bank_churn"" violates check constraint ""valid_countries""
DETAIL:  Failing row contains (15675501, Woods, French, Male, 59, 5, 153861, 1, t, t, 17699, 0).
"
15654851,Obialo,FRA,Male,44.0,2,92911.52,1,Yes,Yes,85495.24,0,"new row for relation ""bank_churn"" violates check constraint ""valid_countries""
DETAIL:  Failing row contains (15654851, Obialo, FRA, Male, 44, 2, 92912, 1, t, t, 85495, 0).
"
15682356,Veltri,FRA,Female,37.0,7,111852.84,2,No,No,10511.13,0,"new row for relation ""bank_churn"" violates check constraint ""valid_countries""
DETAIL:  Failing row contains (15682356, Veltri, FRA, Female, 37, 7, 111853, 2, f, f, 10511, 0).
"
15791991,Udinesi,French,Male,52.0,4,0.0,1,Yes,Yes,144113.42,0,"new row for relation ""bank_churn"" violates check constraint ""valid_countries""
DETAIL:  Failing row contains (15791991, Udinesi, French, Male, 52, 4, 0, 1, t, t, 144113, 0).
"
15775082,Stewart,French,Male,42.0,1,129776.72,2,Yes,Yes,143538.51,0,"new row for relation ""bank_churn"" violates check constraint ""valid_countries""
DETAIL:  Failing row contains (15775082, Stewart, French, Male, 42, 1, 129777, 2, t, t, 143539, 0).
"
15579706,Curtis,French,Female,46.0,5,0.0,1,No,No,77677.14,1,"new row for relation ""bank_churn"" violates check constraint ""valid_countries""
DETAIL:  Failing row contains (15579706, Curtis, French, Female, 46, 5, 0, 1, f, f, 77677, 1).
"
15755722,H?,French,Male,24.0,10,0.0,1,No,No,92180.62,0,"new row for relation ""bank_churn"" violates check constraint ""valid_countries""
DETAIL:  Failing row contains (15755722, H?, French, Male, 24, 10, 0, 1, f, f, 92181, 0).
"
15582259,Campbell,FRA,Female,37.0,7,0.0,2,Yes,Yes,28690.9,0,"new row for relation ""bank_churn"" violates check constraint ""valid_countries""
DETAIL:  Failing row contains (15582259, Campbell, FRA, Female, 37, 7, 0, 2, t, t, 28691, 0).
"
15713854,Cremonesi,French,Female,37.0,6,0.0,2,No,No,110142.34,0,"new row for relation ""bank_churn"" violates check constraint ""valid_countries""
DETAIL:  Failing row contains (15713854, Cremonesi, French, Female, 37, 6, 0, 2, f, f, 110142, 0).
"
15569178,Kharlamov,FRA,Female,18.0,4,82767.42,1,No,No,71811.9,0,"new row for relation ""bank_churn"" violates check constraint ""valid_countries""
DETAIL:  Failing row contains (15569178, Kharlamov, FRA, Female, 18, 4, 82767, 1, f, f, 71812, 0).
"
15662758,Watson,French,Male,41.0,0,97925.11,1,No,No,85000.32,0,"new row for relation ""bank_churn"" violates check constraint ""valid_countries""
DETAIL:  Failing row contains (15662758, Watson, French, Male, 41, 0, 97925, 1, f, f, 85000, 0).
"
15744614,Feng,FRA,Male,37.0,9,118636.92,1,Yes,Yes,73551.44,0,"new row for relation ""bank_churn"" violates check constraint ""valid_countries""
DETAIL:  Failing row contains (15744614, Feng, FRA, Male, 37, 9, 118637, 1, t, t, 73551, 0).
"
15704250,Akabueze,French,Male,34.0,7,0.0,2,No,No,115842.1,0,"new row for relation ""bank_churn"" violates check constraint ""valid_countries""
DETAIL:  Failing row contains (15704250, Akabueze, French, Male, 34, 7, 0, 2, f, f, 115842, 0).
"
15669410,Yevdokimova,French,Male,30.0,8,110829.52,2,No,No,24938.84,0,"new row for relation ""bank_churn"" violates check constraint ""valid_countries""
DETAIL:  Failing row contains (15669410, Yevdokimova, French, Male, 30, 8, 110830, 2, f, f, 24939, 0).
"
15642833,Akubundu,FRA,Female,30.0,8,0.0,2,No,No,128875.86,0,"new row for relation ""bank_churn"" violates check constraint ""valid_countries""
DETAIL:  Failing row contains (15642833, Akubundu, FRA, Female, 30, 8, 0, 2, f, f, 128876, 0).
"
15605279,Francis,FRA,Male,50.0,9,0.0,4,Yes,Yes,194700.81,1,"new row for relation ""bank_churn"" violates check constraint ""valid_countries""
DETAIL:  Failing row contains (15605279, Francis, FRA, Male, 50, 9, 0, 4, t, t, 194701, 1).
"
15612771,Bell,French,Male,35.0,4,148172.44,1,Yes,Yes,4175.68,0,"new row for relation ""bank_churn"" violates check constraint ""valid_countries""
DETAIL:  Failing row contains (15612771, Bell, French, Male, 35, 4, 148172, 1, t, t, 4176, 0).
"
15732832,Jideofor,FRA,Female,40.0,5,0.0,2,No,No,41052.82,0,"new row for relation ""bank_churn"" violates check constraint ""valid_countries""
DETAIL:  Failing row contains (15732832, Jideofor, FRA, Female, 40, 5, 0, 2, f, f, 41053, 0).
"
15772892,Robertson,French,Female,49.0,2,0.0,1,No,No,105760.01,0,"new row for relation ""bank_churn"" violates check constraint ""valid_countries""
DETAIL:  Failing row contains (15772892, Robertson, French, Female, 49, 2, 0, 1, f, f, 105760, 0).
"
15592116,Jensen,French,Female,39.0,7,0.0,2,No,No,2401.26,0,"new row for relation ""bank_churn"" violates check constraint ""valid_countries""
DETAIL:  Failing row contains (15592116, Jensen, French, Female, 39, 7, 0, 2, f, f, 2401, 0).
"
15567422,Chiazagomekpele,FRA,Male,42.0,6,0.0,2,No,No,162697.93,0,"new row for relation ""bank_churn"" violates check constraint ""valid_countries""
DETAIL:  Failing row contains (15567422, Chiazagomekpele, FRA, Male, 42, 6, 0, 2, f, f, 162698, 0).
"
15643824,Johnston,French,Male,33.0,0,132255.99,2,Yes,Yes,74588.41,0,"new row for relation ""bank_churn"" violates check constraint ""valid_countries""
DETAIL:  Failing row contains (15643824, Johnston, French, Male, 33, 0, 132256, 2, t, t, 74588, 0).
"
15643438,P'eng,FRA,Male,20.0,7,0.0,2,No,No,31288.77,0,"new row for relation ""bank_churn"" violates check constraint ""valid_countries""
DETAIL:  Failing row contains (15643438, P'eng, FRA, Male, 20, 7, 0, 2, f, f, 31289, 0).
"
15727251,Vincent,French,Male,30.0,8,117494.27,1,No,No,61977.82,0,"new row for relation ""bank_churn"" violates check constraint ""valid_countries""
DETAIL:  Failing row contains (15727251, Vincent, French, Male, 30, 8, 117494, 1, f, f, 61978, 0).
"
15730639,Fiorentino,French,Male,23.0,7,139224.92,2,No,No,65057.71,0,"new row for relation ""bank_churn"" violates check constraint ""valid_countries""
DETAIL:  Failing row contains (15730639, Fiorentino, French, Male, 23, 7, 139225, 2, f, f, 65058, 0).
"
15742638,Wang,French,Female,25.0,4,0.0,2,Yes,Yes,42039.67,0,"new row for relation ""bank_churn"" violates check constraint ""valid_countries""
DETAIL:  Failing row contains (15742638, Wang, French, Female, 25, 4, 0, 2, t, t, 42040, 0).
"
15726088,Vinogradova,French,Male,40.0,6,0.0,1,Yes,Yes,22735.45,0,"new row for relation ""bank_churn"" violates check constraint ""valid_countries""
DETAIL:  Failing row contains (15726088, Vinogradova, French, Male, 40, 6, 0, 1, t, t, 22735, 0).
"
15682533,Hughes,French,Female,39.0,7,79259.99,1,Yes,Yes,186910.74,0,"new row for relation ""bank_churn"" violates check constraint ""valid_countries""
DETAIL:  Failing row contains (15682533, Hughes, French, Female, 39, 7, 79260, 1, t, t, 186911, 0).
"
15772995,Ts'ao,FRA,Male,30.0,2,116295.29,1,No,No,75285.47,0,"new row for relation ""bank_churn"" violates check constraint ""valid_countries""
DETAIL:  Failing row contains (15772995, Ts'ao, FRA, Male, 30, 2, 116295, 1, f, f, 75285, 0).
"
15703820,Endrizzi,FRA,Male,42.0,9,133701.07,2,No,No,101069.71,1,"new row for relation ""bank_churn"" violates check constraint ""valid_countries""
DETAIL:  Failing row contains (15703820, Endrizzi, FRA, Male, 42, 9, 133701, 2, f, f, 101070, 1).
"
15632256,Schroeder,French,Male,29.0,7,127504.57,1,No,No,86173.92,0,"new row for relation ""bank_churn"" violates check constraint ""valid_countries""
DETAIL:  Failing row contains (15632256, Schroeder, French, Male, 29, 7, 127505, 1, f, f, 86174, 0).
"
15757646,Olague,French,Male,35.0,9,0.0,2,No,No,192381.21,0,"new row for relation ""bank_churn"" violates check constraint ""valid_countries""
DETAIL:  Failing row contains (15757646, Olague, French, Male, 35, 9, 0, 2, f, f, 192381, 0).
"
15796313,Olsen,FRA,Female,36.0,4,166909.2,2,No,No,138871.12,1,"new row for relation ""bank_churn"" violates check constraint ""valid_countries""
DETAIL:  Failing row contains (15796313, Olsen, FRA, Female, 36, 4, 166909, 2, f, f, 138871, 1).
"
15815660,Mazzi,FRA,Female,34.0,1,154139.45,1,Yes,Yes,60728.89,0,"new row for relation ""bank_churn"" violates check constraint ""valid_countries""
DETAIL:  Failing row contains (15815660, Mazzi, FRA, Female, 34, 1, 154139, 1, t, t, 60729, 0).
"
15602844,Niu,French,Male,38.0,7,97459.06,1,No,No,189175.71,0,"new row for relation ""bank_churn"" violates check constraint ""valid_countries""
DETAIL:  Failing row contains (15602844, Niu, French, Male, 38, 7, 97459, 1, f, f, 189176, 0).
"
15636238,Graham,French,Male,40.0,1,0.0,2,Yes,Yes,102547.56,0,"new row for relation ""bank_churn"" violates check constraint ""valid_countries""
DETAIL:  Failing row contains (15636238, Graham, French, Male, 40, 1, 0, 2, t, t, 102548, 0).
"
15802256,Yao,FRA,Male,28.0,7,110976.23,2,No,No,138526.96,0,"new row for relation ""bank_churn"" violates check constraint ""valid_countries""
DETAIL:  Failing row contains (15802256, Yao, FRA, Male, 28, 7, 110976, 2, f, f, 138527, 0).
"
15725664,Wallace,FRA,Female,38.0,8,107283.4,1,No,No,157442.75,0,"new row for relation ""bank_churn"" violates check constraint ""valid_countries""
DETAIL:  Failing row contains (15725664, Wallace, FRA, Female, 38, 8, 107283, 1, f, f, 157443, 0).
"
15701946,Ndubueze,French,Male,34.0,4,124314.45,1,No,No,97782.92,0,"new row for relation ""bank_churn"" violates check constraint ""valid_countries""
DETAIL:  Failing row contains (15701946, Ndubueze, French, Male, 34, 4, 124314, 1, f, f, 97783, 0).
"
15748947,Chukwuraenye,French,Female,41.0,5,95858.37,1,Yes,Yes,68255.88,0,"new row for relation ""bank_churn"" violates check constraint ""valid_countries""
DETAIL:  Failing row contains (15748947, Chukwuraenye, French, Female, 41, 5, 95858, 1, t, t, 68256, 0).
"
15601008,Stevenson,FRA,Male,33.0,8,0.0,2,No,No,143706.18,0,"new row for relation ""bank_churn"" violates check constraint ""valid_countries""
DETAIL:  Failing row contains (15601008, Stevenson, FRA, Male, 33, 8, 0, 2, f, f, 143706, 0).
"
15642002,Hayward,FRA,Female,35.0,6,117707.18,2,No,No,95277.15,1,"new row for relation ""bank_churn"" violates check constraint ""valid_countries""
DETAIL:  Failing row contains (15642002, Hayward, FRA, Female, 35, 6, 117707, 2, f, f, 95277, 1).
"
15753549,Dubinina,French,Male,25.0,1,157848.53,1,No,No,37543.93,1,"new row for relation ""bank_churn"" violates check constraint ""valid_countries""
DETAIL:  Failing row contains (15753549, Dubinina, French, Male, 25, 1, 157849, 1, f, f, 37544, 1).
"
15725355,Morey,FRA,Female,43.0,8,0.0,1,Yes,Yes,104889.3,0,"new row for relation ""bank_churn"" violates check constraint ""valid_countries""
DETAIL:  Failing row contains (15725355, Morey, FRA, Female, 43, 8, 0, 1, t, t, 104889, 0).
"
15606841,Ibbott,FRA,Male,38.0,1,0.0,2,No,No,156603.7,0,"new row for relation ""bank_churn"" violates check constraint ""valid_countries""
DETAIL:  Failing row contains (15606841, Ibbott, FRA, Male, 38, 1, 0, 2, f, f, 156604, 0).
"
15677173,Law,French,Male,37.0,9,124969.13,1,No,No,60194.05,0,"new row for relation ""bank_churn"" violates check constraint ""valid_countries""
DETAIL:  Failing row contains (15677173, Law, French, Male, 37, 9, 124969, 1, f, f, 60194, 0).
"
15610446,Chinedum,FRA,Female,51.0,4,88308.87,3,No,No,5862.53,1,"new row for relation ""bank_churn"" violates check constraint ""valid_countries""
DETAIL:  Failing row contains (15610446, Chinedum, FRA, Female, 51, 4, 88309, 3, f, f, 5863, 1).
"
15707078,Kruglov,FRA,Female,26.0,1,180530.51,1,No,No,123454.62,0,"new row for relation ""bank_churn"" violates check constraint ""valid_countries""
DETAIL:  Failing row contains (15707078, Kruglov, FRA, Female, 26, 1, 180531, 1, f, f, 123455, 0).
"
15605263,Chin,FRA,Male,33.0,5,140931.57,1,Yes,Yes,10921.5,0,"new row for relation ""bank_churn"" violates check constraint ""valid_countries""
DETAIL:  Failing row contains (15605263, Chin, FRA, Male, 33, 5, 140932, 1, t, t, 10922, 0).
"
15683471,Hansen,FRA,Male,38.0,7,0.0,2,No,No,81617.4,0,"new row for relation ""bank_churn"" violates check constraint ""valid_countries""
DETAIL:  Failing row contains (15683471, Hansen, FRA, Male, 38, 7, 0, 2, f, f, 81617, 0).
"
15605037,Ting,FRA,Female,49.0,2,0.0,1,Yes,Yes,192298.84,1,"new row for relation ""bank_churn"" violates check constraint ""valid_countries""
DETAIL:  Failing row contains (15605037, Ting, FRA, Female, 49, 2, 0, 1, t, t, 192299, 1).
"
15770435,McLean,French,Female,50.0,6,115335.32,2,Yes,Yes,53130.41,0,"new row for relation ""bank_churn"" violates check constraint ""valid_countries""
DETAIL:  Failing row contains (15770435, McLean, French, Female, 50, 6, 115335, 2, t, t, 53130, 0).
"
15592994,Zikoranachidimma,French,Female,65.0,0,0.0,2,Yes,Yes,190454.04,0,"new row for relation ""bank_churn"" violates check constraint ""valid_countries""
DETAIL:  Failing row contains (15592994, Zikoranachidimma, French, Female, 65, 0, 0, 2, t, t, 190454, 0).
"
15752816,Murray,French,Male,29.0,3,114590.58,1,No,No,75585.48,0,"new row for relation ""bank_churn"" violates check constraint ""valid_countries""
DETAIL:  Failing row contains (15752816, Murray, French, Male, 29, 3, 114591, 1, f, f, 75585, 0).
"
15770498,Parker,French,Female,37.0,4,111723.08,1,Yes,Yes,83478.12,0,"new row for relation ""bank_churn"" violates check constraint ""valid_countries""
DETAIL:  Failing row contains (15770498, Parker, French, Female, 37, 4, 111723, 1, t, t, 83478, 0).
"
15572467,Chandler,FRA,Male,37.0,5,0.0,2,Yes,Yes,127543.81,0,"new row for relation ""bank_churn"" violates check constraint ""valid_countries""
DETAIL:  Failing row contains (15572467, Chandler, FRA, Male, 37, 5, 0, 2, t, t, 127544, 0).
"
15738219,Nash,FRA,Female,36.0,7,0.0,2,Yes,Yes,52526.65,0,"new row for relation ""bank_churn"" violates check constraint ""valid_countries""
DETAIL:  Failing row contains (15738219, Nash, FRA, Female, 36, 7, 0, 2, t, t, 52527, 0).
"
15600710,Atkinson,FRA,Male,22.0,0,0.0,1,No,No,32589.45,0,"new row for relation ""bank_churn"" violates check constraint ""valid_countries""
DETAIL:  Failing row contains (15600710, Atkinson, FRA, Male, 22, 0, 0, 1, f, f, 32589, 0).
"
15619343,Mahmood,French,Male,56.0,7,152759.0,2,No,No,133167.11,1,"new row for relation ""bank_churn"" violates check constraint ""valid_countries""
DETAIL:  Failing row contains (15619343, Mahmood, French, Male, 56, 7, 152759, 2, f, f, 133167, 1).
"
15761374,Bellucci,French,Male,54.0,9,117444.51,1,Yes,Yes,186238.85,0,"new row for relation ""bank_churn"" violates check constraint ""valid_countries""
DETAIL:  Failing row contains (15761374, Bellucci, French, Male, 54, 9, 117445, 1, t, t, 186239, 0).
"
15788539,Foxall,French,Female,34.0,3,107747.57,1,No,No,9249.36,0,"new row for relation ""bank_churn"" violates check constraint ""valid_countries""
DETAIL:  Failing row contains (15788539, Foxall, French, Female, 34, 3, 107748, 1, f, f, 9249, 0).
"
15769346,Baird,French,Female,36.0,1,134997.49,2,No,No,44688.08,0,"new row for relation ""bank_churn"" violates check constraint ""valid_countries""
DETAIL:  Failing row contains (15769346, Baird, French, Female, 36, 1, 134997, 2, f, f, 44688, 0).
"
15699634,Howard,French,Female,48.0,2,0.0,2,Yes,Yes,148608.39,0,"new row for relation ""bank_churn"" violates check constraint ""valid_countries""
DETAIL:  Failing row contains (15699634, Howard, French, Female, 48, 2, 0, 2, t, t, 148608, 0).
"
15589076,Henry,French,Male,36.0,9,0.0,1,Yes,Yes,188670.9,1,"new row for relation ""bank_churn"" violates check constraint ""valid_countries""
DETAIL:  Failing row contains (15589076, Henry, French, Male, 36, 9, 0, 1, t, t, 188671, 1).
"
15633640,Loewenthal,French,Female,52.0,4,161209.66,1,Yes,Yes,89081.41,0,"new row for relation ""bank_churn"" violates check constraint ""valid_countries""
DETAIL:  Failing row contains (15633640, Loewenthal, French, Female, 52, 4, 161210, 1, t, t, 89081, 0).
"
15633574,Montes,French,Female,41.0,4,167545.32,1,No,No,128246.81,0,"new row for relation ""bank_churn"" violates check constraint ""valid_countries""
DETAIL:  Failing row contains (15633574, Montes, French, Female, 41, 4, 167545, 1, f, f, 128247, 0).
"
15570601,Cheng,FRA,Female,47.0,9,122031.55,1,Yes,Yes,33823.5,1,"new row for relation ""bank_churn"" violates check constraint ""valid_countries""
DETAIL:  Failing row contains (15570601, Cheng, FRA, Female, 47, 9, 122032, 1, t, t, 33824, 1).
"
15709338,T'ao,French,Female,29.0,1,118560.55,1,Yes,Yes,164137.36,0,"new row for relation ""bank_churn"" violates check constraint ""valid_countries""
DETAIL:  Failing row contains (15709338, T'ao, French, Female, 29, 1, 118561, 1, t, t, 164137, 0).
"
15780746,Tyndall,FRA,Male,61.0,4,0.0,2,Yes,Yes,191313.7,0,"new row for relation ""bank_churn"" violates check constraint ""valid_countries""
DETAIL:  Failing row contains (15780746, Tyndall, FRA, Male, 61, 4, 0, 2, t, t, 191314, 0).
"
15681956,Bailey,French,Male,34.0,9,0.0,2,Yes,Yes,65257.57,0,"new row for relation ""bank_churn"" violates check constraint ""valid_countries""
DETAIL:  Failing row contains (15681956, Bailey, French, Male, 34, 9, 0, 2, t, t, 65258, 0).
"
15740164,Genovesi,French,Female,33.0,3,85227.84,1,Yes,Yes,68087.15,0,"new row for relation ""bank_churn"" violates check constraint ""valid_countries""
DETAIL:  Failing row contains (15740164, Genovesi, French, Female, 33, 3, 85228, 1, t, t, 68087, 0).
"
15574947,Cartwright,French,Male,36.0,8,97786.08,2,Yes,Yes,21478.36,0,"new row for relation ""bank_churn"" violates check constraint ""valid_countries""
DETAIL:  Failing row contains (15574947, Cartwright, French, Male, 36, 8, 97786, 2, t, t, 21478, 0).
"
15768095,Yeh,FRA,Male,31.0,9,0.0,1,Yes,Yes,139048.0,0,"new row for relation ""bank_churn"" violates check constraint ""valid_countries""
DETAIL:  Failing row contains (15768095, Yeh, FRA, Male, 31, 9, 0, 1, t, t, 139048, 0).
"
15713479,Ozuluonye,French,Male,35.0,6,0.0,2,No,No,1485.27,0,"new row for relation ""bank_churn"" violates check constraint ""valid_countries""
DETAIL:  Failing row contains (15713479, Ozuluonye, French, Male, 35, 6, 0, 2, f, f, 1485, 0).
"
15663921,Pisani,FRA,Male,60.0,7,0.0,2,Yes,Yes,163691.48,0,"new row for relation ""bank_churn"" violates check constraint ""valid_countries""
DETAIL:  Failing row contains (15663921, Pisani, FRA, Male, 60, 7, 0, 2, t, t, 163691, 0).
"
15802486,Hayes,FRA,Male,34.0,3,0.0,2,Yes,Yes,125979.36,0,"new row for relation ""bank_churn"" violates check constraint ""valid_countries""
DETAIL:  Failing row contains (15802486, Hayes, FRA, Male, 34, 3, 0, 2, t, t, 125979, 0).
"
15649418,Krylov,French,Female,29.0,7,178171.04,2,Yes,Yes,115818.51,0,"new row for relation ""bank_churn"" violates check constraint ""valid_countries""
DETAIL:  Failing row contains (15649418, Krylov, French, Female, 29, 7, 178171, 2, t, t, 115819, 0).
"
15608387,Fu,FRA,Female,29.0,4,0.0,2,No,No,103372.79,0,"new row for relation ""bank_churn"" violates check constraint ""valid_countries""
DETAIL:  Failing row contains (15608387, Fu, FRA, Female, 29, 4, 0, 2, f, f, 103373, 0).
"
15590606,Saunders,French,Male,41.0,9,0.0,2,No,No,5967.09,0,"new row for relation ""bank_churn"" violates check constraint ""valid_countries""
DETAIL:  Failing row contains (15590606, Saunders, French, Male, 41, 9, 0, 2, f, f, 5967, 0).
"
15744105,Kodilinyechukwu,French,Female,28.0,3,109118.05,2,Yes,Yes,50911.41,0,"new row for relation ""bank_churn"" violates check constraint ""valid_countries""
DETAIL:  Failing row contains (15744105, Kodilinyechukwu, French, Female, 28, 3, 109118, 2, t, t, 50911, 0).
"
15739858,Otitodilichukwu,FRA,Male,56.0,7,0.0,1,Yes,Yes,142400.27,1,"new row for relation ""bank_churn"" violates check constraint ""valid_countries""
DETAIL:  Failing row contains (15739858, Otitodilichukwu, FRA, Male, 56, 7, 0, 1, t, t, 142400, 1).
"
15723720,McKenzie,FRA,Female,31.0,7,0.0,2,Yes,Yes,48778.46,0,"new row for relation ""bank_churn"" violates check constraint ""valid_countries""
DETAIL:  Failing row contains (15723720, McKenzie, FRA, Female, 31, 7, 0, 2, t, t, 48778, 0).
"
15638355,Woods,French,Female,35.0,5,126397.66,1,No,No,156361.58,1,"new row for relation ""bank_churn"" violates check constraint ""valid_countries""
DETAIL:  Failing row contains (15638355, Woods, French, Female, 35, 5, 126398, 1, f, f, 156362, 1).
"
15629575,Wheare,French,Male,36.0,2,148061.89,1,No,No,179128.69,1,"new row for relation ""bank_churn"" violates check constraint ""valid_countries""
DETAIL:  Failing row contains (15629575, Wheare, French, Male, 36, 2, 148062, 1, f, f, 179129, 1).
"
15757931,Fang,French,Male,24.0,3,0.0,2,No,No,173195.33,0,"new row for relation ""bank_churn"" violates check constraint ""valid_countries""
DETAIL:  Failing row contains (15757931, Fang, French, Male, 24, 3, 0, 2, f, f, 173195, 0).
"
15652693,Greco,French,Female,26.0,4,129109.02,1,No,No,149814.68,1,"new row for relation ""bank_churn"" violates check constraint ""valid_countries""
DETAIL:  Failing row contains (15652693, Greco, French, Female, 26, 4, 129109, 1, f, f, 149815, 1).
"
15594902,Lombardi,French,Male,38.0,3,90957.81,1,Yes,Yes,162304.59,0,"new row for relation ""bank_churn"" violates check constraint ""valid_countries""
DETAIL:  Failing row contains (15594902, Lombardi, French, Male, 38, 3, 90958, 1, t, t, 162305, 0).
"
15651713,King,French,Male,45.0,6,148071.39,1,No,No,183575.01,0,"new row for relation ""bank_churn"" violates check constraint ""valid_countries""
DETAIL:  Failing row contains (15651713, King, French, Male, 45, 6, 148071, 1, f, f, 183575, 0).
"
15607347,Olisaemeka,French,Male,22.0,5,130056.23,1,No,No,121894.31,1,"new row for relation ""bank_churn"" violates check constraint ""valid_countries""
DETAIL:  Failing row contains (15607347, Olisaemeka, French, Male, 22, 5, 130056, 1, f, f, 121894, 1).
"
15657812,Ch'iu,French,Male,52.0,1,0.0,2,Yes,Yes,172033.57,0,"new row for relation ""bank_churn"" violates check constraint ""valid_countries""
DETAIL:  Failing row contains (15657812, Ch'iu, French, Male, 52, 1, 0, 2, t, t, 172034, 0).
"
15681562,Trevisan,French,Female,43.0,2,112773.73,2,Yes,Yes,139366.58,0,"new row for relation ""bank_churn"" violates check constraint ""valid_countries""
DETAIL:  Failing row contains (15681562, Trevisan, French, Female, 43, 2, 112774, 2, t, t, 139367, 0).
"
15615456,Aleksandrova,FRA,Female,37.0,10,123806.28,1,No,No,81776.84,1,"new row for relation ""bank_churn"" violates check constraint ""valid_countries""
DETAIL:  Failing row contains (15615456, Aleksandrova, FRA, Female, 37, 10, 123806, 1, f, f, 81777, 1).
"
15589793,Onwuamaeze,French,Male,53.0,8,144453.75,1,No,No,190998.96,1,"new row for relation ""bank_churn"" violates check constraint ""valid_countries""
DETAIL:  Failing row contains (15589793, Onwuamaeze, French, Male, 53, 8, 144454, 1, f, f, 190999, 1).
"
15605286,Moyes,French,Male,55.0,4,118803.35,2,Yes,Yes,128124.7,1,"new row for relation ""bank_churn"" violates check constraint ""valid_countries""
DETAIL:  Failing row contains (15605286, Moyes, French, Male, 55, 4, 118803, 2, t, t, 128125, 1).
"
15737506,Tretiakova,French,Male,42.0,6,0.0,1,No,No,149807.01,0,"new row for relation ""bank_churn"" violates check constraint ""valid_countries""
DETAIL:  Failing row contains (15737506, Tretiakova, French, Male, 42, 6, 0, 1, f, f, 149807, 0).
"
15780514,Fuller,French,Male,33.0,8,136678.52,1,No,No,54290.62,0,"new row for relation ""bank_churn"" violates check constraint ""valid_countries""
DETAIL:  Failing row contains (15780514, Fuller, French, Male, 33, 8, 136679, 1, f, f, 54291, 0).
"
15738318,Kung,French,Female,40.0,5,97764.41,1,No,No,98640.15,1,"new row for relation ""bank_churn"" violates check constraint ""valid_countries""
DETAIL:  Failing row contains (15738318, Kung, French, Female, 40, 5, 97764, 1, f, f, 98640, 1).
"
15772243,MacDonald,FRA,Female,33.0,9,0.0,1,No,No,142797.5,1,"new row for relation ""bank_churn"" violates check constraint ""valid_countries""
DETAIL:  Failing row contains (15772243, MacDonald, FRA, Female, 33, 9, 0, 1, f, f, 142798, 1).
"
15671930,H?,French,Female,36.0,5,0.0,2,Yes,Yes,145551.6,0,"new row for relation ""bank_churn"" violates check constraint ""valid_countries""
DETAIL:  Failing row contains (15671930, H?, French, Female, 36, 5, 0, 2, t, t, 145552, 0).
"
15635728,P'an,FRA,Male,41.0,4,0.0,2,No,No,156381.47,0,"new row for relation ""bank_churn"" violates check constraint ""valid_countries""
DETAIL:  Failing row contains (15635728, P'an, FRA, Male, 41, 4, 0, 2, f, f, 156381, 0).
"
15679283,Parkhill,FRA,Female,33.0,4,129731.64,2,No,No,178123.86,0,"new row for relation ""bank_churn"" violates check constraint ""valid_countries""
DETAIL:  Failing row contains (15679283, Parkhill, FRA, Female, 33, 4, 129732, 2, f, f, 178124, 0).
"
15591386,Golubova,French,Female,35.0,5,0.0,2,No,No,51112.8,0,"new row for relation ""bank_churn"" violates check constraint ""valid_countries""
DETAIL:  Failing row contains (15591386, Golubova, French, Female, 35, 5, 0, 2, f, f, 51113, 0).
"
15635597,Echezonachukwu,FRA,Male,33.0,8,0.0,2,Yes,Yes,155294.17,0,"new row for relation ""bank_churn"" violates check constraint ""valid_countries""
DETAIL:  Failing row contains (15635597, Echezonachukwu, FRA, Male, 33, 8, 0, 2, t, t, 155294, 0).
"
15758606,Yamamoto,FRA,Male,54.0,4,0.0,1,Yes,Yes,55725.04,1,"new row for relation ""bank_churn"" violates check constraint ""valid_countries""
DETAIL:  Failing row contains (15758606, Yamamoto, FRA, Male, 54, 4, 0, 1, t, t, 55725, 1).
"
15748381,Gorbunov,FRA,Female,29.0,6,185709.28,2,Yes,Yes,77242.19,0,"new row for relation ""bank_churn"" violates check constraint ""valid_countries""
DETAIL:  Failing row contains (15748381, Gorbunov, FRA, Female, 29, 6, 185709, 2, t, t, 77242, 0).
"
15666055,Rowe,French,Female,49.0,7,0.0,1,No,No,63405.2,1,"new row for relation ""bank_churn"" violates check constraint ""valid_countries""
DETAIL:  Failing row contains (15666055, Rowe, French, Female, 49, 7, 0, 1, f, f, 63405, 1).
"
15755678,Kovalyov,French,Male,62.0,2,0.0,2,No,No,42763.12,1,"new row for relation ""bank_churn"" violates check constraint ""valid_countries""
DETAIL:  Failing row contains (15755678, Kovalyov, French, Male, 62, 2, 0, 2, f, f, 42763, 1).
"
15779497,Ts'ai,FRA,Male,43.0,5,127823.93,1,Yes,Yes,19483.35,0,"new row for relation ""bank_churn"" violates check constraint ""valid_countries""
DETAIL:  Failing row contains (15779497, Ts'ai, FRA, Male, 43, 5, 127824, 1, t, t, 19483, 0).
"
15613656,Lombardi,French,Male,58.0,1,63492.94,1,Yes,Yes,83172.19,0,"new row for relation ""bank_churn"" violates check constraint ""valid_countries""
DETAIL:  Failing row contains (15613656, Lombardi, French, Male, 58, 1, 63493, 1, t, t, 83172, 0).
"
15657214,Hsia,FRA,Male,74.0,2,0.0,2,Yes,Yes,51554.58,0,"new row for relation ""bank_churn"" violates check constraint ""valid_countries""
DETAIL:  Failing row contains (15657214, Hsia, FRA, Male, 74, 2, 0, 2, t, t, 51555, 0).
"
15799350,Mao,FRA,Male,41.0,0,106134.46,1,Yes,Yes,105570.39,0,"new row for relation ""bank_churn"" violates check constraint ""valid_countries""
DETAIL:  Failing row contains (15799350, Mao, FRA, Male, 41, 0, 106134, 1, t, t, 105570, 0).
"
15780124,Blair,French,Male,74.0,9,108131.53,1,Yes,Yes,60830.38,0,"new row for relation ""bank_churn"" violates check constraint ""valid_countries""
DETAIL:  Failing row contains (15780124, Blair, French, Male, 74, 9, 108132, 1, t, t, 60830, 0).
"
15633612,Yuryeva,French,Male,28.0,4,172646.82,1,Yes,Yes,116471.43,0,"new row for relation ""bank_churn"" violates check constraint ""valid_countries""
DETAIL:  Failing row contains (15633612, Yuryeva, French, Male, 28, 4, 172647, 1, t, t, 116471, 0).
"
15756668,Ross,FRA,Male,30.0,3,98415.37,1,Yes,Yes,110520.48,0,"new row for relation ""bank_churn"" violates check constraint ""valid_countries""
DETAIL:  Failing row contains (15756668, Ross, FRA, Male, 30, 3, 98415, 1, t, t, 110520, 0).
"
15752953,Chien,FRA,Male,45.0,9,0.0,2,No,No,17622.82,0,"new row for relation ""bank_churn"" violates check constraint ""valid_countries""
DETAIL:  Failing row contains (15752953, Chien, FRA, Male, 45, 9, 0, 2, f, f, 17623, 0).
"
15635939,Fenton,FRA,Female,39.0,9,0.0,2,No,No,116343.09,0,"new row for relation ""bank_churn"" violates check constraint ""valid_countries""
DETAIL:  Failing row contains (15635939, Fenton, FRA, Female, 39, 9, 0, 2, f, f, 116343, 0).
"
15666043,Mackey,FRA,Male,33.0,4,156297.58,2,Yes,Yes,166102.61,0,"new row for relation ""bank_churn"" violates check constraint ""valid_countries""
DETAIL:  Failing row contains (15666043, Mackey, FRA, Male, 33, 4, 156298, 2, t, t, 166103, 0).
"
15799825,Bentley,French,Female,44.0,8,0.0,2,Yes,Yes,27431.62,0,"new row for relation ""bank_churn"" violates check constraint ""valid_countries""
DETAIL:  Failing row contains (15799825, Bentley, French, Female, 44, 8, 0, 2, t, t, 27432, 0).
"
15710743,Onwuamaeze,FRA,Male,47.0,0,0.0,1,Yes,Yes,133831.37,1,"new row for relation ""bank_churn"" violates check constraint ""valid_countries""
DETAIL:  Failing row contains (15710743, Onwuamaeze, FRA, Male, 47, 0, 0, 1, t, t, 133831, 1).
"
15626684,Huang,French,Female,38.0,5,167539.97,1,Yes,Yes,159207.34,0,"new row for relation ""bank_churn"" violates check constraint ""valid_countries""
DETAIL:  Failing row contains (15626684, Huang, French, Female, 38, 5, 167540, 1, t, t, 159207, 0).
"
15709846,Yeh,French,Female,39.0,1,94968.97,1,No,No,84487.62,0,"new row for relation ""bank_churn"" violates check constraint ""valid_countries""
DETAIL:  Failing row contains (15709846, Yeh, French, Female, 39, 1, 94969, 1, f, f, 84488, 0).
"
15642544,Henderson,FRA,Male,34.0,5,0.0,2,Yes,Yes,12092.03,0,"new row for relation ""bank_churn"" violates check constraint ""valid_countries""
DETAIL:  Failing row contains (15642544, Henderson, FRA, Male, 34, 5, 0, 2, t, t, 12092, 0).
"
15566494,Fang,French,Male,45.0,2,0.0,2,No,No,77475.73,0,"new row for relation ""bank_churn"" violates check constraint ""valid_countries""
DETAIL:  Failing row contains (15566494, Fang, French, Male, 45, 2, 0, 2, f, f, 77476, 0).
"
15655238,Dellucci,French,Female,31.0,9,0.0,2,No,No,41291.73,0,"new row for relation ""bank_churn"" violates check constraint ""valid_countries""
DETAIL:  Failing row contains (15655238, Dellucci, French, Female, 31, 9, 0, 2, f, f, 41292, 0).
"
15814536,Conti,French,Male,37.0,2,112541.54,2,No,No,47432.43,0,"new row for relation ""bank_churn"" violates check constraint ""valid_countries""
DETAIL:  Failing row contains (15814536, Conti, French, Male, 37, 2, 112542, 2, f, f, 47432, 0).
"
15723008,Lo Duca,FRA,Female,45.0,1,102882.4,2,Yes,Yes,35633.15,1,"new row for relation ""bank_churn"" violates check constraint ""valid_countries""
DETAIL:  Failing row contains (15723008, Lo Duca, FRA, Female, 45, 1, 102882, 2, t, t, 35633, 1).
"
15797160,Glover,French,Female,49.0,8,0.0,1,Yes,Yes,182865.09,1,"new row for relation ""bank_churn"" violates check constraint ""valid_countries""
DETAIL:  Failing row contains (15797160, Glover, French, Female, 49, 8, 0, 1, t, t, 182865, 1).
"
15610686,Melton,French,Male,63.0,8,169832.57,1,No,No,184107.26,1,"new row for relation ""bank_churn"" violates check constraint ""valid_countries""
DETAIL:  Failing row contains (15610686, Melton, French, Male, 63, 8, 169833, 1, f, f, 184107, 1).
"
15679550,Chukwualuka,French,Male,32.0,9,0.0,2,No,No,175252.78,0,"new row for relation ""bank_churn"" violates check constraint ""valid_countries""
DETAIL:  Failing row contains (15679550, Chukwualuka, French, Male, 32, 9, 0, 2, f, f, 175253, 0).
"
15787655,Chu,FRA,Male,47.0,3,0.0,2,No,No,174303.29,0,"new row for relation ""bank_churn"" violates check constraint ""valid_countries""
DETAIL:  Failing row contains (15787655, Chu, FRA, Male, 47, 3, 0, 2, f, f, 174303, 0).
"
15569503,Yeh,FRA,Male,44.0,6,0.0,2,Yes,Yes,159899.97,0,"new row for relation ""bank_churn"" violates check constraint ""valid_countries""
DETAIL:  Failing row contains (15569503, Yeh, FRA, Male, 44, 6, 0, 2, t, t, 159900, 0).
"
15581840,DeRose,French,Male,33.0,8,0.0,2,No,No,138504.28,0,"new row for relation ""bank_churn"" violates check constraint ""valid_countries""
DETAIL:  Failing row contains (15581840, DeRose, French, Male, 33, 8, 0, 2, f, f, 138504, 0).
"
15767794,Browne,French,Male,31.0,9,120718.28,1,Yes,Yes,58961.49,0,"new row for relation ""bank_churn"" violates check constraint ""valid_countries""
DETAIL:  Failing row contains (15767794, Browne, French, Male, 31, 9, 120718, 1, t, t, 58961, 0).
"
15750684,Jibunoh,FRA,Female,42.0,4,0.0,1,No,No,28465.86,1,"new row for relation ""bank_churn"" violates check constraint ""valid_countries""
DETAIL:  Failing row contains (15750684, Jibunoh, FRA, Female, 42, 4, 0, 1, f, f, 28466, 1).
"
15711015,Hammonds,FRA,Male,36.0,4,0.0,2,Yes,Yes,190911.02,0,"new row for relation ""bank_churn"" violates check constraint ""valid_countries""
DETAIL:  Failing row contains (15711015, Hammonds, FRA, Male, 36, 4, 0, 2, t, t, 190911, 0).
"
15780254,Gartrell,French,Male,40.0,6,0.0,1,No,No,183872.88,1,"new row for relation ""bank_churn"" violates check constraint ""valid_countries""
DETAIL:  Failing row contains (15780254, Gartrell, French, Male, 40, 6, 0, 1, f, f, 183873, 1).
"
15815626,Oluchi,FRA,Male,63.0,2,68432.45,2,Yes,Yes,112503.24,1,"new row for relation ""bank_churn"" violates check constraint ""valid_countries""
DETAIL:  Failing row contains (15815626, Oluchi, FRA, Male, 63, 2, 68432, 2, t, t, 112503, 1).
"
15784736,Jamieson,FRA,Male,45.0,6,136855.24,1,No,No,46864.0,0,"new row for relation ""bank_churn"" violates check constraint ""valid_countries""
DETAIL:  Failing row contains (15784736, Jamieson, FRA, Male, 45, 6, 136855, 1, f, f, 46864, 0).
"
15687658,Burgin,FRA,Female,52.0,7,65971.61,2,No,No,14608.0,1,"new row for relation ""bank_churn"" violates check constraint ""valid_countries""
DETAIL:  Failing row contains (15687658, Burgin, FRA, Female, 52, 7, 65972, 2, f, f, 14608, 1).
"
15608886,Okwudiliolisa,FRA,Female,33.0,1,0.0,2,No,No,69608.48,0,"new row for relation ""bank_churn"" violates check constraint ""valid_countries""
DETAIL:  Failing row contains (15608886, Okwudiliolisa, FRA, Female, 33, 1, 0, 2, f, f, 69608, 0).
"
15672945,Parkes,FRA,Female,37.0,5,136425.18,1,No,No,81102.81,0,"new row for relation ""bank_churn"" violates check constraint ""valid_countries""
DETAIL:  Failing row contains (15672945, Parkes, FRA, Female, 37, 5, 136425, 1, f, f, 81103, 0).
"
15806132,Martin,French,Male,55.0,4,146798.81,1,Yes,Yes,74149.77,0,"new row for relation ""bank_churn"" violates check constraint ""valid_countries""
DETAIL:  Failing row contains (15806132, Martin, French, Male, 55, 4, 146799, 1, t, t, 74150, 0).
"
15757916,Amaechi,FRA,Female,38.0,9,0.0,2,Yes,Yes,58855.85,0,"new row for relation ""bank_churn"" violates check constraint ""valid_countries""
DETAIL:  Failing row contains (15757916, Amaechi, FRA, Female, 38, 9, 0, 2, t, t, 58856, 0).
"
15769216,Panicucci,French,Female,43.0,2,0.0,1,No,No,49713.87,1,"new row for relation ""bank_churn"" violates check constraint ""valid_countries""
DETAIL:  Failing row contains (15769216, Panicucci, French, Female, 43, 2, 0, 1, f, f, 49714, 1).
"
15593295,Greathouse,French,Male,57.0,6,76165.65,1,Yes,Yes,133537.53,0,"new row for relation ""bank_churn"" violates check constraint ""valid_countries""
DETAIL:  Failing row contains (15593295, Greathouse, French, Male, 57, 6, 76166, 1, t, t, 133538, 0).
"
15719561,Lin,French,Male,42.0,5,0.0,3,No,No,60686.4,0,"new row for relation ""bank_churn"" violates check constraint ""valid_countries""
DETAIL:  Failing row contains (15719561, Lin, French, Male, 42, 5, 0, 3, f, f, 60686, 0).
"
15615096,Costa,FRA,Female,31.0,7,0.0,2,Yes,Yes,49463.44,0,"new row for relation ""bank_churn"" violates check constraint ""valid_countries""
DETAIL:  Failing row contains (15615096, Costa, FRA, Female, 31, 7, 0, 2, t, t, 49463, 0).
"
15671609,Ibeabuchi,FRA,Male,44.0,7,0.0,2,No,No,23425.78,0,"new row for relation ""bank_churn"" violates check constraint ""valid_countries""
DETAIL:  Failing row contains (15671609, Ibeabuchi, FRA, Male, 44, 7, 0, 2, f, f, 23426, 0).
"
15774857,Synnot,French,Female,27.0,7,0.0,2,No,No,156150.08,1,"new row for relation ""bank_churn"" violates check constraint ""valid_countries""
DETAIL:  Failing row contains (15774857, Synnot, French, Female, 27, 7, 0, 2, f, f, 156150, 1).
"
15777923,Johnston,French,Female,45.0,6,0.0,2,Yes,Yes,151401.33,0,"new row for relation ""bank_churn"" violates check constraint ""valid_countries""
DETAIL:  Failing row contains (15777923, Johnston, French, Female, 45, 6, 0, 2, t, t, 151401, 0).
"
15735719,Babbage,French,Female,40.0,9,0.0,2,Yes,Yes,70607.1,0,"new row for relation ""bank_churn"" violates check constraint ""valid_countries""
DETAIL:  Failing row contains (15735719, Babbage, French, Female, 40, 9, 0, 2, t, t, 70607, 0).
"
15605835,Rice,French,Male,37.0,8,69143.91,2,Yes,Yes,105780.18,0,"new row for relation ""bank_churn"" violates check constraint ""valid_countries""
DETAIL:  Failing row contains (15605835, Rice, French, Male, 37, 8, 69144, 2, t, t, 105780, 0).
"
15664881,Norton,French,Male,34.0,4,100054.77,1,No,No,109496.45,0,"new row for relation ""bank_churn"" violates check constraint ""valid_countries""
DETAIL:  Failing row contains (15664881, Norton, French, Male, 34, 4, 100055, 1, f, f, 109496, 0).
"
15792660,Gibbons,French,Male,38.0,2,116248.88,1,No,No,105140.92,0,"new row for relation ""bank_churn"" violates check constraint ""valid_countries""
DETAIL:  Failing row contains (15792660, Gibbons, French, Male, 38, 2, 116249, 1, f, f, 105141, 0).
"
15726354,Smith,FRA,Female,32.0,6,123157.95,1,No,No,172531.23,0,"new row for relation ""bank_churn"" violates check constraint ""valid_countries""
DETAIL:  Failing row contains (15726354, Smith, FRA, Female, 32, 6, 123158, 1, f, f, 172531, 0).
"
15610355,Hunter,French,Male,44.0,1,63438.91,1,No,No,64375.4,0,"new row for relation ""bank_churn"" violates check constraint ""valid_countries""
DETAIL:  Failing row contains (15610355, Hunter, French, Male, 44, 1, 63439, 1, f, f, 64375, 0).
"
15621893,Bellucci,French,Male,18.0,4,133550.67,1,Yes,Yes,46941.41,0,"new row for relation ""bank_churn"" violates check constraint ""valid_countries""
DETAIL:  Failing row contains (15621893, Bellucci, French, Male, 18, 4, 133551, 1, t, t, 46941, 0).
"
15588219,Ford,French,Female,38.0,1,106871.81,2,No,No,29333.01,0,"new row for relation ""bank_churn"" violates check constraint ""valid_countries""
DETAIL:  Failing row contains (15588219, Ford, French, Female, 38, 1, 106872, 2, f, f, 29333, 0).
"
15616931,Moore,FRA,Male,41.0,8,102768.42,1,No,No,55663.85,0,"new row for relation ""bank_churn"" violates check constraint ""valid_countries""
DETAIL:  Failing row contains (15616931, Moore, FRA, Male, 41, 8, 102768, 1, f, f, 55664, 0).
"
15758372,Wallace,French,Male,18.0,7,0.0,2,Yes,Yes,55753.12,1,"new row for relation ""bank_churn"" violates check constraint ""valid_countries""
DETAIL:  Failing row contains (15758372, Wallace, French, Male, 18, 7, 0, 2, t, t, 55753, 1).
"
15782591,Cook,FRA,Male,35.0,6,112689.95,1,No,No,176962.31,0,"new row for relation ""bank_churn"" violates check constraint ""valid_countries""
DETAIL:  Failing row contains (15782591, Cook, FRA, Male, 35, 6, 112690, 1, f, f, 176962, 0).
"
15612109,Speth,FRA,Male,38.0,9,122334.26,2,Yes,Yes,181507.44,0,"new row for relation ""bank_churn"" violates check constraint ""valid_countries""
DETAIL:  Failing row contains (15612109, Speth, FRA, Male, 38, 9, 122334, 2, t, t, 181507, 0).
"
15594349,Streeten,FRA,Male,49.0,5,122486.47,1,Yes,Yes,59748.19,0,"new row for relation ""bank_churn"" violates check constraint ""valid_countries""
DETAIL:  Failing row contains (15594349, Streeten, FRA, Male, 49, 5, 122486, 1, t, t, 59748, 0).
"
15574167,Fox,French,Male,33.0,2,101286.11,1,Yes,Yes,159840.51,0,"new row for relation ""bank_churn"" violates check constraint ""valid_countries""
DETAIL:  Failing row contains (15574167, Fox, French, Male, 33, 2, 101286, 1, t, t, 159841, 0).
"
15771211,Perkins,French,Male,38.0,10,86977.96,1,Yes,Yes,37094.75,0,"new row for relation ""bank_churn"" violates check constraint ""valid_countries""
DETAIL:  Failing row contains (15771211, Perkins, French, Male, 38, 10, 86978, 1, t, t, 37095, 0).
"
15588614,Walton,French,Male,57.0,7,0.0,1,No,No,159475.08,1,"new row for relation ""bank_churn"" violates check constraint ""valid_countries""
DETAIL:  Failing row contains (15588614, Walton, French, Male, 57, 7, 0, 1, f, f, 159475, 1).
"
15694200,Gardner,French,Male,36.0,8,178111.82,1,No,No,58719.63,1,"new row for relation ""bank_churn"" violates check constraint ""valid_countries""
DETAIL:  Failing row contains (15694200, Gardner, French, Male, 36, 8, 178112, 1, f, f, 58720, 1).
"
15725997,She,French,Female,35.0,6,100768.77,1,No,No,19199.61,0,"new row for relation ""bank_churn"" violates check constraint ""valid_countries""
DETAIL:  Failing row contains (15725997, She, French, Female, 35, 6, 100769, 1, f, f, 19200, 0).
"
15750649,Uwakwe,French,Female,44.0,3,0.0,2,Yes,Yes,189016.14,0,"new row for relation ""bank_churn"" violates check constraint ""valid_countries""
DETAIL:  Failing row contains (15750649, Uwakwe, French, Female, 44, 3, 0, 2, t, t, 189016, 0).
"
15641835,Anderson,French,Male,72.0,3,140997.26,1,Yes,Yes,52876.41,0,"new row for relation ""bank_churn"" violates check constraint ""valid_countries""
DETAIL:  Failing row contains (15641835, Anderson, French, Male, 72, 3, 140997, 1, t, t, 52876, 0).
"
15586821,Bellew,French,Male,28.0,5,0.0,2,Yes,Yes,19653.08,0,"new row for relation ""bank_churn"" violates check constraint ""valid_countries""
DETAIL:  Failing row contains (15586821, Bellew, French, Male, 28, 5, 0, 2, t, t, 19653, 0).
"
15793842,Krichauff,FRA,Female,34.0,2,76322.69,1,No,No,128136.29,0,"new row for relation ""bank_churn"" violates check constraint ""valid_countries""
DETAIL:  Failing row contains (15793842, Krichauff, FRA, Female, 34, 2, 76323, 1, f, f, 128136, 0).
"
15585041,Ainsworth,French,Male,33.0,7,0.0,2,Yes,Yes,158313.87,0,"new row for relation ""bank_churn"" violates check constraint ""valid_countries""
DETAIL:  Failing row contains (15585041, Ainsworth, French, Male, 33, 7, 0, 2, t, t, 158314, 0).
"
15780846,Redding,French,Male,33.0,1,126588.81,2,Yes,Yes,62163.53,0,"new row for relation ""bank_churn"" violates check constraint ""valid_countries""
DETAIL:  Failing row contains (15780846, Redding, French, Male, 33, 1, 126589, 2, t, t, 62164, 0).
"
15662151,Gould,FRA,Male,40.0,4,0.0,1,Yes,Yes,168780.04,0,"new row for relation ""bank_churn"" violates check constraint ""valid_countries""
DETAIL:  Failing row contains (15662151, Gould, FRA, Male, 40, 4, 0, 1, t, t, 168780, 0).
"
15649738,White,FRA,Female,46.0,0,0.0,2,Yes,Yes,125962.02,0,"new row for relation ""bank_churn"" violates check constraint ""valid_countries""
DETAIL:  Failing row contains (15649738, White, FRA, Female, 46, 0, 0, 2, t, t, 125962, 0).
"
15633108,Thorpe,French,Male,26.0,4,139848.17,1,No,No,164696.27,0,"new row for relation ""bank_churn"" violates check constraint ""valid_countries""
DETAIL:  Failing row contains (15633108, Thorpe, French, Male, 26, 4, 139848, 1, f, f, 164696, 0).
"
15689147,Ogochukwu,FRA,Female,40.0,1,0.0,2,No,No,126554.96,0,"new row for relation ""bank_churn"" violates check constraint ""valid_countries""
DETAIL:  Failing row contains (15689147, Ogochukwu, FRA, Female, 40, 1, 0, 2, f, f, 126555, 0).
"
15798310,Palerma,French,Male,35.0,2,165692.91,1,Yes,Yes,197984.58,0,"new row for relation ""bank_churn"" violates check constraint ""valid_countries""
DETAIL:  Failing row contains (15798310, Palerma, French, Male, 35, 2, 165693, 1, t, t, 197985, 0).
"
15761763,Jamieson,FRA,Male,33.0,8,164385.53,1,No,No,150664.97,0,"new row for relation ""bank_churn"" violates check constraint ""valid_countries""
DETAIL:  Failing row contains (15761763, Jamieson, FRA, Male, 33, 8, 164386, 1, f, f, 150665, 0).
"
15710161,Ko,FRA,Female,34.0,2,0.0,2,Yes,Yes,171706.66,0,"new row for relation ""bank_churn"" violates check constraint ""valid_countries""
DETAIL:  Failing row contains (15710161, Ko, FRA, Female, 34, 2, 0, 2, t, t, 171707, 0).
"
15770174,Piazza,FRA,Male,29.0,6,141389.06,1,No,No,54122.89,0,"new row for relation ""bank_churn"" violates check constraint ""valid_countries""
DETAIL:  Failing row contains (15770174, Piazza, FRA, Male, 29, 6, 141389, 1, f, f, 54123, 0).
"
15641114,Power,FRA,Male,37.0,8,130091.5,1,Yes,Yes,120031.29,0,"new row for relation ""bank_churn"" violates check constraint ""valid_countries""
DETAIL:  Failing row contains (15641114, Power, FRA, Male, 37, 8, 130092, 1, t, t, 120031, 0).
"
15762803,Innes,FRA,Male,31.0,3,0.0,2,No,No,15360.91,0,"new row for relation ""bank_churn"" violates check constraint ""valid_countries""
DETAIL:  Failing row contains (15762803, Innes, FRA, Male, 31, 3, 0, 2, f, f, 15361, 0).
"
15597901,Chidozie,French,Male,34.0,1,0.0,1,Yes,Yes,181177.9,0,"new row for relation ""bank_churn"" violates check constraint ""valid_countries""
DETAIL:  Failing row contains (15597901, Chidozie, French, Male, 34, 1, 0, 1, t, t, 181178, 0).
"
15641850,Pethard,French,Male,40.0,0,98241.04,1,No,No,110887.14,0,"new row for relation ""bank_churn"" violates check constraint ""valid_countries""
DETAIL:  Failing row contains (15641850, Pethard, French, Male, 40, 0, 98241, 1, f, f, 110887, 0).
"
15684999,Ch'eng,French,Female,26.0,4,62610.96,2,Yes,Yes,179365.1,0,"new row for relation ""bank_churn"" violates check constraint ""valid_countries""
DETAIL:  Failing row contains (15684999, Ch'eng, French, Female, 26, 4, 62611, 2, t, t, 179365, 0).
"
15627484,Obielumani,French,Female,47.0,5,113328.93,1,No,No,124170.9,0,"new row for relation ""bank_churn"" violates check constraint ""valid_countries""
DETAIL:  Failing row contains (15627484, Obielumani, French, Female, 47, 5, 113329, 1, f, f, 124171, 0).
"
15615575,Vial,French,Male,34.0,8,0.0,2,Yes,Yes,133447.49,0,"new row for relation ""bank_churn"" violates check constraint ""valid_countries""
DETAIL:  Failing row contains (15615575, Vial, French, Male, 34, 8, 0, 2, t, t, 133447, 0).
"
15610594,Moss,FRA,Female,37.0,8,0.0,2,No,No,20968.88,0,"new row for relation ""bank_churn"" violates check constraint ""valid_countries""
DETAIL:  Failing row contains (15610594, Moss, FRA, Female, 37, 8, 0, 2, f, f, 20969, 0).
"
15713655,Calabrese,French,Female,38.0,10,0.0,2,Yes,Yes,56229.72,1,"new row for relation ""bank_churn"" violates check constraint ""valid_countries""
DETAIL:  Failing row contains (15713655, Calabrese, French, Female, 38, 10, 0, 2, t, t, 56230, 1).
"
15639077,Marchesi,FRA,Female,30.0,2,158584.82,3,No,No,142342.55,1,"new row for relation ""bank_churn"" violates check constraint ""valid_countries""
DETAIL:  Failing row contains (15639077, Marchesi, FRA, Female, 30, 2, 158585, 3, f, f, 142343, 1).
"
15756305,Marchesi,French,Female,66.0,6,0.0,2,Yes,Yes,160663.11,0,"new row for relation ""bank_churn"" violates check constraint ""valid_countries""
DETAIL:  Failing row contains (15756305, Marchesi, French, Female, 66, 6, 0, 2, t, t, 160663, 0).
"
15578799,Anayolisa,FRA,Female,58.0,10,53772.73,1,Yes,Yes,192072.1,1,"new row for relation ""bank_churn"" violates check constraint ""valid_countries""
DETAIL:  Failing row contains (15578799, Anayolisa, FRA, Female, 58, 10, 53773, 1, t, t, 192072, 1).
"
15727546,Olejuru,French,Male,35.0,9,0.0,2,Yes,Yes,43075.7,0,"new row for relation ""bank_churn"" violates check constraint ""valid_countries""
DETAIL:  Failing row contains (15727546, Olejuru, French, Male, 35, 9, 0, 2, t, t, 43076, 0).
"
15585533,Calabrese,FRA,Male,36.0,6,147733.64,1,Yes,Yes,172501.38,0,"new row for relation ""bank_churn"" violates check constraint ""valid_countries""
DETAIL:  Failing row contains (15585533, Calabrese, FRA, Male, 36, 6, 147734, 1, t, t, 172501, 0).
"
15630551,Forbes,FRA,Male,33.0,2,163139.27,1,Yes,Yes,7035.36,0,"new row for relation ""bank_churn"" violates check constraint ""valid_countries""
DETAIL:  Failing row contains (15630551, Forbes, FRA, Male, 33, 2, 163139, 1, t, t, 7035, 0).
"
15762216,Barrera,FRA,Female,41.0,4,129553.76,2,No,No,187599.8,0,"new row for relation ""bank_churn"" violates check constraint ""valid_countries""
DETAIL:  Failing row contains (15762216, Barrera, FRA, Female, 41, 4, 129554, 2, f, f, 187600, 0).
"
15594685,Hall,French,Female,49.0,2,0.0,2,No,No,164482.92,0,"new row for relation ""bank_churn"" violates check constraint ""valid_countries""
DETAIL:  Failing row contains (15594685, Hall, French, Female, 49, 2, 0, 2, f, f, 164483, 0).
"
15777553,Hanson,FRA,Female,56.0,9,123785.24,1,No,No,99504.03,1,"new row for relation ""bank_churn"" violates check constraint ""valid_countries""
DETAIL:  Failing row contains (15777553, Hanson, FRA, Female, 56, 9, 123785, 1, f, f, 99504, 1).
"
15613097,Kao,French,Female,33.0,4,0.0,2,Yes,Yes,83700.66,0,"new row for relation ""bank_churn"" violates check constraint ""valid_countries""
DETAIL:  Failing row contains (15613097, Kao, French, Female, 33, 4, 0, 2, t, t, 83701, 0).
"
15622217,Tu,French,Female,38.0,8,88758.95,2,No,No,28226.15,1,"new row for relation ""bank_churn"" violates check constraint ""valid_countries""
DETAIL:  Failing row contains (15622217, Tu, French, Female, 38, 8, 88759, 2, f, f, 28226, 1).
"
15684951,He,French,Female,59.0,2,68892.77,2,No,No,7905.06,1,"new row for relation ""bank_churn"" violates check constraint ""valid_countries""
DETAIL:  Failing row contains (15684951, He, French, Female, 59, 2, 68893, 2, f, f, 7905, 1).
"
15582960,Short,FRA,Female,33.0,5,125827.43,1,Yes,Yes,145698.73,0,"new row for relation ""bank_churn"" violates check constraint ""valid_countries""
DETAIL:  Failing row contains (15582960, Short, FRA, Female, 33, 5, 125827, 1, t, t, 145699, 0).
"
15763747,Ricci,French,Male,36.0,7,0.0,2,Yes,Yes,60830.24,0,"new row for relation ""bank_churn"" violates check constraint ""valid_countries""
DETAIL:  Failing row contains (15763747, Ricci, French, Male, 36, 7, 0, 2, t, t, 60830, 0).
"
15642787,Ijendu,French,Male,37.0,1,133043.66,1,No,No,111243.09,0,"new row for relation ""bank_churn"" violates check constraint ""valid_countries""
DETAIL:  Failing row contains (15642787, Ijendu, French, Male, 37, 1, 133044, 1, f, f, 111243, 0).
"
15624633,Kibby,FRA,Male,45.0,9,74989.58,1,Yes,Yes,171014.69,0,"new row for relation ""bank_churn"" violates check constraint ""valid_countries""
DETAIL:  Failing row contains (15624633, Kibby, FRA, Male, 45, 9, 74990, 1, t, t, 171015, 0).
"
15619889,Vasin,FRA,Male,26.0,4,0.0,1,No,No,195167.38,0,"new row for relation ""bank_churn"" violates check constraint ""valid_countries""
DETAIL:  Failing row contains (15619889, Vasin, FRA, Male, 26, 4, 0, 1, f, f, 195167, 0).
"
15579166,Munro,French,Female,30.0,7,70729.17,1,Yes,Yes,160948.87,0,"new row for relation ""bank_churn"" violates check constraint ""valid_countries""
DETAIL:  Failing row contains (15579166, Munro, French, Female, 30, 7, 70729, 1, t, t, 160949, 0).
"
15789097,Keeley,French,Male,48.0,8,0.0,2,Yes,Yes,44965.54,1,"new row for relation ""bank_churn"" violates check constraint ""valid_countries""
DETAIL:  Failing row contains (15789097, Keeley, French, Male, 48, 8, 0, 2, t, t, 44966, 1).
"
15779064,Chidiegwu,French,Male,27.0,2,0.0,2,Yes,Yes,20092.89,0,"new row for relation ""bank_churn"" violates check constraint ""valid_countries""
DETAIL:  Failing row contains (15779064, Chidiegwu, French, Male, 27, 2, 0, 2, t, t, 20093, 0).
"
15757577,Odili,French,Female,61.0,8,0.0,2,Yes,Yes,118522.73,0,"new row for relation ""bank_churn"" violates check constraint ""valid_countries""
DETAIL:  Failing row contains (15757577, Odili, French, Female, 61, 8, 0, 2, t, t, 118523, 0).
"
15736656,H?,FRA,Female,49.0,4,0.0,2,Yes,Yes,89972.25,0,"new row for relation ""bank_churn"" violates check constraint ""valid_countries""
DETAIL:  Failing row contains (15736656, H?, FRA, Female, 49, 4, 0, 2, t, t, 89972, 0).
"
15602034,Kolesnikov,French,Female,34.0,2,126558.92,1,No,No,73334.43,0,"new row for relation ""bank_churn"" violates check constraint ""valid_countries""
DETAIL:  Failing row contains (15602034, Kolesnikov, French, Female, 34, 2, 126559, 1, f, f, 73334, 0).
"
15569222,Mendes,French,Male,32.0,6,147107.91,1,Yes,Yes,40066.95,0,"new row for relation ""bank_churn"" violates check constraint ""valid_countries""
DETAIL:  Failing row contains (15569222, Mendes, French, Male, 32, 6, 147108, 1, t, t, 40067, 0).
"
15664639,McGregor,French,Male,19.0,9,128514.84,1,No,No,175969.19,0,"new row for relation ""bank_churn"" violates check constraint ""valid_countries""
DETAIL:  Failing row contains (15664639, McGregor, French, Male, 19, 9, 128515, 1, f, f, 175969, 0).
"
15700353,Evans,FRA,Female,37.0,6,0.0,2,No,No,51229.17,0,"new row for relation ""bank_churn"" violates check constraint ""valid_countries""
DETAIL:  Failing row contains (15700353, Evans, FRA, Female, 37, 6, 0, 2, f, f, 51229, 0).
"
15784676,Fanucci,FRA,Male,51.0,6,125268.03,2,No,No,165082.25,0,"new row for relation ""bank_churn"" violates check constraint ""valid_countries""
DETAIL:  Failing row contains (15784676, Fanucci, FRA, Male, 51, 6, 125268, 2, f, f, 165082, 0).
"
15748116,Zetticci,French,Female,29.0,2,148143.84,1,Yes,Yes,52021.39,0,"new row for relation ""bank_churn"" violates check constraint ""valid_countries""
DETAIL:  Failing row contains (15748116, Zetticci, French, Female, 29, 2, 148144, 1, t, t, 52021, 0).
"
15613713,Kozlova,FRA,Male,30.0,5,44928.88,1,Yes,Yes,10771.46,0,"new row for relation ""bank_churn"" violates check constraint ""valid_countries""
DETAIL:  Failing row contains (15613713, Kozlova, FRA, Male, 30, 5, 44929, 1, t, t, 10771, 0).
"
15639415,Thompson,FRA,Male,35.0,3,162442.35,1,No,No,183566.78,0,"new row for relation ""bank_churn"" violates check constraint ""valid_countries""
DETAIL:  Failing row contains (15639415, Thompson, FRA, Male, 35, 3, 162442, 1, f, f, 183567, 0).
"
15695492,P'eng,French,Female,29.0,6,156569.43,1,No,No,180598.66,0,"new row for relation ""bank_churn"" violates check constraint ""valid_countries""
DETAIL:  Failing row contains (15695492, P'eng, French, Female, 29, 6, 156569, 1, f, f, 180599, 0).
"
15654390,He,French,Male,33.0,7,154575.76,1,No,No,25722.28,1,"new row for relation ""bank_churn"" violates check constraint ""valid_countries""
DETAIL:  Failing row contains (15654390, He, French, Male, 33, 7, 154576, 1, f, f, 25722, 1).
"
15806307,Favors,French,Male,37.0,3,0.0,2,Yes,Yes,20603.32,0,"new row for relation ""bank_churn"" violates check constraint ""valid_countries""
DETAIL:  Failing row contains (15806307, Favors, French, Male, 37, 3, 0, 2, t, t, 20603, 0).
"
15735388,Wayn,French,Female,25.0,7,108664.85,2,No,No,190011.85,0,"new row for relation ""bank_churn"" violates check constraint ""valid_countries""
DETAIL:  Failing row contains (15735388, Wayn, French, Female, 25, 7, 108665, 2, f, f, 190012, 0).
"
15775203,Chia,FRA,Male,45.0,3,129209.48,1,No,No,60151.77,0,"new row for relation ""bank_churn"" violates check constraint ""valid_countries""
DETAIL:  Failing row contains (15775203, Chia, FRA, Male, 45, 3, 129209, 1, f, f, 60152, 0).
"
15813144,Osborne,FRA,Female,26.0,7,92606.86,2,No,No,192709.69,0,"new row for relation ""bank_churn"" violates check constraint ""valid_countries""
DETAIL:  Failing row contains (15813144, Osborne, FRA, Female, 26, 7, 92607, 2, f, f, 192710, 0).
"
15665438,Hs?,FRA,Male,43.0,1,163159.85,1,Yes,Yes,15602.8,0,"new row for relation ""bank_churn"" violates check constraint ""valid_countries""
DETAIL:  Failing row contains (15665438, Hs?, FRA, Male, 43, 1, 163160, 1, t, t, 15603, 0).
"
15796343,Bazhenov,French,Female,31.0,2,82787.93,2,No,No,91423.69,0,"new row for relation ""bank_churn"" violates check constraint ""valid_countries""
DETAIL:  Failing row contains (15796343, Bazhenov, French, Female, 31, 2, 82788, 2, f, f, 91424, 0).
"
15623430,Hill,French,Male,34.0,9,0.0,2,No,No,161800.77,0,"new row for relation ""bank_churn"" violates check constraint ""valid_countries""
DETAIL:  Failing row contains (15623430, Hill, French, Male, 34, 9, 0, 2, f, f, 161801, 0).
"
15604345,Kemp,French,Female,22.0,9,65763.57,1,Yes,Yes,145792.01,0,"new row for relation ""bank_churn"" violates check constraint ""valid_countries""
DETAIL:  Failing row contains (15604345, Kemp, French, Female, 22, 9, 65764, 1, t, t, 145792, 0).
"
15671789,Woods,French,Male,31.0,3,94263.91,2,No,No,168895.06,0,"new row for relation ""bank_churn"" violates check constraint ""valid_countries""
DETAIL:  Failing row contains (15671789, Woods, French, Male, 31, 3, 94264, 2, f, f, 168895, 0).
"
15637650,Williams,FRA,Male,50.0,9,94748.76,2,Yes,Yes,13608.18,0,"new row for relation ""bank_churn"" violates check constraint ""valid_countries""
DETAIL:  Failing row contains (15637650, Williams, FRA, Male, 50, 9, 94749, 2, t, t, 13608, 0).
"
15606267,Wilson,FRA,Female,38.0,4,98640.74,1,Yes,Yes,110457.99,0,"new row for relation ""bank_churn"" violates check constraint ""valid_countries""
DETAIL:  Failing row contains (15606267, Wilson, FRA, Female, 38, 4, 98641, 1, t, t, 110458, 0).
"
15625904,Wang,French,Male,26.0,9,74681.9,2,No,No,31231.35,0,"new row for relation ""bank_churn"" violates check constraint ""valid_countries""
DETAIL:  Failing row contains (15625904, Wang, French, Male, 26, 9, 74682, 2, f, f, 31231, 0).
"
15693259,Wallace,French,Male,30.0,1,128207.23,1,Yes,Yes,55400.17,0,"new row for relation ""bank_churn"" violates check constraint ""valid_countries""
DETAIL:  Failing row contains (15693259, Wallace, French, Male, 30, 1, 128207, 1, t, t, 55400, 0).
"
15758531,Y?,French,Female,40.0,10,0.0,2,No,No,154189.08,0,"new row for relation ""bank_churn"" violates check constraint ""valid_countries""
DETAIL:  Failing row contains (15758531, Y?, French, Female, 40, 10, 0, 2, f, f, 154189, 0).
"
15637240,Wei,FRA,Male,46.0,4,124547.13,2,No,No,94499.06,0,"new row for relation ""bank_churn"" violates check constraint ""valid_countries""
DETAIL:  Failing row contains (15637240, Wei, FRA, Male, 46, 4, 124547, 2, f, f, 94499, 0).
"
15570004,Tsou,FRA,Male,31.0,3,0.0,2,No,No,121866.87,0,"new row for relation ""bank_churn"" violates check constraint ""valid_countries""
DETAIL:  Failing row contains (15570004, Tsou, FRA, Male, 31, 3, 0, 2, f, f, 121867, 0).
"
15716284,Ward,French,Male,43.0,9,0.0,2,Yes,Yes,78858.07,0,"new row for relation ""bank_churn"" violates check constraint ""valid_countries""
DETAIL:  Failing row contains (15716284, Ward, French, Male, 43, 9, 0, 2, t, t, 78858, 0).
"
15646539,Liao,French,Male,31.0,3,96288.26,1,No,No,56794.73,0,"new row for relation ""bank_churn"" violates check constraint ""valid_countries""
DETAIL:  Failing row contains (15646539, Liao, French, Male, 31, 3, 96288, 1, f, f, 56795, 0).
"
15756901,Ch'ang,FRA,Female,26.0,4,91547.84,2,Yes,Yes,28157.34,0,"new row for relation ""bank_churn"" violates check constraint ""valid_countries""
DETAIL:  Failing row contains (15756901, Ch'ang, FRA, Female, 26, 4, 91548, 2, t, t, 28157, 0).
"
15759021,Kay,French,Male,35.0,9,0.0,1,No,No,167033.83,0,"new row for relation ""bank_churn"" violates check constraint ""valid_countries""
DETAIL:  Failing row contains (15759021, Kay, French, Male, 35, 9, 0, 1, f, f, 167034, 0).
"
15613326,Gow,FRA,Female,33.0,1,138162.81,1,No,No,85412.54,0,"new row for relation ""bank_churn"" violates check constraint ""valid_countries""
DETAIL:  Failing row contains (15613326, Gow, FRA, Female, 33, 1, 138163, 1, f, f, 85413, 0).
"
15670914,Robe,FRA,Male,38.0,2,0.0,2,No,No,180698.32,0,"new row for relation ""bank_churn"" violates check constraint ""valid_countries""
DETAIL:  Failing row contains (15670914, Robe, FRA, Male, 38, 2, 0, 2, f, f, 180698, 0).
"
15574886,Palerma,French,Male,32.0,6,94486.47,1,Yes,Yes,146949.74,0,"new row for relation ""bank_churn"" violates check constraint ""valid_countries""
DETAIL:  Failing row contains (15574886, Palerma, French, Male, 32, 6, 94486, 1, t, t, 146950, 0).
"
15707120,Cocci,FRA,Male,46.0,9,117640.39,1,No,No,88920.68,0,"new row for relation ""bank_churn"" violates check constraint ""valid_countries""
DETAIL:  Failing row contains (15707120, Cocci, FRA, Male, 46, 9, 117640, 1, f, f, 88921, 0).
"
15607837,Muriel,French,Female,29.0,4,105599.67,1,Yes,Yes,43106.17,0,"new row for relation ""bank_churn"" violates check constraint ""valid_countries""
DETAIL:  Failing row contains (15607837, Muriel, French, Female, 29, 4, 105600, 1, t, t, 43106, 0).
"
15728006,Endrizzi,FRA,Male,40.0,2,180516.9,1,No,No,180002.42,0,"new row for relation ""bank_churn"" violates check constraint ""valid_countries""
DETAIL:  Failing row contains (15728006, Endrizzi, FRA, Male, 40, 2, 180517, 1, f, f, 180002, 0).
"
15712176,Burke,FRA,Male,31.0,8,0.0,2,Yes,Yes,28407.4,0,"new row for relation ""bank_churn"" violates check constraint ""valid_countries""
DETAIL:  Failing row contains (15712176, Burke, FRA, Male, 31, 8, 0, 2, t, t, 28407, 0).
"
15782247,Yeh,FRA,Male,22.0,4,0.0,3,Yes,Yes,186233.26,1,"new row for relation ""bank_churn"" violates check constraint ""valid_countries""
DETAIL:  Failing row contains (15782247, Yeh, FRA, Male, 22, 4, 0, 3, t, t, 186233, 1).
"
15768387,Nott,FRA,Male,41.0,8,0.0,2,No,No,29737.14,0,"new row for relation ""bank_churn"" violates check constraint ""valid_countries""
DETAIL:  Failing row contains (15768387, Nott, FRA, Male, 41, 8, 0, 2, f, f, 29737, 0).
"
15772632,Ts'ui,FRA,Female,34.0,1,0.0,2,No,No,167035.07,0,"new row for relation ""bank_churn"" violates check constraint ""valid_countries""
DETAIL:  Failing row contains (15772632, Ts'ui, FRA, Female, 34, 1, 0, 2, f, f, 167035, 0).
"
15706587,Johnston,French,Male,57.0,0,0.0,2,Yes,Yes,116781.71,0,"new row for relation ""bank_churn"" violates check constraint ""valid_countries""
DETAIL:  Failing row contains (15706587, Johnston, French, Male, 57, 0, 0, 2, t, t, 116782, 0).
"
15715769,Hao,French,Male,26.0,2,75237.54,1,Yes,Yes,44220.4,0,"new row for relation ""bank_churn"" violates check constraint ""valid_countries""
DETAIL:  Failing row contains (15715769, Hao, French, Male, 26, 2, 75238, 1, t, t, 44220, 0).
"
15679294,Brennan,French,Female,46.0,10,107238.85,2,No,No,37024.28,0,"new row for relation ""bank_churn"" violates check constraint ""valid_countries""
DETAIL:  Failing row contains (15679294, Brennan, French, Female, 46, 10, 107239, 2, f, f, 37024, 0).
"
15756920,Genovesi,FRA,Male,63.0,9,70655.48,1,No,No,78955.8,1,"new row for relation ""bank_churn"" violates check constraint ""valid_countries""
DETAIL:  Failing row contains (15756920, Genovesi, FRA, Male, 63, 9, 70655, 1, f, f, 78956, 1).
"
15592765,Marks,French,Male,40.0,8,125470.81,1,Yes,Yes,174536.17,0,"new row for relation ""bank_churn"" violates check constraint ""valid_countries""
DETAIL:  Failing row contains (15592765, Marks, French, Male, 40, 8, 125471, 1, t, t, 174536, 0).
"
15704442,Fleming,FRA,Female,53.0,9,169406.33,4,Yes,Yes,147311.47,1,"new row for relation ""bank_churn"" violates check constraint ""valid_countries""
DETAIL:  Failing row contains (15704442, Fleming, FRA, Female, 53, 9, 169406, 4, t, t, 147311, 1).
"
15641136,Davison,FRA,Male,32.0,2,0.0,2,Yes,Yes,77965.44,0,"new row for relation ""bank_churn"" violates check constraint ""valid_countries""
DETAIL:  Failing row contains (15641136, Davison, FRA, Male, 32, 2, 0, 2, t, t, 77965, 0).
"
15623196,Morley,FRA,Male,38.0,6,149238.97,1,Yes,Yes,97825.23,0,"new row for relation ""bank_churn"" violates check constraint ""valid_countries""
DETAIL:  Failing row contains (15623196, Morley, FRA, Male, 38, 6, 149239, 1, t, t, 97825, 0).
"
15693199,Shao,FRA,Female,37.0,8,0.0,2,No,No,191557.1,1,"new row for relation ""bank_churn"" violates check constraint ""valid_countries""
DETAIL:  Failing row contains (15693199, Shao, FRA, Female, 37, 8, 0, 2, f, f, 191557, 1).
"
15661219,Trentino,French,Male,32.0,10,0.0,2,No,No,103287.62,0,"new row for relation ""bank_churn"" violates check constraint ""valid_countries""
DETAIL:  Failing row contains (15661219, Trentino, French, Male, 32, 10, 0, 2, f, f, 103288, 0).
"
15760294,Endrizzi,French,Female,41.0,8,145150.28,1,No,No,64869.32,1,"new row for relation ""bank_churn"" violates check constraint ""valid_countries""
DETAIL:  Failing row contains (15760294, Endrizzi, French, Female, 41, 8, 145150, 1, f, f, 64869, 1).
"
15652808,Monaldo,French,Female,41.0,5,126670.37,1,No,No,102426.06,0,"new row for relation ""bank_churn"" violates check constraint ""valid_countries""
DETAIL:  Failing row contains (15652808, Monaldo, French, Female, 41, 5, 126670, 1, f, f, 102426, 0).
"
15766896,Chieloka,French,Male,37.0,3,0.0,2,No,No,16870.2,0,"new row for relation ""bank_churn"" violates check constraint ""valid_countries""
DETAIL:  Failing row contains (15766896, Chieloka, French, Male, 37, 3, 0, 2, f, f, 16870, 0).
"
15587735,Chukwuebuka,FRA,Male,39.0,6,96863.13,1,Yes,Yes,121681.19,0,"new row for relation ""bank_churn"" violates check constraint ""valid_countries""
DETAIL:  Failing row contains (15587735, Chukwuebuka, FRA, Male, 39, 6, 96863, 1, t, t, 121681, 0).
"
15659501,Chioke,French,Female,38.0,6,142263.45,1,Yes,Yes,33730.43,0,"new row for relation ""bank_churn"" violates check constraint ""valid_countries""
DETAIL:  Failing row contains (15659501, Chioke, French, Female, 38, 6, 142263, 1, t, t, 33730, 0).
"
15651140,Doherty,FRA,Female,32.0,3,0.0,1,No,No,94790.34,0,"new row for relation ""bank_churn"" violates check constraint ""valid_countries""
DETAIL:  Failing row contains (15651140, Doherty, FRA, Female, 32, 3, 0, 1, f, f, 94790, 0).
"
15776824,Rossi,French,Male,28.0,6,122724.37,1,Yes,Yes,67057.27,0,"new row for relation ""bank_churn"" violates check constraint ""valid_countries""
DETAIL:  Failing row contains (15776824, Rossi, French, Male, 28, 6, 122724, 1, t, t, 67057, 0).
"
15671917,Wade,French,Male,46.0,5,123873.19,1,Yes,Yes,177844.06,0,"new row for relation ""bank_churn"" violates check constraint ""valid_countries""
DETAIL:  Failing row contains (15671917, Wade, French, Male, 46, 5, 123873, 1, t, t, 177844, 0).
"
15625623,Stevenson,FRA,Female,45.0,4,0.0,2,Yes,Yes,121053.19,0,"new row for relation ""bank_churn"" violates check constraint ""valid_countries""
DETAIL:  Failing row contains (15625623, Stevenson, FRA, Female, 45, 4, 0, 2, t, t, 121053, 0).
"
15748123,Chienezie,French,Male,20.0,3,0.0,2,Yes,Yes,149613.77,0,"new row for relation ""bank_churn"" violates check constraint ""valid_countries""
DETAIL:  Failing row contains (15748123, Chienezie, French, Male, 20, 3, 0, 2, t, t, 149614, 0).
"
15713378,Brownless,French,Male,38.0,10,0.0,2,No,No,53311.78,0,"new row for relation ""bank_churn"" violates check constraint ""valid_countries""
DETAIL:  Failing row contains (15713378, Brownless, French, Male, 38, 10, 0, 2, f, f, 53312, 0).
"
15782659,Mamelu,French,Male,32.0,0,0.0,1,No,No,109523.88,0,"new row for relation ""bank_churn"" violates check constraint ""valid_countries""
DETAIL:  Failing row contains (15782659, Mamelu, French, Male, 32, 0, 0, 1, f, f, 109524, 0).
"
15583364,McGregor,French,Female,32.0,6,111871.93,1,No,No,112132.86,0,"new row for relation ""bank_churn"" violates check constraint ""valid_countries""
DETAIL:  Failing row contains (15583364, McGregor, French, Female, 32, 6, 111872, 1, f, f, 112133, 0).
"
15661974,Pirozzi,FRA,Male,46.0,2,57037.74,1,Yes,Yes,158531.01,0,"new row for relation ""bank_churn"" violates check constraint ""valid_countries""
DETAIL:  Failing row contains (15661974, Pirozzi, FRA, Male, 46, 2, 57038, 1, t, t, 158531, 0).
"
15689341,Gibbs,French,Female,50.0,10,0.0,4,No,No,179267.94,1,"new row for relation ""bank_churn"" violates check constraint ""valid_countries""
DETAIL:  Failing row contains (15689341, Gibbs, French, Female, 50, 10, 0, 4, f, f, 179268, 1).
"
15607993,Milne,FRA,Female,52.0,2,79468.96,1,Yes,Yes,84606.03,0,"new row for relation ""bank_churn"" violates check constraint ""valid_countries""
DETAIL:  Failing row contains (15607993, Milne, FRA, Female, 52, 2, 79469, 1, t, t, 84606, 0).
"
15769522,O'Connor,FRA,Male,51.0,1,118537.47,1,Yes,Yes,116912.45,0,"new row for relation ""bank_churn"" violates check constraint ""valid_countries""
DETAIL:  Failing row contains (15769522, O'Connor, FRA, Male, 51, 1, 118537, 1, t, t, 116912, 0).
"
15755825,McGuirk,FRA,Male,39.0,10,0.0,2,No,No,102999.33,0,"new row for relation ""bank_churn"" violates check constraint ""valid_countries""
DETAIL:  Failing row contains (15755825, McGuirk, FRA, Male, 39, 10, 0, 2, f, f, 102999, 0).
"
15744327,Ruth,FRA,Male,40.0,4,0.0,1,No,No,85455.62,1,"new row for relation ""bank_churn"" violates check constraint ""valid_countries""
DETAIL:  Failing row contains (15744327, Ruth, FRA, Male, 40, 4, 0, 1, f, f, 85456, 1).
"
15798666,Hughes,FRA,Female,36.0,6,0.0,2,Yes,Yes,98657.01,0,"new row for relation ""bank_churn"" violates check constraint ""valid_countries""
DETAIL:  Failing row contains (15798666, Hughes, FRA, Female, 36, 6, 0, 2, t, t, 98657, 0).
"
15759436,Aksenov,FRA,Female,50.0,2,95813.76,3,Yes,Yes,67944.09,1,"new row for relation ""bank_churn"" violates check constraint ""valid_countries""
DETAIL:  Failing row contains (15759436, Aksenov, FRA, Female, 50, 2, 95814, 3, t, t, 67944, 1).
"
15758056,Calabresi,French,Male,35.0,1,0.0,2,No,No,111687.57,0,"new row for relation ""bank_churn"" violates check constraint ""valid_countries""
DETAIL:  Failing row contains (15758056, Calabresi, French, Male, 35, 1, 0, 2, f, f, 111688, 0).
"
15742269,Milano,French,Female,24.0,1,0.0,2,No,No,184182.25,0,"new row for relation ""bank_churn"" violates check constraint ""valid_countries""
DETAIL:  Failing row contains (15742269, Milano, French, Female, 24, 1, 0, 2, f, f, 184182, 0).
"
15738411,Ho,FRA,Male,34.0,10,104498.79,1,Yes,Yes,126451.14,0,"new row for relation ""bank_churn"" violates check constraint ""valid_countries""
DETAIL:  Failing row contains (15738411, Ho, FRA, Male, 34, 10, 104499, 1, t, t, 126451, 0).
"
15709396,Hale,FRA,Male,42.0,6,0.0,2,Yes,Yes,95804.33,0,"new row for relation ""bank_churn"" violates check constraint ""valid_countries""
DETAIL:  Failing row contains (15709396, Hale, FRA, Male, 42, 6, 0, 2, t, t, 95804, 0).
"
15621653,Rice,FRA,Female,29.0,10,87946.39,1,Yes,Yes,182531.74,0,"new row for relation ""bank_churn"" violates check constraint ""valid_countries""
DETAIL:  Failing row contains (15621653, Rice, FRA, Female, 29, 10, 87946, 1, t, t, 182532, 0).
"
15658693,Aksyonova,FRA,Female,60.0,2,0.0,2,Yes,Yes,60615.83,0,"new row for relation ""bank_churn"" violates check constraint ""valid_countries""
DETAIL:  Failing row contains (15658693, Aksyonova, FRA, Female, 60, 2, 0, 2, t, t, 60616, 0).
"
15752026,Hammer,FRA,Male,58.0,3,0.0,1,Yes,Yes,194930.3,1,"new row for relation ""bank_churn"" violates check constraint ""valid_countries""
DETAIL:  Failing row contains (15752026, Hammer, FRA, Male, 58, 3, 0, 1, t, t, 194930, 1).
"
15617197,Chien,French,Male,50.0,4,0.0,2,Yes,Yes,31840.59,1,"new row for relation ""bank_churn"" violates check constraint ""valid_countries""
DETAIL:  Failing row contains (15617197, Chien, French, Male, 50, 4, 0, 2, t, t, 31841, 1).
"
15631240,Dubinina,French,Female,36.0,8,0.0,2,Yes,Yes,12096.61,1,"new row for relation ""bank_churn"" violates check constraint ""valid_countries""
DETAIL:  Failing row contains (15631240, Dubinina, French, Female, 36, 8, 0, 2, t, t, 12097, 1).
"
15631310,Hsieh,French,Female,53.0,3,0.0,1,Yes,Yes,91406.62,0,"new row for relation ""bank_churn"" violates check constraint ""valid_countries""
DETAIL:  Failing row contains (15631310, Hsieh, French, Female, 53, 3, 0, 1, t, t, 91407, 0).
"
15771540,Fedorova,French,Male,38.0,9,148912.44,1,No,No,80416.16,0,"new row for relation ""bank_churn"" violates check constraint ""valid_countries""
DETAIL:  Failing row contains (15771540, Fedorova, French, Male, 38, 9, 148912, 1, f, f, 80416, 0).
"
15646566,Bell,French,Female,58.0,9,187911.55,1,Yes,Yes,35825.18,0,"new row for relation ""bank_churn"" violates check constraint ""valid_countries""
DETAIL:  Failing row contains (15646566, Bell, French, Female, 58, 9, 187912, 1, t, t, 35825, 0).
"
15645463,Udinese,FRA,Female,27.0,5,0.0,2,Yes,Yes,67494.23,0,"new row for relation ""bank_churn"" violates check constraint ""valid_countries""
DETAIL:  Failing row contains (15645463, Udinese, FRA, Female, 27, 5, 0, 2, t, t, 67494, 0).
"
15596088,Fanucci,FRA,Female,50.0,4,77065.9,2,Yes,Yes,145159.26,0,"new row for relation ""bank_churn"" violates check constraint ""valid_countries""
DETAIL:  Failing row contains (15596088, Fanucci, FRA, Female, 50, 4, 77066, 2, t, t, 145159, 0).
"
15635240,Onuoha,French,Male,42.0,1,0.0,2,No,No,23822.04,0,"new row for relation ""bank_churn"" violates check constraint ""valid_countries""
DETAIL:  Failing row contains (15635240, Onuoha, French, Male, 42, 1, 0, 2, f, f, 23822, 0).
"
15652527,Champion,French,Male,44.0,7,108724.98,1,Yes,Yes,72330.46,0,"new row for relation ""bank_churn"" violates check constraint ""valid_countries""
DETAIL:  Failing row contains (15652527, Champion, French, Male, 44, 7, 108725, 1, t, t, 72330, 0).
"
15785865,Mazzanti,French,Male,58.0,9,91285.13,2,Yes,Yes,26767.85,0,"new row for relation ""bank_churn"" violates check constraint ""valid_countries""
DETAIL:  Failing row contains (15785865, Mazzanti, French, Male, 58, 9, 91285, 2, t, t, 26768, 0).
"
15704629,Wright,FRA,Female,32.0,1,116409.55,1,Yes,Yes,152790.92,0,"new row for relation ""bank_churn"" violates check constraint ""valid_countries""
DETAIL:  Failing row contains (15704629, Wright, FRA, Female, 32, 1, 116410, 1, t, t, 152791, 0).
"
15634719,Chinwendu,FRA,Male,31.0,0,0.0,2,No,No,183038.33,0,"new row for relation ""bank_churn"" violates check constraint ""valid_countries""
DETAIL:  Failing row contains (15634719, Chinwendu, FRA, Male, 31, 0, 0, 2, f, f, 183038, 0).
"
15703205,Uwaezuoke,French,Female,46.0,5,113402.14,2,Yes,Yes,138849.06,0,"new row for relation ""bank_churn"" violates check constraint ""valid_countries""
DETAIL:  Failing row contains (15703205, Uwaezuoke, French, Female, 46, 5, 113402, 2, t, t, 138849, 0).
"
15573242,Greene,French,Male,50.0,6,136953.47,1,Yes,Yes,2704.98,0,"new row for relation ""bank_churn"" violates check constraint ""valid_countries""
DETAIL:  Failing row contains (15573242, Greene, French, Male, 50, 6, 136953, 1, t, t, 2705, 0).
"
15601892,Hunter,FRA,Male,33.0,8,0.0,2,Yes,Yes,68815.05,0,"new row for relation ""bank_churn"" violates check constraint ""valid_countries""
DETAIL:  Failing row contains (15601892, Hunter, FRA, Male, 33, 8, 0, 2, t, t, 68815, 0).
"
15663885,Blinova,FRA,Male,32.0,5,0.0,1,Yes,Yes,64839.23,0,"new row for relation ""bank_churn"" violates check constraint ""valid_countries""
DETAIL:  Failing row contains (15663885, Blinova, FRA, Male, 32, 5, 0, 1, t, t, 64839, 0).
"
15701096,De Garis,FRA,Male,44.0,8,123863.64,1,No,No,144494.94,0,"new row for relation ""bank_churn"" violates check constraint ""valid_countries""
DETAIL:  Failing row contains (15701096, De Garis, FRA, Male, 44, 8, 123864, 1, f, f, 144495, 0).
"
15744582,Randall,FRA,Female,24.0,10,0.0,3,No,No,154971.63,1,"new row for relation ""bank_churn"" violates check constraint ""valid_countries""
DETAIL:  Failing row contains (15744582, Randall, FRA, Female, 24, 10, 0, 3, f, f, 154972, 1).
"
15814209,Capon,FRA,Male,31.0,1,118870.92,1,No,No,101704.19,0,"new row for relation ""bank_churn"" violates check constraint ""valid_countries""
DETAIL:  Failing row contains (15814209, Capon, FRA, Male, 31, 1, 118871, 1, f, f, 101704, 0).
"
15755242,Rowe,French,Female,46.0,2,0.0,1,Yes,Yes,114442.66,0,"new row for relation ""bank_churn"" violates check constraint ""valid_countries""
DETAIL:  Failing row contains (15755242, Rowe, French, Female, 46, 2, 0, 1, t, t, 114443, 0).
"
15700209,Walker,French,Male,63.0,9,97009.15,1,Yes,Yes,85101.0,0,"new row for relation ""bank_churn"" violates check constraint ""valid_countries""
DETAIL:  Failing row contains (15700209, Walker, French, Male, 63, 9, 97009, 1, t, t, 85101, 0).
"
15685300,Meng,FRA,Male,35.0,6,128993.76,2,No,No,130483.56,0,"new row for relation ""bank_churn"" violates check constraint ""valid_countries""
DETAIL:  Failing row contains (15685300, Meng, FRA, Male, 35, 6, 128994, 2, f, f, 130484, 0).
"
15760102,Yeh,French,Female,36.0,5,0.0,1,No,No,183479.12,0,"new row for relation ""bank_churn"" violates check constraint ""valid_countries""
DETAIL:  Failing row contains (15760102, Yeh, French, Female, 36, 5, 0, 1, f, f, 183479, 0).
"
15653696,Goliwe,French,Female,28.0,9,0.0,2,No,No,94141.75,0,"new row for relation ""bank_churn"" violates check constraint ""valid_countries""
DETAIL:  Failing row contains (15653696, Goliwe, French, Female, 28, 9, 0, 2, f, f, 94142, 0).
"
15681196,Chikere,FRA,Male,35.0,1,172170.36,1,Yes,Yes,159777.37,0,"new row for relation ""bank_churn"" violates check constraint ""valid_countries""
DETAIL:  Failing row contains (15681196, Chikere, FRA, Male, 35, 1, 172170, 1, t, t, 159777, 0).
"
15698619,Bowhay,FRA,Male,43.0,9,0.0,2,Yes,Yes,76357.43,0,"new row for relation ""bank_churn"" violates check constraint ""valid_countries""
DETAIL:  Failing row contains (15698619, Bowhay, FRA, Male, 43, 9, 0, 2, t, t, 76357, 0).
"
15586870,Ni,FRA,Male,27.0,4,193125.85,1,Yes,Yes,152665.85,0,"new row for relation ""bank_churn"" violates check constraint ""valid_countries""
DETAIL:  Failing row contains (15586870, Ni, FRA, Male, 27, 4, 193126, 1, t, t, 152666, 0).
"
15735263,Hsueh,FRA,Male,27.0,5,51522.75,1,Yes,Yes,192131.77,0,"new row for relation ""bank_churn"" violates check constraint ""valid_countries""
DETAIL:  Failing row contains (15735263, Hsueh, FRA, Male, 27, 5, 51523, 1, t, t, 192132, 0).
"
15612615,Graham,FRA,Female,37.0,6,0.0,2,No,No,86242.18,0,"new row for relation ""bank_churn"" violates check constraint ""valid_countries""
DETAIL:  Failing row contains (15612615, Graham, FRA, Female, 37, 6, 0, 2, f, f, 86242, 0).
"
15813439,Ch'ien,FRA,Male,33.0,5,100116.82,1,No,No,34215.58,0,"new row for relation ""bank_churn"" violates check constraint ""valid_countries""
DETAIL:  Failing row contains (15813439, Ch'ien, FRA, Male, 33, 5, 100117, 1, f, f, 34216, 0).
"
15759874,Chamberlain,FRA,Male,44.0,3,148595.55,1,No,No,74838.64,1,"new row for relation ""bank_churn"" violates check constraint ""valid_countries""
DETAIL:  Failing row contains (15759874, Chamberlain, FRA, Male, 44, 3, 148596, 1, f, f, 74839, 1).
"
15756241,Yirawala,FRA,Female,44.0,2,152509.25,1,Yes,Yes,136915.15,0,"new row for relation ""bank_churn"" violates check constraint ""valid_countries""
DETAIL:  Failing row contains (15756241, Yirawala, FRA, Female, 44, 2, 152509, 1, t, t, 136915, 0).
"
15688409,Donaldson,FRA,Female,28.0,2,191864.51,1,No,No,108457.99,1,"new row for relation ""bank_churn"" violates check constraint ""valid_countries""
DETAIL:  Failing row contains (15688409, Donaldson, FRA, Female, 28, 2, 191865, 1, f, f, 108458, 1).
"
15742272,Ozerova,FRA,Female,44.0,8,96418.09,1,No,No,131609.48,1,"new row for relation ""bank_churn"" violates check constraint ""valid_countries""
DETAIL:  Failing row contains (15742272, Ozerova, FRA, Female, 44, 8, 96418, 1, f, f, 131609, 1).
"
15769582,Kang,French,Male,29.0,3,0.0,2,Yes,Yes,142238.54,0,"new row for relation ""bank_churn"" violates check constraint ""valid_countries""
DETAIL:  Failing row contains (15769582, Kang, French, Male, 29, 3, 0, 2, t, t, 142239, 0).
"
15576723,Ts'ai,FRA,Female,37.0,7,0.0,2,Yes,Yes,194270.91,0,"new row for relation ""bank_churn"" violates check constraint ""valid_countries""
DETAIL:  Failing row contains (15576723, Ts'ai, FRA, Female, 37, 7, 0, 2, t, t, 194271, 0).
"
15591577,Moran,French,Male,35.0,3,146311.58,1,Yes,Yes,105443.47,0,"new row for relation ""bank_churn"" violates check constraint ""valid_countries""
DETAIL:  Failing row contains (15591577, Moran, French, Male, 35, 3, 146312, 1, t, t, 105443, 0).
"
15582325,Jennings,FRA,Male,52.0,2,87894.26,1,No,No,173899.42,1,"new row for relation ""bank_churn"" violates check constraint ""valid_countries""
DETAIL:  Failing row contains (15582325, Jennings, FRA, Male, 52, 2, 87894, 1, f, f, 173899, 1).
"
15693947,Tokareva,FRA,Female,19.0,5,97445.49,2,No,No,122823.34,0,"new row for relation ""bank_churn"" violates check constraint ""valid_countries""
DETAIL:  Failing row contains (15693947, Tokareva, FRA, Female, 19, 5, 97445, 2, f, f, 122823, 0).
"
15760446,Pagnotto,French,Female,64.0,9,0.0,1,Yes,Yes,13181.37,1,"new row for relation ""bank_churn"" violates check constraint ""valid_countries""
DETAIL:  Failing row contains (15760446, Pagnotto, French, Female, 64, 9, 0, 1, t, t, 13181, 1).
"
15756472,Odinakachukwu,FRA,Male,25.0,7,108396.67,1,No,No,128276.95,0,"new row for relation ""bank_churn"" violates check constraint ""valid_countries""
DETAIL:  Failing row contains (15756472, Odinakachukwu, FRA, Male, 25, 7, 108397, 1, f, f, 128277, 0).
"
15733297,Sinclair,French,Female,38.0,10,84764.79,1,Yes,Yes,162253.9,0,"new row for relation ""bank_churn"" violates check constraint ""valid_countries""
DETAIL:  Failing row contains (15733297, Sinclair, French, Female, 38, 10, 84765, 1, t, t, 162254, 0).
"
15672115,Lettiere,French,Male,60.0,6,0.0,2,Yes,Yes,77331.77,0,"new row for relation ""bank_churn"" violates check constraint ""valid_countries""
DETAIL:  Failing row contains (15672115, Lettiere, French, Male, 60, 6, 0, 2, t, t, 77332, 0).
"
15679148,Oliver,French,Male,44.0,3,115451.05,2,No,No,67234.33,0,"new row for relation ""bank_churn"" violates check constraint ""valid_countries""
DETAIL:  Failing row contains (15679148, Oliver, French, Male, 44, 3, 115451, 2, f, f, 67234, 0).
"
15627697,Alekseyeva,FRA,Male,34.0,2,0.0,2,Yes,Yes,21497.27,0,"new row for relation ""bank_churn"" violates check constraint ""valid_countries""
DETAIL:  Failing row contains (15627697, Alekseyeva, FRA, Male, 34, 2, 0, 2, t, t, 21497, 0).
"
15729954,Azuka,FRA,Female,28.0,5,0.0,3,No,No,170487.4,1,"new row for relation ""bank_churn"" violates check constraint ""valid_countries""
DETAIL:  Failing row contains (15729954, Azuka, FRA, Female, 28, 5, 0, 3, f, f, 170487, 1).
"
15786200,Brock,French,Male,31.0,4,0.0,2,No,No,53520.03,0,"new row for relation ""bank_churn"" violates check constraint ""valid_countries""
DETAIL:  Failing row contains (15786200, Brock, French, Male, 31, 4, 0, 2, f, f, 53520, 0).
"
15797010,Shen,FRA,Female,31.0,2,0.0,2,No,No,15200.61,0,"new row for relation ""bank_churn"" violates check constraint ""valid_countries""
DETAIL:  Failing row contains (15797010, Shen, FRA, Female, 31, 2, 0, 2, f, f, 15201, 0).
"
15670172,Padovesi,FRA,Female,30.0,4,107879.04,1,Yes,Yes,196894.62,0,"new row for relation ""bank_churn"" violates check constraint ""valid_countries""
DETAIL:  Failing row contains (15670172, Padovesi, FRA, Female, 30, 4, 107879, 1, t, t, 196895, 0).
"
15595071,Ramos,FRA,Male,22.0,9,149777.0,1,Yes,Yes,198032.93,0,"new row for relation ""bank_churn"" violates check constraint ""valid_countries""
DETAIL:  Failing row contains (15595071, Ramos, FRA, Male, 22, 9, 149777, 1, t, t, 198033, 0).
"
15780212,Mao,FRA,Male,37.0,4,212692.97,1,No,No,176395.02,0,"new row for relation ""bank_churn"" violates check constraint ""valid_countries""
DETAIL:  Failing row contains (15780212, Mao, FRA, Male, 37, 4, 212693, 1, f, f, 176395, 0).
"
15775741,Powell,French,Female,28.0,9,0.0,2,Yes,Yes,125062.02,0,"new row for relation ""bank_churn"" violates check constraint ""valid_countries""
DETAIL:  Failing row contains (15775741, Powell, French, Female, 28, 9, 0, 2, t, t, 125062, 0).
"
15710928,McChesney,FRA,Female,55.0,8,136354.16,1,Yes,Yes,93769.89,0,"new row for relation ""bank_churn"" violates check constraint ""valid_countries""
DETAIL:  Failing row contains (15710928, McChesney, FRA, Female, 55, 8, 136354, 1, t, t, 93770, 0).
"
15682547,Lucchese,FRA,Male,38.0,1,122214.0,1,Yes,Yes,88965.46,0,"new row for relation ""bank_churn"" violates check constraint ""valid_countries""
DETAIL:  Failing row contains (15682547, Lucchese, FRA, Male, 38, 1, 122214, 1, t, t, 88965, 0).
"
15631170,Clements,FRA,Male,45.0,3,0.0,2,Yes,Yes,30793.61,0,"new row for relation ""bank_churn"" violates check constraint ""valid_countries""
DETAIL:  Failing row contains (15631170, Clements, FRA, Male, 45, 3, 0, 2, t, t, 30794, 0).
"
15783444,Endrizzi,French,Female,39.0,3,135139.33,1,Yes,Yes,113086.08,0,"new row for relation ""bank_churn"" violates check constraint ""valid_countries""
DETAIL:  Failing row contains (15783444, Endrizzi, French, Female, 39, 3, 135139, 1, t, t, 113086, 0).
"
15675422,Conway,French,Female,32.0,9,110728.39,1,Yes,Yes,14559.62,0,"new row for relation ""bank_churn"" violates check constraint ""valid_countries""
DETAIL:  Failing row contains (15675422, Conway, French, Female, 32, 9, 110728, 1, t, t, 14560, 0).
"
15608230,Hoelscher,FRA,Male,23.0,1,0.0,2,No,No,91573.19,0,"new row for relation ""bank_churn"" violates check constraint ""valid_countries""
DETAIL:  Failing row contains (15608230, Hoelscher, FRA, Male, 23, 1, 0, 2, f, f, 91573, 0).
"
15712584,Liao,French,Female,33.0,7,0.0,2,Yes,Yes,88187.81,0,"new row for relation ""bank_churn"" violates check constraint ""valid_countries""
DETAIL:  Failing row contains (15712584, Liao, French, Female, 33, 7, 0, 2, t, t, 88188, 0).
"
15644724,Fan,FRA,Male,31.0,4,58662.92,2,Yes,Yes,73322.0,0,"new row for relation ""bank_churn"" violates check constraint ""valid_countries""
DETAIL:  Failing row contains (15644724, Fan, FRA, Male, 31, 4, 58663, 2, t, t, 73322, 0).
"
15687738,Nwagugheuzo,French,Female,38.0,8,0.0,2,No,No,136620.64,0,"new row for relation ""bank_churn"" violates check constraint ""valid_countries""
DETAIL:  Failing row contains (15687738, Nwagugheuzo, French, Female, 38, 8, 0, 2, f, f, 136621, 0).
"
15576126,Young,FRA,Female,41.0,2,125785.23,1,Yes,Yes,70523.92,0,"new row for relation ""bank_churn"" violates check constraint ""valid_countries""
DETAIL:  Failing row contains (15576126, Young, FRA, Female, 41, 2, 125785, 1, t, t, 70524, 0).
"
15655794,Hanna,French,Male,36.0,8,0.0,2,Yes,Yes,145937.99,0,"new row for relation ""bank_churn"" violates check constraint ""valid_countries""
DETAIL:  Failing row contains (15655794, Hanna, French, Male, 36, 8, 0, 2, t, t, 145938, 0).
"
15599829,Padovesi,French,Female,35.0,10,0.0,2,Yes,Yes,25161.61,0,"new row for relation ""bank_churn"" violates check constraint ""valid_countries""
DETAIL:  Failing row contains (15599829, Padovesi, French, Female, 35, 10, 0, 2, t, t, 25162, 0).
"
15671124,Buccho,FRA,Male,25.0,6,120383.41,1,Yes,Yes,24903.09,0,"new row for relation ""bank_churn"" violates check constraint ""valid_countries""
DETAIL:  Failing row contains (15671124, Buccho, FRA, Male, 25, 6, 120383, 1, t, t, 24903, 0).
"
15720671,Ibezimako,French,Male,42.0,8,129735.3,2,Yes,Yes,179565.57,0,"new row for relation ""bank_churn"" violates check constraint ""valid_countries""
DETAIL:  Failing row contains (15720671, Ibezimako, French, Male, 42, 8, 129735, 2, t, t, 179566, 0).
"
15774491,Ross,FRA,Female,28.0,6,0.0,2,No,No,48131.92,0,"new row for relation ""bank_churn"" violates check constraint ""valid_countries""
DETAIL:  Failing row contains (15774491, Ross, FRA, Female, 28, 6, 0, 2, f, f, 48132, 0).
"
15765806,Wu,FRA,Male,29.0,1,144591.96,1,Yes,Yes,196293.76,0,"new row for relation ""bank_churn"" violates check constraint ""valid_countries""
DETAIL:  Failing row contains (15765806, Wu, FRA, Male, 29, 1, 144592, 1, t, t, 196294, 0).
"
15566708,Chidalu,French,Female,45.0,4,0.0,2,No,No,161653.5,1,"new row for relation ""bank_churn"" violates check constraint ""valid_countries""
DETAIL:  Failing row contains (15566708, Chidalu, French, Female, 45, 4, 0, 2, f, f, 161654, 1).
"
15668347,Ingram,FRA,Male,36.0,6,0.0,2,No,No,84635.64,0,"new row for relation ""bank_churn"" violates check constraint ""valid_countries""
DETAIL:  Failing row contains (15668347, Ingram, FRA, Male, 36, 6, 0, 2, f, f, 84636, 0).
"
15597265,Mao,French,Male,38.0,7,0.0,2,Yes,Yes,146585.53,0,"new row for relation ""bank_churn"" violates check constraint ""valid_countries""
DETAIL:  Failing row contains (15597265, Mao, French, Male, 38, 7, 0, 2, t, t, 146586, 0).
"
15733876,Schneider,French,Male,36.0,9,0.0,2,Yes,Yes,40062.29,0,"new row for relation ""bank_churn"" violates check constraint ""valid_countries""
DETAIL:  Failing row contains (15733876, Schneider, French, Male, 36, 9, 0, 2, t, t, 40062, 0).
"
15713379,Anderson,FRA,Male,26.0,4,0.0,2,Yes,Yes,197594.34,0,"new row for relation ""bank_churn"" violates check constraint ""valid_countries""
DETAIL:  Failing row contains (15713379, Anderson, FRA, Male, 26, 4, 0, 2, t, t, 197594, 0).
"
15693347,Gardener,French,Female,32.0,5,0.0,2,Yes,Yes,75465.41,0,"new row for relation ""bank_churn"" violates check constraint ""valid_countries""
DETAIL:  Failing row contains (15693347, Gardener, French, Female, 32, 5, 0, 2, t, t, 75465, 0).
"
15650034,Kudryashova,French,Female,28.0,1,0.0,1,Yes,Yes,162428.05,0,"new row for relation ""bank_churn"" violates check constraint ""valid_countries""
DETAIL:  Failing row contains (15650034, Kudryashova, French, Female, 28, 1, 0, 1, t, t, 162428, 0).
"
15771417,Thomas,French,Male,43.0,7,132412.38,1,No,No,69584.3,1,"new row for relation ""bank_churn"" violates check constraint ""valid_countries""
DETAIL:  Failing row contains (15771417, Thomas, French, Male, 43, 7, 132412, 1, f, f, 69584, 1).
"
15700487,Osonduagwuike,FRA,Male,46.0,6,118022.06,3,No,No,162643.15,1,"new row for relation ""bank_churn"" violates check constraint ""valid_countries""
DETAIL:  Failing row contains (15700487, Osonduagwuike, FRA, Male, 46, 6, 118022, 3, f, f, 162643, 1).
"
15742820,Trevisano,French,Female,45.0,2,0.0,2,Yes,Yes,170621.55,0,"new row for relation ""bank_churn"" violates check constraint ""valid_countries""
DETAIL:  Failing row contains (15742820, Trevisano, French, Female, 45, 2, 0, 2, t, t, 170622, 0).
"
15597930,Wilson,French,Male,52.0,8,59669.43,1,No,No,172495.81,1,"new row for relation ""bank_churn"" violates check constraint ""valid_countries""
DETAIL:  Failing row contains (15597930, Wilson, French, Male, 52, 8, 59669, 1, f, f, 172496, 1).
"
15775662,McKay,FRA,Male,43.0,8,121911.59,1,No,No,193312.33,0,"new row for relation ""bank_churn"" violates check constraint ""valid_countries""
DETAIL:  Failing row contains (15775662, McKay, FRA, Male, 43, 8, 121912, 1, f, f, 193312, 0).
"
15646817,Chiekwugo,FRA,Male,51.0,9,156773.78,2,No,No,40257.79,0,"new row for relation ""bank_churn"" violates check constraint ""valid_countries""
DETAIL:  Failing row contains (15646817, Chiekwugo, FRA, Male, 51, 9, 156774, 2, f, f, 40258, 0).
"
15751175,Bess,French,Female,44.0,2,0.0,2,Yes,Yes,58652.23,0,"new row for relation ""bank_churn"" violates check constraint ""valid_countries""
DETAIL:  Failing row contains (15751175, Bess, French, Female, 44, 2, 0, 2, t, t, 58652, 0).
"
15618936,MacDonald,French,Female,51.0,5,0.0,1,No,No,91624.11,1,"new row for relation ""bank_churn"" violates check constraint ""valid_countries""
DETAIL:  Failing row contains (15618936, MacDonald, French, Female, 51, 5, 0, 1, f, f, 91624, 1).
"
15780128,Ogbonnaya,FRA,Male,33.0,3,144427.96,2,No,No,113845.19,0,"new row for relation ""bank_churn"" violates check constraint ""valid_countries""
DETAIL:  Failing row contains (15780128, Ogbonnaya, FRA, Male, 33, 3, 144428, 2, f, f, 113845, 0).
"
15615991,Udegbulam,FRA,Male,42.0,7,99263.09,1,Yes,Yes,67607.9,0,"new row for relation ""bank_churn"" violates check constraint ""valid_countries""
DETAIL:  Failing row contains (15615991, Udegbulam, FRA, Male, 42, 7, 99263, 1, t, t, 67608, 0).
"
15757001,Mai,FRA,Female,32.0,2,79368.87,2,Yes,Yes,145471.94,0,"new row for relation ""bank_churn"" violates check constraint ""valid_countries""
DETAIL:  Failing row contains (15757001, Mai, FRA, Female, 32, 2, 79369, 2, t, t, 145472, 0).
"
15581620,Franklin,FRA,Male,28.0,2,0.0,3,Yes,Yes,78707.97,0,"new row for relation ""bank_churn"" violates check constraint ""valid_countries""
DETAIL:  Failing row contains (15581620, Franklin, FRA, Male, 28, 2, 0, 3, t, t, 78708, 0).
"
15643496,Randolph,French,Female,34.0,5,74197.38,2,No,No,96875.52,0,"new row for relation ""bank_churn"" violates check constraint ""valid_countries""
DETAIL:  Failing row contains (15643496, Randolph, French, Female, 34, 5, 74197, 2, f, f, 96876, 0).
"
15813916,Kudryashova,FRA,Female,31.0,1,89688.94,1,Yes,Yes,152305.47,0,"new row for relation ""bank_churn"" violates check constraint ""valid_countries""
DETAIL:  Failing row contains (15813916, Kudryashova, FRA, Female, 31, 1, 89689, 1, t, t, 152305, 0).
"
15667938,Hurst,FRA,Male,32.0,9,149136.31,2,Yes,Yes,16402.11,0,"new row for relation ""bank_churn"" violates check constraint ""valid_countries""
DETAIL:  Failing row contains (15667938, Hurst, FRA, Male, 32, 9, 149136, 2, t, t, 16402, 0).
"
15576360,Ch'iu,French,Male,40.0,1,141136.79,1,Yes,Yes,67803.83,0,"new row for relation ""bank_churn"" violates check constraint ""valid_countries""
DETAIL:  Failing row contains (15576360, Ch'iu, French, Male, 40, 1, 141137, 1, t, t, 67804, 0).
"
15628813,King,French,Female,43.0,4,152341.55,1,No,No,9241.78,0,"new row for relation ""bank_churn"" violates check constraint ""valid_countries""
DETAIL:  Failing row contains (15628813, King, French, Female, 43, 4, 152342, 1, f, f, 9242, 0).
"
15758171,Tien,French,Male,20.0,4,0.0,1,Yes,Yes,55763.66,0,"new row for relation ""bank_churn"" violates check constraint ""valid_countries""
DETAIL:  Failing row contains (15758171, Tien, French, Male, 20, 4, 0, 1, t, t, 55764, 0).
"
15768455,Young,FRA,Male,60.0,8,0.0,2,Yes,Yes,51380.9,0,"new row for relation ""bank_churn"" violates check constraint ""valid_countries""
DETAIL:  Failing row contains (15768455, Young, FRA, Male, 60, 8, 0, 2, t, t, 51381, 0).
"
15748473,Curnow,French,Male,38.0,5,0.0,2,No,No,66256.27,0,"new row for relation ""bank_churn"" violates check constraint ""valid_countries""
DETAIL:  Failing row contains (15748473, Curnow, French, Male, 38, 5, 0, 2, f, f, 66256, 0).
"
15713608,Tuan,FRA,Female,41.0,5,0.0,2,Yes,Yes,34827.43,0,"new row for relation ""bank_churn"" violates check constraint ""valid_countries""
DETAIL:  Failing row contains (15713608, Tuan, FRA, Female, 41, 5, 0, 2, t, t, 34827, 0).
"
15579262,Shearston,French,Male,41.0,9,0.0,1,No,No,22074.48,0,"new row for relation ""bank_churn"" violates check constraint ""valid_countries""
DETAIL:  Failing row contains (15579262, Shearston, French, Male, 41, 9, 0, 1, f, f, 22074, 0).
"
15610426,Tien,FRA,Female,39.0,5,81042.42,1,Yes,Yes,109805.17,0,"new row for relation ""bank_churn"" violates check constraint ""valid_countries""
DETAIL:  Failing row contains (15610426, Tien, FRA, Female, 39, 5, 81042, 1, t, t, 109805, 0).
"
15776454,Hamilton,FRA,Female,48.0,5,0.0,1,No,No,100478.6,1,"new row for relation ""bank_churn"" violates check constraint ""valid_countries""
DETAIL:  Failing row contains (15776454, Hamilton, FRA, Female, 48, 5, 0, 1, f, f, 100479, 1).
"
15648489,Ting,FRA,Male,53.0,4,199689.49,1,Yes,Yes,24207.86,1,"new row for relation ""bank_churn"" violates check constraint ""valid_countries""
DETAIL:  Failing row contains (15648489, Ting, FRA, Male, 53, 4, 199689, 1, t, t, 24208, 1).
"
15662434,Zhdanova,French,Male,25.0,3,0.0,2,No,No,187048.72,0,"new row for relation ""bank_churn"" violates check constraint ""valid_countries""
DETAIL:  Failing row contains (15662434, Zhdanova, French, Male, 25, 3, 0, 2, f, f, 187049, 0).
"
15705890,Nebechukwu,French,Male,45.0,7,142072.02,1,No,No,37013.29,0,"new row for relation ""bank_churn"" violates check constraint ""valid_countries""
DETAIL:  Failing row contains (15705890, Nebechukwu, French, Male, 45, 7, 142072, 1, f, f, 37013, 0).
"
15711398,Fetherstonhaugh,French,Female,25.0,6,0.0,2,No,No,89566.64,0,"new row for relation ""bank_churn"" violates check constraint ""valid_countries""
DETAIL:  Failing row contains (15711398, Fetherstonhaugh, French, Female, 25, 6, 0, 2, f, f, 89567, 0).
"
15659175,Severson,French,Female,43.0,9,0.0,2,No,No,18066.69,0,"new row for relation ""bank_churn"" violates check constraint ""valid_countries""
DETAIL:  Failing row contains (15659175, Severson, French, Female, 43, 9, 0, 2, f, f, 18067, 0).
"
15590228,Greenwalt,FRA,Male,21.0,6,76467.16,1,Yes,Yes,173511.72,0,"new row for relation ""bank_churn"" violates check constraint ""valid_countries""
DETAIL:  Failing row contains (15590228, Greenwalt, FRA, Male, 21, 6, 76467, 1, t, t, 173512, 0).
"
15594084,Anderson,French,Male,22.0,9,0.0,2,No,No,74405.34,0,"new row for relation ""bank_churn"" violates check constraint ""valid_countries""
DETAIL:  Failing row contains (15594084, Anderson, French, Male, 22, 9, 0, 2, f, f, 74405, 0).
"
15721917,Chuang,French,Female,38.0,8,95139.41,1,Yes,Yes,86575.46,0,"new row for relation ""bank_churn"" violates check constraint ""valid_countries""
DETAIL:  Failing row contains (15721917, Chuang, French, Female, 38, 8, 95139, 1, t, t, 86575, 0).
"
15776047,Nicholls,French,Female,29.0,3,0.0,2,Yes,Yes,153392.28,0,"new row for relation ""bank_churn"" violates check constraint ""valid_countries""
DETAIL:  Failing row contains (15776047, Nicholls, French, Female, 29, 3, 0, 2, t, t, 153392, 0).
"
15630402,Nebechukwu,FRA,Female,31.0,9,0.0,1,Yes,Yes,5719.11,0,"new row for relation ""bank_churn"" violates check constraint ""valid_countries""
DETAIL:  Failing row contains (15630402, Nebechukwu, FRA, Female, 31, 9, 0, 1, t, t, 5719, 0).
"
15701291,Chidubem,FRA,Male,44.0,3,0.0,2,No,No,30607.11,0,"new row for relation ""bank_churn"" violates check constraint ""valid_countries""
DETAIL:  Failing row contains (15701291, Chidubem, FRA, Male, 44, 3, 0, 2, f, f, 30607, 0).
"
15606836,Lombardo,FRA,Female,33.0,2,94493.03,1,Yes,Yes,101866.39,0,"new row for relation ""bank_churn"" violates check constraint ""valid_countries""
DETAIL:  Failing row contains (15606836, Lombardo, FRA, Female, 33, 2, 94493, 1, t, t, 101866, 0).
"
15624510,Tien,FRA,Male,52.0,6,139781.06,1,No,No,27445.4,1,"new row for relation ""bank_churn"" violates check constraint ""valid_countries""
DETAIL:  Failing row contains (15624510, Tien, FRA, Male, 52, 6, 139781, 1, f, f, 27445, 1).
"
15810944,Bryant,French,Female,35.0,7,0.0,2,No,No,70760.69,0,"new row for relation ""bank_churn"" violates check constraint ""valid_countries""
DETAIL:  Failing row contains (15810944, Bryant, French, Female, 35, 7, 0, 2, f, f, 70761, 0).
"
15603246,Genovesi,FRA,Male,73.0,2,170241.7,2,Yes,Yes,165407.96,0,"new row for relation ""bank_churn"" violates check constraint ""valid_countries""
DETAIL:  Failing row contains (15603246, Genovesi, FRA, Male, 73, 2, 170242, 2, t, t, 165408, 0).
"
15728773,Hsieh,FRA,Female,47.0,7,0.0,2,Yes,Yes,45978.39,0,"new row for relation ""bank_churn"" violates check constraint ""valid_countries""
DETAIL:  Failing row contains (15728773, Hsieh, FRA, Female, 47, 7, 0, 2, t, t, 45978, 0).
"
15598044,Debellis,French,Female,35.0,3,0.0,1,Yes,Yes,152012.36,0,"new row for relation ""bank_churn"" violates check constraint ""valid_countries""
DETAIL:  Failing row contains (15598044, Debellis, French, Female, 35, 3, 0, 1, t, t, 152012, 0).
"
15570769,Kibble,FRA,Male,69.0,9,93320.8,1,Yes,Yes,24489.44,0,"new row for relation ""bank_churn"" violates check constraint ""valid_countries""
DETAIL:  Failing row contains (15570769, Kibble, FRA, Male, 69, 9, 93321, 1, t, t, 24489, 0).
"
15746139,Enemuo,French,Male,33.0,2,139451.67,1,No,No,63142.12,0,"new row for relation ""bank_churn"" violates check constraint ""valid_countries""
DETAIL:  Failing row contains (15746139, Enemuo, French, Male, 33, 2, 139452, 1, f, f, 63142, 0).
"
15704987,Lu,French,Female,52.0,8,49113.75,1,No,No,41858.43,0,"new row for relation ""bank_churn"" violates check constraint ""valid_countries""
DETAIL:  Failing row contains (15704987, Lu, French, Female, 52, 8, 49114, 1, f, f, 41858, 0).
"
15697686,Stewart,FRA,Female,40.0,6,0.0,2,Yes,Yes,84151.98,0,"new row for relation ""bank_churn"" violates check constraint ""valid_countries""
DETAIL:  Failing row contains (15697686, Stewart, FRA, Female, 40, 6, 0, 2, t, t, 84152, 0).
"
15733883,Ward,French,Male,28.0,7,0.0,2,No,No,58595.64,0,"new row for relation ""bank_churn"" violates check constraint ""valid_countries""
DETAIL:  Failing row contains (15733883, Ward, French, Male, 28, 7, 0, 2, f, f, 58596, 0).
"
15704583,Chikwado,French,Male,56.0,2,0.0,1,No,No,114522.68,1,"new row for relation ""bank_churn"" violates check constraint ""valid_countries""
DETAIL:  Failing row contains (15704583, Chikwado, French, Male, 56, 2, 0, 1, f, f, 114523, 1).
"
15714658,Yates,FRA,Female,33.0,4,0.0,2,Yes,Yes,73371.65,0,"new row for relation ""bank_churn"" violates check constraint ""valid_countries""
DETAIL:  Failing row contains (15714658, Yates, FRA, Female, 33, 4, 0, 2, t, t, 73372, 0).
"
15633531,Lavrov,French,Female,76.0,9,138489.66,1,Yes,Yes,68400.14,0,"new row for relation ""bank_churn"" violates check constraint ""valid_countries""
DETAIL:  Failing row contains (15633531, Lavrov, French, Female, 76, 9, 138490, 1, t, t, 68400, 0).
"
15669656,Macdonald,French,Male,32.0,6,111589.33,1,Yes,Yes,170382.99,0,"new row for relation ""bank_churn"" violates check constraint ""valid_countries""
DETAIL:  Failing row contains (15669656, Macdonald, French, Male, 32, 6, 111589, 1, t, t, 170383, 0).
"
15724858,Begum,French,Female,54.0,9,0.0,1,No,No,191212.63,1,"new row for relation ""bank_churn"" violates check constraint ""valid_countries""
DETAIL:  Failing row contains (15724858, Begum, French, Female, 54, 9, 0, 1, f, f, 191213, 1).
"
15690188,Maclean,FRA,Male,33.0,7,0.0,1,Yes,Yes,58043.02,1,"new row for relation ""bank_churn"" violates check constraint ""valid_countries""
DETAIL:  Failing row contains (15690188, Maclean, FRA, Male, 33, 7, 0, 1, t, t, 58043, 1).
"
15671766,Enyinnaya,French,Male,44.0,10,118577.24,1,Yes,Yes,31448.52,0,"new row for relation ""bank_churn"" violates check constraint ""valid_countries""
DETAIL:  Failing row contains (15671766, Enyinnaya, French, Male, 44, 10, 118577, 1, t, t, 31449, 0).
"
15764419,Langdon,FRA,Male,27.0,5,0.0,2,Yes,Yes,116081.93,0,"new row for relation ""bank_churn"" violates check constraint ""valid_countries""
DETAIL:  Failing row contains (15764419, Langdon, FRA, Male, 27, 5, 0, 2, t, t, 116082, 0).
"
15591915,Frolov,French,Female,39.0,2,0.0,1,Yes,Yes,73669.94,1,"new row for relation ""bank_churn"" violates check constraint ""valid_countries""
DETAIL:  Failing row contains (15591915, Frolov, French, Female, 39, 2, 0, 1, t, t, 73670, 1).
"
15639277,Lin,FRA,Female,41.0,9,0.0,1,No,No,13160.03,0,"new row for relation ""bank_churn"" violates check constraint ""valid_countries""
DETAIL:  Failing row contains (15639277, Lin, FRA, Female, 41, 9, 0, 1, f, f, 13160, 0).
"
15793813,Onochie,FRA,Male,36.0,7,103688.19,1,Yes,Yes,118971.74,0,"new row for relation ""bank_churn"" violates check constraint ""valid_countries""
DETAIL:  Failing row contains (15793813, Onochie, FRA, Male, 36, 7, 103688, 1, t, t, 118972, 0).
"
15694395,Ts'ui,French,Female,29.0,1,138740.24,2,No,No,154700.61,0,"new row for relation ""bank_churn"" violates check constraint ""valid_countries""
DETAIL:  Failing row contains (15694395, Ts'ui, French, Female, 29, 1, 138740, 2, f, f, 154701, 0).
"
15649136,Williamson,FRA,Female,43.0,6,0.0,2,Yes,Yes,16301.91,0,"new row for relation ""bank_churn"" violates check constraint ""valid_countries""
DETAIL:  Failing row contains (15649136, Williamson, FRA, Female, 43, 6, 0, 2, t, t, 16302, 0).
"
15775562,Shoobridge,FRA,Female,33.0,5,0.0,2,No,No,126962.41,0,"new row for relation ""bank_churn"" violates check constraint ""valid_countries""
DETAIL:  Failing row contains (15775562, Shoobridge, FRA, Female, 33, 5, 0, 2, f, f, 126962, 0).
"
15642885,Gray,FRA,Male,30.0,8,0.0,2,No,No,199644.2,0,"new row for relation ""bank_churn"" violates check constraint ""valid_countries""
DETAIL:  Failing row contains (15642885, Gray, FRA, Male, 30, 8, 0, 2, f, f, 199644, 0).
"
15789109,Watson,FRA,Female,41.0,10,0.0,1,Yes,Yes,144272.71,1,"new row for relation ""bank_churn"" violates check constraint ""valid_countries""
DETAIL:  Failing row contains (15789109, Watson, FRA, Female, 41, 10, 0, 1, t, t, 144273, 1).
"
15814004,Fyodorova,French,Male,29.0,2,0.0,2,Yes,Yes,98320.27,0,"new row for relation ""bank_churn"" violates check constraint ""valid_countries""
DETAIL:  Failing row contains (15814004, Fyodorova, French, Male, 29, 2, 0, 2, t, t, 98320, 0).
"
15673619,Bazhenov,French,Male,25.0,9,162560.32,1,No,No,64129.03,0,"new row for relation ""bank_churn"" violates check constraint ""valid_countries""
DETAIL:  Failing row contains (15673619, Bazhenov, French, Male, 25, 9, 162560, 1, f, f, 64129, 0).
"
15605000,John,French,Male,38.0,9,140278.99,3,Yes,Yes,171457.06,1,"new row for relation ""bank_churn"" violates check constraint ""valid_countries""
DETAIL:  Failing row contains (15605000, John, French, Male, 38, 9, 140279, 3, t, t, 171457, 1).
"
15718071,Tuan,French,Female,51.0,3,0.0,2,Yes,Yes,15801.02,0,"new row for relation ""bank_churn"" violates check constraint ""valid_countries""
DETAIL:  Failing row contains (15718071, Tuan, French, Female, 51, 3, 0, 2, t, t, 15801, 0).
"
15577178,Genovese,French,Male,45.0,5,68375.27,1,No,No,193160.25,1,"new row for relation ""bank_churn"" violates check constraint ""valid_countries""
DETAIL:  Failing row contains (15577178, Genovese, French, Male, 45, 5, 68375, 1, f, f, 193160, 1).
"
15595228,Wanliss,FRA,Male,45.0,7,0.0,1,Yes,Yes,52885.23,1,"new row for relation ""bank_churn"" violates check constraint ""valid_countries""
DETAIL:  Failing row contains (15595228, Wanliss, FRA, Male, 45, 7, 0, 1, t, t, 52885, 1).
"
15651983,Fang,French,Female,56.0,9,128882.49,1,Yes,Yes,196241.94,1,"new row for relation ""bank_churn"" violates check constraint ""valid_countries""
DETAIL:  Failing row contains (15651983, Fang, French, Female, 56, 9, 128882, 1, t, t, 196242, 1).
"
15774179,Sutherland,FRA,Male,37.0,6,0.0,2,Yes,Yes,126477.41,0,"new row for relation ""bank_churn"" violates check constraint ""valid_countries""
DETAIL:  Failing row contains (15774179, Sutherland, FRA, Male, 37, 6, 0, 2, t, t, 126477, 0).
"
15667265,Cavenagh,FRA,Male,39.0,4,121404.64,1,Yes,Yes,159618.17,0,"new row for relation ""bank_churn"" violates check constraint ""valid_countries""
DETAIL:  Failing row contains (15667265, Cavenagh, FRA, Male, 39, 4, 121405, 1, t, t, 159618, 0).
"
15595917,Mackay,French,Female,35.0,1,102097.33,1,Yes,Yes,168285.85,0,"new row for relation ""bank_churn"" violates check constraint ""valid_countries""
DETAIL:  Failing row contains (15595917, Mackay, French, Female, 35, 1, 102097, 1, t, t, 168286, 0).
"
15668385,Dellucci,French,Male,40.0,1,154863.15,1,Yes,Yes,138052.51,0,"new row for relation ""bank_churn"" violates check constraint ""valid_countries""
DETAIL:  Failing row contains (15668385, Dellucci, French, Male, 40, 1, 154863, 1, t, t, 138053, 0).
"
15694946,Hanson,French,Male,35.0,9,0.0,2,Yes,Yes,195580.28,0,"new row for relation ""bank_churn"" violates check constraint ""valid_countries""
DETAIL:  Failing row contains (15694946, Hanson, French, Male, 35, 9, 0, 2, t, t, 195580, 0).
"
15684801,Abbott,FRA,Male,47.0,1,93871.95,3,No,No,156878.42,1,"new row for relation ""bank_churn"" violates check constraint ""valid_countries""
DETAIL:  Failing row contains (15684801, Abbott, FRA, Male, 47, 1, 93872, 3, f, f, 156878, 1).
"
15786993,Lung,FRA,Female,51.0,5,0.0,2,Yes,Yes,184524.74,0,"new row for relation ""bank_churn"" violates check constraint ""valid_countries""
DETAIL:  Failing row contains (15786993, Lung, FRA, Female, 51, 5, 0, 2, t, t, 184525, 0).
"
15710257,Matveyeva,FRA,Female,39.0,3,130786.92,1,Yes,Yes,121316.07,0,"new row for relation ""bank_churn"" violates check constraint ""valid_countries""
DETAIL:  Failing row contains (15710257, Matveyeva, FRA, Female, 39, 3, 130787, 1, t, t, 121316, 0).
"
15766289,Dickinson,French,Male,47.0,5,142669.93,2,No,No,162760.96,0,"new row for relation ""bank_churn"" violates check constraint ""valid_countries""
DETAIL:  Failing row contains (15766289, Dickinson, French, Male, 47, 5, 142670, 2, f, f, 162761, 0).
"
15593014,Evseyev,FRA,Male,33.0,1,112833.35,1,Yes,Yes,175178.56,0,"new row for relation ""bank_churn"" violates check constraint ""valid_countries""
DETAIL:  Failing row contains (15593014, Evseyev, FRA, Male, 33, 1, 112833, 1, t, t, 175179, 0).
"
15584545,Aksenov,FRA,Female,40.0,5,0.0,2,Yes,Yes,177099.71,0,"new row for relation ""bank_churn"" violates check constraint ""valid_countries""
DETAIL:  Failing row contains (15584545, Aksenov, FRA, Female, 40, 5, 0, 2, t, t, 177100, 0).
"
15697997,Jamieson,French,Male,33.0,5,164704.38,1,Yes,Yes,180716.1,1,"new row for relation ""bank_churn"" violates check constraint ""valid_countries""
DETAIL:  Failing row contains (15697997, Jamieson, French, Male, 33, 5, 164704, 1, t, t, 180716, 1).
"
15665416,Ferri,French,Male,62.0,10,119096.55,1,Yes,Yes,116977.89,0,"new row for relation ""bank_churn"" violates check constraint ""valid_countries""
DETAIL:  Failing row contains (15665416, Ferri, French, Male, 62, 10, 119097, 1, t, t, 116978, 0).
"
15660200,Mai,French,Male,31.0,1,0.0,2,Yes,Yes,185105.44,0,"new row for relation ""bank_churn"" violates check constraint ""valid_countries""
DETAIL:  Failing row contains (15660200, Mai, French, Male, 31, 1, 0, 2, t, t, 185105, 0).
"
15619653,Hannaford,French,Male,47.0,2,0.0,1,No,No,35046.97,1,"new row for relation ""bank_churn"" violates check constraint ""valid_countries""
DETAIL:  Failing row contains (15619653, Hannaford, French, Male, 47, 2, 0, 1, f, f, 35047, 1).
"
15811613,Voss,FRA,Female,27.0,8,0.0,1,No,No,20066.38,0,"new row for relation ""bank_churn"" violates check constraint ""valid_countries""
DETAIL:  Failing row contains (15811613, Voss, FRA, Female, 27, 8, 0, 1, f, f, 20066, 0).
"
15741049,Colebatch,FRA,Male,29.0,7,0.0,2,Yes,Yes,55473.15,0,"new row for relation ""bank_churn"" violates check constraint ""valid_countries""
DETAIL:  Failing row contains (15741049, Colebatch, FRA, Male, 29, 7, 0, 2, t, t, 55473, 0).
"
15724423,Wilson,FRA,Female,38.0,6,107193.82,2,No,No,38962.94,0,"new row for relation ""bank_churn"" violates check constraint ""valid_countries""
DETAIL:  Failing row contains (15724423, Wilson, FRA, Female, 38, 6, 107194, 2, f, f, 38963, 0).
"
15574305,T'ang,FRA,Male,36.0,3,116275.12,1,Yes,Yes,63795.8,0,"new row for relation ""bank_churn"" violates check constraint ""valid_countries""
DETAIL:  Failing row contains (15574305, T'ang, FRA, Male, 36, 3, 116275, 1, t, t, 63796, 0).
"
15697020,Hs?eh,French,Male,39.0,2,91068.56,1,No,No,26578.69,0,"new row for relation ""bank_churn"" violates check constraint ""valid_countries""
DETAIL:  Failing row contains (15697020, Hs?eh, French, Male, 39, 2, 91069, 1, f, f, 26579, 0).
"
15745232,Chikelu,French,Female,39.0,6,0.0,2,Yes,Yes,140497.67,0,"new row for relation ""bank_churn"" violates check constraint ""valid_countries""
DETAIL:  Failing row contains (15745232, Chikelu, French, Female, 39, 6, 0, 2, t, t, 140498, 0).
"
15578006,Yao,FRA,Female,85.0,10,0.0,2,Yes,Yes,116537.96,0,"new row for relation ""bank_churn"" violates check constraint ""valid_countries""
DETAIL:  Failing row contains (15578006, Yao, FRA, Female, 85, 10, 0, 2, t, t, 116538, 0).
"
15668504,Lucchesi,FRA,Male,36.0,2,89800.14,1,Yes,Yes,105922.69,0,"new row for relation ""bank_churn"" violates check constraint ""valid_countries""
DETAIL:  Failing row contains (15668504, Lucchesi, FRA, Male, 36, 2, 89800, 1, t, t, 105923, 0).
"
15610403,Anderson,FRA,Male,43.0,1,106086.42,2,No,No,26900.63,0,"new row for relation ""bank_churn"" violates check constraint ""valid_countries""
DETAIL:  Failing row contains (15610403, Anderson, FRA, Male, 43, 1, 106086, 2, f, f, 26901, 0).
"
15807909,Rubensohn,FRA,Male,47.0,9,0.0,2,No,No,113163.17,0,"new row for relation ""bank_churn"" violates check constraint ""valid_countries""
DETAIL:  Failing row contains (15807909, Rubensohn, FRA, Male, 47, 9, 0, 2, f, f, 113163, 0).
"
15783029,Monaldo,FRA,Male,34.0,7,106603.74,2,Yes,Yes,26387.71,0,"new row for relation ""bank_churn"" violates check constraint ""valid_countries""
DETAIL:  Failing row contains (15783029, Monaldo, FRA, Male, 34, 7, 106604, 2, t, t, 26388, 0).
"
15746422,Muir,FRA,Female,38.0,1,0.0,1,No,No,45015.38,0,"new row for relation ""bank_churn"" violates check constraint ""valid_countries""
DETAIL:  Failing row contains (15746422, Muir, FRA, Female, 38, 1, 0, 1, f, f, 45015, 0).
"
15576219,Cameron,French,Male,32.0,4,0.0,2,Yes,Yes,6225.63,0,"new row for relation ""bank_churn"" violates check constraint ""valid_countries""
DETAIL:  Failing row contains (15576219, Cameron, French, Male, 32, 4, 0, 2, t, t, 6226, 0).
"
15699247,Chapman,FRA,Female,44.0,5,0.0,2,Yes,Yes,123977.86,1,"new row for relation ""bank_churn"" violates check constraint ""valid_countries""
DETAIL:  Failing row contains (15699247, Chapman, FRA, Female, 44, 5, 0, 2, t, t, 123978, 1).
"
15605327,Namatjira,FRA,Male,35.0,2,0.0,2,Yes,Yes,114190.3,0,"new row for relation ""bank_churn"" violates check constraint ""valid_countries""
DETAIL:  Failing row contains (15605327, Namatjira, FRA, Male, 35, 2, 0, 2, t, t, 114190, 0).
"
15610140,He,French,Female,34.0,5,0.0,2,No,No,27022.57,0,"new row for relation ""bank_churn"" violates check constraint ""valid_countries""
DETAIL:  Failing row contains (15610140, He, French, Female, 34, 5, 0, 2, f, f, 27023, 0).
"
15762605,Wall,French,Male,58.0,1,104796.54,1,Yes,Yes,154181.41,0,"new row for relation ""bank_churn"" violates check constraint ""valid_countries""
DETAIL:  Failing row contains (15762605, Wall, French, Male, 58, 1, 104797, 1, t, t, 154181, 0).
"
15598840,Moretti,French,Male,33.0,1,123082.08,1,No,No,134960.98,0,"new row for relation ""bank_churn"" violates check constraint ""valid_countries""
DETAIL:  Failing row contains (15598840, Moretti, French, Male, 33, 1, 123082, 1, f, f, 134961, 0).
"
15697574,Stewart,FRA,Female,40.0,9,0.0,3,Yes,Yes,60954.45,0,"new row for relation ""bank_churn"" violates check constraint ""valid_countries""
DETAIL:  Failing row contains (15697574, Stewart, FRA, Female, 40, 9, 0, 3, t, t, 60954, 0).
"
15614827,Sun,FRA,Male,42.0,8,104430.08,1,Yes,Yes,147557.71,0,"new row for relation ""bank_churn"" violates check constraint ""valid_countries""
DETAIL:  Failing row contains (15614827, Sun, FRA, Male, 42, 8, 104430, 1, t, t, 147558, 0).
"
15587013,Tien,FRA,Female,31.0,7,102575.04,1,Yes,Yes,11043.54,0,"new row for relation ""bank_churn"" violates check constraint ""valid_countries""
DETAIL:  Failing row contains (15587013, Tien, FRA, Female, 31, 7, 102575, 1, t, t, 11044, 0).
"
15570932,Pirozzi,FRA,Male,43.0,7,137780.74,2,Yes,Yes,119100.05,1,"new row for relation ""bank_churn"" violates check constraint ""valid_countries""
DETAIL:  Failing row contains (15570932, Pirozzi, FRA, Male, 43, 7, 137781, 2, t, t, 119100, 1).
"
15581654,Long,FRA,Male,32.0,7,0.0,2,Yes,Yes,37731.95,0,"new row for relation ""bank_churn"" violates check constraint ""valid_countries""
DETAIL:  Failing row contains (15581654, Long, FRA, Male, 32, 7, 0, 2, t, t, 37732, 0).
"
15644296,Scott,French,Female,30.0,8,105209.54,1,No,No,1852.58,0,"new row for relation ""bank_churn"" violates check constraint ""valid_countries""
DETAIL:  Failing row contains (15644296, Scott, French, Female, 30, 8, 105210, 1, f, f, 1853, 0).
"
15594577,De Luca,FRA,Male,35.0,10,0.0,2,Yes,Yes,192751.18,0,"new row for relation ""bank_churn"" violates check constraint ""valid_countries""
DETAIL:  Failing row contains (15594577, De Luca, FRA, Male, 35, 10, 0, 2, t, t, 192751, 0).
"
15814816,Kambinachi,French,Male,40.0,4,91592.06,1,No,No,141210.18,1,"new row for relation ""bank_churn"" violates check constraint ""valid_countries""
DETAIL:  Failing row contains (15814816, Kambinachi, French, Male, 40, 4, 91592, 1, f, f, 141210, 1).
"
15724402,Tyler,FRA,Female,30.0,8,0.0,2,No,No,100557.03,0,"new row for relation ""bank_churn"" violates check constraint ""valid_countries""
DETAIL:  Failing row contains (15724402, Tyler, FRA, Female, 30, 8, 0, 2, f, f, 100557, 0).
"
15571059,Martin,French,Female,54.0,3,0.0,1,No,No,130805.54,1,"new row for relation ""bank_churn"" violates check constraint ""valid_countries""
DETAIL:  Failing row contains (15571059, Martin, French, Female, 54, 3, 0, 1, f, f, 130806, 1).
"
15674206,Walker,French,Female,22.0,8,0.0,2,Yes,Yes,92606.98,0,"new row for relation ""bank_churn"" violates check constraint ""valid_countries""
DETAIL:  Failing row contains (15674206, Walker, French, Female, 22, 8, 0, 2, t, t, 92607, 0).
"
15662901,Hu,FRA,Male,37.0,2,0.0,2,Yes,Yes,67840.81,0,"new row for relation ""bank_churn"" violates check constraint ""valid_countries""
DETAIL:  Failing row contains (15662901, Hu, FRA, Male, 37, 2, 0, 2, t, t, 67841, 0).
"
15689751,Jones,French,Female,31.0,2,79589.43,1,No,No,4050.57,0,"new row for relation ""bank_churn"" violates check constraint ""valid_countries""
DETAIL:  Failing row contains (15689751, Jones, French, Female, 31, 2, 79589, 1, f, f, 4051, 0).
"
15628523,Chien,FRA,Female,24.0,3,0.0,2,Yes,Yes,198161.07,0,"new row for relation ""bank_churn"" violates check constraint ""valid_countries""
DETAIL:  Failing row contains (15628523, Chien, FRA, Female, 24, 3, 0, 2, t, t, 198161, 0).
"
15660866,Chimaobim,French,Female,29.0,3,0.0,2,No,No,2743.69,0,"new row for relation ""bank_churn"" violates check constraint ""valid_countries""
DETAIL:  Failing row contains (15660866, Chimaobim, French, Female, 29, 3, 0, 2, f, f, 2744, 0).
"
15766609,Jowers,FRA,Female,47.0,10,0.0,2,No,No,167778.62,0,"new row for relation ""bank_churn"" violates check constraint ""valid_countries""
DETAIL:  Failing row contains (15766609, Jowers, FRA, Female, 47, 10, 0, 2, f, f, 167779, 0).
"
15794566,Kirsova,FRA,Female,28.0,4,0.0,2,Yes,Yes,144423.17,1,"new row for relation ""bank_churn"" violates check constraint ""valid_countries""
DETAIL:  Failing row contains (15794566, Kirsova, FRA, Female, 28, 4, 0, 2, t, t, 144423, 1).
"
15800890,T'ien,French,Female,45.0,6,0.0,2,Yes,Yes,181204.5,0,"new row for relation ""bank_churn"" violates check constraint ""valid_countries""
DETAIL:  Failing row contains (15800890, T'ien, French, Female, 45, 6, 0, 2, t, t, 181205, 0).
"
15622478,Greaves,FRA,Female,40.0,7,105061.74,3,No,No,107815.31,1,"new row for relation ""bank_churn"" violates check constraint ""valid_countries""
DETAIL:  Failing row contains (15622478, Greaves, FRA, Female, 40, 7, 105062, 3, f, f, 107815, 1).
"
15582066,Maclean,FRA,Male,21.0,4,0.0,1,Yes,Yes,36942.35,0,"new row for relation ""bank_churn"" violates check constraint ""valid_countries""
DETAIL:  Failing row contains (15582066, Maclean, FRA, Male, 21, 4, 0, 1, t, t, 36942, 0).
"
15666675,Hsieh,FRA,Female,39.0,7,155062.8,1,Yes,Yes,16460.77,0,"new row for relation ""bank_churn"" violates check constraint ""valid_countries""
DETAIL:  Failing row contains (15666675, Hsieh, FRA, Female, 39, 7, 155063, 1, t, t, 16461, 0).
"
15789432,Mazzanti,French,Male,33.0,6,0.0,2,No,No,184954.11,0,"new row for relation ""bank_churn"" violates check constraint ""valid_countries""
DETAIL:  Failing row contains (15789432, Mazzanti, French, Male, 33, 6, 0, 2, f, f, 184954, 0).
"
15575002,Ferguson,FRA,Male,29.0,4,140720.93,1,No,No,36221.18,0,"new row for relation ""bank_churn"" violates check constraint ""valid_countries""
DETAIL:  Failing row contains (15575002, Ferguson, FRA, Male, 29, 4, 140721, 1, f, f, 36221, 0).
"
15622171,Nnamdi,French,Male,30.0,8,80964.57,2,No,No,174738.2,0,"new row for relation ""bank_churn"" violates check constraint ""valid_countries""
DETAIL:  Failing row contains (15622171, Nnamdi, French, Male, 30, 8, 80965, 2, f, f, 174738, 0).
"
15795224,Wu,FRA,Male,39.0,6,178585.46,1,No,No,67131.3,1,"new row for relation ""bank_churn"" violates check constraint ""valid_countries""
DETAIL:  Failing row contains (15795224, Wu, FRA, Male, 39, 6, 178585, 1, f, f, 67131, 1).
"
15691808,King,French,Male,43.0,7,134919.85,1,No,No,194691.95,0,"new row for relation ""bank_churn"" violates check constraint ""valid_countries""
DETAIL:  Failing row contains (15691808, King, French, Male, 43, 7, 134920, 1, f, f, 194692, 0).
"
15619407,Buckley,French,Male,39.0,4,133707.09,1,Yes,Yes,108152.75,0,"new row for relation ""bank_churn"" violates check constraint ""valid_countries""
DETAIL:  Failing row contains (15619407, Buckley, French, Male, 39, 4, 133707, 1, t, t, 108153, 0).
"
15646227,Folliero,FRA,Female,27.0,1,97893.2,1,No,No,166144.98,0,"new row for relation ""bank_churn"" violates check constraint ""valid_countries""
DETAIL:  Failing row contains (15646227, Folliero, FRA, Female, 27, 1, 97893, 1, f, f, 166145, 0).
"
15660541,Olisanugo,FRA,Male,34.0,5,127900.03,1,No,No,101737.8,0,"new row for relation ""bank_churn"" violates check constraint ""valid_countries""
DETAIL:  Failing row contains (15660541, Olisanugo, FRA, Male, 34, 5, 127900, 1, f, f, 101738, 0).
"
15753874,Kent,FRA,Male,37.0,10,143835.47,1,Yes,Yes,33326.71,0,"new row for relation ""bank_churn"" violates check constraint ""valid_countries""
DETAIL:  Failing row contains (15753874, Kent, FRA, Male, 37, 10, 143835, 1, t, t, 33327, 0).
"
15772073,Hodge,French,Male,48.0,10,0.0,1,No,No,140173.17,1,"new row for relation ""bank_churn"" violates check constraint ""valid_countries""
DETAIL:  Failing row contains (15772073, Hodge, French, Male, 48, 10, 0, 1, f, f, 140173, 1).
"
15701537,Ignatiev,FRA,Male,60.0,2,0.0,1,Yes,Yes,166513.49,1,"new row for relation ""bank_churn"" violates check constraint ""valid_countries""
DETAIL:  Failing row contains (15701537, Ignatiev, FRA, Male, 60, 2, 0, 1, t, t, 166513, 1).
"
15736228,Chambers,FRA,Female,40.0,3,129596.77,1,Yes,Yes,103232.6,0,"new row for relation ""bank_churn"" violates check constraint ""valid_countries""
DETAIL:  Failing row contains (15736228, Chambers, FRA, Female, 40, 3, 129597, 1, t, t, 103233, 0).
"
15586996,Azikiwe,FRA,Female,76.0,7,0.0,2,Yes,Yes,188772.45,0,"new row for relation ""bank_churn"" violates check constraint ""valid_countries""
DETAIL:  Failing row contains (15586996, Azikiwe, FRA, Female, 76, 7, 0, 2, t, t, 188772, 0).
"
15810075,Fang,FRA,Female,39.0,6,130694.89,2,Yes,Yes,153955.38,1,"new row for relation ""bank_churn"" violates check constraint ""valid_countries""
DETAIL:  Failing row contains (15810075, Fang, FRA, Female, 39, 6, 130695, 2, t, t, 153955, 1).
"
15724161,Sutton,FRA,Female,40.0,9,137285.26,4,No,No,77063.63,1,"new row for relation ""bank_churn"" violates check constraint ""valid_countries""
DETAIL:  Failing row contains (15724161, Sutton, FRA, Female, 40, 9, 137285, 4, f, f, 77064, 1).
"
15750056,Hyde,French,Female,29.0,6,149218.39,1,Yes,Yes,9633.01,0,"new row for relation ""bank_churn"" violates check constraint ""valid_countries""
DETAIL:  Failing row contains (15750056, Hyde, French, Female, 29, 6, 149218, 1, t, t, 9633, 0).
"
15680587,Esposito,French,Male,23.0,4,131254.81,1,No,No,20199.3,0,"new row for relation ""bank_churn"" violates check constraint ""valid_countries""
DETAIL:  Failing row contains (15680587, Esposito, French, Male, 23, 4, 131255, 1, f, f, 20199, 0).
"
15672821,Owen,FRA,Male,28.0,5,0.0,2,Yes,Yes,48606.92,0,"new row for relation ""bank_churn"" violates check constraint ""valid_countries""
DETAIL:  Failing row contains (15672821, Owen, FRA, Male, 28, 5, 0, 2, t, t, 48607, 0).
"
15721592,Barton,FRA,Female,38.0,5,0.0,2,No,No,156439.56,0,"new row for relation ""bank_churn"" violates check constraint ""valid_countries""
DETAIL:  Failing row contains (15721592, Barton, FRA, Female, 38, 5, 0, 2, f, f, 156440, 0).
"
15583137,Pope,French,Female,48.0,7,130806.99,2,Yes,Yes,132005.85,1,"new row for relation ""bank_churn"" violates check constraint ""valid_countries""
DETAIL:  Failing row contains (15583137, Pope, French, Female, 48, 7, 130807, 2, t, t, 132006, 1).
"
15680752,Horrocks,French,Female,49.0,0,0.0,1,Yes,Yes,80496.71,1,"new row for relation ""bank_churn"" violates check constraint ""valid_countries""
DETAIL:  Failing row contains (15680752, Horrocks, French, Female, 49, 0, 0, 1, t, t, 80497, 1).
"
15589449,Frye,French,Female,56.0,3,0.0,3,Yes,Yes,94248.16,1,"new row for relation ""bank_churn"" violates check constraint ""valid_countries""
DETAIL:  Failing row contains (15589449, Frye, French, Female, 56, 3, 0, 3, t, t, 94248, 1).
"
15759684,Ting,FRA,Female,27.0,7,176227.07,2,Yes,Yes,139481.53,0,"new row for relation ""bank_churn"" violates check constraint ""valid_countries""
DETAIL:  Failing row contains (15759684, Ting, FRA, Female, 27, 7, 176227, 2, t, t, 139482, 0).
"
15609669,Chuang,FRA,Female,39.0,4,109949.39,2,Yes,Yes,41268.65,0,"new row for relation ""bank_churn"" violates check constraint ""valid_countries""
DETAIL:  Failing row contains (15609669, Chuang, FRA, Female, 39, 4, 109949, 2, t, t, 41269, 0).
"
15685536,Chu,French,Female,34.0,5,0.0,2,Yes,Yes,1351.41,0,"new row for relation ""bank_churn"" violates check constraint ""valid_countries""
DETAIL:  Failing row contains (15685536, Chu, French, Female, 34, 5, 0, 2, t, t, 1351, 0).
"
15750447,Ozoemena,French,Female,60.0,10,117738.81,1,No,No,147489.76,1,"new row for relation ""bank_churn"" violates check constraint ""valid_countries""
DETAIL:  Failing row contains (15750447, Ozoemena, French, Female, 60, 10, 117739, 1, f, f, 147490, 1).
"
15734161,Nnonso,FRA,Male,43.0,6,0.0,2,No,No,43128.95,0,"new row for relation ""bank_churn"" violates check constraint ""valid_countries""
DETAIL:  Failing row contains (15734161, Nnonso, FRA, Male, 43, 6, 0, 2, f, f, 43129, 0).
"
15586757,Anenechukwu,FRA,Female,32.0,4,75170.54,1,Yes,Yes,37898.5,0,"new row for relation ""bank_churn"" violates check constraint ""valid_countries""
DETAIL:  Failing row contains (15586757, Anenechukwu, FRA, Female, 32, 4, 75171, 1, t, t, 37899, 0).
"
15596522,Meredith,French,Female,42.0,2,0.0,2,No,No,145222.93,0,"new row for relation ""bank_churn"" violates check constraint ""valid_countries""
DETAIL:  Failing row contains (15596522, Meredith, French, Female, 42, 2, 0, 2, f, f, 145223, 0).
"
15625395,Chinomso,French,Female,28.0,6,105795.9,1,Yes,Yes,41219.09,0,"new row for relation ""bank_churn"" violates check constraint ""valid_countries""
DETAIL:  Failing row contains (15625395, Chinomso, French, Female, 28, 6, 105796, 1, t, t, 41219, 0).
"
15760570,Stephenson,French,Male,32.0,5,0.0,2,No,No,59249.83,0,"new row for relation ""bank_churn"" violates check constraint ""valid_countries""
DETAIL:  Failing row contains (15760570, Stephenson, French, Male, 32, 5, 0, 2, f, f, 59250, 0).
"
15736397,Wang,FRA,Male,23.0,1,96471.2,1,No,No,35550.97,0,"new row for relation ""bank_churn"" violates check constraint ""valid_countries""
DETAIL:  Failing row contains (15736397, Wang, FRA, Male, 23, 1, 96471, 1, f, f, 35551, 0).
"
15678201,Robertson,FRA,Female,46.0,1,0.0,1,Yes,Yes,104469.06,1,"new row for relation ""bank_churn"" violates check constraint ""valid_countries""
DETAIL:  Failing row contains (15678201, Robertson, FRA, Female, 46, 1, 0, 1, t, t, 104469, 1).
"
15637593,Greco,FRA,Male,20.0,6,0.0,2,No,No,195486.28,0,"new row for relation ""bank_churn"" violates check constraint ""valid_countries""
DETAIL:  Failing row contains (15637593, Greco, FRA, Male, 20, 6, 0, 2, f, f, 195486, 0).
"
15598070,Marchesi,FRA,Female,33.0,4,135946.26,1,No,No,63170.0,0,"new row for relation ""bank_churn"" violates check constraint ""valid_countries""
DETAIL:  Failing row contains (15598070, Marchesi, FRA, Female, 33, 4, 135946, 1, f, f, 63170, 0).
"
15787550,Chao,French,Male,69.0,3,0.0,2,Yes,Yes,58320.06,0,"new row for relation ""bank_churn"" violates check constraint ""valid_countries""
DETAIL:  Failing row contains (15787550, Chao, French, Male, 69, 3, 0, 2, t, t, 58320, 0).
"
15622585,McIntyre,French,Male,26.0,7,153644.39,1,Yes,Yes,63197.88,0,"new row for relation ""bank_churn"" violates check constraint ""valid_countries""
DETAIL:  Failing row contains (15622585, McIntyre, French, Male, 26, 7, 153644, 1, t, t, 63198, 0).
"
15747097,Hs?,French,Male,35.0,10,0.0,1,Yes,Yes,23598.23,1,"new row for relation ""bank_churn"" violates check constraint ""valid_countries""
DETAIL:  Failing row contains (15747097, Hs?, French, Male, 35, 10, 0, 1, t, t, 23598, 1).
"
15684861,Thomson,French,Female,32.0,8,0.0,2,No,No,185075.63,0,"new row for relation ""bank_churn"" violates check constraint ""valid_countries""
DETAIL:  Failing row contains (15684861, Thomson, French, Female, 32, 8, 0, 2, f, f, 185076, 0).
"
15639576,Burns,French,Male,26.0,9,136623.19,1,No,No,153228.0,0,"new row for relation ""bank_churn"" violates check constraint ""valid_countries""
DETAIL:  Failing row contains (15639576, Burns, French, Male, 26, 9, 136623, 1, f, f, 153228, 0).
"
15693264,Onyinyechukwuka,FRA,Female,29.0,10,0.0,2,Yes,Yes,111285.85,0,"new row for relation ""bank_churn"" violates check constraint ""valid_countries""
DETAIL:  Failing row contains (15693264, Onyinyechukwuka, FRA, Female, 29, 10, 0, 2, t, t, 111286, 0).
"
15589715,Fulks,FRA,Female,66.0,5,0.0,1,No,No,49553.38,1,"new row for relation ""bank_churn"" violates check constraint ""valid_countries""
DETAIL:  Failing row contains (15589715, Fulks, FRA, Female, 66, 5, 0, 1, f, f, 49553, 1).
"
15769902,Christie,FRA,Female,33.0,6,0.0,2,Yes,Yes,98015.85,0,"new row for relation ""bank_churn"" violates check constraint ""valid_countries""
DETAIL:  Failing row contains (15769902, Christie, FRA, Female, 33, 6, 0, 2, t, t, 98016, 0).
"
15814553,Ball,FRA,Female,34.0,5,68999.66,2,Yes,Yes,66879.27,0,"new row for relation ""bank_churn"" violates check constraint ""valid_countries""
DETAIL:  Failing row contains (15814553, Ball, FRA, Female, 34, 5, 69000, 2, t, t, 66879, 0).
"
15664907,Alexander,French,Male,47.0,1,0.0,1,No,No,21312.16,1,"new row for relation ""bank_churn"" violates check constraint ""valid_countries""
DETAIL:  Failing row contains (15664907, Alexander, French, Male, 47, 1, 0, 1, f, f, 21312, 1).
"
15717560,Martin,FRA,Male,50.0,0,125647.36,1,No,No,57541.08,1,"new row for relation ""bank_churn"" violates check constraint ""valid_countries""
DETAIL:  Failing row contains (15717560, Martin, FRA, Male, 50, 0, 125647, 1, f, f, 57541, 1).
"
15729908,Allan,French,Female,36.0,10,0.0,1,No,No,120694.35,0,"new row for relation ""bank_churn"" violates check constraint ""valid_countries""
DETAIL:  Failing row contains (15729908, Allan, French, Female, 36, 10, 0, 1, f, f, 120694, 0).
"
15716781,Dolgorukova,FRA,Male,24.0,7,171922.72,1,Yes,Yes,178028.96,0,"new row for relation ""bank_churn"" violates check constraint ""valid_countries""
DETAIL:  Failing row contains (15716781, Dolgorukova, FRA, Male, 24, 7, 171923, 1, t, t, 178029, 0).
"
15579212,Chuang,French,Male,57.0,6,0.0,1,No,No,33676.48,1,"new row for relation ""bank_churn"" violates check constraint ""valid_countries""
DETAIL:  Failing row contains (15579212, Chuang, French, Male, 57, 6, 0, 1, f, f, 33676, 1).
"
15800515,Singh,FRA,Male,35.0,5,128653.59,1,No,No,127558.26,0,"new row for relation ""bank_churn"" violates check constraint ""valid_countries""
DETAIL:  Failing row contains (15800515, Singh, FRA, Male, 35, 5, 128654, 1, f, f, 127558, 0).
"
15587419,Shipton,FRA,Male,58.0,8,0.0,2,Yes,Yes,107665.68,1,"new row for relation ""bank_churn"" violates check constraint ""valid_countries""
DETAIL:  Failing row contains (15587419, Shipton, FRA, Male, 58, 8, 0, 2, t, t, 107666, 1).
"
15699619,Rivas,FRA,Male,31.0,10,155978.17,1,No,No,91510.71,0,"new row for relation ""bank_churn"" violates check constraint ""valid_countries""
DETAIL:  Failing row contains (15699619, Rivas, FRA, Male, 31, 10, 155978, 1, f, f, 91511, 0).
"
15671387,Fetherstonhaugh,FRA,Female,29.0,4,89349.47,2,No,No,180626.68,0,"new row for relation ""bank_churn"" violates check constraint ""valid_countries""
DETAIL:  Failing row contains (15671387, Fetherstonhaugh, FRA, Female, 29, 4, 89349, 2, f, f, 180627, 0).
"
15709183,Davidson,French,Female,58.0,3,102346.86,1,Yes,Yes,114672.64,0,"new row for relation ""bank_churn"" violates check constraint ""valid_countries""
DETAIL:  Failing row contains (15709183, Davidson, French, Female, 58, 3, 102347, 1, t, t, 114673, 0).
"
15778830,Dellucci,French,Male,31.0,2,0.0,2,No,No,173240.52,0,"new row for relation ""bank_churn"" violates check constraint ""valid_countries""
DETAIL:  Failing row contains (15778830, Dellucci, French, Male, 31, 2, 0, 2, f, f, 173241, 0).
"
15768293,Sun,FRA,Male,51.0,3,0.0,2,Yes,Yes,5552.37,0,"new row for relation ""bank_churn"" violates check constraint ""valid_countries""
DETAIL:  Failing row contains (15768293, Sun, FRA, Male, 51, 3, 0, 2, t, t, 5552, 0).
"
15574372,Hoolan,FRA,Male,35.0,5,161274.05,2,No,No,181429.87,0,"new row for relation ""bank_churn"" violates check constraint ""valid_countries""
DETAIL:  Failing row contains (15574372, Hoolan, FRA, Male, 35, 5, 161274, 2, f, f, 181430, 0).
"
15671249,Kent,French,Female,33.0,2,0.0,2,No,No,102655.31,0,"new row for relation ""bank_churn"" violates check constraint ""valid_countries""
DETAIL:  Failing row contains (15671249, Kent, French, Female, 33, 2, 0, 2, f, f, 102655, 0).
"
15611430,Abramowitz,French,Male,54.0,5,0.0,1,No,No,12847.61,1,"new row for relation ""bank_churn"" violates check constraint ""valid_countries""
DETAIL:  Failing row contains (15611430, Abramowitz, French, Male, 54, 5, 0, 1, f, f, 12848, 1).
"
15629885,Wilson,French,Female,33.0,7,118004.26,1,No,No,183983.82,0,"new row for relation ""bank_churn"" violates check constraint ""valid_countries""
DETAIL:  Failing row contains (15629885, Wilson, French, Female, 33, 7, 118004, 1, f, f, 183984, 0).
"
15596984,Pinto,French,Female,31.0,6,0.0,1,Yes,Yes,16447.6,1,"new row for relation ""bank_churn"" violates check constraint ""valid_countries""
DETAIL:  Failing row contains (15596984, Pinto, French, Female, 31, 6, 0, 1, t, t, 16448, 1).
"
15800215,Kwemtochukwu,FRA,Male,25.0,3,0.0,2,Yes,Yes,173948.4,0,"new row for relation ""bank_churn"" violates check constraint ""valid_countries""
DETAIL:  Failing row contains (15800215, Kwemtochukwu, FRA, Male, 25, 3, 0, 2, t, t, 173948, 0).
"
15749381,Yu,FRA,Female,41.0,2,126619.27,1,No,No,198224.38,0,"new row for relation ""bank_churn"" violates check constraint ""valid_countries""
DETAIL:  Failing row contains (15749381, Yu, FRA, Female, 41, 2, 126619, 1, f, f, 198224, 0).
"
15715622,To Rot,French,Female,57.0,3,238387.56,1,Yes,Yes,147964.99,1,"new row for relation ""bank_churn"" violates check constraint ""valid_countries""
DETAIL:  Failing row contains (15715622, To Rot, French, Female, 57, 3, 238388, 1, t, t, 147965, 1).
"
15707634,Anenechukwu,French,Female,32.0,2,108698.96,2,Yes,Yes,161069.73,0,"new row for relation ""bank_churn"" violates check constraint ""valid_countries""
DETAIL:  Failing row contains (15707634, Anenechukwu, French, Female, 32, 2, 108699, 2, t, t, 161070, 0).
"
15672330,Lear,French,Female,31.0,1,0.0,2,Yes,Yes,130446.65,0,"new row for relation ""bank_churn"" violates check constraint ""valid_countries""
DETAIL:  Failing row contains (15672330, Lear, French, Female, 31, 1, 0, 2, t, t, 130447, 0).
"
15668521,Jamieson,FRA,Male,37.0,1,0.0,2,Yes,Yes,82867.55,0,"new row for relation ""bank_churn"" violates check constraint ""valid_countries""
DETAIL:  Failing row contains (15668521, Jamieson, FRA, Male, 37, 1, 0, 2, t, t, 82868, 0).
"
15757632,Hughes-Jones,FRA,Female,41.0,1,176024.05,2,No,No,182337.98,0,"new row for relation ""bank_churn"" violates check constraint ""valid_countries""
DETAIL:  Failing row contains (15757632, Hughes-Jones, FRA, Female, 41, 1, 176024, 2, f, f, 182338, 0).
"
15691863,Cody,FRA,Female,39.0,3,0.0,2,Yes,Yes,84175.34,0,"new row for relation ""bank_churn"" violates check constraint ""valid_countries""
DETAIL:  Failing row contains (15691863, Cody, FRA, Female, 39, 3, 0, 2, t, t, 84175, 0).
"
15724527,Forbes,FRA,Male,34.0,9,0.0,2,Yes,Yes,31933.06,0,"new row for relation ""bank_churn"" violates check constraint ""valid_countries""
DETAIL:  Failing row contains (15724527, Forbes, FRA, Male, 34, 9, 0, 2, t, t, 31933, 0).
"
15658195,Efremova,FRA,Male,34.0,5,118838.75,1,Yes,Yes,52820.13,0,"new row for relation ""bank_churn"" violates check constraint ""valid_countries""
DETAIL:  Failing row contains (15658195, Efremova, FRA, Male, 34, 5, 118839, 1, t, t, 52820, 0).
"
15784320,Lenhardt,French,Female,44.0,3,133793.89,1,Yes,Yes,34607.14,1,"new row for relation ""bank_churn"" violates check constraint ""valid_countries""
DETAIL:  Failing row contains (15784320, Lenhardt, French, Female, 44, 3, 133794, 1, t, t, 34607, 1).
"
15574072,Ch'ien,FRA,Female,62.0,8,0.0,1,Yes,Yes,165702.64,0,"new row for relation ""bank_churn"" violates check constraint ""valid_countries""
DETAIL:  Failing row contains (15574072, Ch'ien, FRA, Female, 62, 8, 0, 1, t, t, 165703, 0).
"
15733014,Nolan,French,Female,62.0,10,64667.95,2,Yes,Yes,140454.14,0,"new row for relation ""bank_churn"" violates check constraint ""valid_countries""
DETAIL:  Failing row contains (15733014, Nolan, French, Female, 62, 10, 64668, 2, t, t, 140454, 0).
"
15638988,Fu,French,Male,54.0,6,0.0,2,Yes,Yes,94888.6,0,"new row for relation ""bank_churn"" violates check constraint ""valid_countries""
DETAIL:  Failing row contains (15638988, Fu, French, Male, 54, 6, 0, 2, t, t, 94889, 0).
"
15737977,Aksyonov,French,Female,25.0,6,0.0,2,Yes,Yes,96758.58,0,"new row for relation ""bank_churn"" violates check constraint ""valid_countries""
DETAIL:  Failing row contains (15737977, Aksyonov, French, Female, 25, 6, 0, 2, t, t, 96759, 0).
"
15758116,Rossi,FRA,Male,53.0,5,64646.7,1,No,No,128019.48,1,"new row for relation ""bank_churn"" violates check constraint ""valid_countries""
DETAIL:  Failing row contains (15758116, Rossi, FRA, Male, 53, 5, 64647, 1, f, f, 128019, 1).
"
15625126,Duncan,French,Female,40.0,6,0.0,2,Yes,Yes,139356.3,0,"new row for relation ""bank_churn"" violates check constraint ""valid_countries""
DETAIL:  Failing row contains (15625126, Duncan, French, Female, 40, 6, 0, 2, t, t, 139356, 0).
"
15672242,Aksenov,FRA,Male,24.0,2,0.0,1,Yes,Yes,121232.51,0,"new row for relation ""bank_churn"" violates check constraint ""valid_countries""
DETAIL:  Failing row contains (15672242, Aksenov, FRA, Male, 24, 2, 0, 1, t, t, 121233, 0).
"
15681327,Akhtar,FRA,Male,30.0,9,0.0,2,Yes,Yes,2053.42,0,"new row for relation ""bank_churn"" violates check constraint ""valid_countries""
DETAIL:  Failing row contains (15681327, Akhtar, FRA, Male, 30, 9, 0, 2, t, t, 2053, 0).
"
15802585,Pisani,French,Female,41.0,8,68213.99,1,Yes,Yes,6382.46,0,"new row for relation ""bank_churn"" violates check constraint ""valid_countries""
DETAIL:  Failing row contains (15802585, Pisani, French, Female, 41, 8, 68214, 1, t, t, 6382, 0).
"
15711468,Tennant,FRA,Female,32.0,7,0.0,2,Yes,Yes,44099.75,0,"new row for relation ""bank_churn"" violates check constraint ""valid_countries""
DETAIL:  Failing row contains (15711468, Tennant, FRA, Female, 32, 7, 0, 2, t, t, 44100, 0).
"
15651352,Tobenna,French,Female,38.0,2,0.0,1,No,No,146388.85,1,"new row for relation ""bank_churn"" violates check constraint ""valid_countries""
DETAIL:  Failing row contains (15651352, Tobenna, French, Female, 38, 2, 0, 1, f, f, 146389, 1).
"
15684925,Vicars,French,Female,43.0,3,0.0,2,No,No,2465.8,0,"new row for relation ""bank_churn"" violates check constraint ""valid_countries""
DETAIL:  Failing row contains (15684925, Vicars, French, Female, 43, 3, 0, 2, f, f, 2466, 0).
"
15574122,Tien,French,Male,34.0,5,129278.43,1,No,No,165562.84,0,"new row for relation ""bank_churn"" violates check constraint ""valid_countries""
DETAIL:  Failing row contains (15574122, Tien, French, Male, 34, 5, 129278, 1, f, f, 165563, 0).
"
15720508,Hsing,French,Male,31.0,3,119558.35,1,No,No,72927.68,0,"new row for relation ""bank_churn"" violates check constraint ""valid_countries""
DETAIL:  Failing row contains (15720508, Hsing, French, Male, 31, 3, 119558, 1, f, f, 72928, 0).
"
15702300,Walker,French,Male,27.0,5,0.0,2,No,No,120893.07,0,"new row for relation ""bank_churn"" violates check constraint ""valid_countries""
DETAIL:  Failing row contains (15702300, Walker, French, Male, 27, 5, 0, 2, f, f, 120893, 0).
"
15640866,Peng,FRA,Female,29.0,3,0.0,1,Yes,Yes,134462.29,0,"new row for relation ""bank_churn"" violates check constraint ""valid_countries""
DETAIL:  Failing row contains (15640866, Peng, FRA, Female, 29, 3, 0, 1, t, t, 134462, 0).
"
15631800,Pagnotto,French,Male,37.0,3,98431.37,1,No,No,75698.44,0,"new row for relation ""bank_churn"" violates check constraint ""valid_countries""
DETAIL:  Failing row contains (15631800, Pagnotto, French, Male, 37, 3, 98431, 1, f, f, 75698, 0).
"
15572291,Kao,French,Male,40.0,6,132308.22,1,No,No,117122.5,0,"new row for relation ""bank_churn"" violates check constraint ""valid_countries""
DETAIL:  Failing row contains (15572291, Kao, French, Male, 40, 6, 132308, 1, f, f, 117123, 0).
"
15652192,Traeger,French,Female,33.0,9,160541.36,2,No,No,93541.14,0,"new row for relation ""bank_churn"" violates check constraint ""valid_countries""
DETAIL:  Failing row contains (15652192, Traeger, French, Female, 33, 9, 160541, 2, f, f, 93541, 0).
"
15763544,Thompson,FRA,Male,47.0,1,0.0,2,No,No,108762.16,0,"new row for relation ""bank_churn"" violates check constraint ""valid_countries""
DETAIL:  Failing row contains (15763544, Thompson, FRA, Male, 47, 1, 0, 2, f, f, 108762, 0).
"
15643967,Chineze,French,Female,37.0,4,92208.54,1,Yes,Yes,197699.8,1,"new row for relation ""bank_churn"" violates check constraint ""valid_countries""
DETAIL:  Failing row contains (15643967, Chineze, French, Female, 37, 4, 92209, 1, t, t, 197700, 1).
"
15629511,Lavrentiev,French,Male,49.0,6,106770.82,1,No,No,123499.27,0,"new row for relation ""bank_churn"" violates check constraint ""valid_countries""
DETAIL:  Failing row contains (15629511, Lavrentiev, French, Male, 49, 6, 106771, 1, f, f, 123499, 0).
"
15618213,Nnanna,French,Female,32.0,7,85757.93,1,Yes,Yes,95481.0,0,"new row for relation ""bank_churn"" violates check constraint ""valid_countries""
DETAIL:  Failing row contains (15618213, Nnanna, French, Female, 32, 7, 85758, 1, t, t, 95481, 0).
"
15600626,Bradley,French,Male,30.0,6,0.0,2,Yes,Yes,8991.17,0,"new row for relation ""bank_churn"" violates check constraint ""valid_countries""
DETAIL:  Failing row contains (15600626, Bradley, French, Male, 30, 6, 0, 2, t, t, 8991, 0).
"
15668460,Bellucci,French,Male,29.0,6,0.0,2,Yes,Yes,2797.27,0,"new row for relation ""bank_churn"" violates check constraint ""valid_countries""
DETAIL:  Failing row contains (15668460, Bellucci, French, Male, 29, 6, 0, 2, t, t, 2797, 0).
"
15576263,Clements,French,Female,22.0,5,0.0,1,No,No,22303.17,0,"new row for relation ""bank_churn"" violates check constraint ""valid_countries""
DETAIL:  Failing row contains (15576263, Clements, French, Female, 22, 5, 0, 1, f, f, 22303, 0).
"
15720354,Knowles,French,Male,71.0,4,0.0,2,Yes,Yes,197562.08,0,"new row for relation ""bank_churn"" violates check constraint ""valid_countries""
DETAIL:  Failing row contains (15720354, Knowles, French, Male, 71, 4, 0, 2, t, t, 197562, 0).
"
15793196,Kelly,French,Male,41.0,9,0.0,2,Yes,Yes,190294.12,0,"new row for relation ""bank_churn"" violates check constraint ""valid_countries""
DETAIL:  Failing row contains (15793196, Kelly, French, Male, 41, 9, 0, 2, t, t, 190294, 0).
"
15633352,Okwukwe,FRA,Female,31.0,6,175443.75,1,No,No,113167.17,1,"new row for relation ""bank_churn"" violates check constraint ""valid_countries""
DETAIL:  Failing row contains (15633352, Okwukwe, FRA, Female, 31, 6, 175444, 1, f, f, 113167, 1).
"
15715745,Elliott,French,Female,26.0,5,157624.84,1,Yes,Yes,49599.27,0,"new row for relation ""bank_churn"" violates check constraint ""valid_countries""
DETAIL:  Failing row contains (15715745, Elliott, French, Female, 26, 5, 157625, 1, t, t, 49599, 0).
"
15611800,Loggia,French,Female,62.0,7,125163.62,2,Yes,Yes,151411.5,0,"new row for relation ""bank_churn"" violates check constraint ""valid_countries""
DETAIL:  Failing row contains (15611800, Loggia, French, Female, 62, 7, 125164, 2, t, t, 151412, 0).
"
15793693,Mahomed,FRA,Male,60.0,9,0.0,1,Yes,Yes,57088.97,0,"new row for relation ""bank_churn"" violates check constraint ""valid_countries""
DETAIL:  Failing row contains (15793693, Mahomed, FRA, Male, 60, 9, 0, 1, t, t, 57089, 0).
"
15797760,Bogdanov,FRA,Male,40.0,3,193354.86,2,No,No,149188.41,0,"new row for relation ""bank_churn"" violates check constraint ""valid_countries""
DETAIL:  Failing row contains (15797760, Bogdanov, FRA, Male, 40, 3, 193355, 2, f, f, 149188, 0).
"
15627412,Ferri,FRA,Male,39.0,3,0.0,2,No,No,199390.45,0,"new row for relation ""bank_churn"" violates check constraint ""valid_countries""
DETAIL:  Failing row contains (15627412, Ferri, FRA, Male, 39, 3, 0, 2, f, f, 199390, 0).
"
15734609,Skinner,French,Female,37.0,2,0.0,2,Yes,Yes,7667.48,0,"new row for relation ""bank_churn"" violates check constraint ""valid_countries""
DETAIL:  Failing row contains (15734609, Skinner, French, Female, 37, 2, 0, 2, t, t, 7667, 0).
"
15565806,Toosey,French,Male,38.0,9,0.0,2,No,No,30583.95,0,"new row for relation ""bank_churn"" violates check constraint ""valid_countries""
DETAIL:  Failing row contains (15565806, Toosey, French, Male, 38, 9, 0, 2, f, f, 30584, 0).
"
15815530,Chin,French,Female,42.0,10,75497.51,1,No,No,149682.78,0,"new row for relation ""bank_churn"" violates check constraint ""valid_countries""
DETAIL:  Failing row contains (15815530, Chin, French, Female, 42, 10, 75498, 1, f, f, 149683, 0).
"
15632272,Lung,FRA,Female,42.0,2,0.0,2,No,No,92664.09,0,"new row for relation ""bank_churn"" violates check constraint ""valid_countries""
DETAIL:  Failing row contains (15632272, Lung, FRA, Female, 42, 2, 0, 2, f, f, 92664, 0).
"
15684103,Mellor,French,Female,26.0,10,0.0,2,Yes,Yes,138423.1,0,"new row for relation ""bank_churn"" violates check constraint ""valid_countries""
DETAIL:  Failing row contains (15684103, Mellor, French, Female, 26, 10, 0, 2, t, t, 138423, 0).
"
15654519,Hassall,French,Male,31.0,1,0.0,2,Yes,Yes,3148.2,0,"new row for relation ""bank_churn"" violates check constraint ""valid_countries""
DETAIL:  Failing row contains (15654519, Hassall, French, Male, 31, 1, 0, 2, t, t, 3148, 0).
"
15767722,Richardson,French,Female,39.0,0,117704.73,1,No,No,197933.5,0,"new row for relation ""bank_churn"" violates check constraint ""valid_countries""
DETAIL:  Failing row contains (15767722, Richardson, French, Female, 39, 0, 117705, 1, f, f, 197934, 0).
"
15570360,Wan,French,Female,35.0,4,0.0,2,No,No,125986.18,0,"new row for relation ""bank_churn"" violates check constraint ""valid_countries""
DETAIL:  Failing row contains (15570360, Wan, French, Female, 35, 4, 0, 2, f, f, 125986, 0).
"
15780925,Tretyakova,FRA,Male,37.0,1,177069.24,2,Yes,Yes,96088.54,0,"new row for relation ""bank_churn"" violates check constraint ""valid_countries""
DETAIL:  Failing row contains (15780925, Tretyakova, FRA, Male, 37, 1, 177069, 2, t, t, 96089, 0).
"
15712303,Valentin,French,Male,66.0,4,159732.02,1,Yes,Yes,118188.15,0,"new row for relation ""bank_churn"" violates check constraint ""valid_countries""
DETAIL:  Failing row contains (15712303, Valentin, French, Male, 66, 4, 159732, 1, t, t, 118188, 0).
"
15735632,Williamson,FRA,Male,41.0,8,0.0,1,Yes,Yes,63736.17,0,"new row for relation ""bank_churn"" violates check constraint ""valid_countries""
DETAIL:  Failing row contains (15735632, Williamson, FRA, Male, 41, 8, 0, 1, t, t, 63736, 0).
"
15722404,Carpenter,FRA,Female,30.0,3,0.0,2,Yes,Yes,127939.19,0,"new row for relation ""bank_churn"" violates check constraint ""valid_countries""
DETAIL:  Failing row contains (15722404, Carpenter, FRA, Female, 30, 3, 0, 2, t, t, 127939, 0).
"
15745605,Trevisan,FRA,Female,47.0,2,88011.4,1,Yes,Yes,90655.94,1,"new row for relation ""bank_churn"" violates check constraint ""valid_countries""
DETAIL:  Failing row contains (15745605, Trevisan, FRA, Female, 47, 2, 88011, 1, t, t, 90656, 1).
"
15764654,Zikoranachidimma,FRA,Male,37.0,9,87374.88,2,Yes,Yes,247.36,0,"new row for relation ""bank_churn"" violates check constraint ""valid_countries""
DETAIL:  Failing row contains (15764654, Zikoranachidimma, FRA, Male, 37, 9, 87375, 2, t, t, 247, 0).
"
15661936,Chikelu,FRA,Male,40.0,3,141004.46,1,No,No,105028.46,0,"new row for relation ""bank_churn"" violates check constraint ""valid_countries""
DETAIL:  Failing row contains (15661936, Chikelu, FRA, Male, 40, 3, 141004, 1, f, f, 105028, 0).
"
15700864,Fiorentini,French,Female,21.0,0,0.0,2,No,No,116106.52,0,"new row for relation ""bank_churn"" violates check constraint ""valid_countries""
DETAIL:  Failing row contains (15700864, Fiorentini, French, Female, 21, 0, 0, 2, f, f, 116107, 0).
"
15814465,Ch'in,French,Male,24.0,1,182705.05,1,Yes,Yes,171837.06,0,"new row for relation ""bank_churn"" violates check constraint ""valid_countries""
DETAIL:  Failing row contains (15814465, Ch'in, French, Male, 24, 1, 182705, 1, t, t, 171837, 0).
"
15580988,Odell,French,Male,29.0,8,0.0,2,Yes,Yes,123437.05,0,"new row for relation ""bank_churn"" violates check constraint ""valid_countries""
DETAIL:  Failing row contains (15580988, Odell, French, Male, 29, 8, 0, 2, t, t, 123437, 0).
"
15789974,Enemuo,French,Male,33.0,6,94598.48,1,No,No,197519.66,1,"new row for relation ""bank_churn"" violates check constraint ""valid_countries""
DETAIL:  Failing row contains (15789974, Enemuo, French, Male, 33, 6, 94598, 1, f, f, 197520, 1).
"
15748673,Nepean,French,Female,37.0,9,0.0,2,No,No,22710.72,0,"new row for relation ""bank_churn"" violates check constraint ""valid_countries""
DETAIL:  Failing row contains (15748673, Nepean, French, Female, 37, 9, 0, 2, f, f, 22711, 0).
"
15713596,Ugochukwu,FRA,Female,62.0,1,107735.93,1,Yes,Yes,58381.77,0,"new row for relation ""bank_churn"" violates check constraint ""valid_countries""
DETAIL:  Failing row contains (15713596, Ugochukwu, FRA, Female, 62, 1, 107736, 1, t, t, 58382, 0).
"
15631339,Adams,French,Male,28.0,4,0.0,1,No,No,174435.48,0,"new row for relation ""bank_churn"" violates check constraint ""valid_countries""
DETAIL:  Failing row contains (15631339, Adams, French, Male, 28, 4, 0, 1, f, f, 174435, 0).
"
15769586,Horan,French,Female,49.0,1,0.0,2,Yes,Yes,119087.25,0,"new row for relation ""bank_churn"" violates check constraint ""valid_countries""
DETAIL:  Failing row contains (15769586, Horan, French, Female, 49, 1, 0, 2, t, t, 119087, 0).
"
15585280,Kinney,FRA,Female,36.0,2,0.0,2,Yes,Yes,75035.48,0,"new row for relation ""bank_churn"" violates check constraint ""valid_countries""
DETAIL:  Failing row contains (15585280, Kinney, FRA, Female, 36, 2, 0, 2, t, t, 75035, 0).
"
15743582,T'ang,French,Female,27.0,3,107375.82,1,Yes,Yes,62703.38,0,"new row for relation ""bank_churn"" violates check constraint ""valid_countries""
DETAIL:  Failing row contains (15743582, T'ang, French, Female, 27, 3, 107376, 1, t, t, 62703, 0).
"
15761692,Muir,FRA,Male,40.0,9,122417.17,2,Yes,Yes,190882.69,0,"new row for relation ""bank_churn"" violates check constraint ""valid_countries""
DETAIL:  Failing row contains (15761692, Muir, FRA, Male, 40, 9, 122417, 2, t, t, 190883, 0).
"
15627840,Toscano,French,Female,42.0,0,0.0,1,Yes,Yes,91981.85,1,"new row for relation ""bank_churn"" violates check constraint ""valid_countries""
DETAIL:  Failing row contains (15627840, Toscano, French, Female, 42, 0, 0, 1, t, t, 91982, 1).
"
15736990,Chuang,FRA,Male,28.0,3,157842.07,1,No,No,86911.49,0,"new row for relation ""bank_churn"" violates check constraint ""valid_countries""
DETAIL:  Failing row contains (15736990, Chuang, FRA, Male, 28, 3, 157842, 1, f, f, 86911, 0).
"
15734044,Black,French,Female,31.0,7,41299.03,1,Yes,Yes,102681.32,0,"new row for relation ""bank_churn"" violates check constraint ""valid_countries""
DETAIL:  Failing row contains (15734044, Black, French, Female, 31, 7, 41299, 1, t, t, 102681, 0).
"
15809137,Sagese,French,Male,29.0,6,0.0,1,No,No,198376.02,1,"new row for relation ""bank_churn"" violates check constraint ""valid_countries""
DETAIL:  Failing row contains (15809137, Sagese, French, Male, 29, 6, 0, 1, f, f, 198376, 1).
"
15626491,Hughes,French,Female,45.0,7,57327.04,1,Yes,Yes,47349.0,0,"new row for relation ""bank_churn"" violates check constraint ""valid_countries""
DETAIL:  Failing row contains (15626491, Hughes, French, Female, 45, 7, 57327, 1, t, t, 47349, 0).
"
15568120,Lacross,FRA,Female,37.0,7,69609.85,1,Yes,Yes,72127.83,0,"new row for relation ""bank_churn"" violates check constraint ""valid_countries""
DETAIL:  Failing row contains (15568120, Lacross, FRA, Female, 37, 7, 69610, 1, t, t, 72128, 0).
"
15812324,King,FRA,Male,27.0,1,0.0,2,Yes,Yes,190623.02,0,"new row for relation ""bank_churn"" violates check constraint ""valid_countries""
DETAIL:  Failing row contains (15812324, King, FRA, Male, 27, 1, 0, 2, t, t, 190623, 0).
"
15588944,Maughan,French,Female,63.0,1,165350.61,2,No,No,140758.07,1,"new row for relation ""bank_churn"" violates check constraint ""valid_countries""
DETAIL:  Failing row contains (15588944, Maughan, French, Female, 63, 1, 165351, 2, f, f, 140758, 1).
"
15694253,Palerma,FRA,Female,41.0,7,152105.57,2,Yes,Yes,132374.41,0,"new row for relation ""bank_churn"" violates check constraint ""valid_countries""
DETAIL:  Failing row contains (15694253, Palerma, FRA, Female, 41, 7, 152106, 2, t, t, 132374, 0).
"
15759566,Tochukwu,FRA,Male,74.0,10,0.0,2,Yes,Yes,53949.98,0,"new row for relation ""bank_churn"" violates check constraint ""valid_countries""
DETAIL:  Failing row contains (15759566, Tochukwu, FRA, Male, 74, 10, 0, 2, t, t, 53950, 0).
"
15700710,Chiebuka,French,Female,37.0,3,116465.53,1,Yes,Yes,24435.77,0,"new row for relation ""bank_churn"" violates check constraint ""valid_countries""
DETAIL:  Failing row contains (15700710, Chiebuka, French, Female, 37, 3, 116466, 1, t, t, 24436, 0).
"
15742834,Liao,French,Male,45.0,1,0.0,1,Yes,Yes,10908.33,0,"new row for relation ""bank_churn"" violates check constraint ""valid_countries""
DETAIL:  Failing row contains (15742834, Liao, French, Male, 45, 1, 0, 1, t, t, 10908, 0).
"
15608166,Fallaci,French,Male,36.0,9,127637.92,1,Yes,Yes,81062.93,0,"new row for relation ""bank_churn"" violates check constraint ""valid_countries""
DETAIL:  Failing row contains (15608166, Fallaci, French, Male, 36, 9, 127638, 1, t, t, 81063, 0).
"
15614230,T'an,FRA,Female,34.0,3,0.0,2,Yes,Yes,61230.83,0,"new row for relation ""bank_churn"" violates check constraint ""valid_countries""
DETAIL:  Failing row contains (15614230, T'an, FRA, Female, 34, 3, 0, 2, t, t, 61231, 0).
"
15729958,Wilkinson,FRA,Male,37.0,1,0.0,1,Yes,Yes,126837.72,0,"new row for relation ""bank_churn"" violates check constraint ""valid_countries""
DETAIL:  Failing row contains (15729958, Wilkinson, FRA, Male, 37, 1, 0, 1, t, t, 126838, 0).
"
15674727,Lazarev,French,Female,42.0,5,147531.82,1,Yes,Yes,38819.45,0,"new row for relation ""bank_churn"" violates check constraint ""valid_countries""
DETAIL:  Failing row contains (15674727, Lazarev, French, Female, 42, 5, 147532, 1, t, t, 38819, 0).
"
15600688,Liston,FRA,Female,39.0,5,0.0,2,No,No,118272.07,0,"new row for relation ""bank_churn"" violates check constraint ""valid_countries""
DETAIL:  Failing row contains (15600688, Liston, FRA, Female, 39, 5, 0, 2, f, f, 118272, 0).
"
15569248,Milanesi,French,Female,43.0,10,0.0,2,No,No,149629.13,1,"new row for relation ""bank_churn"" violates check constraint ""valid_countries""
DETAIL:  Failing row contains (15569248, Milanesi, French, Female, 43, 10, 0, 2, f, f, 149629, 1).
"
15700383,Uvarova,French,Female,35.0,7,115651.6,2,Yes,Yes,104706.29,0,"new row for relation ""bank_churn"" violates check constraint ""valid_countries""
DETAIL:  Failing row contains (15700383, Uvarova, French, Female, 35, 7, 115652, 2, t, t, 104706, 0).
"
15650545,Tomlinson,FRA,Male,69.0,7,71996.09,1,Yes,Yes,139065.94,0,"new row for relation ""bank_churn"" violates check constraint ""valid_countries""
DETAIL:  Failing row contains (15650545, Tomlinson, FRA, Male, 69, 7, 71996, 1, t, t, 139066, 0).
"
15612769,Carr,French,Male,28.0,5,61581.97,1,Yes,Yes,70179.91,0,"new row for relation ""bank_churn"" violates check constraint ""valid_countries""
DETAIL:  Failing row contains (15612769, Carr, French, Male, 28, 5, 61582, 1, t, t, 70180, 0).
"
15710853,Ts'ui,French,Female,24.0,5,0.0,2,No,No,116160.04,0,"new row for relation ""bank_churn"" violates check constraint ""valid_countries""
DETAIL:  Failing row contains (15710853, Ts'ui, French, Female, 24, 5, 0, 2, f, f, 116160, 0).
"
15653251,Hickey,FRA,Female,84.0,8,87873.39,1,No,No,188484.52,1,"new row for relation ""bank_churn"" violates check constraint ""valid_countries""
DETAIL:  Failing row contains (15653251, Hickey, FRA, Female, 84, 8, 87873, 1, f, f, 188485, 1).
"
15808557,Mancini,French,Female,42.0,5,0.0,1,Yes,Yes,72172.13,1,"new row for relation ""bank_churn"" violates check constraint ""valid_countries""
DETAIL:  Failing row contains (15808557, Mancini, French, Female, 42, 5, 0, 1, t, t, 72172, 1).
"
15801218,Bermudez,French,Male,49.0,8,135133.39,1,Yes,Yes,179521.24,1,"new row for relation ""bank_churn"" violates check constraint ""valid_countries""
DETAIL:  Failing row contains (15801218, Bermudez, French, Male, 49, 8, 135133, 1, t, t, 179521, 1).
"
15647725,Napolitano,FRA,Female,61.0,5,62055.17,3,No,No,166305.16,1,"new row for relation ""bank_churn"" violates check constraint ""valid_countries""
DETAIL:  Failing row contains (15647725, Napolitano, FRA, Female, 61, 5, 62055, 3, f, f, 166305, 1).
"
15580629,Blackwood,FRA,Male,31.0,6,134837.58,1,No,No,192029.19,0,"new row for relation ""bank_churn"" violates check constraint ""valid_countries""
DETAIL:  Failing row contains (15580629, Blackwood, FRA, Male, 31, 6, 134838, 1, f, f, 192029, 0).
"
15730161,Marcelo,FRA,Female,39.0,3,0.0,2,No,No,1710.89,0,"new row for relation ""bank_churn"" violates check constraint ""valid_countries""
DETAIL:  Failing row contains (15730161, Marcelo, FRA, Female, 39, 3, 0, 2, f, f, 1711, 0).
"
15629094,Fomin,FRA,Female,36.0,1,156948.41,1,Yes,Yes,149912.28,1,"new row for relation ""bank_churn"" violates check constraint ""valid_countries""
DETAIL:  Failing row contains (15629094, Fomin, FRA, Female, 36, 1, 156948, 1, t, t, 149912, 1).
"
15651823,Nkemjika,FRA,Female,60.0,6,147751.75,1,No,No,88206.04,1,"new row for relation ""bank_churn"" violates check constraint ""valid_countries""
DETAIL:  Failing row contains (15651823, Nkemjika, FRA, Female, 60, 6, 147752, 1, f, f, 88206, 1).
"
15594827,Glasgow,French,Male,34.0,1,124619.33,2,Yes,Yes,163667.56,0,"new row for relation ""bank_churn"" violates check constraint ""valid_countries""
DETAIL:  Failing row contains (15594827, Glasgow, French, Male, 34, 1, 124619, 2, t, t, 163668, 0).
"
15786392,Chen,FRA,Male,41.0,4,124182.21,1,No,No,100153.43,0,"new row for relation ""bank_churn"" violates check constraint ""valid_countries""
DETAIL:  Failing row contains (15786392, Chen, FRA, Male, 41, 4, 124182, 1, f, f, 100153, 0).
"
15727353,Ch'ang,FRA,Female,64.0,7,142028.36,1,No,No,32275.09,1,"new row for relation ""bank_churn"" violates check constraint ""valid_countries""
DETAIL:  Failing row contains (15727353, Ch'ang, FRA, Female, 64, 7, 142028, 1, f, f, 32275, 1).
"
15733777,Evans,French,Male,44.0,8,0.0,1,No,No,65501.91,1,"new row for relation ""bank_churn"" violates check constraint ""valid_countries""
DETAIL:  Failing row contains (15733777, Evans, French, Male, 44, 8, 0, 1, f, f, 65502, 1).
"
15761670,Morley,French,Female,50.0,8,0.0,1,No,No,126381.6,1,"new row for relation ""bank_churn"" violates check constraint ""valid_countries""
DETAIL:  Failing row contains (15761670, Morley, French, Female, 50, 8, 0, 1, f, f, 126382, 1).
"
15706005,Roberts,FRA,Male,46.0,2,174701.05,1,No,No,90189.72,1,"new row for relation ""bank_churn"" violates check constraint ""valid_countries""
DETAIL:  Failing row contains (15706005, Roberts, FRA, Male, 46, 2, 174701, 1, f, f, 90190, 1).
"
15683375,Compton,French,Female,32.0,4,0.0,1,Yes,Yes,114951.42,0,"new row for relation ""bank_churn"" violates check constraint ""valid_countries""
DETAIL:  Failing row contains (15683375, Compton, French, Female, 32, 4, 0, 1, t, t, 114951, 0).
"
15625151,Wan,FRA,Female,66.0,9,116037.76,1,Yes,Yes,184636.05,0,"new row for relation ""bank_churn"" violates check constraint ""valid_countries""
DETAIL:  Failing row contains (15625151, Wan, FRA, Female, 66, 9, 116038, 1, t, t, 184636, 0).
"
15635285,Taylor,French,Male,28.0,8,0.0,2,Yes,Yes,91055.27,0,"new row for relation ""bank_churn"" violates check constraint ""valid_countries""
DETAIL:  Failing row contains (15635285, Taylor, French, Male, 28, 8, 0, 2, t, t, 91055, 0).
"
15574296,Kambinachi,French,Male,23.0,2,80673.96,2,No,No,93991.65,0,"new row for relation ""bank_churn"" violates check constraint ""valid_countries""
DETAIL:  Failing row contains (15574296, Kambinachi, French, Male, 23, 2, 80674, 2, f, f, 93992, 0).
"
15586629,Campbell,French,Male,33.0,5,0.0,2,No,No,139947.17,0,"new row for relation ""bank_churn"" violates check constraint ""valid_countries""
DETAIL:  Failing row contains (15586629, Campbell, French, Male, 33, 5, 0, 2, f, f, 139947, 0).
"
15741745,Lane,French,Male,28.0,7,120911.75,2,Yes,Yes,131249.46,0,"new row for relation ""bank_churn"" violates check constraint ""valid_countries""
DETAIL:  Failing row contains (15741745, Lane, French, Male, 28, 7, 120912, 2, t, t, 131249, 0).
"
15652626,Grave,French,Male,55.0,4,115285.85,1,No,No,140126.17,0,"new row for relation ""bank_churn"" violates check constraint ""valid_countries""
DETAIL:  Failing row contains (15652626, Grave, French, Male, 55, 4, 115286, 1, f, f, 140126, 0).
"
15785406,Watts,FRA,Female,51.0,4,105056.13,1,No,No,70613.52,0,"new row for relation ""bank_churn"" violates check constraint ""valid_countries""
DETAIL:  Failing row contains (15785406, Watts, FRA, Female, 51, 4, 105056, 1, f, f, 70614, 0).
"
15621685,Davies,FRA,Male,29.0,2,123757.52,2,No,No,84872.66,0,"new row for relation ""bank_churn"" violates check constraint ""valid_countries""
DETAIL:  Failing row contains (15621685, Davies, FRA, Male, 29, 2, 123758, 2, f, f, 84873, 0).
"
15767921,Madukwe,French,Male,41.0,7,0.0,2,No,No,60297.72,0,"new row for relation ""bank_churn"" violates check constraint ""valid_countries""
DETAIL:  Failing row contains (15767921, Madukwe, French, Male, 41, 7, 0, 2, f, f, 60298, 0).
"
15573599,Adamson,French,Female,57.0,6,0.0,2,Yes,Yes,194421.12,1,"new row for relation ""bank_churn"" violates check constraint ""valid_countries""
DETAIL:  Failing row contains (15573599, Adamson, French, Female, 57, 6, 0, 2, t, t, 194421, 1).
"
15747208,Watt,French,Male,50.0,6,0.0,1,No,No,93568.77,1,"new row for relation ""bank_churn"" violates check constraint ""valid_countries""
DETAIL:  Failing row contains (15747208, Watt, French, Male, 50, 6, 0, 1, f, f, 93569, 1).
"
15772528,Mishin,FRA,Female,47.0,7,121376.15,2,No,No,54473.6,1,"new row for relation ""bank_churn"" violates check constraint ""valid_countries""
DETAIL:  Failing row contains (15772528, Mishin, FRA, Female, 47, 7, 121376, 2, f, f, 54474, 1).
"
15755798,Feng,FRA,Male,33.0,4,111582.11,1,No,No,113943.17,0,"new row for relation ""bank_churn"" violates check constraint ""valid_countries""
DETAIL:  Failing row contains (15755798, Feng, FRA, Male, 33, 4, 111582, 1, f, f, 113943, 0).
"
15616922,Kelly,French,Female,26.0,1,0.0,2,Yes,Yes,19116.97,0,"new row for relation ""bank_churn"" violates check constraint ""valid_countries""
DETAIL:  Failing row contains (15616922, Kelly, French, Female, 26, 1, 0, 2, t, t, 19117, 0).
"
15771855,Yu,French,Male,37.0,5,0.0,2,Yes,Yes,112554.68,0,"new row for relation ""bank_churn"" violates check constraint ""valid_countries""
DETAIL:  Failing row contains (15771855, Yu, French, Male, 37, 5, 0, 2, t, t, 112555, 0).
"
15601873,Bull,French,Female,36.0,7,0.0,1,No,No,47318.75,0,"new row for relation ""bank_churn"" violates check constraint ""valid_countries""
DETAIL:  Failing row contains (15601873, Bull, French, Female, 36, 7, 0, 1, f, f, 47319, 0).
"
15639357,Allan,FRA,Male,46.0,9,134950.19,3,No,No,178587.36,1,"new row for relation ""bank_churn"" violates check constraint ""valid_countries""
DETAIL:  Failing row contains (15639357, Allan, FRA, Male, 46, 9, 134950, 3, f, f, 178587, 1).
"
15715939,Wright,FRA,Male,33.0,0,0.0,2,No,No,1474.79,0,"new row for relation ""bank_churn"" violates check constraint ""valid_countries""
DETAIL:  Failing row contains (15715939, Wright, FRA, Male, 33, 0, 0, 2, f, f, 1475, 0).
"
15763806,Astorga,FRA,Male,41.0,4,0.0,2,Yes,Yes,24924.92,0,"new row for relation ""bank_churn"" violates check constraint ""valid_countries""
DETAIL:  Failing row contains (15763806, Astorga, FRA, Male, 41, 4, 0, 2, t, t, 24925, 0).
"
15637993,Pokrovsky,French,Male,36.0,9,137688.71,1,Yes,Yes,46884.1,0,"new row for relation ""bank_churn"" violates check constraint ""valid_countries""
DETAIL:  Failing row contains (15637993, Pokrovsky, French, Male, 36, 9, 137689, 1, t, t, 46884, 0).
"
15674442,Kung,FRA,Male,23.0,7,157761.56,1,No,No,147759.84,0,"new row for relation ""bank_churn"" violates check constraint ""valid_countries""
DETAIL:  Failing row contains (15674442, Kung, FRA, Male, 23, 7, 157762, 1, f, f, 147760, 0).
"
15571689,Kelechi,French,Female,37.0,5,0.0,2,Yes,Yes,27528.4,0,"new row for relation ""bank_churn"" violates check constraint ""valid_countries""
DETAIL:  Failing row contains (15571689, Kelechi, French, Female, 37, 5, 0, 2, t, t, 27528, 0).
"
15569572,Sopuluchi,FRA,Male,42.0,6,0.0,2,Yes,Yes,106197.44,0,"new row for relation ""bank_churn"" violates check constraint ""valid_countries""
DETAIL:  Failing row contains (15569572, Sopuluchi, FRA, Male, 42, 6, 0, 2, t, t, 106197, 0).
"
15698791,Udinesi,French,Male,45.0,3,146758.24,1,No,No,48466.89,0,"new row for relation ""bank_churn"" violates check constraint ""valid_countries""
DETAIL:  Failing row contains (15698791, Udinesi, French, Male, 45, 3, 146758, 1, f, f, 48467, 0).
"
15607263,McCartney,FRA,Male,55.0,3,0.0,1,Yes,Yes,13288.46,1,"new row for relation ""bank_churn"" violates check constraint ""valid_countries""
DETAIL:  Failing row contains (15607263, McCartney, FRA, Male, 55, 3, 0, 1, t, t, 13288, 1).
"
15624775,Onyeoruru,FRA,Male,67.0,2,94203.8,1,Yes,Yes,102391.06,0,"new row for relation ""bank_churn"" violates check constraint ""valid_countries""
DETAIL:  Failing row contains (15624775, Onyeoruru, FRA, Male, 67, 2, 94204, 1, t, t, 102391, 0).
"
15691703,Shih,French,Male,47.0,8,105792.49,1,Yes,Yes,67830.2,1,"new row for relation ""bank_churn"" violates check constraint ""valid_countries""
DETAIL:  Failing row contains (15691703, Shih, French, Male, 47, 8, 105792, 1, t, t, 67830, 1).
"
15745355,Golibe,FRA,Male,41.0,4,153198.23,1,Yes,Yes,92090.36,0,"new row for relation ""bank_churn"" violates check constraint ""valid_countries""
DETAIL:  Failing row contains (15745355, Golibe, FRA, Male, 41, 4, 153198, 1, t, t, 92090, 0).
"
15724955,Lucchesi,French,Male,38.0,3,0.0,2,No,No,141023.01,0,"new row for relation ""bank_churn"" violates check constraint ""valid_countries""
DETAIL:  Failing row contains (15724955, Lucchesi, French, Male, 38, 3, 0, 2, f, f, 141023, 0).
"
15654341,Chao,FRA,Male,34.0,8,101116.06,1,No,No,196395.05,0,"new row for relation ""bank_churn"" violates check constraint ""valid_countries""
DETAIL:  Failing row contains (15654341, Chao, FRA, Male, 34, 8, 101116, 1, f, f, 196395, 0).
"
15759284,Yeh,FRA,Female,37.0,6,0.0,1,Yes,Yes,117948.0,1,"new row for relation ""bank_churn"" violates check constraint ""valid_countries""
DETAIL:  Failing row contains (15759284, Yeh, FRA, Female, 37, 6, 0, 1, t, t, 117948, 1).
"
15602731,Wong,French,Male,31.0,5,0.0,1,No,No,134889.95,1,"new row for relation ""bank_churn"" violates check constraint ""valid_countries""
DETAIL:  Failing row contains (15602731, Wong, French, Male, 31, 5, 0, 1, f, f, 134890, 1).
"
15706904,Robertson,French,Male,43.0,6,113882.31,1,Yes,Yes,74564.41,0,"new row for relation ""bank_churn"" violates check constraint ""valid_countries""
DETAIL:  Failing row contains (15706904, Robertson, French, Male, 43, 6, 113882, 1, t, t, 74564, 0).
"
15606915,Genovese,French,Male,24.0,7,98148.61,1,No,No,26843.76,0,"new row for relation ""bank_churn"" violates check constraint ""valid_countries""
DETAIL:  Failing row contains (15606915, Genovese, French, Male, 24, 7, 98149, 1, f, f, 26844, 0).
"
15791743,Corbett,French,Male,32.0,1,59271.82,1,Yes,Yes,46019.43,0,"new row for relation ""bank_churn"" violates check constraint ""valid_countries""
DETAIL:  Failing row contains (15791743, Corbett, French, Male, 32, 1, 59272, 1, t, t, 46019, 0).
"
15796480,Reilly,French,Female,31.0,2,0.0,2,Yes,Yes,145411.39,0,"new row for relation ""bank_churn"" violates check constraint ""valid_countries""
DETAIL:  Failing row contains (15796480, Reilly, French, Female, 31, 2, 0, 2, t, t, 145411, 0).
"
15609458,Vincent,French,Male,30.0,10,69413.44,1,Yes,Yes,74637.57,0,"new row for relation ""bank_churn"" violates check constraint ""valid_countries""
DETAIL:  Failing row contains (15609458, Vincent, French, Male, 30, 10, 69413, 1, t, t, 74638, 0).
"
15666270,Omeokachie,French,Female,40.0,2,147803.48,1,No,No,95181.06,1,"new row for relation ""bank_churn"" violates check constraint ""valid_countries""
DETAIL:  Failing row contains (15666270, Omeokachie, French, Female, 40, 2, 147803, 1, f, f, 95181, 1).
"
15727197,Pinto,French,Female,52.0,9,170228.59,2,No,No,148477.57,1,"new row for relation ""bank_churn"" violates check constraint ""valid_countries""
DETAIL:  Failing row contains (15727197, Pinto, French, Female, 52, 9, 170229, 2, f, f, 148478, 1).
"
15714006,Gardener,French,Female,35.0,2,133111.73,1,Yes,Yes,79957.95,0,"new row for relation ""bank_churn"" violates check constraint ""valid_countries""
DETAIL:  Failing row contains (15714006, Gardener, French, Female, 35, 2, 133112, 1, t, t, 79958, 0).
"
15665327,Cattaneo,French,Male,18.0,2,176139.5,2,No,No,129654.22,0,"new row for relation ""bank_churn"" violates check constraint ""valid_countries""
DETAIL:  Failing row contains (15665327, Cattaneo, French, Male, 18, 2, 176140, 2, f, f, 129654, 0).
"
15790829,Gibson,FRA,Female,45.0,5,0.0,2,No,No,131906.44,0,"new row for relation ""bank_churn"" violates check constraint ""valid_countries""
DETAIL:  Failing row contains (15790829, Gibson, FRA, Female, 45, 5, 0, 2, f, f, 131906, 0).
"
15760244,Ives,French,Female,76.0,5,160979.68,1,Yes,Yes,13848.58,0,"new row for relation ""bank_churn"" violates check constraint ""valid_countries""
DETAIL:  Failing row contains (15760244, Ives, French, Female, 76, 5, 160980, 1, t, t, 13849, 0).
"
15722246,Omeokachie,FRA,Female,60.0,4,0.0,1,Yes,Yes,13161.66,1,"new row for relation ""bank_churn"" violates check constraint ""valid_countries""
DETAIL:  Failing row contains (15722246, Omeokachie, FRA, Female, 60, 4, 0, 1, t, t, 13162, 1).
"
15609704,Mao,French,Female,33.0,4,0.0,1,No,No,79304.38,1,"new row for relation ""bank_churn"" violates check constraint ""valid_countries""
DETAIL:  Failing row contains (15609704, Mao, French, Female, 33, 4, 0, 1, f, f, 79304, 1).
"
15757628,Savage,French,Male,40.0,10,112896.86,1,Yes,Yes,121402.53,0,"new row for relation ""bank_churn"" violates check constraint ""valid_countries""
DETAIL:  Failing row contains (15757628, Savage, French, Male, 40, 10, 112897, 1, t, t, 121403, 0).
"
15633586,Brierly,French,Female,39.0,7,120962.13,1,No,No,23305.01,0,"new row for relation ""bank_churn"" violates check constraint ""valid_countries""
DETAIL:  Failing row contains (15633586, Brierly, French, Female, 39, 7, 120962, 1, f, f, 23305, 0).
"
15717935,McDonald,FRA,Female,21.0,3,0.0,2,Yes,Yes,55601.44,0,"new row for relation ""bank_churn"" violates check constraint ""valid_countries""
DETAIL:  Failing row contains (15717935, McDonald, FRA, Female, 21, 3, 0, 2, t, t, 55601, 0).
"
15747345,Bergamaschi,French,Female,22.0,6,118064.93,2,Yes,Yes,195424.01,0,"new row for relation ""bank_churn"" violates check constraint ""valid_countries""
DETAIL:  Failing row contains (15747345, Bergamaschi, French, Female, 22, 6, 118065, 2, t, t, 195424, 0).
"
15678317,Manfrin,French,Male,46.0,2,0.0,2,Yes,Yes,59563.49,0,"new row for relation ""bank_churn"" violates check constraint ""valid_countries""
DETAIL:  Failing row contains (15678317, Manfrin, French, Male, 46, 2, 0, 2, t, t, 59563, 0).
"
15769645,Senior,French,Female,35.0,3,0.0,1,Yes,Yes,48108.72,0,"new row for relation ""bank_churn"" violates check constraint ""valid_countries""
DETAIL:  Failing row contains (15769645, Senior, French, Female, 35, 3, 0, 1, t, t, 48109, 0).
"
15679983,Garmon,FRA,Male,34.0,7,0.0,1,No,No,74593.84,0,"new row for relation ""bank_churn"" violates check constraint ""valid_countries""
DETAIL:  Failing row contains (15679983, Garmon, FRA, Male, 34, 7, 0, 1, f, f, 74594, 0).
"
15812616,Enyinnaya,FRA,Female,49.0,10,0.0,1,No,No,82967.97,1,"new row for relation ""bank_churn"" violates check constraint ""valid_countries""
DETAIL:  Failing row contains (15812616, Enyinnaya, FRA, Female, 49, 10, 0, 1, f, f, 82968, 1).
"
15601796,Chizuoke,French,Male,30.0,1,125739.26,1,Yes,Yes,193441.23,0,"new row for relation ""bank_churn"" violates check constraint ""valid_countries""
DETAIL:  Failing row contains (15601796, Chizuoke, French, Male, 30, 1, 125739, 1, t, t, 193441, 0).
"
15707551,Hutcheon,FRA,Male,30.0,8,73054.37,2,Yes,Yes,27012.0,0,"new row for relation ""bank_churn"" violates check constraint ""valid_countries""
DETAIL:  Failing row contains (15707551, Hutcheon, FRA, Male, 30, 8, 73054, 2, t, t, 27012, 0).
"
15577999,Sleeman,FRA,Female,62.0,1,124678.35,1,No,No,70916.0,1,"new row for relation ""bank_churn"" violates check constraint ""valid_countries""
DETAIL:  Failing row contains (15577999, Sleeman, FRA, Female, 62, 1, 124678, 1, f, f, 70916, 1).
"
15758362,Williamson,French,Female,41.0,9,152243.57,1,Yes,Yes,88783.59,0,"new row for relation ""bank_churn"" violates check constraint ""valid_countries""
DETAIL:  Failing row contains (15758362, Williamson, French, Female, 41, 9, 152244, 1, t, t, 88784, 0).
"
15759274,Micklem,FRA,Female,32.0,10,0.0,1,Yes,Yes,151815.76,0,"new row for relation ""bank_churn"" violates check constraint ""valid_countries""
DETAIL:  Failing row contains (15759274, Micklem, FRA, Female, 32, 10, 0, 1, t, t, 151816, 0).
"
15777855,Manna,French,Male,45.0,7,0.0,2,Yes,Yes,75204.21,0,"new row for relation ""bank_churn"" violates check constraint ""valid_countries""
DETAIL:  Failing row contains (15777855, Manna, French, Male, 45, 7, 0, 2, t, t, 75204, 0).
"
15645835,Milani,FRA,Male,32.0,9,0.0,2,Yes,Yes,55724.24,0,"new row for relation ""bank_churn"" violates check constraint ""valid_countries""
DETAIL:  Failing row contains (15645835, Milani, FRA, Male, 32, 9, 0, 2, t, t, 55724, 0).
"
15738166,Hsu,French,Female,39.0,10,86546.29,1,Yes,Yes,131768.98,0,"new row for relation ""bank_churn"" violates check constraint ""valid_countries""
DETAIL:  Failing row contains (15738166, Hsu, French, Female, 39, 10, 86546, 1, t, t, 131769, 0).
"
15675360,Valenzuela,FRA,Male,33.0,8,0.0,1,Yes,Yes,13858.95,0,"new row for relation ""bank_churn"" violates check constraint ""valid_countries""
DETAIL:  Failing row contains (15675360, Valenzuela, FRA, Male, 33, 8, 0, 1, t, t, 13859, 0).
"
15793042,Sung,FRA,Male,39.0,2,129669.32,2,No,No,82774.07,0,"new row for relation ""bank_churn"" violates check constraint ""valid_countries""
DETAIL:  Failing row contains (15793042, Sung, FRA, Male, 39, 2, 129669, 2, f, f, 82774, 0).
"
15578211,Connolly,French,Male,23.0,6,0.0,2,Yes,Yes,163225.48,0,"new row for relation ""bank_churn"" violates check constraint ""valid_countries""
DETAIL:  Failing row contains (15578211, Connolly, French, Male, 23, 6, 0, 2, t, t, 163225, 0).
"
15620030,Jamieson,FRA,Male,29.0,1,0.0,1,No,No,82422.97,0,"new row for relation ""bank_churn"" violates check constraint ""valid_countries""
DETAIL:  Failing row contains (15620030, Jamieson, FRA, Male, 29, 1, 0, 1, f, f, 82423, 0).
"
15783541,Fomina,FRA,Male,31.0,5,0.0,2,Yes,Yes,194660.78,0,"new row for relation ""bank_churn"" violates check constraint ""valid_countries""
DETAIL:  Failing row contains (15783541, Fomina, FRA, Male, 31, 5, 0, 2, t, t, 194661, 0).
"
15582910,Turnbull,FRA,Male,38.0,4,112230.38,1,No,No,16717.11,1,"new row for relation ""bank_churn"" violates check constraint ""valid_countries""
DETAIL:  Failing row contains (15582910, Turnbull, FRA, Male, 38, 4, 112230, 1, f, f, 16717, 1).
"
15688337,Dixon,FRA,Male,40.0,9,118129.87,1,Yes,Yes,160277.65,0,"new row for relation ""bank_churn"" violates check constraint ""valid_countries""
DETAIL:  Failing row contains (15688337, Dixon, FRA, Male, 40, 9, 118130, 1, t, t, 160278, 0).
"
15759140,Long,French,Female,64.0,10,128306.7,1,Yes,Yes,66040.83,0,"new row for relation ""bank_churn"" violates check constraint ""valid_countries""
DETAIL:  Failing row contains (15759140, Long, French, Female, 64, 10, 128307, 1, t, t, 66041, 0).
"
15615820,MacDonald,French,Male,49.0,8,103302.37,1,Yes,Yes,50974.57,0,"new row for relation ""bank_churn"" violates check constraint ""valid_countries""
DETAIL:  Failing row contains (15615820, MacDonald, French, Male, 49, 8, 103302, 1, t, t, 50975, 0).
"
15730273,Parsons,FRA,Male,27.0,8,0.0,1,No,No,171922.72,0,"new row for relation ""bank_churn"" violates check constraint ""valid_countries""
DETAIL:  Failing row contains (15730273, Parsons, FRA, Male, 27, 8, 0, 1, f, f, 171923, 0).
"
15765952,Milanesi,FRA,Male,29.0,4,145471.37,1,No,No,188382.77,0,"new row for relation ""bank_churn"" violates check constraint ""valid_countries""
DETAIL:  Failing row contains (15765952, Milanesi, FRA, Male, 29, 4, 145471, 1, f, f, 188383, 0).
"
15568953,Alexeieva,French,Male,27.0,1,128554.98,1,Yes,Yes,133173.19,0,"new row for relation ""bank_churn"" violates check constraint ""valid_countries""
DETAIL:  Failing row contains (15568953, Alexeieva, French, Male, 27, 1, 128555, 1, t, t, 133173, 0).
"
15652218,Morrison,FRA,Male,33.0,2,152302.72,1,No,No,71333.44,0,"new row for relation ""bank_churn"" violates check constraint ""valid_countries""
DETAIL:  Failing row contains (15652218, Morrison, FRA, Male, 33, 2, 152303, 1, f, f, 71333, 0).
"
15723169,Williams,French,Female,31.0,9,138857.59,1,No,No,48640.77,0,"new row for relation ""bank_churn"" violates check constraint ""valid_countries""
DETAIL:  Failing row contains (15723169, Williams, French, Female, 31, 9, 138858, 1, f, f, 48641, 0).
"
15795151,Hartzler,FRA,Female,38.0,3,123894.43,1,No,No,21177.1,0,"new row for relation ""bank_churn"" violates check constraint ""valid_countries""
DETAIL:  Failing row contains (15795151, Hartzler, FRA, Female, 38, 3, 123894, 1, f, f, 21177, 0).
"
15632859,Chukwudi,FRA,Male,36.0,7,0.0,2,Yes,Yes,138743.86,0,"new row for relation ""bank_churn"" violates check constraint ""valid_countries""
DETAIL:  Failing row contains (15632859, Chukwudi, FRA, Male, 36, 7, 0, 2, t, t, 138744, 0).
"
15621409,Endrizzi,French,Male,32.0,4,127845.83,1,No,No,66469.2,0,"new row for relation ""bank_churn"" violates check constraint ""valid_countries""
DETAIL:  Failing row contains (15621409, Endrizzi, French, Male, 32, 4, 127846, 1, f, f, 66469, 0).
"
15581102,Baresi,FRA,Female,22.0,8,0.0,2,Yes,Yes,142670.61,0,"new row for relation ""bank_churn"" violates check constraint ""valid_countries""
DETAIL:  Failing row contains (15581102, Baresi, FRA, Female, 22, 8, 0, 2, t, t, 142671, 0).
"
15578096,Nnachetam,French,Male,26.0,7,106397.75,1,No,No,103563.23,0,"new row for relation ""bank_churn"" violates check constraint ""valid_countries""
DETAIL:  Failing row contains (15578096, Nnachetam, French, Male, 26, 7, 106398, 1, f, f, 103563, 0).
"
15685314,Noble,French,Female,28.0,2,0.0,2,Yes,Yes,38773.74,0,"new row for relation ""bank_churn"" violates check constraint ""valid_countries""
DETAIL:  Failing row contains (15685314, Noble, French, Female, 28, 2, 0, 2, t, t, 38774, 0).
"
15670562,Pharr,FRA,Male,30.0,3,101140.76,1,Yes,Yes,50906.65,0,"new row for relation ""bank_churn"" violates check constraint ""valid_countries""
DETAIL:  Failing row contains (15670562, Pharr, FRA, Male, 30, 3, 101141, 1, t, t, 50907, 0).
"
15746802,Onio,French,Female,30.0,6,131286.46,1,No,No,194144.45,0,"new row for relation ""bank_churn"" violates check constraint ""valid_countries""
DETAIL:  Failing row contains (15746802, Onio, French, Female, 30, 6, 131286, 1, f, f, 194144, 0).
"
15589428,Tomlinson,French,Female,42.0,9,0.0,2,No,No,35673.42,0,"new row for relation ""bank_churn"" violates check constraint ""valid_countries""
DETAIL:  Failing row contains (15589428, Tomlinson, French, Female, 42, 9, 0, 2, f, f, 35673, 0).
"
15790267,Onuoha,FRA,Female,40.0,7,141267.67,1,Yes,Yes,177397.49,0,"new row for relation ""bank_churn"" violates check constraint ""valid_countries""
DETAIL:  Failing row contains (15790267, Onuoha, FRA, Female, 40, 7, 141268, 1, t, t, 177397, 0).
"
15666181,Ramsden,French,Male,33.0,0,98064.97,1,No,No,52411.99,0,"new row for relation ""bank_churn"" violates check constraint ""valid_countries""
DETAIL:  Failing row contains (15666181, Ramsden, French, Male, 33, 0, 98065, 1, f, f, 52412, 0).
"
15602554,Vorobyova,FRA,Female,31.0,9,114519.57,2,Yes,Yes,79222.02,0,"new row for relation ""bank_churn"" violates check constraint ""valid_countries""
DETAIL:  Failing row contains (15602554, Vorobyova, FRA, Female, 31, 9, 114520, 2, t, t, 79222, 0).
"
15740147,Cremonesi,French,Female,44.0,10,0.0,1,Yes,Yes,93777.61,0,"new row for relation ""bank_churn"" violates check constraint ""valid_countries""
DETAIL:  Failing row contains (15740147, Cremonesi, French, Female, 44, 10, 0, 1, t, t, 93778, 0).
"
15763148,Stanley,FRA,Male,39.0,9,84719.98,1,No,No,191063.36,0,"new row for relation ""bank_churn"" violates check constraint ""valid_countries""
DETAIL:  Failing row contains (15763148, Stanley, FRA, Male, 39, 9, 84720, 1, f, f, 191063, 0).
"
15626985,Yefremova,FRA,Female,39.0,0,104386.53,1,No,No,105886.77,0,"new row for relation ""bank_churn"" violates check constraint ""valid_countries""
DETAIL:  Failing row contains (15626985, Yefremova, FRA, Female, 39, 0, 104387, 1, f, f, 105887, 0).
"
15585823,Wilson,FRA,Male,31.0,8,128131.73,1,No,No,96131.47,0,"new row for relation ""bank_churn"" violates check constraint ""valid_countries""
DETAIL:  Failing row contains (15585823, Wilson, FRA, Male, 31, 8, 128132, 1, f, f, 96131, 0).
"
15751774,Monnier,French,Male,76.0,4,112510.89,1,Yes,Yes,143133.18,0,"new row for relation ""bank_churn"" violates check constraint ""valid_countries""
DETAIL:  Failing row contains (15751774, Monnier, French, Male, 76, 4, 112511, 1, t, t, 143133, 0).
"
15720713,Chibueze,French,Female,29.0,10,0.0,2,Yes,Yes,199775.67,0,"new row for relation ""bank_churn"" violates check constraint ""valid_countries""
DETAIL:  Failing row contains (15720713, Chibueze, French, Female, 29, 10, 0, 2, t, t, 199776, 0).
"
15695356,Chinwemma,French,Male,46.0,5,0.0,2,No,No,179908.71,0,"new row for relation ""bank_churn"" violates check constraint ""valid_countries""
DETAIL:  Failing row contains (15695356, Chinwemma, French, Male, 46, 5, 0, 2, f, f, 179909, 0).
"
15750778,Ponomarev,French,Female,60.0,2,120731.39,4,Yes,Yes,138160.11,1,"new row for relation ""bank_churn"" violates check constraint ""valid_countries""
DETAIL:  Failing row contains (15750778, Ponomarev, French, Female, 60, 2, 120731, 4, t, t, 138160, 1).
"
15717185,Udinese,French,Male,28.0,8,0.0,2,Yes,Yes,64286.39,0,"new row for relation ""bank_churn"" violates check constraint ""valid_countries""
DETAIL:  Failing row contains (15717185, Udinese, French, Male, 28, 8, 0, 2, t, t, 64286, 0).
"
15568915,Bailey,French,Male,38.0,6,153722.47,1,No,No,101319.76,0,"new row for relation ""bank_churn"" violates check constraint ""valid_countries""
DETAIL:  Failing row contains (15568915, Bailey, French, Male, 38, 6, 153722, 1, f, f, 101320, 0).
"
15775293,Stephenson,FRA,Male,34.0,3,143292.95,1,No,No,66526.01,0,"new row for relation ""bank_churn"" violates check constraint ""valid_countries""
DETAIL:  Failing row contains (15775293, Stephenson, FRA, Male, 34, 3, 143293, 1, f, f, 66526, 0).
"
15697597,Chiemenam,French,Male,26.0,1,149144.61,1,Yes,Yes,123697.95,0,"new row for relation ""bank_churn"" violates check constraint ""valid_countries""
DETAIL:  Failing row contains (15697597, Chiemenam, French, Male, 26, 1, 149145, 1, t, t, 123698, 0).
"
15639669,Forbes,FRA,Male,36.0,9,127157.04,1,Yes,Yes,155700.15,0,"new row for relation ""bank_churn"" violates check constraint ""valid_countries""
DETAIL:  Failing row contains (15639669, Forbes, FRA, Male, 36, 9, 127157, 1, t, t, 155700, 0).
"
15805025,Oster,FRA,Female,45.0,7,139859.23,1,Yes,Yes,108402.54,0,"new row for relation ""bank_churn"" violates check constraint ""valid_countries""
DETAIL:  Failing row contains (15805025, Oster, FRA, Female, 45, 7, 139859, 1, t, t, 108403, 0).
"
15605666,Peyser,French,Female,34.0,6,110717.38,1,Yes,Yes,9398.45,0,"new row for relation ""bank_churn"" violates check constraint ""valid_countries""
DETAIL:  Failing row contains (15605666, Peyser, French, Female, 34, 6, 110717, 1, t, t, 9398, 0).
"
15615126,Cocci,FRA,Female,37.0,3,0.0,2,No,No,182156.81,1,"new row for relation ""bank_churn"" violates check constraint ""valid_countries""
DETAIL:  Failing row contains (15615126, Cocci, FRA, Female, 37, 3, 0, 2, f, f, 182157, 1).
"
15645095,Huang,FRA,Female,28.0,3,0.0,1,No,No,51536.99,0,"new row for relation ""bank_churn"" violates check constraint ""valid_countries""
DETAIL:  Failing row contains (15645095, Huang, FRA, Female, 28, 3, 0, 1, f, f, 51537, 0).
"
15729435,McKenzie,FRA,Male,40.0,6,0.0,2,Yes,Yes,66119.07,0,"new row for relation ""bank_churn"" violates check constraint ""valid_countries""
DETAIL:  Failing row contains (15729435, McKenzie, FRA, Male, 40, 6, 0, 2, t, t, 66119, 0).
"
15659149,King,FRA,Male,39.0,2,0.0,2,No,No,197923.05,0,"new row for relation ""bank_churn"" violates check constraint ""valid_countries""
DETAIL:  Failing row contains (15659149, King, FRA, Male, 39, 2, 0, 2, f, f, 197923, 0).
"
15585490,Nkemdilim,French,Female,34.0,4,0.0,1,Yes,Yes,65166.6,0,"new row for relation ""bank_churn"" violates check constraint ""valid_countries""
DETAIL:  Failing row contains (15585490, Nkemdilim, French, Female, 34, 4, 0, 1, t, t, 65167, 0).
"
15620123,Christie,FRA,Male,39.0,6,111169.91,1,No,No,9641.4,0,"new row for relation ""bank_churn"" violates check constraint ""valid_countries""
DETAIL:  Failing row contains (15620123, Christie, FRA, Male, 39, 6, 111170, 1, f, f, 9641, 0).
"
15757541,Rickard,FRA,Female,33.0,9,151772.63,2,No,No,180249.94,1,"new row for relation ""bank_churn"" violates check constraint ""valid_countries""
DETAIL:  Failing row contains (15757541, Rickard, FRA, Female, 33, 9, 151773, 2, f, f, 180250, 1).
"
15726945,Andreev,FRA,Female,72.0,8,0.0,2,Yes,Yes,153604.44,0,"new row for relation ""bank_churn"" violates check constraint ""valid_countries""
DETAIL:  Failing row contains (15726945, Andreev, FRA, Female, 72, 8, 0, 2, t, t, 153604, 0).
"
15604355,Shand,French,Male,39.0,1,97700.02,1,Yes,Yes,30709.03,0,"new row for relation ""bank_churn"" violates check constraint ""valid_countries""
DETAIL:  Failing row contains (15604355, Shand, French, Male, 39, 1, 97700, 1, t, t, 30709, 0).
"
15769110,Stehle,French,Female,46.0,5,0.0,2,No,No,49707.85,0,"new row for relation ""bank_churn"" violates check constraint ""valid_countries""
DETAIL:  Failing row contains (15769110, Stehle, French, Female, 46, 5, 0, 2, f, f, 49708, 0).
"
15756150,Alexander,French,Female,39.0,2,0.0,2,No,No,9041.71,0,"new row for relation ""bank_churn"" violates check constraint ""valid_countries""
DETAIL:  Failing row contains (15756150, Alexander, French, Female, 39, 2, 0, 2, f, f, 9042, 0).
"
15680436,Hsing,French,Female,29.0,4,0.0,2,No,No,164806.89,0,"new row for relation ""bank_churn"" violates check constraint ""valid_countries""
DETAIL:  Failing row contains (15680436, Hsing, French, Female, 29, 4, 0, 2, f, f, 164807, 0).
"
15674343,Esposito,French,Male,44.0,8,78128.13,2,Yes,Yes,109153.04,0,"new row for relation ""bank_churn"" violates check constraint ""valid_countries""
DETAIL:  Failing row contains (15674343, Esposito, French, Male, 44, 8, 78128, 2, t, t, 109153, 0).
"
15726487,P'eng,French,Male,63.0,6,160982.89,1,Yes,Yes,168008.17,0,"new row for relation ""bank_churn"" violates check constraint ""valid_countries""
DETAIL:  Failing row contains (15726487, P'eng, French, Male, 63, 6, 160983, 1, t, t, 168008, 0).
"
15698716,Baker,FRA,Female,70.0,3,87926.24,2,No,No,33350.26,1,"new row for relation ""bank_churn"" violates check constraint ""valid_countries""
DETAIL:  Failing row contains (15698716, Baker, FRA, Female, 70, 3, 87926, 2, f, f, 33350, 1).
"
15710527,Matthews,French,Female,35.0,4,0.0,1,Yes,Yes,119565.34,0,"new row for relation ""bank_churn"" violates check constraint ""valid_countries""
DETAIL:  Failing row contains (15710527, Matthews, French, Female, 35, 4, 0, 1, t, t, 119565, 0).
"
15669326,Gordon,FRA,Male,44.0,2,168396.34,1,Yes,Yes,14178.73,0,"new row for relation ""bank_churn"" violates check constraint ""valid_countries""
DETAIL:  Failing row contains (15669326, Gordon, FRA, Male, 44, 2, 168396, 1, t, t, 14179, 0).
"
15614491,Lockyer,FRA,Male,39.0,3,139153.68,2,No,No,147662.33,0,"new row for relation ""bank_churn"" violates check constraint ""valid_countries""
DETAIL:  Failing row contains (15614491, Lockyer, FRA, Male, 39, 3, 139154, 2, f, f, 147662, 0).
"
15732334,Black,French,Female,40.0,0,0.0,2,No,No,35795.85,0,"new row for relation ""bank_churn"" violates check constraint ""valid_countries""
DETAIL:  Failing row contains (15732334, Black, French, Female, 40, 0, 0, 2, f, f, 35796, 0).
"
15774133,Cox,French,Female,35.0,8,178032.53,1,Yes,Yes,42181.68,0,"new row for relation ""bank_churn"" violates check constraint ""valid_countries""
DETAIL:  Failing row contains (15774133, Cox, French, Female, 35, 8, 178033, 1, t, t, 42182, 0).
"
15763798,McMillan,French,Male,23.0,5,140007.19,1,Yes,Yes,31714.08,0,"new row for relation ""bank_churn"" violates check constraint ""valid_countries""
DETAIL:  Failing row contains (15763798, McMillan, French, Male, 23, 5, 140007, 1, t, t, 31714, 0).
"
15758013,Napolitano,FRA,Male,37.0,5,98400.61,2,No,No,25017.28,0,"new row for relation ""bank_churn"" violates check constraint ""valid_countries""
DETAIL:  Failing row contains (15758013, Napolitano, FRA, Male, 37, 5, 98401, 2, f, f, 25017, 0).
"
15603170,Kang,French,Male,32.0,9,121455.65,1,No,No,190068.53,1,"new row for relation ""bank_churn"" violates check constraint ""valid_countries""
DETAIL:  Failing row contains (15603170, Kang, French, Male, 32, 9, 121456, 1, f, f, 190069, 1).
"
15671915,Bowen,FRA,Male,46.0,5,0.0,2,Yes,Yes,76946.6,0,"new row for relation ""bank_churn"" violates check constraint ""valid_countries""
DETAIL:  Failing row contains (15671915, Bowen, FRA, Male, 46, 5, 0, 2, t, t, 76947, 0).
"
15794792,Golubev,French,Female,31.0,8,117989.76,1,Yes,Yes,54129.86,0,"new row for relation ""bank_churn"" violates check constraint ""valid_countries""
DETAIL:  Failing row contains (15794792, Golubev, French, Female, 31, 8, 117990, 1, t, t, 54130, 0).
"
15719950,Sutherland,FRA,Male,61.0,10,73688.2,1,Yes,Yes,172141.33,0,"new row for relation ""bank_churn"" violates check constraint ""valid_countries""
DETAIL:  Failing row contains (15719950, Sutherland, FRA, Male, 61, 10, 73688, 1, t, t, 172141, 0).
"
15619972,Akabueze,FRA,Female,47.0,9,167664.83,1,No,No,125440.11,1,"new row for relation ""bank_churn"" violates check constraint ""valid_countries""
DETAIL:  Failing row contains (15619972, Akabueze, FRA, Female, 47, 9, 167665, 1, f, f, 125440, 1).
"
15796114,Phelps,French,Female,34.0,7,141525.55,1,No,No,9443.15,0,"new row for relation ""bank_churn"" violates check constraint ""valid_countries""
DETAIL:  Failing row contains (15796114, Phelps, French, Female, 34, 7, 141526, 1, f, f, 9443, 0).
"
15758755,Beneventi,French,Female,34.0,9,132121.71,1,Yes,Yes,105409.31,0,"new row for relation ""bank_churn"" violates check constraint ""valid_countries""
DETAIL:  Failing row contains (15758755, Beneventi, French, Female, 34, 9, 132122, 1, t, t, 105409, 0).
"
15695168,Bruce,French,Male,39.0,2,0.0,2,No,No,100403.05,0,"new row for relation ""bank_churn"" violates check constraint ""valid_countries""
DETAIL:  Failing row contains (15695168, Bruce, French, Male, 39, 2, 0, 2, f, f, 100403, 0).
"
15610781,Watt,French,Female,29.0,10,88378.6,1,No,No,88550.28,0,"new row for relation ""bank_churn"" violates check constraint ""valid_countries""
DETAIL:  Failing row contains (15610781, Watt, French, Female, 29, 10, 88379, 1, f, f, 88550, 0).
"
15600911,Mbadiwe,FRA,Male,33.0,2,182888.08,1,No,No,3061.0,0,"new row for relation ""bank_churn"" violates check constraint ""valid_countries""
DETAIL:  Failing row contains (15600911, Mbadiwe, FRA, Male, 33, 2, 182888, 1, f, f, 3061, 0).
"
15629603,Chuang,French,Male,31.0,8,0.0,2,Yes,Yes,43196.5,0,"new row for relation ""bank_churn"" violates check constraint ""valid_countries""
DETAIL:  Failing row contains (15629603, Chuang, French, Male, 31, 8, 0, 2, t, t, 43197, 0).
"
15714981,Sabbatini,French,Male,37.0,4,0.0,1,Yes,Yes,55775.84,1,"new row for relation ""bank_churn"" violates check constraint ""valid_countries""
DETAIL:  Failing row contains (15714981, Sabbatini, French, Male, 37, 4, 0, 1, t, t, 55776, 1).
"
15786643,Tsao,French,Male,32.0,10,0.0,2,Yes,Yes,116052.92,0,"new row for relation ""bank_churn"" violates check constraint ""valid_countries""
DETAIL:  Failing row contains (15786643, Tsao, French, Male, 32, 10, 0, 2, t, t, 116053, 0).
"
15634310,Ko,French,Male,30.0,6,0.0,2,No,No,180598.86,0,"new row for relation ""bank_churn"" violates check constraint ""valid_countries""
DETAIL:  Failing row contains (15634310, Ko, French, Male, 30, 6, 0, 2, f, f, 180599, 0).
"
15668695,Endrizzi,French,Female,22.0,5,89492.62,1,No,No,42934.43,0,"new row for relation ""bank_churn"" violates check constraint ""valid_countries""
DETAIL:  Failing row contains (15668695, Endrizzi, French, Female, 22, 5, 89493, 1, f, f, 42934, 0).
"
15720071,Fiorentini,FRA,Female,49.0,3,0.0,1,No,No,61820.41,1,"new row for relation ""bank_churn"" violates check constraint ""valid_countries""
DETAIL:  Failing row contains (15720071, Fiorentini, FRA, Female, 49, 3, 0, 1, f, f, 61820, 1).
"
15783030,Owens,FRA,Female,40.0,7,0.0,1,No,No,72852.74,1,"new row for relation ""bank_churn"" violates check constraint ""valid_countries""
DETAIL:  Failing row contains (15783030, Owens, FRA, Female, 40, 7, 0, 1, f, f, 72853, 1).
"
15695792,Ch'ien,French,Male,65.0,0,0.0,1,Yes,Yes,85733.33,0,"new row for relation ""bank_churn"" violates check constraint ""valid_countries""
DETAIL:  Failing row contains (15695792, Ch'ien, French, Male, 65, 0, 0, 1, t, t, 85733, 0).
"
15575676,Chung,French,Male,24.0,1,0.0,2,Yes,Yes,162597.15,0,"new row for relation ""bank_churn"" violates check constraint ""valid_countries""
DETAIL:  Failing row contains (15575676, Chung, French, Male, 24, 1, 0, 2, t, t, 162597, 0).
"
15627665,Sung,FRA,Male,46.0,4,0.0,1,No,No,74379.57,1,"new row for relation ""bank_churn"" violates check constraint ""valid_countries""
DETAIL:  Failing row contains (15627665, Sung, FRA, Male, 46, 4, 0, 1, f, f, 74380, 1).
"
15814092,Wang,French,Female,44.0,2,0.0,1,Yes,Yes,173117.22,1,"new row for relation ""bank_churn"" violates check constraint ""valid_countries""
DETAIL:  Failing row contains (15814092, Wang, French, Female, 44, 2, 0, 1, t, t, 173117, 1).
"
15726484,Pollard,French,Male,37.0,7,141546.35,1,Yes,Yes,124830.11,0,"new row for relation ""bank_churn"" violates check constraint ""valid_countries""
DETAIL:  Failing row contains (15726484, Pollard, French, Male, 37, 7, 141546, 1, t, t, 124830, 0).
"
15714256,Gerasimov,FRA,Male,30.0,7,109805.3,1,Yes,Yes,163625.56,0,"new row for relation ""bank_churn"" violates check constraint ""valid_countries""
DETAIL:  Failing row contains (15714256, Gerasimov, FRA, Male, 30, 7, 109805, 1, t, t, 163626, 0).
"
15778752,Johnson,FRA,Male,32.0,10,86614.06,2,Yes,Yes,172129.26,0,"new row for relation ""bank_churn"" violates check constraint ""valid_countries""
DETAIL:  Failing row contains (15778752, Johnson, FRA, Male, 32, 10, 86614, 2, t, t, 172129, 0).
"
15718789,Brigstocke,French,Male,30.0,5,0.0,2,No,No,75786.55,0,"new row for relation ""bank_churn"" violates check constraint ""valid_countries""
DETAIL:  Failing row contains (15718789, Brigstocke, French, Male, 30, 5, 0, 2, f, f, 75787, 0).
"
15690620,Olisaemeka,French,Male,39.0,10,46323.57,1,No,No,136812.02,0,"new row for relation ""bank_churn"" violates check constraint ""valid_countries""
DETAIL:  Failing row contains (15690620, Olisaemeka, French, Male, 39, 10, 46324, 1, f, f, 136812, 0).
"
15600692,West,FRA,Male,38.0,5,0.0,2,No,No,163185.76,0,"new row for relation ""bank_churn"" violates check constraint ""valid_countries""
DETAIL:  Failing row contains (15600692, West, FRA, Male, 38, 5, 0, 2, f, f, 163186, 0).
"
15677052,Ko,FRA,Female,59.0,2,0.0,2,Yes,Yes,126160.24,1,"new row for relation ""bank_churn"" violates check constraint ""valid_countries""
DETAIL:  Failing row contains (15677052, Ko, FRA, Female, 59, 2, 0, 2, t, t, 126160, 1).
"
15656454,Le Gallienne,FRA,Male,37.0,6,83568.55,1,No,No,47046.72,0,"new row for relation ""bank_churn"" violates check constraint ""valid_countries""
DETAIL:  Failing row contains (15656454, Le Gallienne, FRA, Male, 37, 6, 83569, 1, f, f, 47047, 0).
"
15645496,Seleznyova,FRA,Female,43.0,7,139972.18,1,No,No,143668.58,0,"new row for relation ""bank_churn"" violates check constraint ""valid_countries""
DETAIL:  Failing row contains (15645496, Seleznyova, FRA, Female, 43, 7, 139972, 1, f, f, 143669, 0).
"
15708513,Bevan,French,Female,39.0,1,90217.07,1,No,No,191350.48,0,"new row for relation ""bank_churn"" violates check constraint ""valid_countries""
DETAIL:  Failing row contains (15708513, Bevan, French, Female, 39, 1, 90217, 1, f, f, 191350, 0).
"
15789753,Millar,FRA,Male,40.0,6,148790.61,1,Yes,Yes,79329.7,0,"new row for relation ""bank_churn"" violates check constraint ""valid_countries""
DETAIL:  Failing row contains (15789753, Millar, FRA, Male, 40, 6, 148791, 1, t, t, 79330, 0).
"
15647453,Ifeajuna,French,Male,42.0,4,102936.72,1,No,No,1187.88,0,"new row for relation ""bank_churn"" violates check constraint ""valid_countries""
DETAIL:  Failing row contains (15647453, Ifeajuna, French, Male, 42, 4, 102937, 1, f, f, 1188, 0).
"
15629187,Titheradge,FRA,Male,38.0,8,85982.07,1,No,No,9238.35,0,"new row for relation ""bank_churn"" violates check constraint ""valid_countries""
DETAIL:  Failing row contains (15629187, Titheradge, FRA, Male, 38, 8, 85982, 1, f, f, 9238, 0).
"
15758073,Dellucci,French,Female,20.0,7,134397.61,1,No,No,28029.54,0,"new row for relation ""bank_churn"" violates check constraint ""valid_countries""
DETAIL:  Failing row contains (15758073, Dellucci, French, Female, 20, 7, 134398, 1, f, f, 28030, 0).
"
15593555,Chinedum,FRA,Male,38.0,9,0.0,2,Yes,Yes,12050.77,0,"new row for relation ""bank_churn"" violates check constraint ""valid_countries""
DETAIL:  Failing row contains (15593555, Chinedum, FRA, Male, 38, 9, 0, 2, t, t, 12051, 0).
"
15792607,Little,FRA,Female,38.0,2,0.0,2,No,No,75578.67,0,"new row for relation ""bank_churn"" violates check constraint ""valid_countries""
DETAIL:  Failing row contains (15792607, Little, FRA, Female, 38, 2, 0, 2, f, f, 75579, 0).
"
15640034,Milligan,French,Male,42.0,2,139561.46,1,No,No,43435.43,1,"new row for relation ""bank_churn"" violates check constraint ""valid_countries""
DETAIL:  Failing row contains (15640034, Milligan, French, Male, 42, 2, 139561, 1, f, f, 43435, 1).
"
15679075,Onyemere,FRA,Male,37.0,8,107798.85,1,No,No,16966.73,0,"new row for relation ""bank_churn"" violates check constraint ""valid_countries""
DETAIL:  Failing row contains (15679075, Onyemere, FRA, Male, 37, 8, 107799, 1, f, f, 16967, 0).
"
15742504,Azuka,French,Male,36.0,2,70181.48,2,No,No,80608.12,0,"new row for relation ""bank_churn"" violates check constraint ""valid_countries""
DETAIL:  Failing row contains (15742504, Azuka, French, Male, 36, 2, 70181, 2, f, f, 80608, 0).
"
15607142,Parkin,French,Male,32.0,8,0.0,1,Yes,Yes,80410.68,0,"new row for relation ""bank_churn"" violates check constraint ""valid_countries""
DETAIL:  Failing row contains (15607142, Parkin, French, Male, 32, 8, 0, 1, t, t, 80411, 0).
"
15653715,Coates,FRA,Female,63.0,7,0.0,2,Yes,Yes,56323.21,0,"new row for relation ""bank_churn"" violates check constraint ""valid_countries""
DETAIL:  Failing row contains (15653715, Coates, FRA, Female, 63, 7, 0, 2, t, t, 56323, 0).
"
15725639,Ignatyev,FRA,Female,63.0,9,116270.72,1,Yes,Yes,184243.25,0,"new row for relation ""bank_churn"" violates check constraint ""valid_countries""
DETAIL:  Failing row contains (15725639, Ignatyev, FRA, Female, 63, 9, 116271, 1, t, t, 184243, 0).
"
15767129,Munz,FRA,Female,60.0,6,121730.49,1,Yes,Yes,142963.29,0,"new row for relation ""bank_churn"" violates check constraint ""valid_countries""
DETAIL:  Failing row contains (15767129, Munz, FRA, Female, 60, 6, 121730, 1, t, t, 142963, 0).
"
15769272,Clark,French,Female,26.0,6,136214.08,1,No,No,159742.33,0,"new row for relation ""bank_churn"" violates check constraint ""valid_countries""
DETAIL:  Failing row contains (15769272, Clark, French, Female, 26, 6, 136214, 1, f, f, 159742, 0).
"
15771966,Akobundu,FRA,Male,39.0,8,146200.01,1,No,No,177944.64,0,"new row for relation ""bank_churn"" violates check constraint ""valid_countries""
DETAIL:  Failing row contains (15771966, Akobundu, FRA, Male, 39, 8, 146200, 1, f, f, 177945, 0).
"
15593250,Hsiao,FRA,Female,29.0,4,0.0,2,No,No,44904.26,0,"new row for relation ""bank_churn"" violates check constraint ""valid_countries""
DETAIL:  Failing row contains (15593250, Hsiao, FRA, Female, 29, 4, 0, 2, f, f, 44904, 0).
"
15575691,Palerma,French,Female,58.0,5,0.0,2,Yes,Yes,49848.86,0,"new row for relation ""bank_churn"" violates check constraint ""valid_countries""
DETAIL:  Failing row contains (15575691, Palerma, French, Female, 58, 5, 0, 2, t, t, 49849, 0).
"
15736154,Gallo,FRA,Female,44.0,1,0.0,2,Yes,Yes,182495.7,0,"new row for relation ""bank_churn"" violates check constraint ""valid_countries""
DETAIL:  Failing row contains (15736154, Gallo, FRA, Female, 44, 1, 0, 2, t, t, 182496, 0).
"
15741865,Ferrari,French,Female,38.0,9,153166.17,1,Yes,Yes,93261.69,0,"new row for relation ""bank_churn"" violates check constraint ""valid_countries""
DETAIL:  Failing row contains (15741865, Ferrari, French, Female, 38, 9, 153166, 1, t, t, 93262, 0).
"
15609676,Nkemakonam,FRA,Female,35.0,2,167924.95,1,No,No,43024.64,0,"new row for relation ""bank_churn"" violates check constraint ""valid_countries""
DETAIL:  Failing row contains (15609676, Nkemakonam, FRA, Female, 35, 2, 167925, 1, f, f, 43025, 0).
"
15761600,White,FRA,Male,43.0,5,86394.14,1,Yes,Yes,130001.13,0,"new row for relation ""bank_churn"" violates check constraint ""valid_countries""
DETAIL:  Failing row contains (15761600, White, FRA, Male, 43, 5, 86394, 1, t, t, 130001, 0).
"
15676404,Kirillov,FRA,Female,50.0,1,0.0,1,No,No,12106.82,1,"new row for relation ""bank_churn"" violates check constraint ""valid_countries""
DETAIL:  Failing row contains (15676404, Kirillov, FRA, Female, 50, 1, 0, 1, f, f, 12107, 1).
"
15694601,Ankudinov,French,Female,31.0,4,158978.79,1,No,No,12538.92,0,"new row for relation ""bank_churn"" violates check constraint ""valid_countries""
DETAIL:  Failing row contains (15694601, Ankudinov, French, Female, 31, 4, 158979, 1, f, f, 12539, 0).
"
15627251,Tsui,FRA,Male,34.0,4,134007.9,1,Yes,Yes,193209.11,0,"new row for relation ""bank_churn"" violates check constraint ""valid_countries""
DETAIL:  Failing row contains (15627251, Tsui, FRA, Male, 34, 4, 134008, 1, t, t, 193209, 0).
"
15659962,McIntosh,French,Male,60.0,3,0.0,2,Yes,Yes,70174.03,0,"new row for relation ""bank_churn"" violates check constraint ""valid_countries""
DETAIL:  Failing row contains (15659962, McIntosh, French, Male, 60, 3, 0, 2, t, t, 70174, 0).
"
15681220,Chou,French,Female,37.0,8,0.0,2,Yes,Yes,97893.32,0,"new row for relation ""bank_churn"" violates check constraint ""valid_countries""
DETAIL:  Failing row contains (15681220, Chou, French, Female, 37, 8, 0, 2, t, t, 97893, 0).
"
15760880,Edman,French,Male,29.0,10,0.0,2,Yes,Yes,25514.77,0,"new row for relation ""bank_churn"" violates check constraint ""valid_countries""
DETAIL:  Failing row contains (15760880, Edman, French, Male, 29, 10, 0, 2, t, t, 25515, 0).
"
15621267,Ejimofor,FRA,Male,32.0,5,0.0,1,No,No,148769.08,0,"new row for relation ""bank_churn"" violates check constraint ""valid_countries""
DETAIL:  Failing row contains (15621267, Ejimofor, FRA, Male, 32, 5, 0, 1, f, f, 148769, 0).
"
15720509,Hs?,French,Male,34.0,9,150856.79,1,Yes,Yes,8236.78,0,"new row for relation ""bank_churn"" violates check constraint ""valid_countries""
DETAIL:  Failing row contains (15720509, Hs?, French, Male, 34, 9, 150857, 1, t, t, 8237, 0).
"
15676571,Bezrukova,FRA,Male,55.0,6,0.0,1,No,No,944.41,1,"new row for relation ""bank_churn"" violates check constraint ""valid_countries""
DETAIL:  Failing row contains (15676571, Bezrukova, FRA, Male, 55, 6, 0, 1, f, f, 944, 1).
"
15643865,Lo Duca,French,Female,40.0,3,92055.36,1,Yes,Yes,164652.02,1,"new row for relation ""bank_churn"" violates check constraint ""valid_countries""
DETAIL:  Failing row contains (15643865, Lo Duca, French, Female, 40, 3, 92055, 1, t, t, 164652, 1).
"
15584505,Hill,French,Female,23.0,5,113923.81,2,No,No,196241.43,0,"new row for relation ""bank_churn"" violates check constraint ""valid_countries""
DETAIL:  Failing row contains (15584505, Hill, French, Female, 23, 5, 113924, 2, f, f, 196241, 0).
"
15663964,Pagnotto,French,Male,37.0,5,0.0,2,No,No,83093.25,0,"new row for relation ""bank_churn"" violates check constraint ""valid_countries""
DETAIL:  Failing row contains (15663964, Pagnotto, French, Male, 37, 5, 0, 2, f, f, 83093, 0).
"
15782311,Feng,FRA,Male,28.0,9,0.0,2,Yes,Yes,52545.24,0,"new row for relation ""bank_churn"" violates check constraint ""valid_countries""
DETAIL:  Failing row contains (15782311, Feng, FRA, Male, 28, 9, 0, 2, t, t, 52545, 0).
"
15588197,Endrizzi,FRA,Male,36.0,7,0.0,2,No,No,59571.5,0,"new row for relation ""bank_churn"" violates check constraint ""valid_countries""
DETAIL:  Failing row contains (15588197, Endrizzi, FRA, Male, 36, 7, 0, 2, f, f, 59572, 0).
"
15599403,Wu,French,Male,60.0,10,125389.7,2,Yes,Yes,178616.73,0,"new row for relation ""bank_churn"" violates check constraint ""valid_countries""
DETAIL:  Failing row contains (15599403, Wu, French, Male, 60, 10, 125390, 2, t, t, 178617, 0).
"
15608406,Schmidt,French,Male,26.0,5,111128.04,1,No,No,60941.27,1,"new row for relation ""bank_churn"" violates check constraint ""valid_countries""
DETAIL:  Failing row contains (15608406, Schmidt, French, Male, 26, 5, 111128, 1, f, f, 60941, 1).
"
15731669,Szabados,FRA,Male,39.0,2,129709.62,1,No,No,173197.12,0,"new row for relation ""bank_churn"" violates check constraint ""valid_countries""
DETAIL:  Failing row contains (15731669, Szabados, FRA, Male, 39, 2, 129710, 1, f, f, 173197, 0).
"
15738634,Yuan,FRA,Male,47.0,9,83347.25,1,Yes,Yes,137696.25,0,"new row for relation ""bank_churn"" violates check constraint ""valid_countries""
DETAIL:  Failing row contains (15738634, Yuan, FRA, Male, 47, 9, 83347, 1, t, t, 137696, 0).
"
15684147,Palerma,French,Male,43.0,5,102338.19,1,Yes,Yes,79649.62,0,"new row for relation ""bank_churn"" violates check constraint ""valid_countries""
DETAIL:  Failing row contains (15684147, Palerma, French, Male, 43, 5, 102338, 1, t, t, 79650, 0).
"
15609623,McConnell,FRA,Female,63.0,5,0.0,1,No,No,28092.77,1,"new row for relation ""bank_churn"" violates check constraint ""valid_countries""
DETAIL:  Failing row contains (15609623, McConnell, FRA, Female, 63, 5, 0, 1, f, f, 28093, 1).
"
15711901,Iheatu,FRA,Male,45.0,2,109162.82,1,Yes,Yes,126145.08,0,"new row for relation ""bank_churn"" violates check constraint ""valid_countries""
DETAIL:  Failing row contains (15711901, Iheatu, FRA, Male, 45, 2, 109163, 1, t, t, 126145, 0).
"
15779809,Giordano,FRA,Male,44.0,8,87471.63,1,Yes,Yes,188593.98,0,"new row for relation ""bank_churn"" violates check constraint ""valid_countries""
DETAIL:  Failing row contains (15779809, Giordano, FRA, Male, 44, 8, 87472, 1, t, t, 188594, 0).
"
15729018,Alexander,FRA,Female,33.0,2,147229.65,1,Yes,Yes,56410.17,0,"new row for relation ""bank_churn"" violates check constraint ""valid_countries""
DETAIL:  Failing row contains (15729018, Alexander, FRA, Female, 33, 2, 147230, 1, t, t, 56410, 0).
"
15698246,Gordon,French,Female,24.0,2,0.0,2,Yes,Yes,84694.49,0,"new row for relation ""bank_churn"" violates check constraint ""valid_countries""
DETAIL:  Failing row contains (15698246, Gordon, French, Female, 24, 2, 0, 2, t, t, 84694, 0).
"
15566295,Sanders,French,Female,33.0,6,138053.79,2,No,No,148779.41,0,"new row for relation ""bank_churn"" violates check constraint ""valid_countries""
DETAIL:  Failing row contains (15566295, Sanders, French, Female, 33, 6, 138054, 2, f, f, 148779, 0).
"
15771580,Davison,FRA,Female,38.0,0,106831.69,1,Yes,Yes,148977.72,0,"new row for relation ""bank_churn"" violates check constraint ""valid_countries""
DETAIL:  Failing row contains (15771580, Davison, FRA, Female, 38, 0, 106832, 1, t, t, 148978, 0).
"
15611371,Siciliani,French,Male,43.0,4,176134.54,1,Yes,Yes,52856.88,0,"new row for relation ""bank_churn"" violates check constraint ""valid_countries""
DETAIL:  Failing row contains (15611371, Siciliani, French, Male, 43, 4, 176135, 1, t, t, 52857, 0).
"
15673584,Bell,FRA,Female,74.0,5,0.0,2,Yes,Yes,937.15,0,"new row for relation ""bank_churn"" violates check constraint ""valid_countries""
DETAIL:  Failing row contains (15673584, Bell, FRA, Female, 74, 5, 0, 2, t, t, 937, 0).
"
15636396,Jackson,French,Female,35.0,7,0.0,2,Yes,Yes,193022.44,0,"new row for relation ""bank_churn"" violates check constraint ""valid_countries""
DETAIL:  Failing row contains (15636396, Jackson, French, Female, 35, 7, 0, 2, t, t, 193022, 0).
"
15706170,Onyemere,French,Male,34.0,1,84055.43,1,No,No,37490.84,0,"new row for relation ""bank_churn"" violates check constraint ""valid_countries""
DETAIL:  Failing row contains (15706170, Onyemere, French, Male, 34, 1, 84055, 1, f, f, 37491, 0).
"
15725478,McClemans,FRA,Male,60.0,7,0.0,2,Yes,Yes,111558.7,0,"new row for relation ""bank_churn"" violates check constraint ""valid_countries""
DETAIL:  Failing row contains (15725478, McClemans, FRA, Male, 60, 7, 0, 2, t, t, 111559, 0).
"
15690796,Chambers,French,Male,37.0,8,0.0,1,No,No,101834.58,0,"new row for relation ""bank_churn"" violates check constraint ""valid_countries""
DETAIL:  Failing row contains (15690796, Chambers, French, Male, 37, 8, 0, 1, f, f, 101835, 0).
"
15748481,Howey,FRA,Female,27.0,6,0.0,1,No,No,7819.76,0,"new row for relation ""bank_churn"" violates check constraint ""valid_countries""
DETAIL:  Failing row contains (15748481, Howey, FRA, Female, 27, 6, 0, 1, f, f, 7820, 0).
"
15757777,Pai,French,Female,35.0,2,0.0,2,Yes,Yes,23129.46,0,"new row for relation ""bank_churn"" violates check constraint ""valid_countries""
DETAIL:  Failing row contains (15757777, Pai, French, Female, 35, 2, 0, 2, t, t, 23129, 0).
"
15598275,Sochima,FRA,Female,32.0,7,0.0,2,Yes,Yes,199418.02,0,"new row for relation ""bank_churn"" violates check constraint ""valid_countries""
DETAIL:  Failing row contains (15598275, Sochima, FRA, Female, 32, 7, 0, 2, t, t, 199418, 0).
"
15625592,Sal,French,Male,26.0,2,0.0,2,Yes,Yes,31399.4,0,"new row for relation ""bank_churn"" violates check constraint ""valid_countries""
DETAIL:  Failing row contains (15625592, Sal, French, Male, 26, 2, 0, 2, t, t, 31399, 0).
"
15759499,Gardiner,FRA,Female,32.0,4,111156.52,1,Yes,Yes,167376.26,0,"new row for relation ""bank_churn"" violates check constraint ""valid_countries""
DETAIL:  Failing row contains (15759499, Gardiner, FRA, Female, 32, 4, 111157, 1, t, t, 167376, 0).
"
15715597,Onyemauchechi,FRA,Male,36.0,1,97234.58,1,No,No,188997.08,0,"new row for relation ""bank_churn"" violates check constraint ""valid_countries""
DETAIL:  Failing row contains (15715597, Onyemauchechi, FRA, Male, 36, 1, 97235, 1, f, f, 188997, 0).
"
15707674,Marino,French,Female,58.0,2,131852.81,1,No,No,81436.68,1,"new row for relation ""bank_churn"" violates check constraint ""valid_countries""
DETAIL:  Failing row contains (15707674, Marino, French, Female, 58, 2, 131853, 1, f, f, 81437, 1).
"
15640922,Demaine,FRA,Female,52.0,7,0.0,1,Yes,Yes,122782.5,0,"new row for relation ""bank_churn"" violates check constraint ""valid_countries""
DETAIL:  Failing row contains (15640922, Demaine, FRA, Female, 52, 7, 0, 1, t, t, 122783, 0).
"
15567557,Chien,FRA,Male,27.0,2,128243.03,1,Yes,Yes,11631.34,0,"new row for relation ""bank_churn"" violates check constraint ""valid_countries""
DETAIL:  Failing row contains (15567557, Chien, FRA, Male, 27, 2, 128243, 1, t, t, 11631, 0).
"
15670103,Dickinson,French,Female,38.0,5,126645.13,1,Yes,Yes,168303.55,0,"new row for relation ""bank_churn"" violates check constraint ""valid_countries""
DETAIL:  Failing row contains (15670103, Dickinson, French, Female, 38, 5, 126645, 1, t, t, 168304, 0).
"
15720929,Kazantseva,French,Female,47.0,8,62094.71,3,No,No,9308.1,1,"new row for relation ""bank_churn"" violates check constraint ""valid_countries""
DETAIL:  Failing row contains (15720929, Kazantseva, French, Female, 47, 8, 62095, 3, f, f, 9308, 1).
"
15628558,Pan,FRA,Female,44.0,5,89188.83,1,Yes,Yes,75408.24,0,"new row for relation ""bank_churn"" violates check constraint ""valid_countries""
DETAIL:  Failing row contains (15628558, Pan, FRA, Female, 44, 5, 89189, 1, t, t, 75408, 0).
"
15718852,Uren,French,Male,56.0,9,96951.21,1,Yes,Yes,71776.76,0,"new row for relation ""bank_churn"" violates check constraint ""valid_countries""
DETAIL:  Failing row contains (15718852, Uren, French, Male, 56, 9, 96951, 1, t, t, 71777, 0).
"
15627847,Woronoff,FRA,Male,40.0,6,0.0,1,No,No,136985.08,1,"new row for relation ""bank_churn"" violates check constraint ""valid_countries""
DETAIL:  Failing row contains (15627847, Woronoff, FRA, Male, 40, 6, 0, 1, f, f, 136985, 1).
"
15789941,Yevseyev,FRA,Female,36.0,6,125130.28,1,No,No,125961.48,0,"new row for relation ""bank_churn"" violates check constraint ""valid_countries""
DETAIL:  Failing row contains (15789941, Yevseyev, FRA, Female, 36, 6, 125130, 1, f, f, 125961, 0).
"
15808326,Maslov,French,Female,34.0,9,0.0,2,Yes,Yes,20460.2,0,"new row for relation ""bank_churn"" violates check constraint ""valid_countries""
DETAIL:  Failing row contains (15808326, Maslov, French, Female, 34, 9, 0, 2, t, t, 20460, 0).
"
15778947,Sullivan,French,Male,36.0,3,0.0,2,Yes,Yes,8742.91,0,"new row for relation ""bank_churn"" violates check constraint ""valid_countries""
DETAIL:  Failing row contains (15778947, Sullivan, French, Male, 36, 3, 0, 2, t, t, 8743, 0).
"
15632977,Hsiao,French,Male,47.0,5,0.0,2,No,No,145789.71,0,"new row for relation ""bank_churn"" violates check constraint ""valid_countries""
DETAIL:  Failing row contains (15632977, Hsiao, French, Male, 47, 5, 0, 2, f, f, 145790, 0).
"
15591747,Rossi,French,Male,32.0,3,0.0,2,No,No,129576.99,0,"new row for relation ""bank_churn"" violates check constraint ""valid_countries""
DETAIL:  Failing row contains (15591747, Rossi, French, Male, 32, 3, 0, 2, f, f, 129577, 0).
"
15567335,Allsop,FRA,Female,42.0,7,0.0,2,Yes,Yes,190040.29,0,"new row for relation ""bank_churn"" violates check constraint ""valid_countries""
DETAIL:  Failing row contains (15567335, Allsop, FRA, Female, 42, 7, 0, 2, t, t, 190040, 0).
"
15609299,Chamberlain,French,Male,29.0,6,150685.79,1,No,No,87771.06,0,"new row for relation ""bank_churn"" violates check constraint ""valid_countries""
DETAIL:  Failing row contains (15609299, Chamberlain, French, Male, 29, 6, 150686, 1, f, f, 87771, 0).
"
15710390,Uspensky,French,Female,39.0,6,94631.26,2,Yes,Yes,148948.52,0,"new row for relation ""bank_churn"" violates check constraint ""valid_countries""
DETAIL:  Failing row contains (15710390, Uspensky, French, Female, 39, 6, 94631, 2, t, t, 148949, 0).
"
15756481,Garcia,FRA,Female,39.0,3,118336.14,1,No,No,184691.77,0,"new row for relation ""bank_churn"" violates check constraint ""valid_countries""
DETAIL:  Failing row contains (15756481, Garcia, FRA, Female, 39, 3, 118336, 1, f, f, 184692, 0).
"
15622518,Stephenson,FRA,Female,26.0,5,51116.26,1,Yes,Yes,70454.79,1,"new row for relation ""bank_churn"" violates check constraint ""valid_countries""
DETAIL:  Failing row contains (15622518, Stephenson, FRA, Female, 26, 5, 51116, 1, t, t, 70455, 1).
"
15703292,Chimezie,FRA,Male,26.0,8,86270.93,2,Yes,Yes,90177.3,0,"new row for relation ""bank_churn"" violates check constraint ""valid_countries""
DETAIL:  Failing row contains (15703292, Chimezie, FRA, Male, 26, 8, 86271, 2, t, t, 90177, 0).
"
15631359,Daluchi,FRA,Female,38.0,5,117289.92,1,No,No,85231.88,0,"new row for relation ""bank_churn"" violates check constraint ""valid_countries""
DETAIL:  Failing row contains (15631359, Daluchi, FRA, Female, 38, 5, 117290, 1, f, f, 85232, 0).
"
15596228,Uwaezuoke,French,Male,29.0,4,0.0,2,No,No,32089.57,0,"new row for relation ""bank_churn"" violates check constraint ""valid_countries""
DETAIL:  Failing row contains (15596228, Uwaezuoke, French, Male, 29, 4, 0, 2, f, f, 32090, 0).
"
15756894,Onwuka,French,Male,29.0,1,0.0,1,Yes,Yes,24865.54,0,"new row for relation ""bank_churn"" violates check constraint ""valid_countries""
DETAIL:  Failing row contains (15756894, Onwuka, French, Male, 29, 1, 0, 1, t, t, 24866, 0).
"
15664555,Hughes,FRA,Male,40.0,2,0.0,4,Yes,Yes,106174.7,1,"new row for relation ""bank_churn"" violates check constraint ""valid_countries""
DETAIL:  Failing row contains (15664555, Hughes, FRA, Male, 40, 2, 0, 4, t, t, 106175, 1).
"
15585222,Norman,FRA,Male,41.0,8,0.0,2,Yes,Yes,185054.14,0,"new row for relation ""bank_churn"" violates check constraint ""valid_countries""
DETAIL:  Failing row contains (15585222, Norman, FRA, Male, 41, 8, 0, 2, t, t, 185054, 0).
"
15673984,Daniels,FRA,Female,35.0,8,0.0,1,No,No,171840.24,1,"new row for relation ""bank_churn"" violates check constraint ""valid_countries""
DETAIL:  Failing row contains (15673984, Daniels, FRA, Female, 35, 8, 0, 1, f, f, 171840, 1).
"
15709941,Feng,FRA,Male,46.0,8,0.0,3,No,No,90747.94,1,"new row for relation ""bank_churn"" violates check constraint ""valid_countries""
DETAIL:  Failing row contains (15709941, Feng, FRA, Male, 46, 8, 0, 3, f, f, 90748, 1).
"
15580252,Waters,FRA,Male,44.0,4,112610.77,1,Yes,Yes,2048.55,0,"new row for relation ""bank_churn"" violates check constraint ""valid_countries""
DETAIL:  Failing row contains (15580252, Waters, FRA, Male, 44, 4, 112611, 1, t, t, 2049, 0).
"
15741275,Yuan,FRA,Female,57.0,7,71481.79,2,Yes,Yes,84421.34,0,"new row for relation ""bank_churn"" violates check constraint ""valid_countries""
DETAIL:  Failing row contains (15741275, Yuan, FRA, Female, 57, 7, 71482, 2, t, t, 84421, 0).
"
15707132,Yudin,French,Male,33.0,5,0.0,2,Yes,Yes,78698.09,0,"new row for relation ""bank_churn"" violates check constraint ""valid_countries""
DETAIL:  Failing row contains (15707132, Yudin, French, Male, 33, 5, 0, 2, t, t, 78698, 0).
"
15781777,Sutherland,FRA,Male,33.0,3,148659.48,1,No,No,42437.75,0,"new row for relation ""bank_churn"" violates check constraint ""valid_countries""
DETAIL:  Failing row contains (15781777, Sutherland, FRA, Male, 33, 3, 148659, 1, f, f, 42438, 0).
"
15602994,Gorbunov,French,Female,53.0,10,89550.85,1,Yes,Yes,90076.85,0,"new row for relation ""bank_churn"" violates check constraint ""valid_countries""
DETAIL:  Failing row contains (15602994, Gorbunov, French, Female, 53, 10, 89551, 1, t, t, 90077, 0).
"
15750769,Padovano,French,Male,35.0,7,75915.75,1,No,No,150507.43,0,"new row for relation ""bank_churn"" violates check constraint ""valid_countries""
DETAIL:  Failing row contains (15750769, Padovano, French, Male, 35, 7, 75916, 1, f, f, 150507, 0).
"
15694404,Eberegbulam,French,Female,42.0,3,156555.54,1,Yes,Yes,175674.01,0,"new row for relation ""bank_churn"" violates check constraint ""valid_countries""
DETAIL:  Failing row contains (15694404, Eberegbulam, French, Female, 42, 3, 156556, 1, t, t, 175674, 0).
"
15775294,Weber,FRA,Female,31.0,2,0.0,2,No,No,91829.17,1,"new row for relation ""bank_churn"" violates check constraint ""valid_countries""
DETAIL:  Failing row contains (15775294, Weber, FRA, Female, 31, 2, 0, 2, f, f, 91829, 1).
"
15611699,Tao,French,Female,40.0,7,0.0,1,No,No,126996.67,0,"new row for relation ""bank_churn"" violates check constraint ""valid_countries""
DETAIL:  Failing row contains (15611699, Tao, French, Female, 40, 7, 0, 1, f, f, 126997, 0).
"
15654000,Algarin,FRA,Female,35.0,5,0.0,1,No,No,133991.11,1,"new row for relation ""bank_churn"" violates check constraint ""valid_countries""
DETAIL:  Failing row contains (15654000, Algarin, FRA, Female, 35, 5, 0, 1, f, f, 133991, 1).
"
15657881,Onyemere,FRA,Male,38.0,5,136712.91,1,Yes,Yes,169920.92,0,"new row for relation ""bank_churn"" violates check constraint ""valid_countries""
DETAIL:  Failing row contains (15657881, Onyemere, FRA, Male, 38, 5, 136713, 1, t, t, 169921, 0).
"
15720687,Chidubem,French,Female,41.0,4,112609.91,1,No,No,191035.18,1,"new row for relation ""bank_churn"" violates check constraint ""valid_countries""
DETAIL:  Failing row contains (15720687, Chidubem, French, Female, 41, 4, 112610, 1, f, f, 191035, 1).
"
15582276,Greco,French,Male,34.0,5,133501.36,1,Yes,Yes,155643.04,0,"new row for relation ""bank_churn"" violates check constraint ""valid_countries""
DETAIL:  Failing row contains (15582276, Greco, French, Male, 34, 5, 133501, 1, t, t, 155643, 0).
"
15794257,Hsiung,French,Male,34.0,4,91562.99,1,Yes,Yes,123954.15,0,"new row for relation ""bank_churn"" violates check constraint ""valid_countries""
DETAIL:  Failing row contains (15794257, Hsiung, French, Male, 34, 4, 91563, 1, t, t, 123954, 0).
"
15681697,Rueda,FRA,Male,31.0,8,72541.48,1,No,No,129803.08,0,"new row for relation ""bank_churn"" violates check constraint ""valid_countries""
DETAIL:  Failing row contains (15681697, Rueda, FRA, Male, 31, 8, 72541, 1, f, f, 129803, 0).
"
15577970,Alexeeva,FRA,Male,34.0,5,0.0,1,No,No,43540.59,0,"new row for relation ""bank_churn"" violates check constraint ""valid_countries""
DETAIL:  Failing row contains (15577970, Alexeeva, FRA, Male, 34, 5, 0, 1, f, f, 43541, 0).
"
15666652,Anayolisa,French,Female,19.0,3,0.0,2,Yes,Yes,124297.32,0,"new row for relation ""bank_churn"" violates check constraint ""valid_countries""
DETAIL:  Failing row contains (15666652, Anayolisa, French, Female, 19, 3, 0, 2, t, t, 124297, 0).
"
15642160,Milanesi,FRA,Male,38.0,5,0.0,2,No,No,16491.64,0,"new row for relation ""bank_churn"" violates check constraint ""valid_countries""
DETAIL:  Failing row contains (15642160, Milanesi, FRA, Male, 38, 5, 0, 2, f, f, 16492, 0).
"
15605293,McKay,French,Female,43.0,1,0.0,2,Yes,Yes,196645.87,0,"new row for relation ""bank_churn"" violates check constraint ""valid_countries""
DETAIL:  Failing row contains (15605293, McKay, French, Female, 43, 1, 0, 2, t, t, 196646, 0).
"
15809901,Johnstone,FRA,Male,36.0,8,0.0,2,No,No,176809.87,0,"new row for relation ""bank_churn"" violates check constraint ""valid_countries""
DETAIL:  Failing row contains (15809901, Johnstone, FRA, Male, 36, 8, 0, 2, f, f, 176810, 0).
"
15716328,Miller,FRA,Female,40.0,2,0.0,2,No,No,141946.92,0,"new row for relation ""bank_churn"" violates check constraint ""valid_countries""
DETAIL:  Failing row contains (15716328, Miller, FRA, Female, 40, 2, 0, 2, f, f, 141947, 0).
"
15669060,Woolnough,French,Male,74.0,6,0.0,2,No,No,123583.85,0,"new row for relation ""bank_churn"" violates check constraint ""valid_countries""
DETAIL:  Failing row contains (15669060, Woolnough, French, Male, 74, 6, 0, 2, f, f, 123584, 0).
"
15740470,Vinogradov,FRA,Male,39.0,4,160652.45,2,No,No,57643.55,0,"new row for relation ""bank_churn"" violates check constraint ""valid_countries""
DETAIL:  Failing row contains (15740470, Vinogradov, FRA, Male, 39, 4, 160652, 2, f, f, 57644, 0).
"
15714391,Lai,FRA,Female,35.0,2,183572.84,1,Yes,Yes,66006.75,1,"new row for relation ""bank_churn"" violates check constraint ""valid_countries""
DETAIL:  Failing row contains (15714391, Lai, FRA, Female, 35, 2, 183573, 1, t, t, 66007, 1).
"
15730137,Udegbulam,French,Male,31.0,0,88421.81,1,No,No,72350.47,0,"new row for relation ""bank_churn"" violates check constraint ""valid_countries""
DETAIL:  Failing row contains (15730137, Udegbulam, French, Male, 31, 0, 88422, 1, f, f, 72350, 0).
"
15659820,Cross,French,Female,34.0,5,0.0,2,No,No,185561.89,0,"new row for relation ""bank_churn"" violates check constraint ""valid_countries""
DETAIL:  Failing row contains (15659820, Cross, French, Female, 34, 5, 0, 2, f, f, 185562, 0).
"
15696301,Snider,French,Female,37.0,9,101455.7,1,No,No,25803.59,1,"new row for relation ""bank_churn"" violates check constraint ""valid_countries""
DETAIL:  Failing row contains (15696301, Snider, French, Female, 37, 9, 101456, 1, f, f, 25804, 1).
"
15771087,Harrison,FRA,Female,71.0,0,88084.13,2,Yes,Yes,154337.47,0,"new row for relation ""bank_churn"" violates check constraint ""valid_countries""
DETAIL:  Failing row contains (15771087, Harrison, FRA, Female, 71, 0, 88084, 2, t, t, 154337, 0).
"
15680370,DeRose,FRA,Male,39.0,7,0.0,2,Yes,Yes,71323.23,0,"new row for relation ""bank_churn"" violates check constraint ""valid_countries""
DETAIL:  Failing row contains (15680370, DeRose, FRA, Male, 39, 7, 0, 2, t, t, 71323, 0).
"
15742404,McGregor,FRA,Male,38.0,7,0.0,2,No,No,38308.34,0,"new row for relation ""bank_churn"" violates check constraint ""valid_countries""
DETAIL:  Failing row contains (15742404, McGregor, FRA, Male, 38, 7, 0, 2, f, f, 38308, 0).
"
15790324,Green,FRA,Female,20.0,6,167685.56,1,No,No,57929.9,0,"new row for relation ""bank_churn"" violates check constraint ""valid_countries""
DETAIL:  Failing row contains (15790324, Green, FRA, Female, 20, 6, 167686, 1, f, f, 57930, 0).
"
15707007,Onio,FRA,Female,39.0,8,0.0,1,No,No,94263.44,0,"new row for relation ""bank_churn"" violates check constraint ""valid_countries""
DETAIL:  Failing row contains (15707007, Onio, FRA, Female, 39, 8, 0, 1, f, f, 94263, 0).
"
15572547,Vaguine,French,Female,45.0,9,104930.38,1,No,No,155921.81,1,"new row for relation ""bank_churn"" violates check constraint ""valid_countries""
DETAIL:  Failing row contains (15572547, Vaguine, French, Female, 45, 9, 104930, 1, f, f, 155922, 1).
"
15795963,Fiorentini,French,Male,34.0,7,129895.19,1,Yes,Yes,28698.17,0,"new row for relation ""bank_churn"" violates check constraint ""valid_countries""
DETAIL:  Failing row contains (15795963, Fiorentini, French, Male, 34, 7, 129895, 1, t, t, 28698, 0).
"
15662626,Feng,French,Female,40.0,2,0.0,2,No,No,36371.27,0,"new row for relation ""bank_churn"" violates check constraint ""valid_countries""
DETAIL:  Failing row contains (15662626, Feng, French, Female, 40, 2, 0, 2, f, f, 36371, 0).
"
15575955,Lujan,FRA,Female,24.0,0,0.0,2,No,No,88724.49,0,"new row for relation ""bank_churn"" violates check constraint ""valid_countries""
DETAIL:  Failing row contains (15575955, Lujan, FRA, Female, 24, 0, 0, 2, f, f, 88724, 0).
"
15739857,Trentino,FRA,Female,40.0,3,0.0,2,Yes,Yes,96832.82,0,"new row for relation ""bank_churn"" violates check constraint ""valid_countries""
DETAIL:  Failing row contains (15739857, Trentino, FRA, Female, 40, 3, 0, 2, t, t, 96833, 0).
"
15805523,Nnaife,FRA,Female,28.0,1,90537.16,1,Yes,Yes,74800.99,0,"new row for relation ""bank_churn"" violates check constraint ""valid_countries""
DETAIL:  Failing row contains (15805523, Nnaife, FRA, Female, 28, 1, 90537, 1, t, t, 74801, 0).
"
15749557,Chao,French,Female,44.0,6,0.0,2,Yes,Yes,192542.17,0,"new row for relation ""bank_churn"" violates check constraint ""valid_countries""
DETAIL:  Failing row contains (15749557, Chao, French, Female, 44, 6, 0, 2, t, t, 192542, 0).
"
15742028,Udegbulam,French,Female,35.0,5,0.0,2,No,No,31050.02,0,"new row for relation ""bank_churn"" violates check constraint ""valid_countries""
DETAIL:  Failing row contains (15742028, Udegbulam, French, Female, 35, 5, 0, 2, f, f, 31050, 0).
"
15686463,Fu,French,Male,38.0,7,141074.59,1,No,No,52795.56,1,"new row for relation ""bank_churn"" violates check constraint ""valid_countries""
DETAIL:  Failing row contains (15686463, Fu, French, Male, 38, 7, 141075, 1, f, f, 52796, 1).
"
15724099,Udinese,French,Male,26.0,6,166257.96,1,Yes,Yes,149369.41,0,"new row for relation ""bank_churn"" violates check constraint ""valid_countries""
DETAIL:  Failing row contains (15724099, Udinese, French, Male, 26, 6, 166258, 1, t, t, 149369, 0).
"
15664498,Golovanov,FRA,Male,26.0,7,205962.0,1,No,No,156424.4,0,"new row for relation ""bank_churn"" violates check constraint ""valid_countries""
DETAIL:  Failing row contains (15664498, Golovanov, FRA, Male, 26, 7, 205962, 1, f, f, 156424, 0).
"
15779522,Efimov,FRA,Female,24.0,0,0.0,2,No,No,109355.73,1,"new row for relation ""bank_churn"" violates check constraint ""valid_countries""
DETAIL:  Failing row contains (15779522, Efimov, FRA, Female, 24, 0, 0, 2, f, f, 109356, 1).
"
15696539,Wade,FRA,Female,21.0,7,105627.95,1,Yes,Yes,36560.51,0,"new row for relation ""bank_churn"" violates check constraint ""valid_countries""
DETAIL:  Failing row contains (15696539, Wade, FRA, Female, 21, 7, 105628, 1, t, t, 36561, 0).
"
15628279,Murphy,FRA,Female,38.0,3,0.0,2,Yes,Yes,163666.85,0,"new row for relation ""bank_churn"" violates check constraint ""valid_countries""
DETAIL:  Failing row contains (15628279, Murphy, FRA, Female, 38, 3, 0, 2, t, t, 163667, 0).
"
15634815,Hunt,FRA,Female,37.0,3,0.0,2,Yes,Yes,164268.28,0,"new row for relation ""bank_churn"" violates check constraint ""valid_countries""
DETAIL:  Failing row contains (15634815, Hunt, FRA, Female, 37, 3, 0, 2, t, t, 164268, 0).
"
15569364,Victor,FRA,Male,36.0,3,0.0,2,No,No,35156.54,0,"new row for relation ""bank_churn"" violates check constraint ""valid_countries""
DETAIL:  Failing row contains (15569364, Victor, FRA, Male, 36, 3, 0, 2, f, f, 35157, 0).
"
15791191,Mitchell,French,Male,59.0,2,103996.74,1,Yes,Yes,103159.11,0,"new row for relation ""bank_churn"" violates check constraint ""valid_countries""
DETAIL:  Failing row contains (15791191, Mitchell, French, Male, 59, 2, 103997, 1, t, t, 103159, 0).
"
15724428,Abel,French,Male,40.0,8,0.0,2,No,No,61581.2,0,"new row for relation ""bank_churn"" violates check constraint ""valid_countries""
DETAIL:  Failing row contains (15724428, Abel, French, Male, 40, 8, 0, 2, f, f, 61581, 0).
"
15585839,Niu,French,Male,37.0,2,0.0,2,No,No,182258.17,0,"new row for relation ""bank_churn"" violates check constraint ""valid_countries""
DETAIL:  Failing row contains (15585839, Niu, French, Male, 37, 2, 0, 2, f, f, 182258, 0).
"
15637678,Ma,French,Male,35.0,5,0.0,1,No,No,155394.52,0,"new row for relation ""bank_churn"" violates check constraint ""valid_countries""
DETAIL:  Failing row contains (15637678, Ma, French, Male, 35, 5, 0, 1, f, f, 155395, 0).
"
15710375,Gibson,French,Male,41.0,6,0.0,2,No,No,65396.79,0,"new row for relation ""bank_churn"" violates check constraint ""valid_countries""
DETAIL:  Failing row contains (15710375, Gibson, French, Male, 41, 6, 0, 2, f, f, 65397, 0).
"
15630363,Nkemakonam,French,Female,39.0,0,102721.49,1,No,No,22191.82,0,"new row for relation ""bank_churn"" violates check constraint ""valid_countries""
DETAIL:  Failing row contains (15630363, Nkemakonam, French, Female, 39, 0, 102721, 1, f, f, 22192, 0).
"
15719827,O'Donnell,French,Male,36.0,3,0.0,1,No,No,65147.27,0,"new row for relation ""bank_churn"" violates check constraint ""valid_countries""
DETAIL:  Failing row contains (15719827, O'Donnell, French, Male, 36, 3, 0, 1, f, f, 65147, 0).
"
15723028,Smith,French,Male,33.0,1,0.0,2,No,No,85439.73,0,"new row for relation ""bank_churn"" violates check constraint ""valid_countries""
DETAIL:  Failing row contains (15723028, Smith, French, Male, 33, 1, 0, 2, f, f, 85440, 0).
"
15579112,Gibson,French,Male,47.0,2,0.0,2,Yes,Yes,186116.54,0,"new row for relation ""bank_churn"" violates check constraint ""valid_countries""
DETAIL:  Failing row contains (15579112, Gibson, French, Male, 47, 2, 0, 2, t, t, 186117, 0).
"
15648479,Stephenson,French,Female,45.0,0,0.0,2,No,No,166830.71,0,"new row for relation ""bank_churn"" violates check constraint ""valid_countries""
DETAIL:  Failing row contains (15648479, Stephenson, French, Female, 45, 0, 0, 2, f, f, 166831, 0).
"
15659234,Y?,FRA,Male,30.0,3,85704.95,1,Yes,Yes,27886.06,0,"new row for relation ""bank_churn"" violates check constraint ""valid_countries""
DETAIL:  Failing row contains (15659234, Y?, FRA, Male, 30, 3, 85705, 1, t, t, 27886, 0).
"
15811970,Kang,FRA,Female,42.0,1,0.0,2,Yes,Yes,5768.32,0,"new row for relation ""bank_churn"" violates check constraint ""valid_countries""
DETAIL:  Failing row contains (15811970, Kang, FRA, Female, 42, 1, 0, 2, t, t, 5768, 0).
"
15595136,Kryukov,FRA,Female,37.0,1,0.0,2,Yes,Yes,68987.55,0,"new row for relation ""bank_churn"" violates check constraint ""valid_countries""
DETAIL:  Failing row contains (15595136, Kryukov, FRA, Female, 37, 1, 0, 2, t, t, 68988, 0).
"
15787035,Anderson,FRA,Female,35.0,8,0.0,2,Yes,Yes,152843.53,0,"new row for relation ""bank_churn"" violates check constraint ""valid_countries""
DETAIL:  Failing row contains (15787035, Anderson, FRA, Female, 35, 8, 0, 2, t, t, 152844, 0).
"
15626948,Butcher,FRA,Female,42.0,6,86167.82,1,No,No,153342.38,0,"new row for relation ""bank_churn"" violates check constraint ""valid_countries""
DETAIL:  Failing row contains (15626948, Butcher, FRA, Female, 42, 6, 86168, 1, f, f, 153342, 0).
"
15777759,Boucaut,French,Male,30.0,2,131406.56,1,Yes,Yes,47952.45,0,"new row for relation ""bank_churn"" violates check constraint ""valid_countries""
DETAIL:  Failing row contains (15777759, Boucaut, French, Male, 30, 2, 131407, 1, t, t, 47952, 0).
"
15678916,Kelly,French,Female,75.0,2,0.0,1,No,No,123304.62,0,"new row for relation ""bank_churn"" violates check constraint ""valid_countries""
DETAIL:  Failing row contains (15678916, Kelly, French, Female, 75, 2, 0, 1, f, f, 123305, 0).
"
15568006,Ukaegbunam,FRA,Female,45.0,2,0.0,4,No,No,101039.53,1,"new row for relation ""bank_churn"" violates check constraint ""valid_countries""
DETAIL:  Failing row contains (15568006, Ukaegbunam, FRA, Female, 45, 2, 0, 4, f, f, 101040, 1).
"
15751748,Trevisani,French,Male,51.0,2,148222.65,1,No,No,156953.54,1,"new row for relation ""bank_churn"" violates check constraint ""valid_countries""
DETAIL:  Failing row contains (15751748, Trevisani, French, Male, 51, 2, 148223, 1, f, f, 156954, 1).
"
15722212,Edmondstone,French,Female,41.0,8,0.0,2,No,No,28276.83,0,"new row for relation ""bank_churn"" violates check constraint ""valid_countries""
DETAIL:  Failing row contains (15722212, Edmondstone, French, Female, 41, 8, 0, 2, f, f, 28277, 0).
"
15658852,Stevens,FRA,Male,38.0,8,0.0,2,Yes,Yes,133692.88,0,"new row for relation ""bank_churn"" violates check constraint ""valid_countries""
DETAIL:  Failing row contains (15658852, Stevens, FRA, Male, 38, 8, 0, 2, t, t, 133693, 0).
"
15604818,Edmund la Touche,FRA,Male,34.0,9,154495.79,1,No,No,191395.88,0,"new row for relation ""bank_churn"" violates check constraint ""valid_countries""
DETAIL:  Failing row contains (15604818, Edmund la Touche, FRA, Male, 34, 9, 154496, 1, f, f, 191396, 0).
"
15593900,Belousov,FRA,Male,38.0,1,189443.72,1,Yes,Yes,106648.58,0,"new row for relation ""bank_churn"" violates check constraint ""valid_countries""
DETAIL:  Failing row contains (15593900, Belousov, FRA, Male, 38, 1, 189444, 1, t, t, 106649, 0).
"
15570087,Parry-Okeden,French,Female,44.0,8,142989.69,1,Yes,Yes,115452.51,1,"new row for relation ""bank_churn"" violates check constraint ""valid_countries""
DETAIL:  Failing row contains (15570087, Parry-Okeden, French, Female, 44, 8, 142990, 1, t, t, 115453, 1).
"
15656029,Marsden,French,Male,37.0,6,0.0,2,Yes,Yes,22030.72,0,"new row for relation ""bank_churn"" violates check constraint ""valid_countries""
DETAIL:  Failing row contains (15656029, Marsden, French, Male, 37, 6, 0, 2, t, t, 22031, 0).
"
15574206,Shillito,French,Female,37.0,7,0.0,2,Yes,Yes,55100.09,0,"new row for relation ""bank_churn"" violates check constraint ""valid_countries""
DETAIL:  Failing row contains (15574206, Shillito, French, Female, 37, 7, 0, 2, t, t, 55100, 0).
"
15585455,Stewart,FRA,Male,28.0,9,0.0,2,No,No,32599.35,0,"new row for relation ""bank_churn"" violates check constraint ""valid_countries""
DETAIL:  Failing row contains (15585455, Stewart, FRA, Male, 28, 9, 0, 2, f, f, 32599, 0).
"
15738248,Lo,FRA,Female,37.0,5,0.0,2,No,No,151871.84,0,"new row for relation ""bank_churn"" violates check constraint ""valid_countries""
DETAIL:  Failing row contains (15738248, Lo, FRA, Female, 37, 5, 0, 2, f, f, 151872, 0).
"
15673372,Stevenson,FRA,Female,58.0,1,0.0,1,Yes,Yes,58907.08,1,"new row for relation ""bank_churn"" violates check constraint ""valid_countries""
DETAIL:  Failing row contains (15673372, Stevenson, FRA, Female, 58, 1, 0, 1, t, t, 58907, 1).
"
15587611,Kauffmann,FRA,Male,59.0,9,0.0,2,No,No,103799.77,1,"new row for relation ""bank_churn"" violates check constraint ""valid_countries""
DETAIL:  Failing row contains (15587611, Kauffmann, FRA, Male, 59, 9, 0, 2, f, f, 103800, 1).
"
15655648,Bock,FRA,Female,25.0,2,0.0,2,No,No,123723.83,0,"new row for relation ""bank_churn"" violates check constraint ""valid_countries""
DETAIL:  Failing row contains (15655648, Bock, FRA, Female, 25, 2, 0, 2, f, f, 123724, 0).
"
15763613,Barlow,FRA,Male,30.0,1,0.0,2,No,No,199464.08,0,"new row for relation ""bank_churn"" violates check constraint ""valid_countries""
DETAIL:  Failing row contains (15763613, Barlow, FRA, Male, 30, 1, 0, 2, f, f, 199464, 0).
"
15796231,Nwankwo,French,Female,18.0,1,98894.39,1,Yes,Yes,9596.4,0,"new row for relation ""bank_churn"" violates check constraint ""valid_countries""
DETAIL:  Failing row contains (15796231, Nwankwo, French, Female, 18, 1, 98894, 1, t, t, 9596, 0).
"
15617082,Sanders,French,Male,33.0,7,115195.58,1,Yes,Yes,11205.5,0,"new row for relation ""bank_churn"" violates check constraint ""valid_countries""
DETAIL:  Failing row contains (15617082, Sanders, French, Male, 33, 7, 115196, 1, t, t, 11206, 0).
"
15693906,Abbott,FRA,Female,24.0,3,34547.82,1,Yes,Yes,11638.17,0,"new row for relation ""bank_churn"" violates check constraint ""valid_countries""
DETAIL:  Failing row contains (15693906, Abbott, FRA, Female, 24, 3, 34548, 1, t, t, 11638, 0).
"
15791842,Johnstone,French,Female,32.0,6,71187.24,1,Yes,Yes,110593.62,0,"new row for relation ""bank_churn"" violates check constraint ""valid_countries""
DETAIL:  Failing row contains (15791842, Johnstone, French, Female, 32, 6, 71187, 1, t, t, 110594, 0).
"
15663625,Johnson,French,Male,37.0,4,0.0,2,No,No,12470.3,0,"new row for relation ""bank_churn"" violates check constraint ""valid_countries""
DETAIL:  Failing row contains (15663625, Johnson, French, Male, 37, 4, 0, 2, f, f, 12470, 0).
"
15589666,Sorokina,FRA,Female,39.0,9,136422.41,1,Yes,Yes,151757.81,0,"new row for relation ""bank_churn"" violates check constraint ""valid_countries""
DETAIL:  Failing row contains (15589666, Sorokina, FRA, Female, 39, 9, 136422, 1, t, t, 151758, 0).
"
15627881,Diehl,FRA,Male,30.0,8,0.0,2,Yes,Yes,47536.46,0,"new row for relation ""bank_churn"" violates check constraint ""valid_countries""
DETAIL:  Failing row contains (15627881, Diehl, FRA, Male, 30, 8, 0, 2, t, t, 47536, 0).
"
15664895,Onuchukwu,FRA,Female,25.0,0,0.0,2,Yes,Yes,101274.17,0,"new row for relation ""bank_churn"" violates check constraint ""valid_countries""
DETAIL:  Failing row contains (15664895, Onuchukwu, FRA, Female, 25, 0, 0, 2, t, t, 101274, 0).
"
15611961,Stewart,French,Male,35.0,7,0.0,2,No,No,150784.29,0,"new row for relation ""bank_churn"" violates check constraint ""valid_countries""
DETAIL:  Failing row contains (15611961, Stewart, French, Male, 35, 7, 0, 2, f, f, 150784, 0).
"
15680167,Thomson,FRA,Female,78.0,6,47536.4,1,Yes,Yes,119400.08,0,"new row for relation ""bank_churn"" violates check constraint ""valid_countries""
DETAIL:  Failing row contains (15680167, Thomson, FRA, Female, 78, 6, 47536, 1, t, t, 119400, 0).
"
15762543,Goliwe,FRA,Female,32.0,1,0.0,2,No,No,126188.42,0,"new row for relation ""bank_churn"" violates check constraint ""valid_countries""
DETAIL:  Failing row contains (15762543, Goliwe, FRA, Female, 32, 1, 0, 2, f, f, 126188, 0).
"
15658475,Lori,FRA,Male,36.0,8,142882.49,1,No,No,89983.02,1,"new row for relation ""bank_churn"" violates check constraint ""valid_countries""
DETAIL:  Failing row contains (15658475, Lori, FRA, Male, 36, 8, 142882, 1, f, f, 89983, 1).
"
15779743,Onwuamaeze,French,Female,44.0,7,0.0,2,No,No,29761.29,0,"new row for relation ""bank_churn"" violates check constraint ""valid_countries""
DETAIL:  Failing row contains (15779743, Onwuamaeze, French, Female, 44, 7, 0, 2, f, f, 29761, 0).
"
15661532,Butusov,French,Female,31.0,1,160566.11,2,No,No,27073.81,0,"new row for relation ""bank_churn"" violates check constraint ""valid_countries""
DETAIL:  Failing row contains (15661532, Butusov, French, Female, 31, 1, 160566, 2, f, f, 27074, 0).
"
15767908,Nicholson,FRA,Male,38.0,6,127678.8,2,No,No,45422.89,0,"new row for relation ""bank_churn"" violates check constraint ""valid_countries""
DETAIL:  Failing row contains (15767908, Nicholson, FRA, Male, 38, 6, 127679, 2, f, f, 45423, 0).
"
15624451,Huddart,French,Female,38.0,3,0.0,2,No,No,116466.19,0,"new row for relation ""bank_churn"" violates check constraint ""valid_countries""
DETAIL:  Failing row contains (15624451, Huddart, French, Female, 38, 3, 0, 2, f, f, 116466, 0).
"
15731760,Butcher,French,Male,25.0,5,0.0,1,Yes,Yes,90860.97,0,"new row for relation ""bank_churn"" violates check constraint ""valid_countries""
DETAIL:  Failing row contains (15731760, Butcher, French, Male, 25, 5, 0, 1, t, t, 90861, 0).
"
15585599,Stone,French,Female,34.0,8,0.0,2,Yes,Yes,141872.52,0,"new row for relation ""bank_churn"" violates check constraint ""valid_countries""
DETAIL:  Failing row contains (15585599, Stone, French, Female, 34, 8, 0, 2, t, t, 141873, 0).
"
15734524,Wang,FRA,Male,51.0,3,0.0,1,No,No,170426.65,1,"new row for relation ""bank_churn"" violates check constraint ""valid_countries""
DETAIL:  Failing row contains (15734524, Wang, FRA, Male, 51, 3, 0, 1, f, f, 170427, 1).
"
15649292,Bellucci,French,Female,49.0,7,29602.08,1,No,No,163550.58,1,"new row for relation ""bank_churn"" violates check constraint ""valid_countries""
DETAIL:  Failing row contains (15649292, Bellucci, French, Female, 49, 7, 29602, 1, f, f, 163551, 1).
"
15792565,Duncan,French,Female,46.0,7,0.0,2,Yes,Yes,67769.94,0,"new row for relation ""bank_churn"" violates check constraint ""valid_countries""
DETAIL:  Failing row contains (15792565, Duncan, French, Female, 46, 7, 0, 2, t, t, 67770, 0).
"
15718245,Pirozzi,French,Male,34.0,1,0.0,2,Yes,Yes,126592.01,0,"new row for relation ""bank_churn"" violates check constraint ""valid_countries""
DETAIL:  Failing row contains (15718245, Pirozzi, French, Male, 34, 1, 0, 2, t, t, 126592, 0).
"
15758136,King,FRA,Male,37.0,3,141803.77,1,Yes,Yes,179421.84,0,"new row for relation ""bank_churn"" violates check constraint ""valid_countries""
DETAIL:  Failing row contains (15758136, King, FRA, Male, 37, 3, 141804, 1, t, t, 179422, 0).
"
15799932,Iweobiegbunam,FRA,Male,24.0,10,0.0,2,Yes,Yes,156906.15,0,"new row for relation ""bank_churn"" violates check constraint ""valid_countries""
DETAIL:  Failing row contains (15799932, Iweobiegbunam, FRA, Male, 24, 10, 0, 2, t, t, 156906, 0).
"
15798960,Meng,French,Male,33.0,2,108393.35,1,Yes,Yes,39057.67,0,"new row for relation ""bank_churn"" violates check constraint ""valid_countries""
DETAIL:  Failing row contains (15798960, Meng, French, Male, 33, 2, 108393, 1, t, t, 39058, 0).
"
15699195,Shen,French,Female,24.0,3,110949.41,1,Yes,Yes,168515.61,0,"new row for relation ""bank_churn"" violates check constraint ""valid_countries""
DETAIL:  Failing row contains (15699195, Shen, French, Female, 24, 3, 110949, 1, t, t, 168516, 0).
"
15710543,Okwuoma,French,Male,46.0,1,130666.2,1,Yes,Yes,161125.67,1,"new row for relation ""bank_churn"" violates check constraint ""valid_countries""
DETAIL:  Failing row contains (15710543, Okwuoma, French, Male, 46, 1, 130666, 1, t, t, 161126, 1).
"
15695499,Chinwemma,French,Female,45.0,10,103821.47,2,Yes,Yes,77878.62,0,"new row for relation ""bank_churn"" violates check constraint ""valid_countries""
DETAIL:  Failing row contains (15695499, Chinwemma, French, Female, 45, 10, 103821, 2, t, t, 77879, 0).
"
15622321,Golubova,French,Female,32.0,3,0.0,1,Yes,Yes,80823.02,0,"new row for relation ""bank_churn"" violates check constraint ""valid_countries""
DETAIL:  Failing row contains (15622321, Golubova, French, Female, 32, 3, 0, 1, t, t, 80823, 0).
"
15639590,Melendez,FRA,Female,30.0,3,141581.08,1,No,No,156249.06,0,"new row for relation ""bank_churn"" violates check constraint ""valid_countries""
DETAIL:  Failing row contains (15639590, Melendez, FRA, Female, 30, 3, 141581, 1, f, f, 156249, 0).
"
15567078,Kovaleva,FRA,Female,27.0,8,66201.96,1,Yes,Yes,79458.12,0,"new row for relation ""bank_churn"" violates check constraint ""valid_countries""
DETAIL:  Failing row contains (15567078, Kovaleva, FRA, Female, 27, 8, 66202, 1, t, t, 79458, 0).
"
15696373,Gill,FRA,Female,44.0,9,0.0,2,No,No,103042.2,1,"new row for relation ""bank_churn"" violates check constraint ""valid_countries""
DETAIL:  Failing row contains (15696373, Gill, FRA, Female, 44, 9, 0, 2, f, f, 103042, 1).
"
15672594,Stevenson,FRA,Female,60.0,0,131778.08,1,No,No,10703.53,1,"new row for relation ""bank_churn"" violates check constraint ""valid_countries""
DETAIL:  Failing row contains (15672594, Stevenson, FRA, Female, 60, 0, 131778, 1, f, f, 10704, 1).
"
15782144,Gilroy,FRA,Female,34.0,3,0.0,2,Yes,Yes,3894.34,0,"new row for relation ""bank_churn"" violates check constraint ""valid_countries""
DETAIL:  Failing row contains (15782144, Gilroy, FRA, Female, 34, 3, 0, 2, t, t, 3894, 0).
"
15581733,Bates,FRA,Female,28.0,4,0.0,2,No,No,177703.15,0,"new row for relation ""bank_churn"" violates check constraint ""valid_countries""
DETAIL:  Failing row contains (15581733, Bates, FRA, Female, 28, 4, 0, 2, f, f, 177703, 0).
"
15664214,Hearn,French,Male,33.0,2,141204.65,2,No,No,76257.46,0,"new row for relation ""bank_churn"" violates check constraint ""valid_countries""
DETAIL:  Failing row contains (15664214, Hearn, French, Male, 33, 2, 141205, 2, f, f, 76257, 0).
"
15736302,McKay,French,Male,48.0,4,0.0,2,Yes,Yes,170893.85,0,"new row for relation ""bank_churn"" violates check constraint ""valid_countries""
DETAIL:  Failing row contains (15736302, McKay, French, Male, 48, 4, 0, 2, t, t, 170894, 0).
"
15724632,Madukaego,French,Female,41.0,0,0.0,2,Yes,Yes,175262.49,0,"new row for relation ""bank_churn"" violates check constraint ""valid_countries""
DETAIL:  Failing row contains (15724632, Madukaego, French, Female, 41, 0, 0, 2, t, t, 175262, 0).
"
15670416,Ferri,French,Female,43.0,0,0.0,1,Yes,Yes,15705.27,0,"new row for relation ""bank_churn"" violates check constraint ""valid_countries""
DETAIL:  Failing row contains (15670416, Ferri, French, Female, 43, 0, 0, 1, t, t, 15705, 0).
"
15580719,Davis,French,Female,23.0,10,0.0,2,Yes,Yes,79734.23,0,"new row for relation ""bank_churn"" violates check constraint ""valid_countries""
DETAIL:  Failing row contains (15580719, Davis, French, Female, 23, 10, 0, 2, t, t, 79734, 0).
"
15656293,Davey,FRA,Male,35.0,3,0.0,2,No,No,92712.97,0,"new row for relation ""bank_churn"" violates check constraint ""valid_countries""
DETAIL:  Failing row contains (15656293, Davey, FRA, Male, 35, 3, 0, 2, f, f, 92713, 0).
"
15780770,Kerr,FRA,Male,31.0,7,145056.59,1,Yes,Yes,175893.53,0,"new row for relation ""bank_churn"" violates check constraint ""valid_countries""
DETAIL:  Failing row contains (15780770, Kerr, FRA, Male, 31, 7, 145057, 1, t, t, 175894, 0).
"
15641411,Volkova,French,Female,23.0,1,112568.31,1,Yes,Yes,113408.11,0,"new row for relation ""bank_churn"" violates check constraint ""valid_countries""
DETAIL:  Failing row contains (15641411, Volkova, French, Female, 23, 1, 112568, 1, t, t, 113408, 0).
"
15764661,Wang,FRA,Male,33.0,2,0.0,1,No,No,96420.58,0,"new row for relation ""bank_churn"" violates check constraint ""valid_countries""
DETAIL:  Failing row contains (15764661, Wang, FRA, Male, 33, 2, 0, 1, f, f, 96421, 0).
"
15742971,Whitehead,French,Female,44.0,2,161887.81,2,No,No,84870.23,0,"new row for relation ""bank_churn"" violates check constraint ""valid_countries""
DETAIL:  Failing row contains (15742971, Whitehead, French, Female, 44, 2, 161888, 2, f, f, 84870, 0).
"
15568046,Izuchukwu,French,Male,24.0,7,109558.36,1,No,No,183515.13,0,"new row for relation ""bank_churn"" violates check constraint ""valid_countries""
DETAIL:  Failing row contains (15568046, Izuchukwu, French, Male, 24, 7, 109558, 1, f, f, 183515, 0).
"
15694890,Lai,FRA,Male,38.0,1,124271.26,1,No,No,75969.19,0,"new row for relation ""bank_churn"" violates check constraint ""valid_countries""
DETAIL:  Failing row contains (15694890, Lai, FRA, Male, 38, 1, 124271, 1, f, f, 75969, 0).
"
15736963,Herring,FRA,Male,43.0,1,0.0,2,Yes,Yes,146379.3,0,"new row for relation ""bank_churn"" violates check constraint ""valid_countries""
DETAIL:  Failing row contains (15736963, Herring, FRA, Male, 43, 1, 0, 2, t, t, 146379, 0).
"
15669606,Chu,French,Male,33.0,5,0.0,2,No,No,138017.68,0,"new row for relation ""bank_churn"" violates check constraint ""valid_countries""
DETAIL:  Failing row contains (15669606, Chu, French, Male, 33, 5, 0, 2, f, f, 138018, 0).
"
15713594,French,French,Female,32.0,7,147256.86,1,No,No,112771.95,0,"new row for relation ""bank_churn"" violates check constraint ""valid_countries""
DETAIL:  Failing row contains (15713594, French, French, Female, 32, 7, 147257, 1, f, f, 112772, 0).
"
15786739,Clements,FRA,Male,37.0,1,125529.55,1,Yes,Yes,162260.93,0,"new row for relation ""bank_churn"" violates check constraint ""valid_countries""
DETAIL:  Failing row contains (15786739, Clements, FRA, Male, 37, 1, 125530, 1, t, t, 162261, 0).
"
15645717,Avdeeva,French,Male,62.0,2,0.0,2,Yes,Yes,25438.87,0,"new row for relation ""bank_churn"" violates check constraint ""valid_countries""
DETAIL:  Failing row contains (15645717, Avdeeva, French, Male, 62, 2, 0, 2, t, t, 25439, 0).
"
15629787,Tu,FRA,Male,27.0,10,107303.72,2,No,No,44435.76,0,"new row for relation ""bank_churn"" violates check constraint ""valid_countries""
DETAIL:  Failing row contains (15629787, Tu, FRA, Male, 27, 10, 107304, 2, f, f, 44436, 0).
"
15754113,Li,French,Female,35.0,0,0.0,2,Yes,Yes,155485.24,0,"new row for relation ""bank_churn"" violates check constraint ""valid_countries""
DETAIL:  Failing row contains (15754113, Li, French, Female, 35, 0, 0, 2, t, t, 155485, 0).
"
15574352,Clogstoun,French,Male,43.0,4,161256.53,1,Yes,Yes,140071.57,0,"new row for relation ""bank_churn"" violates check constraint ""valid_countries""
DETAIL:  Failing row contains (15574352, Clogstoun, French, Male, 43, 4, 161257, 1, t, t, 140072, 0).
"
15701281,Tan,French,Male,27.0,8,0.0,2,Yes,Yes,49089.36,0,"new row for relation ""bank_churn"" violates check constraint ""valid_countries""
DETAIL:  Failing row contains (15701281, Tan, French, Male, 27, 8, 0, 2, t, t, 49089, 0).
"
15713505,Harriman,FRA,Male,31.0,1,0.0,2,Yes,Yes,192660.55,0,"new row for relation ""bank_churn"" violates check constraint ""valid_countries""
DETAIL:  Failing row contains (15713505, Harriman, FRA, Male, 31, 1, 0, 2, t, t, 192661, 0).
"
15618774,White,FRA,Male,54.0,3,0.0,1,No,No,108409.17,1,"new row for relation ""bank_churn"" violates check constraint ""valid_countries""
DETAIL:  Failing row contains (15618774, White, FRA, Male, 54, 3, 0, 1, f, f, 108409, 1).
"
15611024,Kalinina,French,Female,23.0,9,93522.2,1,Yes,Yes,81425.61,0,"new row for relation ""bank_churn"" violates check constraint ""valid_countries""
DETAIL:  Failing row contains (15611024, Kalinina, French, Female, 23, 9, 93522, 1, t, t, 81426, 0).
"
15805764,Hallahan,FRA,Male,18.0,10,0.0,2,Yes,Yes,52795.15,0,"new row for relation ""bank_churn"" violates check constraint ""valid_countries""
DETAIL:  Failing row contains (15805764, Hallahan, FRA, Male, 18, 10, 0, 2, t, t, 52795, 0).
"
15734987,Robertson,FRA,Female,43.0,7,140260.36,2,No,No,2748.72,0,"new row for relation ""bank_churn"" violates check constraint ""valid_countries""
DETAIL:  Failing row contains (15734987, Robertson, FRA, Female, 43, 7, 140260, 2, f, f, 2749, 0).
"
15641822,Barese,French,Female,19.0,1,0.0,2,Yes,Yes,22101.86,0,"new row for relation ""bank_churn"" violates check constraint ""valid_countries""
DETAIL:  Failing row contains (15641822, Barese, French, Female, 19, 1, 0, 2, t, t, 22102, 0).
"
15743538,Pickering,French,Female,31.0,1,0.0,2,No,No,20081.3,0,"new row for relation ""bank_churn"" violates check constraint ""valid_countries""
DETAIL:  Failing row contains (15743538, Pickering, French, Female, 31, 1, 0, 2, f, f, 20081, 0).
"
15591740,Fletcher,French,Female,54.0,4,0.0,2,Yes,Yes,93820.49,1,"new row for relation ""bank_churn"" violates check constraint ""valid_countries""
DETAIL:  Failing row contains (15591740, Fletcher, French, Female, 54, 4, 0, 2, t, t, 93820, 1).
"
15718773,Pisano,French,Female,32.0,0,0.0,2,No,No,160129.99,0,"new row for relation ""bank_churn"" violates check constraint ""valid_countries""
DETAIL:  Failing row contains (15718773, Pisano, French, Female, 32, 0, 0, 2, f, f, 160130, 0).
"
15615140,Corson,French,Male,36.0,6,111168.97,1,Yes,Yes,189969.91,0,"new row for relation ""bank_churn"" violates check constraint ""valid_countries""
DETAIL:  Failing row contains (15615140, Corson, French, Male, 36, 6, 111169, 1, t, t, 189970, 0).
"
15618661,Chidubem,French,Male,30.0,6,103804.97,1,Yes,Yes,125710.53,0,"new row for relation ""bank_churn"" violates check constraint ""valid_countries""
DETAIL:  Failing row contains (15618661, Chidubem, French, Male, 30, 6, 103805, 1, t, t, 125711, 0).
"
15605020,Schofield,FRA,Male,45.0,2,165901.59,2,No,No,23054.51,1,"new row for relation ""bank_churn"" violates check constraint ""valid_countries""
DETAIL:  Failing row contains (15605020, Schofield, FRA, Male, 45, 2, 165902, 2, f, f, 23055, 1).
"
15649129,Sal,French,Male,32.0,9,0.0,2,No,No,115950.96,0,"new row for relation ""bank_churn"" violates check constraint ""valid_countries""
DETAIL:  Failing row contains (15649129, Sal, French, Male, 32, 9, 0, 2, f, f, 115951, 0).
"
15595592,Lai,French,Female,59.0,2,0.0,1,No,No,179673.11,1,"new row for relation ""bank_churn"" violates check constraint ""valid_countries""
DETAIL:  Failing row contains (15595592, Lai, French, Female, 59, 2, 0, 1, f, f, 179673, 1).
"
15740072,Padovesi,FRA,Female,37.0,2,120328.88,2,Yes,Yes,138470.21,0,"new row for relation ""bank_churn"" violates check constraint ""valid_countries""
DETAIL:  Failing row contains (15740072, Padovesi, FRA, Female, 37, 2, 120329, 2, t, t, 138470, 0).
"
15713949,Woods,FRA,Male,40.0,1,76914.21,1,No,No,174183.44,0,"new row for relation ""bank_churn"" violates check constraint ""valid_countries""
DETAIL:  Failing row contains (15713949, Woods, FRA, Male, 40, 1, 76914, 1, f, f, 174183, 0).
"
15756071,Kang,FRA,Male,34.0,1,103133.26,1,Yes,Yes,90059.04,0,"new row for relation ""bank_churn"" violates check constraint ""valid_countries""
DETAIL:  Failing row contains (15756071, Kang, FRA, Male, 34, 1, 103133, 1, t, t, 90059, 0).
"
15696564,Nweke,FRA,Male,38.0,0,145974.79,2,Yes,Yes,137694.23,0,"new row for relation ""bank_churn"" violates check constraint ""valid_countries""
DETAIL:  Failing row contains (15696564, Nweke, FRA, Male, 38, 0, 145975, 2, t, t, 137694, 0).
"
15640421,Conway,FRA,Female,35.0,7,0.0,1,Yes,Yes,178.19,0,"new row for relation ""bank_churn"" violates check constraint ""valid_countries""
DETAIL:  Failing row contains (15640421, Conway, FRA, Female, 35, 7, 0, 1, t, t, 178, 0).
"
15619801,Batty,FRA,Female,33.0,1,80107.83,2,Yes,Yes,82245.67,0,"new row for relation ""bank_churn"" violates check constraint ""valid_countries""
DETAIL:  Failing row contains (15619801, Batty, FRA, Female, 33, 1, 80108, 2, t, t, 82246, 0).
"
15729224,Jennings,French,Female,37.0,5,0.0,2,No,No,115403.31,0,"new row for relation ""bank_churn"" violates check constraint ""valid_countries""
DETAIL:  Failing row contains (15729224, Jennings, French, Female, 37, 5, 0, 2, f, f, 115403, 0).
"
15702138,Swift,French,Female,22.0,3,156834.34,1,No,No,44374.44,0,"new row for relation ""bank_churn"" violates check constraint ""valid_countries""
DETAIL:  Failing row contains (15702138, Swift, French, Female, 22, 3, 156834, 1, f, f, 44374, 0).
"
15752885,Nnonso,FRA,Male,42.0,1,157498.9,1,Yes,Yes,82276.62,0,"new row for relation ""bank_churn"" violates check constraint ""valid_countries""
DETAIL:  Failing row contains (15752885, Nnonso, FRA, Male, 42, 1, 157499, 1, t, t, 82277, 0).
"
15743828,Stevens,French,Male,41.0,2,0.0,1,Yes,Yes,56850.92,1,"new row for relation ""bank_churn"" violates check constraint ""valid_countries""
DETAIL:  Failing row contains (15743828, Stevens, French, Male, 41, 2, 0, 1, t, t, 56851, 1).
"
15575498,Gould,FRA,Female,39.0,5,149379.66,2,No,No,96075.55,0,"new row for relation ""bank_churn"" violates check constraint ""valid_countries""
DETAIL:  Failing row contains (15575498, Gould, FRA, Female, 39, 5, 149380, 2, f, f, 96076, 0).
"
15691387,Agafonova,French,Male,29.0,9,0.0,1,Yes,Yes,81634.45,0,"new row for relation ""bank_churn"" violates check constraint ""valid_countries""
DETAIL:  Failing row contains (15691387, Agafonova, French, Male, 29, 9, 0, 1, t, t, 81634, 0).
"
15656683,Johnson,French,Male,52.0,1,0.0,1,No,No,63584.55,1,"new row for relation ""bank_churn"" violates check constraint ""valid_countries""
DETAIL:  Failing row contains (15656683, Johnson, French, Male, 52, 1, 0, 1, f, f, 63585, 1).
"
15606310,Birk,FRA,Male,71.0,5,149105.08,1,Yes,Yes,162683.06,0,"new row for relation ""bank_churn"" violates check constraint ""valid_countries""
DETAIL:  Failing row contains (15606310, Birk, FRA, Male, 71, 5, 149105, 1, t, t, 162683, 0).
"
15617252,Lung,French,Female,33.0,1,87347.7,1,No,No,172524.51,0,"new row for relation ""bank_churn"" violates check constraint ""valid_countries""
DETAIL:  Failing row contains (15617252, Lung, French, Female, 33, 1, 87348, 1, f, f, 172525, 0).
"
15610755,Napolitano,FRA,Female,33.0,0,137811.75,1,Yes,Yes,184856.89,0,"new row for relation ""bank_churn"" violates check constraint ""valid_countries""
DETAIL:  Failing row contains (15610755, Napolitano, FRA, Female, 33, 0, 137812, 1, t, t, 184857, 0).
"
15662238,Davis,FRA,Male,37.0,3,105563.0,1,No,No,182624.93,0,"new row for relation ""bank_churn"" violates check constraint ""valid_countries""
DETAIL:  Failing row contains (15662238, Davis, FRA, Male, 37, 3, 105563, 1, f, f, 182625, 0).
"
15582841,Butusov,French,Male,29.0,8,0.0,2,Yes,Yes,34747.43,0,"new row for relation ""bank_churn"" violates check constraint ""valid_countries""
DETAIL:  Failing row contains (15582841, Butusov, French, Male, 29, 8, 0, 2, t, t, 34747, 0).
"
15760090,Pisano,FRA,Male,28.0,7,0.0,2,Yes,Yes,131097.9,0,"new row for relation ""bank_churn"" violates check constraint ""valid_countries""
DETAIL:  Failing row contains (15760090, Pisano, FRA, Male, 28, 7, 0, 2, t, t, 131098, 0).
"
15588587,Stetson,FRA,Female,36.0,1,86837.95,1,Yes,Yes,105280.55,0,"new row for relation ""bank_churn"" violates check constraint ""valid_countries""
DETAIL:  Failing row contains (15588587, Stetson, FRA, Female, 36, 1, 86838, 1, t, t, 105281, 0).
"
15683157,Waring,FRA,Male,26.0,4,100446.57,1,Yes,Yes,149653.81,0,"new row for relation ""bank_churn"" violates check constraint ""valid_countries""
DETAIL:  Failing row contains (15683157, Waring, FRA, Male, 26, 4, 100447, 1, t, t, 149654, 0).
"
15694209,Fanucci,French,Female,32.0,3,0.0,2,Yes,Yes,139390.99,0,"new row for relation ""bank_churn"" violates check constraint ""valid_countries""
DETAIL:  Failing row contains (15694209, Fanucci, French, Female, 32, 3, 0, 2, t, t, 139391, 0).
"
15805704,Murphy,French,Female,32.0,2,0.0,4,Yes,Yes,179705.13,1,"new row for relation ""bank_churn"" violates check constraint ""valid_countries""
DETAIL:  Failing row contains (15805704, Murphy, French, Female, 32, 2, 0, 4, t, t, 179705, 1).
"
15799357,Armfield,French,Male,35.0,5,136364.46,1,No,No,142754.71,0,"new row for relation ""bank_churn"" violates check constraint ""valid_countries""
DETAIL:  Failing row contains (15799357, Armfield, French, Male, 35, 5, 136364, 1, f, f, 142755, 0).
"
15713346,Panina,French,Male,24.0,10,146126.75,1,Yes,Yes,88992.05,0,"new row for relation ""bank_churn"" violates check constraint ""valid_countries""
DETAIL:  Failing row contains (15713346, Panina, French, Male, 24, 10, 146127, 1, t, t, 88992, 0).
"
15637428,Briggs,French,Male,35.0,7,0.0,2,No,No,13218.6,0,"new row for relation ""bank_churn"" violates check constraint ""valid_countries""
DETAIL:  Failing row contains (15637428, Briggs, French, Male, 35, 7, 0, 2, f, f, 13219, 0).
"
15808389,Iheatu,FRA,Female,79.0,7,0.0,1,Yes,Yes,160589.18,0,"new row for relation ""bank_churn"" violates check constraint ""valid_countries""
DETAIL:  Failing row contains (15808389, Iheatu, FRA, Female, 79, 7, 0, 1, t, t, 160589, 0).
"
15807003,Jennings,French,Male,32.0,10,191775.65,1,No,No,179657.83,0,"new row for relation ""bank_churn"" violates check constraint ""valid_countries""
DETAIL:  Failing row contains (15807003, Jennings, French, Male, 32, 10, 191776, 1, f, f, 179658, 0).
"
15708256,Chien,French,Male,28.0,3,0.0,2,No,No,159654.0,0,"new row for relation ""bank_churn"" violates check constraint ""valid_countries""
DETAIL:  Failing row contains (15708256, Chien, French, Male, 28, 3, 0, 2, f, f, 159654, 0).
"
15582335,Brown,French,Female,40.0,9,129860.37,1,No,No,17992.94,0,"new row for relation ""bank_churn"" violates check constraint ""valid_countries""
DETAIL:  Failing row contains (15582335, Brown, French, Female, 40, 9, 129860, 1, f, f, 17993, 0).
"
15649150,Buddicom,FRA,Female,53.0,5,127642.44,1,No,No,141501.45,1,"new row for relation ""bank_churn"" violates check constraint ""valid_countries""
DETAIL:  Failing row contains (15649150, Buddicom, FRA, Female, 53, 5, 127642, 1, f, f, 141501, 1).
"
15691647,McGregor,FRA,Female,35.0,2,0.0,2,Yes,Yes,93825.78,0,"new row for relation ""bank_churn"" violates check constraint ""valid_countries""
DETAIL:  Failing row contains (15691647, McGregor, FRA, Female, 35, 2, 0, 2, t, t, 93826, 0).
"
15736254,Ch'ang,French,Male,29.0,2,91955.61,1,No,No,37065.66,0,"new row for relation ""bank_churn"" violates check constraint ""valid_countries""
DETAIL:  Failing row contains (15736254, Ch'ang, French, Male, 29, 2, 91956, 1, f, f, 37066, 0).
"
15807167,Konovalova,French,Male,42.0,1,146766.72,2,Yes,Yes,164357.1,0,"new row for relation ""bank_churn"" violates check constraint ""valid_countries""
DETAIL:  Failing row contains (15807167, Konovalova, French, Male, 42, 1, 146767, 2, t, t, 164357, 0).
"
15593094,Goddard,French,Male,27.0,9,0.0,1,No,No,142680.64,1,"new row for relation ""bank_churn"" violates check constraint ""valid_countries""
DETAIL:  Failing row contains (15593094, Goddard, French, Male, 27, 9, 0, 1, f, f, 142681, 1).
"
15721921,Woolnough,FRA,Male,44.0,8,165326.2,1,Yes,Yes,57205.55,0,"new row for relation ""bank_churn"" violates check constraint ""valid_countries""
DETAIL:  Failing row contains (15721921, Woolnough, FRA, Male, 44, 8, 165326, 1, t, t, 57206, 0).
"
15717995,Keen,FRA,Male,27.0,0,0.0,2,Yes,Yes,157891.86,0,"new row for relation ""bank_churn"" violates check constraint ""valid_countries""
DETAIL:  Failing row contains (15717995, Keen, FRA, Male, 27, 0, 0, 2, t, t, 157892, 0).
"
15632050,Liebe,FRA,Female,41.0,10,99786.2,1,No,No,86927.53,0,"new row for relation ""bank_churn"" violates check constraint ""valid_countries""
DETAIL:  Failing row contains (15632050, Liebe, FRA, Female, 41, 10, 99786, 1, f, f, 86928, 0).
"
15640491,Raff,FRA,Female,33.0,10,147493.7,2,No,No,100447.53,0,"new row for relation ""bank_churn"" violates check constraint ""valid_countries""
DETAIL:  Failing row contains (15640491, Raff, FRA, Female, 33, 10, 147494, 2, f, f, 100448, 0).
"
15783225,Cocci,FRA,Male,54.0,9,0.0,1,No,No,83470.4,1,"new row for relation ""bank_churn"" violates check constraint ""valid_countries""
DETAIL:  Failing row contains (15783225, Cocci, FRA, Male, 54, 9, 0, 1, f, f, 83470, 1).
"
15768124,Liu,FRA,Female,34.0,3,0.0,1,No,No,54726.43,0,"new row for relation ""bank_churn"" violates check constraint ""valid_countries""
DETAIL:  Failing row contains (15768124, Liu, FRA, Female, 34, 3, 0, 1, f, f, 54726, 0).
"
15575858,Bergamaschi,FRA,Male,40.0,3,0.0,2,No,No,134281.11,0,"new row for relation ""bank_churn"" violates check constraint ""valid_countries""
DETAIL:  Failing row contains (15575858, Bergamaschi, FRA, Male, 40, 3, 0, 2, f, f, 134281, 0).
"
15702337,Sinclair,FRA,Male,37.0,7,0.0,2,Yes,Yes,74320.75,0,"new row for relation ""bank_churn"" violates check constraint ""valid_countries""
DETAIL:  Failing row contains (15702337, Sinclair, FRA, Male, 37, 7, 0, 2, t, t, 74321, 0).
"
15764537,Dominguez,FRA,Male,43.0,8,0.0,2,No,No,9704.66,0,"new row for relation ""bank_churn"" violates check constraint ""valid_countries""
DETAIL:  Failing row contains (15764537, Dominguez, FRA, Male, 43, 8, 0, 2, f, f, 9705, 0).
"
15619616,Costa,FRA,Female,33.0,9,102017.25,2,No,No,128600.49,0,"new row for relation ""bank_churn"" violates check constraint ""valid_countries""
DETAIL:  Failing row contains (15619616, Costa, FRA, Female, 33, 9, 102017, 2, f, f, 128600, 0).
"
15614778,Robertson,French,Male,31.0,6,0.0,2,No,No,26149.25,0,"new row for relation ""bank_churn"" violates check constraint ""valid_countries""
DETAIL:  Failing row contains (15614778, Robertson, French, Male, 31, 6, 0, 2, f, f, 26149, 0).
"
15614213,Muramats,French,Male,37.0,0,107548.94,1,No,No,71175.94,0,"new row for relation ""bank_churn"" violates check constraint ""valid_countries""
DETAIL:  Failing row contains (15614213, Muramats, French, Male, 37, 0, 107549, 1, f, f, 71176, 0).
"
15589869,Tang,FRA,Male,49.0,9,111634.29,2,Yes,Yes,166440.32,0,"new row for relation ""bank_churn"" violates check constraint ""valid_countries""
DETAIL:  Failing row contains (15589869, Tang, FRA, Male, 49, 9, 111634, 2, t, t, 166440, 0).
"
15589435,Davide,French,Male,31.0,7,0.0,2,Yes,Yes,143204.41,0,"new row for relation ""bank_churn"" violates check constraint ""valid_countries""
DETAIL:  Failing row contains (15589435, Davide, French, Male, 31, 7, 0, 2, t, t, 143204, 0).
"
15634491,Kung,FRA,Male,30.0,2,176166.56,2,Yes,Yes,152210.81,0,"new row for relation ""bank_churn"" violates check constraint ""valid_countries""
DETAIL:  Failing row contains (15634491, Kung, FRA, Male, 30, 2, 176167, 2, t, t, 152211, 0).
"
15739931,Yuan,French,Male,34.0,2,161588.89,1,Yes,Yes,51358.66,0,"new row for relation ""bank_churn"" violates check constraint ""valid_countries""
DETAIL:  Failing row contains (15739931, Yuan, French, Male, 34, 2, 161589, 1, t, t, 51359, 0).
"
15806256,Jackson,French,Male,48.0,2,109349.29,1,No,No,88703.04,1,"new row for relation ""bank_churn"" violates check constraint ""valid_countries""
DETAIL:  Failing row contains (15806256, Jackson, French, Male, 48, 2, 109349, 1, f, f, 88703, 1).
"
15706463,Yang,French,Female,36.0,9,0.0,2,Yes,Yes,7156.09,0,"new row for relation ""bank_churn"" violates check constraint ""valid_countries""
DETAIL:  Failing row contains (15706463, Yang, French, Female, 36, 9, 0, 2, t, t, 7156, 0).
"
15792228,Onwumelu,French,Male,60.0,0,152335.7,1,No,No,126743.33,1,"new row for relation ""bank_churn"" violates check constraint ""valid_countries""
DETAIL:  Failing row contains (15792228, Onwumelu, French, Male, 60, 0, 152336, 1, f, f, 126743, 1).
"
15733447,Gay,French,Female,51.0,1,124662.54,1,Yes,Yes,65390.46,1,"new row for relation ""bank_churn"" violates check constraint ""valid_countries""
DETAIL:  Failing row contains (15733447, Gay, French, Female, 51, 1, 124663, 1, t, t, 65390, 1).
"
15594409,Belov,French,Male,45.0,1,0.0,2,Yes,Yes,36154.66,0,"new row for relation ""bank_churn"" violates check constraint ""valid_countries""
DETAIL:  Failing row contains (15594409, Belov, French, Male, 45, 1, 0, 2, t, t, 36155, 0).
"
15681991,Walsh,FRA,Male,32.0,7,107871.72,1,No,No,125302.64,0,"new row for relation ""bank_churn"" violates check constraint ""valid_countries""
DETAIL:  Failing row contains (15681991, Walsh, FRA, Male, 32, 7, 107872, 1, f, f, 125303, 0).
"
15796074,Bruno,French,Female,36.0,2,99472.76,2,No,No,94274.72,1,"new row for relation ""bank_churn"" violates check constraint ""valid_countries""
DETAIL:  Failing row contains (15796074, Bruno, French, Female, 36, 2, 99473, 2, f, f, 94275, 1).
"
15615016,Maurer,French,Male,33.0,2,0.0,2,Yes,Yes,136028.97,0,"new row for relation ""bank_churn"" violates check constraint ""valid_countries""
DETAIL:  Failing row contains (15615016, Maurer, French, Male, 33, 2, 0, 2, t, t, 136029, 0).
"
15751203,Cattaneo,French,Male,26.0,5,56738.47,2,Yes,Yes,100442.22,1,"new row for relation ""bank_churn"" violates check constraint ""valid_countries""
DETAIL:  Failing row contains (15751203, Cattaneo, French, Male, 26, 5, 56738, 2, t, t, 100442, 1).
"
15803456,Yen,FRA,Female,40.0,9,0.0,1,No,No,151648.66,1,"new row for relation ""bank_churn"" violates check constraint ""valid_countries""
DETAIL:  Failing row contains (15803456, Yen, FRA, Female, 40, 9, 0, 1, f, f, 151649, 1).
"
15700601,Dynon,FRA,Male,34.0,1,78829.53,1,Yes,Yes,12148.2,0,"new row for relation ""bank_churn"" violates check constraint ""valid_countries""
DETAIL:  Failing row contains (15700601, Dynon, FRA, Male, 34, 1, 78830, 1, t, t, 12148, 0).
"
15661548,Ferri,French,Female,29.0,0,157829.12,1,No,No,129891.66,0,"new row for relation ""bank_churn"" violates check constraint ""valid_countries""
DETAIL:  Failing row contains (15661548, Ferri, French, Female, 29, 0, 157829, 1, f, f, 129892, 0).
"
15806913,Bishop,French,Female,54.0,2,95507.12,1,Yes,Yes,63213.31,0,"new row for relation ""bank_churn"" violates check constraint ""valid_countries""
DETAIL:  Failing row contains (15806913, Bishop, French, Female, 54, 2, 95507, 1, t, t, 63213, 0).
"
15625632,Philip,French,Male,36.0,3,121092.47,2,Yes,Yes,143783.46,0,"new row for relation ""bank_churn"" violates check constraint ""valid_countries""
DETAIL:  Failing row contains (15625632, Philip, French, Male, 36, 3, 121092, 2, t, t, 143783, 0).
"
15606273,Rene,French,Male,37.0,5,144235.73,2,No,No,154957.66,1,"new row for relation ""bank_churn"" violates check constraint ""valid_countries""
DETAIL:  Failing row contains (15606273, Rene, French, Male, 37, 5, 144236, 2, f, f, 154958, 1).
"
15799652,Daigle,FRA,Female,38.0,0,152582.2,2,No,No,31892.82,0,"new row for relation ""bank_churn"" violates check constraint ""valid_countries""
DETAIL:  Failing row contains (15799652, Daigle, FRA, Female, 38, 0, 152582, 2, f, f, 31893, 0).
"
15784687,Simmons,FRA,Male,36.0,1,126477.42,1,No,No,179718.17,0,"new row for relation ""bank_churn"" violates check constraint ""valid_countries""
DETAIL:  Failing row contains (15784687, Simmons, FRA, Male, 36, 1, 126477, 1, f, f, 179718, 0).
"
15722072,Hou,French,Male,53.0,5,138053.67,1,Yes,Yes,114110.97,0,"new row for relation ""bank_churn"" violates check constraint ""valid_countries""
DETAIL:  Failing row contains (15722072, Hou, French, Male, 53, 5, 138054, 1, t, t, 114111, 0).
"
15646784,Cochran,French,Female,31.0,2,164003.05,2,Yes,Yes,60993.23,0,"new row for relation ""bank_churn"" violates check constraint ""valid_countries""
DETAIL:  Failing row contains (15646784, Cochran, French, Female, 31, 2, 164003, 2, t, t, 60993, 0).
"
15644692,Bibb,French,Female,47.0,8,0.0,1,Yes,Yes,66408.01,1,"new row for relation ""bank_churn"" violates check constraint ""valid_countries""
DETAIL:  Failing row contains (15644692, Bibb, French, Female, 47, 8, 0, 1, t, t, 66408, 1).
"
15786717,He,FRA,Male,36.0,1,0.0,2,No,No,8555.73,0,"new row for relation ""bank_churn"" violates check constraint ""valid_countries""
DETAIL:  Failing row contains (15786717, He, FRA, Male, 36, 1, 0, 2, f, f, 8556, 0).
"
15600478,Watson,FRA,Male,39.0,3,0.0,1,No,No,188187.05,0,"new row for relation ""bank_churn"" violates check constraint ""valid_countries""
DETAIL:  Failing row contains (15600478, Watson, FRA, Male, 39, 3, 0, 1, f, f, 188187, 0).
"
15594502,Zotov,FRA,Male,37.0,6,109093.41,2,No,No,1775.52,0,"new row for relation ""bank_churn"" violates check constraint ""valid_countries""
DETAIL:  Failing row contains (15594502, Zotov, FRA, Male, 37, 6, 109093, 2, f, f, 1776, 0).
"
15767626,Carpenter,French,Male,42.0,10,0.0,2,Yes,Yes,3797.79,0,"new row for relation ""bank_churn"" violates check constraint ""valid_countries""
DETAIL:  Failing row contains (15767626, Carpenter, French, Male, 42, 10, 0, 2, t, t, 3798, 0).
"
15665088,Gordon,French,Female,42.0,2,0.0,2,Yes,Yes,90537.47,0,"new row for relation ""bank_churn"" violates check constraint ""valid_countries""
DETAIL:  Failing row contains (15665088, Gordon, French, Female, 42, 2, 0, 2, t, t, 90537, 0).
"
15652084,Boni,French,Male,40.0,0,109542.29,1,Yes,Yes,166370.81,0,"new row for relation ""bank_churn"" violates check constraint ""valid_countries""
DETAIL:  Failing row contains (15652084, Boni, French, Male, 40, 0, 109542, 1, t, t, 166371, 0).
"
15574761,Lynch,FRA,Female,41.0,3,33563.95,2,No,No,178994.13,1,"new row for relation ""bank_churn"" violates check constraint ""valid_countries""
DETAIL:  Failing row contains (15574761, Lynch, FRA, Female, 41, 3, 33564, 2, f, f, 178994, 1).
"
15573278,Kennedy,FRA,Male,39.0,6,0.0,2,No,No,44265.28,0,"new row for relation ""bank_churn"" violates check constraint ""valid_countries""
DETAIL:  Failing row contains (15573278, Kennedy, FRA, Male, 39, 6, 0, 2, f, f, 44265, 0).
"
15569120,Lucas,FRA,Male,30.0,7,0.0,2,Yes,Yes,156346.84,0,"new row for relation ""bank_churn"" violates check constraint ""valid_countries""
DETAIL:  Failing row contains (15569120, Lucas, FRA, Male, 30, 7, 0, 2, t, t, 156347, 0).
"
15723721,Tinline,French,Male,30.0,4,140916.81,1,No,No,157711.18,0,"new row for relation ""bank_churn"" violates check constraint ""valid_countries""
DETAIL:  Failing row contains (15723721, Tinline, French, Male, 30, 4, 140917, 1, f, f, 157711, 0).
"
15777122,Esomchi,FRA,Female,31.0,4,0.0,2,Yes,Yes,89087.4,0,"new row for relation ""bank_churn"" violates check constraint ""valid_countries""
DETAIL:  Failing row contains (15777122, Esomchi, FRA, Female, 31, 4, 0, 2, t, t, 89087, 0).
"
15711254,Retana,French,Female,35.0,7,0.0,2,No,No,164241.67,0,"new row for relation ""bank_churn"" violates check constraint ""valid_countries""
DETAIL:  Failing row contains (15711254, Retana, French, Female, 35, 7, 0, 2, f, f, 164242, 0).
"
15775067,Fang,French,Male,47.0,3,93578.68,2,Yes,Yes,137720.56,1,"new row for relation ""bank_churn"" violates check constraint ""valid_countries""
DETAIL:  Failing row contains (15775067, Fang, French, Male, 47, 3, 93579, 2, t, t, 137721, 1).
"
15701175,Bruno,French,Female,33.0,8,90791.69,1,Yes,Yes,59659.53,0,"new row for relation ""bank_churn"" violates check constraint ""valid_countries""
DETAIL:  Failing row contains (15701175, Bruno, French, Female, 33, 8, 90792, 1, t, t, 59660, 0).
"
15783019,Price,FRA,Female,62.0,9,123681.32,3,No,No,173586.63,1,"new row for relation ""bank_churn"" violates check constraint ""valid_countries""
DETAIL:  Failing row contains (15783019, Price, FRA, Female, 62, 9, 123681, 3, f, f, 173587, 1).
"
15737556,Vasilyev,French,Male,43.0,7,81076.8,2,Yes,Yes,182627.25,1,"new row for relation ""bank_churn"" violates check constraint ""valid_countries""
DETAIL:  Failing row contains (15737556, Vasilyev, French, Male, 43, 7, 81077, 2, t, t, 182627, 1).
"
15671610,Hooper,FRA,Male,36.0,7,0.0,1,Yes,Yes,13177.4,0,"new row for relation ""bank_churn"" violates check constraint ""valid_countries""
DETAIL:  Failing row contains (15671610, Hooper, FRA, Male, 36, 7, 0, 1, t, t, 13177, 0).
"
15703106,K'ung,French,Male,40.0,5,0.0,2,Yes,Yes,122488.59,0,"new row for relation ""bank_churn"" violates check constraint ""valid_countries""
DETAIL:  Failing row contains (15703106, K'ung, French, Male, 40, 5, 0, 2, t, t, 122489, 0).
"
15626795,Gorman,French,Female,40.0,3,0.0,1,No,No,113171.61,1,"new row for relation ""bank_churn"" violates check constraint ""valid_countries""
DETAIL:  Failing row contains (15626795, Gorman, French, Female, 40, 3, 0, 1, f, f, 113172, 1).
"
15756196,Tsou,FRA,Male,50.0,6,121818.84,2,Yes,Yes,124151.37,0,"new row for relation ""bank_churn"" violates check constraint ""valid_countries""
DETAIL:  Failing row contains (15756196, Tsou, FRA, Male, 50, 6, 121819, 2, t, t, 124151, 0).
"
15754577,Boni,FRA,Female,51.0,8,61354.14,1,No,No,198810.65,1,"new row for relation ""bank_churn"" violates check constraint ""valid_countries""
DETAIL:  Failing row contains (15754577, Boni, FRA, Female, 51, 8, 61354, 1, f, f, 198811, 1).
"
15632793,Wilkinson,FRA,Female,29.0,9,103417.74,1,Yes,Yes,15336.4,0,"new row for relation ""bank_churn"" violates check constraint ""valid_countries""
DETAIL:  Failing row contains (15632793, Wilkinson, FRA, Female, 29, 9, 103418, 1, t, t, 15336, 0).
"
15711130,Tseng,French,Male,45.0,2,0.0,2,No,No,99593.28,0,"new row for relation ""bank_churn"" violates check constraint ""valid_countries""
DETAIL:  Failing row contains (15711130, Tseng, French, Male, 45, 2, 0, 2, f, f, 99593, 0).
"
15615254,Clark,French,Male,40.0,10,43028.77,1,No,No,170514.21,0,"new row for relation ""bank_churn"" violates check constraint ""valid_countries""
DETAIL:  Failing row contains (15615254, Clark, French, Male, 40, 10, 43029, 1, f, f, 170514, 0).
"
15780432,Shen,FRA,Male,37.0,3,122689.51,2,No,No,106977.53,1,"new row for relation ""bank_churn"" violates check constraint ""valid_countries""
DETAIL:  Failing row contains (15780432, Shen, FRA, Male, 37, 3, 122690, 2, f, f, 106978, 1).
"
15673223,Hou,FRA,Male,44.0,10,0.0,2,No,No,164287.86,0,"new row for relation ""bank_churn"" violates check constraint ""valid_countries""
DETAIL:  Failing row contains (15673223, Hou, FRA, Male, 44, 10, 0, 2, f, f, 164288, 0).
"
15651272,Reyes,FRA,Male,38.0,5,0.0,2,Yes,Yes,81452.29,0,"new row for relation ""bank_churn"" violates check constraint ""valid_countries""
DETAIL:  Failing row contains (15651272, Reyes, FRA, Male, 38, 5, 0, 2, t, t, 81452, 0).
"
15589230,Wu,FRA,Female,63.0,2,126473.33,1,Yes,Yes,147545.65,0,"new row for relation ""bank_churn"" violates check constraint ""valid_countries""
DETAIL:  Failing row contains (15589230, Wu, FRA, Female, 63, 2, 126473, 1, t, t, 147546, 0).
"
15775490,Downie,FRA,Female,38.0,5,110570.78,2,No,No,195906.59,0,"new row for relation ""bank_churn"" violates check constraint ""valid_countries""
DETAIL:  Failing row contains (15775490, Downie, FRA, Female, 38, 5, 110571, 2, f, f, 195907, 0).
"
15593468,Findlay,FRA,Female,33.0,3,0.0,2,Yes,Yes,11159.19,0,"new row for relation ""bank_churn"" violates check constraint ""valid_countries""
DETAIL:  Failing row contains (15593468, Findlay, FRA, Female, 33, 3, 0, 2, t, t, 11159, 0).
"
15789498,Miller,French,Male,30.0,3,111099.79,2,No,No,140650.19,0,"new row for relation ""bank_churn"" violates check constraint ""valid_countries""
DETAIL:  Failing row contains (15789498, Miller, French, Male, 30, 3, 111100, 2, f, f, 140650, 0).
"
15744691,Tsai,FRA,Female,29.0,3,0.0,3,No,No,4733.94,0,"new row for relation ""bank_churn"" violates check constraint ""valid_countries""
DETAIL:  Failing row contains (15744691, Tsai, FRA, Female, 29, 3, 0, 3, f, f, 4734, 0).
"
15741416,Yegorov,FRA,Male,42.0,2,16893.59,1,Yes,Yes,77502.56,0,"new row for relation ""bank_churn"" violates check constraint ""valid_countries""
DETAIL:  Failing row contains (15741416, Yegorov, FRA, Male, 42, 2, 16894, 1, t, t, 77503, 0).
"
15663294,Kao,French,Male,32.0,1,125685.79,1,Yes,Yes,56246.72,0,"new row for relation ""bank_churn"" violates check constraint ""valid_countries""
DETAIL:  Failing row contains (15663294, Kao, French, Male, 32, 1, 125686, 1, t, t, 56247, 0).
"
15706729,Hsiao,French,Male,38.0,0,105271.56,1,Yes,Yes,179833.45,0,"new row for relation ""bank_churn"" violates check constraint ""valid_countries""
DETAIL:  Failing row contains (15706729, Hsiao, French, Male, 38, 0, 105272, 1, t, t, 179833, 0).
"
15682322,Aksenov,FRA,Male,37.0,9,148466.93,2,Yes,Yes,151280.96,0,"new row for relation ""bank_churn"" violates check constraint ""valid_countries""
DETAIL:  Failing row contains (15682322, Aksenov, FRA, Male, 37, 9, 148467, 2, t, t, 151281, 0).
"
15579915,Glennon,French,Male,29.0,4,0.0,2,No,No,139953.94,0,"new row for relation ""bank_churn"" violates check constraint ""valid_countries""
DETAIL:  Failing row contains (15579915, Glennon, French, Male, 29, 4, 0, 2, f, f, 139954, 0).
"
15681928,Yancy,French,Female,35.0,4,108155.49,1,No,No,105407.79,0,"new row for relation ""bank_churn"" violates check constraint ""valid_countries""
DETAIL:  Failing row contains (15681928, Yancy, French, Female, 35, 4, 108155, 1, f, f, 105408, 0).
"
15775709,Nucci,French,Female,27.0,10,98590.25,1,No,No,30912.89,0,"new row for relation ""bank_churn"" violates check constraint ""valid_countries""
DETAIL:  Failing row contains (15775709, Nucci, French, Female, 27, 10, 98590, 1, f, f, 30913, 0).
"
15794468,Tsou,FRA,Female,42.0,6,0.0,2,No,No,121138.77,0,"new row for relation ""bank_churn"" violates check constraint ""valid_countries""
DETAIL:  Failing row contains (15794468, Tsou, FRA, Female, 42, 6, 0, 2, f, f, 121139, 0).
"
15572657,H?,French,Male,29.0,8,102490.27,1,Yes,Yes,181224.56,0,"new row for relation ""bank_churn"" violates check constraint ""valid_countries""
DETAIL:  Failing row contains (15572657, H?, French, Male, 29, 8, 102490, 1, t, t, 181225, 0).
"
15672397,Smith,FRA,Male,38.0,0,125487.89,1,No,No,158111.71,0,"new row for relation ""bank_churn"" violates check constraint ""valid_countries""
DETAIL:  Failing row contains (15672397, Smith, FRA, Male, 38, 0, 125488, 1, f, f, 158112, 0).
"
15720676,Bukowski,French,Female,37.0,7,0.0,2,No,No,17040.82,0,"new row for relation ""bank_churn"" violates check constraint ""valid_countries""
DETAIL:  Failing row contains (15720676, Bukowski, French, Female, 37, 7, 0, 2, f, f, 17041, 0).
"
15731829,Simmons,French,Male,34.0,10,0.0,2,No,No,25662.27,0,"new row for relation ""bank_churn"" violates check constraint ""valid_countries""
DETAIL:  Failing row contains (15731829, Simmons, French, Male, 34, 10, 0, 2, f, f, 25662, 0).
"
15692406,Gow,French,Male,37.0,5,0.0,2,Yes,Yes,121485.1,0,"new row for relation ""bank_churn"" violates check constraint ""valid_countries""
DETAIL:  Failing row contains (15692406, Gow, French, Male, 37, 5, 0, 2, t, t, 121485, 0).
"
15734610,Onio,French,Male,42.0,4,89838.71,3,No,No,85983.54,1,"new row for relation ""bank_churn"" violates check constraint ""valid_countries""
DETAIL:  Failing row contains (15734610, Onio, French, Male, 42, 4, 89839, 3, f, f, 85984, 1).
"
15596303,White,FRA,Female,39.0,0,0.0,2,No,No,53222.15,1,"new row for relation ""bank_churn"" violates check constraint ""valid_countries""
DETAIL:  Failing row contains (15596303, White, FRA, Female, 39, 0, 0, 2, f, f, 53222, 1).
"
15617166,Ritchie,FRA,Male,37.0,0,0.0,1,No,No,114514.64,0,"new row for relation ""bank_churn"" violates check constraint ""valid_countries""
DETAIL:  Failing row contains (15617166, Ritchie, FRA, Male, 37, 0, 0, 1, f, f, 114515, 0).
"
15646756,Murphy,French,Female,33.0,8,74963.5,1,Yes,Yes,32770.56,0,"new row for relation ""bank_churn"" violates check constraint ""valid_countries""
DETAIL:  Failing row contains (15646756, Murphy, French, Female, 33, 8, 74964, 1, t, t, 32771, 0).
"
15742886,Ford,French,Male,26.0,1,138023.79,2,Yes,Yes,117060.2,0,"new row for relation ""bank_churn"" violates check constraint ""valid_countries""
DETAIL:  Failing row contains (15742886, Ford, French, Male, 26, 1, 138024, 2, t, t, 117060, 0).
"
15726250,Hsia,FRA,Female,38.0,3,166328.65,2,Yes,Yes,22614.19,0,"new row for relation ""bank_churn"" violates check constraint ""valid_countries""
DETAIL:  Failing row contains (15726250, Hsia, FRA, Female, 38, 3, 166329, 2, t, t, 22614, 0).
"
15707479,Fan,French,Male,40.0,7,125608.72,1,No,No,122073.48,0,"new row for relation ""bank_churn"" violates check constraint ""valid_countries""
DETAIL:  Failing row contains (15707479, Fan, French, Male, 40, 7, 125609, 1, f, f, 122073, 0).
"
15641604,Frolova,FRA,Female,55.0,10,98488.08,1,No,No,155879.57,1,"new row for relation ""bank_churn"" violates check constraint ""valid_countries""
DETAIL:  Failing row contains (15641604, Frolova, FRA, Female, 55, 10, 98488, 1, f, f, 155880, 1).
"
15587240,Vasilyev,FRA,Male,40.0,4,0.0,2,Yes,Yes,194416.58,0,"new row for relation ""bank_churn"" violates check constraint ""valid_countries""
DETAIL:  Failing row contains (15587240, Vasilyev, FRA, Male, 40, 4, 0, 2, t, t, 194417, 0).
"
15589969,Capon,French,Male,34.0,6,0.0,1,Yes,Yes,52796.31,0,"new row for relation ""bank_churn"" violates check constraint ""valid_countries""
DETAIL:  Failing row contains (15589969, Capon, French, Male, 34, 6, 0, 1, t, t, 52796, 0).
"
15719624,Hodgson,French,Female,38.0,9,121858.98,1,No,No,130755.34,0,"new row for relation ""bank_churn"" violates check constraint ""valid_countries""
DETAIL:  Failing row contains (15719624, Hodgson, French, Female, 38, 9, 121859, 1, f, f, 130755, 0).
"
15689201,Dobie,FRA,Female,49.0,1,120108.56,1,Yes,Yes,183421.76,0,"new row for relation ""bank_churn"" violates check constraint ""valid_countries""
DETAIL:  Failing row contains (15689201, Dobie, FRA, Female, 49, 1, 120109, 1, t, t, 183422, 0).
"
15614716,Okwudilichukwu,French,Female,37.0,0,196853.62,1,Yes,Yes,132770.11,0,"new row for relation ""bank_churn"" violates check constraint ""valid_countries""
DETAIL:  Failing row contains (15614716, Okwudilichukwu, French, Female, 37, 0, 196854, 1, t, t, 132770, 0).
"
15683618,Dyer,FRA,Female,35.0,3,121418.62,1,Yes,Yes,24400.37,0,"new row for relation ""bank_churn"" violates check constraint ""valid_countries""
DETAIL:  Failing row contains (15683618, Dyer, FRA, Female, 35, 3, 121419, 1, t, t, 24400, 0).
"
15656426,Tyler,French,Female,42.0,3,0.0,2,No,No,82565.01,0,"new row for relation ""bank_churn"" violates check constraint ""valid_countries""
DETAIL:  Failing row contains (15656426, Tyler, French, Female, 42, 3, 0, 2, f, f, 82565, 0).
"
15789582,Macleod,FRA,Male,55.0,9,0.0,1,No,No,64593.07,0,"new row for relation ""bank_churn"" violates check constraint ""valid_countries""
DETAIL:  Failing row contains (15789582, Macleod, FRA, Male, 55, 9, 0, 1, f, f, 64593, 0).
"
15672299,Yeh,French,Male,44.0,6,0.0,2,Yes,Yes,175518.31,0,"new row for relation ""bank_churn"" violates check constraint ""valid_countries""
DETAIL:  Failing row contains (15672299, Yeh, French, Male, 44, 6, 0, 2, t, t, 175518, 0).
"
15763922,Alexandrov,FRA,Male,31.0,7,79962.92,2,No,No,60901.72,0,"new row for relation ""bank_churn"" violates check constraint ""valid_countries""
DETAIL:  Failing row contains (15763922, Alexandrov, FRA, Male, 31, 7, 79963, 2, f, f, 60902, 0).
"
15624323,Atkins,French,Male,36.0,4,0.0,2,Yes,Yes,195224.91,0,"new row for relation ""bank_churn"" violates check constraint ""valid_countries""
DETAIL:  Failing row contains (15624323, Atkins, French, Male, 36, 4, 0, 2, t, t, 195225, 0).
"
15688612,Campos,French,Male,33.0,7,140956.99,1,No,No,3510.18,0,"new row for relation ""bank_churn"" violates check constraint ""valid_countries""
DETAIL:  Failing row contains (15688612, Campos, French, Male, 33, 7, 140957, 1, f, f, 3510, 0).
"
15587174,Kerr,FRA,Male,29.0,7,0.0,2,Yes,Yes,91844.14,1,"new row for relation ""bank_churn"" violates check constraint ""valid_countries""
DETAIL:  Failing row contains (15587174, Kerr, FRA, Male, 29, 7, 0, 2, t, t, 91844, 1).
"
15760849,Nwachukwu,French,Male,39.0,2,0.0,2,Yes,Yes,137651.6,0,"new row for relation ""bank_churn"" violates check constraint ""valid_countries""
DETAIL:  Failing row contains (15760849, Nwachukwu, French, Male, 39, 2, 0, 2, t, t, 137652, 0).
"
15813095,Nwebube,French,Male,37.0,2,0.0,2,No,No,33877.29,0,"new row for relation ""bank_churn"" violates check constraint ""valid_countries""
DETAIL:  Failing row contains (15813095, Nwebube, French, Male, 37, 2, 0, 2, f, f, 33877, 0).
"
15722425,Lucchese,French,Male,32.0,9,0.0,2,No,No,111340.36,0,"new row for relation ""bank_churn"" violates check constraint ""valid_countries""
DETAIL:  Failing row contains (15722425, Lucchese, French, Male, 32, 9, 0, 2, f, f, 111340, 0).
"
15682421,Talbot,FRA,Female,30.0,2,0.0,2,Yes,Yes,100496.84,1,"new row for relation ""bank_churn"" violates check constraint ""valid_countries""
DETAIL:  Failing row contains (15682421, Talbot, FRA, Female, 30, 2, 0, 2, t, t, 100497, 1).
"
15681075,Chukwualuka,FRA,Female,58.0,1,0.0,1,Yes,Yes,706.5,0,"new row for relation ""bank_churn"" violates check constraint ""valid_countries""
DETAIL:  Failing row contains (15681075, Chukwualuka, FRA, Female, 58, 1, 0, 1, t, t, 707, 0).
"
15607884,Wallace,FRA,Female,39.0,8,0.0,2,Yes,Yes,101168.9,0,"new row for relation ""bank_churn"" violates check constraint ""valid_countries""
DETAIL:  Failing row contains (15607884, Wallace, FRA, Female, 39, 8, 0, 2, t, t, 101169, 0).
"
15791550,Kelly,French,Male,27.0,4,87637.26,2,No,No,196111.35,0,"new row for relation ""bank_churn"" violates check constraint ""valid_countries""
DETAIL:  Failing row contains (15791550, Kelly, French, Male, 27, 4, 87637, 2, f, f, 196111, 0).
"
15629744,Tan,French,Female,71.0,8,0.0,2,Yes,Yes,147995.96,0,"new row for relation ""bank_churn"" violates check constraint ""valid_countries""
DETAIL:  Failing row contains (15629744, Tan, French, Female, 71, 8, 0, 2, t, t, 147996, 0).
"
15660768,L?,French,Male,40.0,1,84315.02,1,No,No,36209.1,0,"new row for relation ""bank_churn"" violates check constraint ""valid_countries""
DETAIL:  Failing row contains (15660768, L?, French, Male, 40, 1, 84315, 1, f, f, 36209, 0).
"
15625675,Clements,French,Male,36.0,1,67087.69,1,No,No,154775.7,0,"new row for relation ""bank_churn"" violates check constraint ""valid_countries""
DETAIL:  Failing row contains (15625675, Clements, French, Male, 36, 1, 67088, 1, f, f, 154776, 0).
"
15704231,Barrett,French,Female,33.0,8,0.0,1,Yes,Yes,69759.91,0,"new row for relation ""bank_churn"" violates check constraint ""valid_countries""
DETAIL:  Failing row contains (15704231, Barrett, French, Female, 33, 8, 0, 1, t, t, 69760, 0).
"
15738954,Pisano,French,Male,35.0,7,129717.3,2,No,No,86937.2,0,"new row for relation ""bank_churn"" violates check constraint ""valid_countries""
DETAIL:  Failing row contains (15738954, Pisano, French, Male, 35, 7, 129717, 2, f, f, 86937, 0).
"
15625819,Arnold,FRA,Female,38.0,7,0.0,1,No,No,164804.02,0,"new row for relation ""bank_churn"" violates check constraint ""valid_countries""
DETAIL:  Failing row contains (15625819, Arnold, FRA, Female, 38, 7, 0, 1, f, f, 164804, 0).
"
15724719,Jones,French,Female,22.0,7,139096.85,1,No,No,129890.94,0,"new row for relation ""bank_churn"" violates check constraint ""valid_countries""
DETAIL:  Failing row contains (15724719, Jones, French, Female, 22, 7, 139097, 1, f, f, 129891, 0).
"
15586300,Chinonyelum,FRA,Male,66.0,7,0.0,2,Yes,Yes,74580.8,0,"new row for relation ""bank_churn"" violates check constraint ""valid_countries""
DETAIL:  Failing row contains (15586300, Chinonyelum, FRA, Male, 66, 7, 0, 2, t, t, 74581, 0).
"
15725767,Milani,FRA,Male,23.0,3,0.0,2,No,No,38960.59,0,"new row for relation ""bank_churn"" violates check constraint ""valid_countries""
DETAIL:  Failing row contains (15725767, Milani, FRA, Male, 23, 3, 0, 2, f, f, 38961, 0).
"
15660840,Kalinin,FRA,Male,30.0,3,124119.54,1,No,No,162198.32,0,"new row for relation ""bank_churn"" violates check constraint ""valid_countries""
DETAIL:  Failing row contains (15660840, Kalinin, FRA, Male, 30, 3, 124120, 1, f, f, 162198, 0).
"
15588517,Sun,FRA,Male,38.0,7,0.0,2,Yes,Yes,158580.05,0,"new row for relation ""bank_churn"" violates check constraint ""valid_countries""
DETAIL:  Failing row contains (15588517, Sun, FRA, Male, 38, 7, 0, 2, t, t, 158580, 0).
"
15801863,Marino,FRA,Female,32.0,2,136555.01,2,Yes,Yes,129353.21,0,"new row for relation ""bank_churn"" violates check constraint ""valid_countries""
DETAIL:  Failing row contains (15801863, Marino, FRA, Female, 32, 2, 136555, 2, t, t, 129353, 0).
"
15584271,Donaldson,FRA,Male,59.0,5,0.0,1,Yes,Yes,137273.97,0,"new row for relation ""bank_churn"" violates check constraint ""valid_countries""
DETAIL:  Failing row contains (15584271, Donaldson, FRA, Male, 59, 5, 0, 1, t, t, 137274, 0).
"
15749947,Black,French,Female,44.0,7,0.0,2,Yes,Yes,66548.58,0,"new row for relation ""bank_churn"" violates check constraint ""valid_countries""
DETAIL:  Failing row contains (15749947, Black, French, Female, 44, 7, 0, 2, t, t, 66549, 0).
"
15745533,Sargent,FRA,Female,63.0,1,110314.21,2,No,No,37464.0,1,"new row for relation ""bank_churn"" violates check constraint ""valid_countries""
DETAIL:  Failing row contains (15745533, Sargent, FRA, Female, 63, 1, 110314, 2, f, f, 37464, 1).
"
15627002,Taylor,FRA,Male,38.0,1,115934.74,1,Yes,Yes,139059.05,0,"new row for relation ""bank_churn"" violates check constraint ""valid_countries""
DETAIL:  Failing row contains (15627002, Taylor, FRA, Male, 38, 1, 115935, 1, t, t, 139059, 0).
"
15614635,Kepley,French,Male,52.0,2,151457.88,1,Yes,Yes,40893.61,0,"new row for relation ""bank_churn"" violates check constraint ""valid_countries""
DETAIL:  Failing row contains (15614635, Kepley, French, Male, 52, 2, 151458, 1, t, t, 40894, 0).
"
15814022,Lassetter,FRA,Female,26.0,9,89928.99,1,No,No,46203.31,0,"new row for relation ""bank_churn"" violates check constraint ""valid_countries""
DETAIL:  Failing row contains (15814022, Lassetter, FRA, Female, 26, 9, 89929, 1, f, f, 46203, 0).
"
15659194,Mishina,FRA,Male,30.0,8,89182.09,1,Yes,Yes,13126.9,0,"new row for relation ""bank_churn"" violates check constraint ""valid_countries""
DETAIL:  Failing row contains (15659194, Mishina, FRA, Male, 30, 8, 89182, 1, t, t, 13127, 0).
"
15707488,Tan,French,Female,27.0,5,0.0,2,No,No,131919.48,0,"new row for relation ""bank_churn"" violates check constraint ""valid_countries""
DETAIL:  Failing row contains (15707488, Tan, French, Female, 27, 5, 0, 2, f, f, 131919, 0).
"
15784700,Chikelu,FRA,Male,31.0,7,117799.28,1,Yes,Yes,182372.35,0,"new row for relation ""bank_churn"" violates check constraint ""valid_countries""
DETAIL:  Failing row contains (15784700, Chikelu, FRA, Male, 31, 7, 117799, 1, t, t, 182372, 0).
"
15709511,Watt,FRA,Male,43.0,8,0.0,2,No,No,100618.17,0,"new row for relation ""bank_churn"" violates check constraint ""valid_countries""
DETAIL:  Failing row contains (15709511, Watt, FRA, Male, 43, 8, 0, 2, f, f, 100618, 0).
"
15579616,Goodwin,FRA,Female,42.0,8,0.0,2,Yes,Yes,198134.9,0,"new row for relation ""bank_churn"" violates check constraint ""valid_countries""
DETAIL:  Failing row contains (15579616, Goodwin, FRA, Female, 42, 8, 0, 2, t, t, 198135, 0).
"
15694852,Arcuri,French,Male,29.0,4,121823.4,2,Yes,Yes,50368.87,0,"new row for relation ""bank_churn"" violates check constraint ""valid_countries""
DETAIL:  Failing row contains (15694852, Arcuri, French, Male, 29, 4, 121823, 2, t, t, 50369, 0).
"
15744622,Osorio,French,Male,32.0,8,116358.0,1,No,No,108798.36,0,"new row for relation ""bank_churn"" violates check constraint ""valid_countries""
DETAIL:  Failing row contains (15744622, Osorio, French, Male, 32, 8, 116358, 1, f, f, 108798, 0).
"
15575510,Milanesi,FRA,Female,32.0,2,155584.21,1,Yes,Yes,153662.88,0,"new row for relation ""bank_churn"" violates check constraint ""valid_countries""
DETAIL:  Failing row contains (15575510, Milanesi, FRA, Female, 32, 2, 155584, 1, t, t, 153663, 0).
"
15794187,Young,FRA,Male,36.0,6,114007.5,2,No,No,118120.88,0,"new row for relation ""bank_churn"" violates check constraint ""valid_countries""
DETAIL:  Failing row contains (15794187, Young, FRA, Male, 36, 6, 114008, 2, f, f, 118121, 0).
"
15792989,Bianchi,French,Female,71.0,1,104308.77,1,Yes,Yes,25650.04,0,"new row for relation ""bank_churn"" violates check constraint ""valid_countries""
DETAIL:  Failing row contains (15792989, Bianchi, French, Female, 71, 1, 104309, 1, t, t, 25650, 0).
"
15613734,Fallaci,FRA,Female,33.0,6,84719.13,2,Yes,Yes,113048.79,0,"new row for relation ""bank_churn"" violates check constraint ""valid_countries""
DETAIL:  Failing row contains (15613734, Fallaci, FRA, Female, 33, 6, 84719, 2, t, t, 113049, 0).
"
15652469,Nevels,FRA,Male,27.0,1,0.0,2,No,No,93003.21,0,"new row for relation ""bank_churn"" violates check constraint ""valid_countries""
DETAIL:  Failing row contains (15652469, Nevels, FRA, Male, 27, 1, 0, 2, f, f, 93003, 0).
"
15728706,Amaechi,French,Female,49.0,7,0.0,1,No,No,13566.48,1,"new row for relation ""bank_churn"" violates check constraint ""valid_countries""
DETAIL:  Failing row contains (15728706, Amaechi, French, Female, 49, 7, 0, 1, f, f, 13566, 1).
"
15584338,Winn,FRA,Female,40.0,0,0.0,2,No,No,62762.12,0,"new row for relation ""bank_churn"" violates check constraint ""valid_countries""
DETAIL:  Failing row contains (15584338, Winn, FRA, Female, 40, 0, 0, 2, f, f, 62762, 0).
"
15794939,Chiu,FRA,Female,72.0,5,121215.9,2,Yes,Yes,105206.48,0,"new row for relation ""bank_churn"" violates check constraint ""valid_countries""
DETAIL:  Failing row contains (15794939, Chiu, FRA, Female, 72, 5, 121216, 2, t, t, 105206, 0).
"
15791114,Yegorova,FRA,Male,37.0,1,135179.49,1,No,No,160670.37,0,"new row for relation ""bank_churn"" violates check constraint ""valid_countries""
DETAIL:  Failing row contains (15791114, Yegorova, FRA, Male, 37, 1, 135179, 1, f, f, 160670, 0).
"
15639368,Pipes,FRA,Male,25.0,0,110942.9,1,No,No,172576.56,0,"new row for relation ""bank_churn"" violates check constraint ""valid_countries""
DETAIL:  Failing row contains (15639368, Pipes, FRA, Male, 25, 0, 110943, 1, f, f, 172577, 0).
"
15569264,Yobanna,French,Male,32.0,5,179305.09,1,Yes,Yes,149043.78,0,"new row for relation ""bank_churn"" violates check constraint ""valid_countries""
DETAIL:  Failing row contains (15569264, Yobanna, French, Male, 32, 5, 179305, 1, t, t, 149044, 0).
"
15592230,Seleznyov,FRA,Male,41.0,3,0.0,2,Yes,Yes,137309.06,0,"new row for relation ""bank_churn"" violates check constraint ""valid_countries""
DETAIL:  Failing row contains (15592230, Seleznyov, FRA, Male, 41, 3, 0, 2, t, t, 137309, 0).
"
15626212,Wark,French,Male,29.0,9,0.0,1,Yes,Yes,166984.44,0,"new row for relation ""bank_churn"" violates check constraint ""valid_countries""
DETAIL:  Failing row contains (15626212, Wark, French, Male, 29, 9, 0, 1, t, t, 166984, 0).
"
15700460,Allnutt,French,Female,55.0,4,120905.03,1,Yes,Yes,123475.88,1,"new row for relation ""bank_churn"" violates check constraint ""valid_countries""
DETAIL:  Failing row contains (15700460, Allnutt, French, Female, 55, 4, 120905, 1, t, t, 123476, 1).
"
15654025,Jones,FRA,Female,51.0,4,101629.3,1,No,No,130541.1,0,"new row for relation ""bank_churn"" violates check constraint ""valid_countries""
DETAIL:  Failing row contains (15654025, Jones, FRA, Female, 51, 4, 101629, 1, f, f, 130541, 0).
"
15639217,McKenzie,French,Male,34.0,6,0.0,2,No,No,100809.99,0,"new row for relation ""bank_churn"" violates check constraint ""valid_countries""
DETAIL:  Failing row contains (15639217, McKenzie, French, Male, 34, 6, 0, 2, f, f, 100810, 0).
"
15647965,Genovese,FRA,Female,57.0,9,114023.64,2,Yes,Yes,71167.17,1,"new row for relation ""bank_churn"" violates check constraint ""valid_countries""
DETAIL:  Failing row contains (15647965, Genovese, FRA, Female, 57, 9, 114024, 2, t, t, 71167, 1).
"
15675749,Baranov,French,Female,23.0,1,0.0,2,Yes,Yes,141756.32,0,"new row for relation ""bank_churn"" violates check constraint ""valid_countries""
DETAIL:  Failing row contains (15675749, Baranov, French, Female, 23, 1, 0, 2, t, t, 141756, 0).
"
15795738,Owens,FRA,Male,31.0,4,175477.15,1,Yes,Yes,172832.9,0,"new row for relation ""bank_churn"" violates check constraint ""valid_countries""
DETAIL:  Failing row contains (15795738, Owens, FRA, Male, 31, 4, 175477, 1, t, t, 172833, 0).
"
15773751,Y?,French,Female,29.0,1,132144.35,1,No,No,158086.33,0,"new row for relation ""bank_churn"" violates check constraint ""valid_countries""
DETAIL:  Failing row contains (15773751, Y?, French, Female, 29, 1, 132144, 1, f, f, 158086, 0).
"
15661349,Perkins,FRA,Male,35.0,10,0.0,2,No,No,65675.47,0,"new row for relation ""bank_churn"" violates check constraint ""valid_countries""
DETAIL:  Failing row contains (15661349, Perkins, FRA, Male, 35, 10, 0, 2, f, f, 65675, 0).
"
15742848,Gratton,FRA,Male,41.0,5,0.0,1,Yes,Yes,65657.29,0,"new row for relation ""bank_churn"" violates check constraint ""valid_countries""
DETAIL:  Failing row contains (15742848, Gratton, FRA, Male, 41, 5, 0, 1, t, t, 65657, 0).
"
15580701,Ma,FRA,Male,33.0,3,153819.58,1,No,No,79176.09,1,"new row for relation ""bank_churn"" violates check constraint ""valid_countries""
DETAIL:  Failing row contains (15580701, Ma, FRA, Male, 33, 3, 153820, 1, f, f, 79176, 1).
"
15730796,Barker,French,Female,21.0,7,98993.02,1,Yes,Yes,169156.64,0,"new row for relation ""bank_churn"" violates check constraint ""valid_countries""
DETAIL:  Failing row contains (15730796, Barker, French, Female, 21, 7, 98993, 1, t, t, 169157, 0).
"
15668283,Gardiner,FRA,Male,48.0,9,118317.27,4,No,No,78702.98,1,"new row for relation ""bank_churn"" violates check constraint ""valid_countries""
DETAIL:  Failing row contains (15668283, Gardiner, FRA, Male, 48, 9, 118317, 4, f, f, 78703, 1).
"
15682728,Mathews,French,Female,32.0,4,0.0,2,No,No,114899.13,0,"new row for relation ""bank_churn"" violates check constraint ""valid_countries""
DETAIL:  Failing row contains (15682728, Mathews, French, Female, 32, 4, 0, 2, f, f, 114899, 0).
"
15763327,Craig,French,Male,32.0,8,124993.29,2,Yes,Yes,27548.06,0,"new row for relation ""bank_churn"" violates check constraint ""valid_countries""
DETAIL:  Failing row contains (15763327, Craig, French, Male, 32, 8, 124993, 2, t, t, 27548, 0).
"
15691011,Shoebridge,FRA,Male,42.0,9,161651.37,2,Yes,Yes,131753.97,0,"new row for relation ""bank_churn"" violates check constraint ""valid_countries""
DETAIL:  Failing row contains (15691011, Shoebridge, FRA, Male, 42, 9, 161651, 2, t, t, 131754, 0).
"
15638513,Palermo,FRA,Female,40.0,7,142856.95,2,No,No,38019.74,0,"new row for relation ""bank_churn"" violates check constraint ""valid_countries""
DETAIL:  Failing row contains (15638513, Palermo, FRA, Female, 40, 7, 142857, 2, f, f, 38020, 0).
"
15644788,Fyodorov,French,Female,30.0,5,0.0,2,No,No,189528.72,0,"new row for relation ""bank_churn"" violates check constraint ""valid_countries""
DETAIL:  Failing row contains (15644788, Fyodorov, French, Female, 30, 5, 0, 2, f, f, 189529, 0).
"
15801417,Iloerika,FRA,Male,37.0,4,82500.28,1,Yes,Yes,115260.72,0,"new row for relation ""bank_churn"" violates check constraint ""valid_countries""
DETAIL:  Failing row contains (15801417, Iloerika, FRA, Male, 37, 4, 82500, 1, t, t, 115261, 0).
"
15714431,Yeh,FRA,Male,37.0,1,100443.36,2,Yes,Yes,101693.73,0,"new row for relation ""bank_churn"" violates check constraint ""valid_countries""
DETAIL:  Failing row contains (15714431, Yeh, FRA, Male, 37, 1, 100443, 2, t, t, 101694, 0).
"
15600357,Findlay,French,Female,40.0,1,140197.71,2,No,No,150720.39,0,"new row for relation ""bank_churn"" violates check constraint ""valid_countries""
DETAIL:  Failing row contains (15600357, Findlay, French, Female, 40, 1, 140198, 2, f, f, 150720, 0).
"
15747014,Pisani,FRA,Female,28.0,1,105245.34,1,Yes,Yes,74780.13,0,"new row for relation ""bank_churn"" violates check constraint ""valid_countries""
DETAIL:  Failing row contains (15747014, Pisani, FRA, Female, 28, 1, 105245, 1, t, t, 74780, 0).
"
15662245,Pomeroy,French,Male,32.0,1,0.0,2,Yes,Yes,8763.87,0,"new row for relation ""bank_churn"" violates check constraint ""valid_countries""
DETAIL:  Failing row contains (15662245, Pomeroy, French, Male, 32, 1, 0, 2, t, t, 8764, 0).
"
15757661,Trevisano,French,Female,39.0,7,0.0,2,No,No,95985.64,0,"new row for relation ""bank_churn"" violates check constraint ""valid_countries""
DETAIL:  Failing row contains (15757661, Trevisano, French, Female, 39, 7, 0, 2, f, f, 95986, 0).
"
15729117,Trevisano,FRA,Female,31.0,1,102523.88,1,Yes,Yes,166792.71,0,"new row for relation ""bank_churn"" violates check constraint ""valid_countries""
DETAIL:  Failing row contains (15729117, Trevisano, FRA, Female, 31, 1, 102524, 1, t, t, 166793, 0).
"
15623082,Ch'ang,French,Female,35.0,2,0.0,2,No,No,97633.93,0,"new row for relation ""bank_churn"" violates check constraint ""valid_countries""
DETAIL:  Failing row contains (15623082, Ch'ang, French, Female, 35, 2, 0, 2, f, f, 97634, 0).
"
15746028,Chu,French,Female,24.0,7,0.0,2,No,No,166335.0,0,"new row for relation ""bank_churn"" violates check constraint ""valid_countries""
DETAIL:  Failing row contains (15746028, Chu, French, Female, 24, 7, 0, 2, f, f, 166335, 0).
"
15582951,Crawford,French,Female,25.0,8,126442.59,1,No,No,121904.44,0,"new row for relation ""bank_churn"" violates check constraint ""valid_countries""
DETAIL:  Failing row contains (15582951, Crawford, French, Female, 25, 8, 126443, 1, f, f, 121904, 0).
"
15641575,Anenechukwu,FRA,Male,37.0,2,127261.35,1,No,No,56185.05,0,"new row for relation ""bank_churn"" violates check constraint ""valid_countries""
DETAIL:  Failing row contains (15641575, Anenechukwu, FRA, Male, 37, 2, 127261, 1, f, f, 56185, 0).
"
15808283,Kelly,FRA,Female,33.0,4,0.0,1,No,No,152323.04,0,"new row for relation ""bank_churn"" violates check constraint ""valid_countries""
DETAIL:  Failing row contains (15808283, Kelly, FRA, Female, 33, 4, 0, 1, f, f, 152323, 0).
"
15811200,Ts'ao,French,Female,34.0,2,0.0,2,No,No,165840.94,0,"new row for relation ""bank_churn"" violates check constraint ""valid_countries""
DETAIL:  Failing row contains (15811200, Ts'ao, French, Female, 34, 2, 0, 2, f, f, 165841, 0).
"
15633274,Tai,FRA,Male,34.0,7,160515.37,1,No,No,121904.14,0,"new row for relation ""bank_churn"" violates check constraint ""valid_countries""
DETAIL:  Failing row contains (15633274, Tai, FRA, Male, 34, 7, 160515, 1, f, f, 121904, 0).
"
15602979,Lin,French,Male,29.0,1,135536.5,1,No,No,66825.33,0,"new row for relation ""bank_churn"" violates check constraint ""valid_countries""
DETAIL:  Failing row contains (15602979, Lin, French, Male, 29, 1, 135537, 1, f, f, 66825, 0).
"
15641794,Ridley,FRA,Male,33.0,5,135658.73,2,Yes,Yes,39755.0,0,"new row for relation ""bank_churn"" violates check constraint ""valid_countries""
DETAIL:  Failing row contains (15641794, Ridley, FRA, Male, 33, 5, 135659, 2, t, t, 39755, 0).
"
15779174,Young,FRA,Female,36.0,2,0.0,2,Yes,Yes,180142.42,0,"new row for relation ""bank_churn"" violates check constraint ""valid_countries""
DETAIL:  Failing row contains (15779174, Young, FRA, Female, 36, 2, 0, 2, t, t, 180142, 0).
"
15785547,Slye,FRA,Male,28.0,8,191402.82,2,No,No,83238.4,0,"new row for relation ""bank_churn"" violates check constraint ""valid_countries""
DETAIL:  Failing row contains (15785547, Slye, FRA, Male, 28, 8, 191403, 2, f, f, 83238, 0).
"
15592028,Roberts,French,Female,46.0,7,0.0,1,Yes,Yes,109057.56,0,"new row for relation ""bank_churn"" violates check constraint ""valid_countries""
DETAIL:  Failing row contains (15592028, Roberts, French, Female, 46, 7, 0, 1, t, t, 109058, 0).
"
15580227,Moss,FRA,Male,33.0,6,0.0,2,No,No,115676.61,0,"new row for relation ""bank_churn"" violates check constraint ""valid_countries""
DETAIL:  Failing row contains (15580227, Moss, FRA, Male, 33, 6, 0, 2, f, f, 115677, 0).
"
15657830,Andrews,FRA,Male,43.0,4,87624.03,2,No,No,149401.33,0,"new row for relation ""bank_churn"" violates check constraint ""valid_countries""
DETAIL:  Failing row contains (15657830, Andrews, FRA, Male, 43, 4, 87624, 2, f, f, 149401, 0).
"
15798256,Takasuka,FRA,Female,45.0,1,153697.53,2,No,No,89891.4,1,"new row for relation ""bank_churn"" violates check constraint ""valid_countries""
DETAIL:  Failing row contains (15798256, Takasuka, FRA, Female, 45, 1, 153698, 2, f, f, 89891, 1).
"
15643819,Dawson,FRA,Female,25.0,4,0.0,2,No,No,82500.84,0,"new row for relation ""bank_churn"" violates check constraint ""valid_countries""
DETAIL:  Failing row contains (15643819, Dawson, FRA, Female, 25, 4, 0, 2, f, f, 82501, 0).
"
15754301,Bruche,French,Male,39.0,5,0.0,1,No,No,6416.92,0,"new row for relation ""bank_churn"" violates check constraint ""valid_countries""
DETAIL:  Failing row contains (15754301, Bruche, French, Male, 39, 5, 0, 1, f, f, 6417, 0).
"
15750099,Marshall,FRA,Female,36.0,6,0.0,1,No,No,152128.36,0,"new row for relation ""bank_churn"" violates check constraint ""valid_countries""
DETAIL:  Failing row contains (15750099, Marshall, FRA, Female, 36, 6, 0, 1, f, f, 152128, 0).
"
15795540,Reye,French,Female,36.0,2,134208.22,1,Yes,Yes,177670.57,0,"new row for relation ""bank_churn"" violates check constraint ""valid_countries""
DETAIL:  Failing row contains (15795540, Reye, French, Female, 36, 2, 134208, 1, t, t, 177671, 0).
"
15678571,Barber,French,Male,21.0,4,0.0,2,No,No,24847.02,0,"new row for relation ""bank_churn"" violates check constraint ""valid_countries""
DETAIL:  Failing row contains (15678571, Barber, French, Male, 21, 4, 0, 2, f, f, 24847, 0).
"
15696277,Hs?,French,Female,34.0,9,0.0,2,No,No,138113.71,0,"new row for relation ""bank_churn"" violates check constraint ""valid_countries""
DETAIL:  Failing row contains (15696277, Hs?, French, Female, 34, 9, 0, 2, f, f, 138114, 0).
"
15802390,Willoughby,FRA,Female,34.0,2,0.0,2,Yes,Yes,118863.38,0,"new row for relation ""bank_churn"" violates check constraint ""valid_countries""
DETAIL:  Failing row contains (15802390, Willoughby, FRA, Female, 34, 2, 0, 2, t, t, 118863, 0).
"
15726774,Field,French,Male,35.0,3,106250.72,1,No,No,39546.32,0,"new row for relation ""bank_churn"" violates check constraint ""valid_countries""
DETAIL:  Failing row contains (15726774, Field, French, Male, 35, 3, 106251, 1, f, f, 39546, 0).
"
15641877,Ross,French,Male,47.0,9,97023.21,1,Yes,Yes,2168.13,0,"new row for relation ""bank_churn"" violates check constraint ""valid_countries""
DETAIL:  Failing row contains (15641877, Ross, French, Male, 47, 9, 97023, 1, t, t, 2168, 0).
"
15796496,Trevisani,French,Female,31.0,8,137687.72,1,No,No,190067.12,0,"new row for relation ""bank_churn"" violates check constraint ""valid_countries""
DETAIL:  Failing row contains (15796496, Trevisani, French, Female, 31, 8, 137688, 1, f, f, 190067, 0).
"
15625584,Martin,French,Male,32.0,2,120452.4,2,No,No,79602.86,0,"new row for relation ""bank_churn"" violates check constraint ""valid_countries""
DETAIL:  Failing row contains (15625584, Martin, French, Male, 32, 2, 120452, 2, f, f, 79603, 0).
"
15802466,Donaldson,French,Female,53.0,7,0.0,2,Yes,Yes,80619.17,0,"new row for relation ""bank_churn"" violates check constraint ""valid_countries""
DETAIL:  Failing row contains (15802466, Donaldson, French, Female, 53, 7, 0, 2, t, t, 80619, 0).
"
15746805,Thomson,French,Male,33.0,9,0.0,2,No,No,49374.82,0,"new row for relation ""bank_churn"" violates check constraint ""valid_countries""
DETAIL:  Failing row contains (15746805, Thomson, French, Male, 33, 9, 0, 2, f, f, 49375, 0).
"
15653784,Solomina,French,Male,37.0,2,125190.86,1,Yes,Yes,84584.69,0,"new row for relation ""bank_churn"" violates check constraint ""valid_countries""
DETAIL:  Failing row contains (15653784, Solomina, French, Male, 37, 2, 125191, 1, t, t, 84585, 0).
"
15693543,McDonald,French,Female,33.0,8,0.0,2,Yes,Yes,15246.83,0,"new row for relation ""bank_churn"" violates check constraint ""valid_countries""
DETAIL:  Failing row contains (15693543, McDonald, French, Female, 33, 8, 0, 2, t, t, 15247, 0).
"
15773283,Dennis,FRA,Male,65.0,6,38340.02,1,No,No,32607.77,1,"new row for relation ""bank_churn"" violates check constraint ""valid_countries""
DETAIL:  Failing row contains (15773283, Dennis, FRA, Male, 65, 6, 38340, 1, f, f, 32608, 1).
"
15569878,Dale,FRA,Male,37.0,3,96651.03,1,Yes,Yes,3232.82,0,"new row for relation ""bank_churn"" violates check constraint ""valid_countries""
DETAIL:  Failing row contains (15569878, Dale, FRA, Male, 37, 3, 96651, 1, t, t, 3233, 0).
"
15729454,Gorbunov,French,Male,33.0,8,0.0,2,No,No,177668.55,0,"new row for relation ""bank_churn"" violates check constraint ""valid_countries""
DETAIL:  Failing row contains (15729454, Gorbunov, French, Male, 33, 8, 0, 2, f, f, 177669, 0).
"
15578375,Farrell,French,Male,39.0,6,0.0,2,No,No,134441.6,0,"new row for relation ""bank_churn"" violates check constraint ""valid_countries""
DETAIL:  Failing row contains (15578375, Farrell, French, Male, 39, 6, 0, 2, f, f, 134442, 0).
"
15701605,Forster,FRA,Male,37.0,1,166115.42,1,No,No,67208.3,0,"new row for relation ""bank_churn"" violates check constraint ""valid_countries""
DETAIL:  Failing row contains (15701605, Forster, FRA, Male, 37, 1, 166115, 1, f, f, 67208, 0).
"
15625586,Monaldo,French,Male,35.0,4,0.0,1,Yes,Yes,167573.06,0,"new row for relation ""bank_churn"" violates check constraint ""valid_countries""
DETAIL:  Failing row contains (15625586, Monaldo, French, Male, 35, 4, 0, 1, t, t, 167573, 0).
"
15654975,Wu,French,Female,53.0,0,123835.52,2,Yes,Yes,160110.65,0,"new row for relation ""bank_churn"" violates check constraint ""valid_countries""
DETAIL:  Failing row contains (15654975, Wu, French, Female, 53, 0, 123836, 2, t, t, 160111, 0).
"
15756155,Fu,French,Male,32.0,4,0.0,2,Yes,Yes,97628.08,0,"new row for relation ""bank_churn"" violates check constraint ""valid_countries""
DETAIL:  Failing row contains (15756155, Fu, French, Male, 32, 4, 0, 2, t, t, 97628, 0).
"
15812647,Yin,FRA,Male,34.0,8,133936.04,2,No,No,91359.79,0,"new row for relation ""bank_churn"" violates check constraint ""valid_countries""
DETAIL:  Failing row contains (15812647, Yin, FRA, Male, 34, 8, 133936, 2, f, f, 91360, 0).
"
15736043,Hamilton,French,Male,34.0,6,114543.27,1,Yes,Yes,97755.29,0,"new row for relation ""bank_churn"" violates check constraint ""valid_countries""
DETAIL:  Failing row contains (15736043, Hamilton, French, Male, 34, 6, 114543, 1, t, t, 97755, 0).
"
15696744,Miller,French,Female,31.0,3,119794.67,1,No,No,182528.44,0,"new row for relation ""bank_churn"" violates check constraint ""valid_countries""
DETAIL:  Failing row contains (15696744, Miller, French, Female, 31, 3, 119795, 1, f, f, 182528, 0).
"
15602572,Hsing,FRA,Male,33.0,9,0.0,2,Yes,Yes,142956.48,0,"new row for relation ""bank_churn"" violates check constraint ""valid_countries""
DETAIL:  Failing row contains (15602572, Hsing, FRA, Male, 33, 9, 0, 2, t, t, 142956, 0).
"
15678725,Chamberlin,French,Female,29.0,8,0.0,2,Yes,Yes,130461.09,0,"new row for relation ""bank_churn"" violates check constraint ""valid_countries""
DETAIL:  Failing row contains (15678725, Chamberlin, French, Female, 29, 8, 0, 2, t, t, 130461, 0).
"
15605742,Tuan,FRA,Male,43.0,0,80090.93,1,No,No,39920.0,1,"new row for relation ""bank_churn"" violates check constraint ""valid_countries""
DETAIL:  Failing row contains (15605742, Tuan, FRA, Male, 43, 0, 80091, 1, f, f, 39920, 1).
"
15664897,Bryant,FRA,Female,35.0,2,181166.44,1,Yes,Yes,63737.19,1,"new row for relation ""bank_churn"" violates check constraint ""valid_countries""
DETAIL:  Failing row contains (15664897, Bryant, FRA, Female, 35, 2, 181166, 1, t, t, 63737, 1).
"
15585777,Pai,FRA,Male,38.0,3,130588.82,1,Yes,Yes,154997.64,0,"new row for relation ""bank_churn"" violates check constraint ""valid_countries""
DETAIL:  Failing row contains (15585777, Pai, FRA, Male, 38, 3, 130589, 1, t, t, 154998, 0).
"
15713845,Merrett,French,Male,38.0,7,148045.68,1,No,No,175479.92,1,"new row for relation ""bank_churn"" violates check constraint ""valid_countries""
DETAIL:  Failing row contains (15713845, Merrett, French, Male, 38, 7, 148046, 1, f, f, 175480, 1).
"
15639662,Phillips,French,Male,38.0,2,0.0,2,No,No,96.27,0,"new row for relation ""bank_churn"" violates check constraint ""valid_countries""
DETAIL:  Failing row contains (15639662, Phillips, French, Male, 38, 2, 0, 2, f, f, 96, 0).
"
15777784,Tu,French,Female,44.0,6,168165.84,1,Yes,Yes,197193.49,0,"new row for relation ""bank_churn"" violates check constraint ""valid_countries""
DETAIL:  Failing row contains (15777784, Tu, French, Female, 44, 6, 168166, 1, t, t, 197193, 0).
"
15651315,Dilke,French,Male,41.0,3,0.0,2,No,No,132719.8,0,"new row for relation ""bank_churn"" violates check constraint ""valid_countries""
DETAIL:  Failing row contains (15651315, Dilke, French, Male, 41, 3, 0, 2, f, f, 132720, 0).
"
15707962,Gunson,FRA,Male,40.0,6,119501.88,2,No,No,46774.94,0,"new row for relation ""bank_churn"" violates check constraint ""valid_countries""
DETAIL:  Failing row contains (15707962, Gunson, FRA, Male, 40, 6, 119502, 2, f, f, 46775, 0).
"
15594270,Biryukov,French,Male,38.0,7,198338.77,2,Yes,Yes,14278.18,0,"new row for relation ""bank_churn"" violates check constraint ""valid_countries""
DETAIL:  Failing row contains (15594270, Biryukov, French, Male, 38, 7, 198339, 2, t, t, 14278, 0).
"
15613140,Mellor,French,Male,34.0,6,0.0,1,Yes,Yes,63173.64,0,"new row for relation ""bank_churn"" violates check constraint ""valid_countries""
DETAIL:  Failing row contains (15613140, Mellor, French, Male, 34, 6, 0, 1, t, t, 63174, 0).
"
15628893,Power,FRA,Male,29.0,8,0.0,1,No,No,66367.33,0,"new row for relation ""bank_churn"" violates check constraint ""valid_countries""
DETAIL:  Failing row contains (15628893, Power, FRA, Male, 29, 8, 0, 1, f, f, 66367, 0).
"
15782879,Lang,FRA,Male,40.0,2,0.0,2,Yes,Yes,180553.48,0,"new row for relation ""bank_churn"" violates check constraint ""valid_countries""
DETAIL:  Failing row contains (15782879, Lang, FRA, Male, 40, 2, 0, 2, t, t, 180553, 0).
"
15596972,Brownlow,French,Male,38.0,3,0.0,1,No,No,143938.27,0,"new row for relation ""bank_churn"" violates check constraint ""valid_countries""
DETAIL:  Failing row contains (15596972, Brownlow, French, Male, 38, 3, 0, 1, f, f, 143938, 0).
"
15615004,Anderson,French,Female,37.0,1,0.0,2,Yes,Yes,124364.63,0,"new row for relation ""bank_churn"" violates check constraint ""valid_countries""
DETAIL:  Failing row contains (15615004, Anderson, French, Female, 37, 1, 0, 2, t, t, 124365, 0).
"
15658432,Freeman,French,Male,40.0,6,0.0,1,Yes,Yes,47886.44,0,"new row for relation ""bank_churn"" violates check constraint ""valid_countries""
DETAIL:  Failing row contains (15658432, Freeman, French, Male, 40, 6, 0, 1, t, t, 47886, 0).
"
15616431,Chiu,FRA,Male,33.0,4,0.0,1,Yes,Yes,130474.03,0,"new row for relation ""bank_churn"" violates check constraint ""valid_countries""
DETAIL:  Failing row contains (15616431, Chiu, FRA, Male, 33, 4, 0, 1, t, t, 130474, 0).
"
15596713,Christie,French,Male,37.0,7,165896.22,2,Yes,Yes,66977.68,0,"new row for relation ""bank_churn"" violates check constraint ""valid_countries""
DETAIL:  Failing row contains (15596713, Christie, French, Male, 37, 7, 165896, 2, t, t, 66978, 0).
"
15760521,Thompson,French,Female,50.0,1,94164.0,1,Yes,Yes,189414.74,0,"new row for relation ""bank_churn"" violates check constraint ""valid_countries""
DETAIL:  Failing row contains (15760521, Thompson, French, Female, 50, 1, 94164, 1, t, t, 189415, 0).
"
15804721,Boni,FRA,Male,49.0,0,191808.73,1,No,No,97640.2,0,"new row for relation ""bank_churn"" violates check constraint ""valid_countries""
DETAIL:  Failing row contains (15804721, Boni, FRA, Male, 49, 0, 191809, 1, f, f, 97640, 0).
"
15783816,Lori,FRA,Female,28.0,5,0.0,2,No,No,12761.16,0,"new row for relation ""bank_churn"" violates check constraint ""valid_countries""
DETAIL:  Failing row contains (15783816, Lori, FRA, Female, 28, 5, 0, 2, f, f, 12761, 0).
"
15764072,Somerville,French,Female,31.0,1,109848.6,1,Yes,Yes,42012.55,0,"new row for relation ""bank_churn"" violates check constraint ""valid_countries""
DETAIL:  Failing row contains (15764072, Somerville, French, Female, 31, 1, 109849, 1, t, t, 42013, 0).
"
15775339,Lori,French,Female,29.0,8,95947.76,1,No,No,4696.44,0,"new row for relation ""bank_churn"" violates check constraint ""valid_countries""
DETAIL:  Failing row contains (15775339, Lori, French, Female, 29, 8, 95948, 1, f, f, 4696, 0).
"
15797329,Muir,French,Male,43.0,4,137638.69,1,No,No,130442.08,1,"new row for relation ""bank_churn"" violates check constraint ""valid_countries""
DETAIL:  Failing row contains (15797329, Muir, French, Male, 43, 4, 137639, 1, f, f, 130442, 1).
"
15807524,Chukwuma,FRA,Female,44.0,4,0.0,2,No,No,134394.78,0,"new row for relation ""bank_churn"" violates check constraint ""valid_countries""
DETAIL:  Failing row contains (15807524, Chukwuma, FRA, Female, 44, 4, 0, 2, f, f, 134395, 0).
"
15766649,Vincent,FRA,Male,38.0,10,89416.99,1,No,No,144275.39,0,"new row for relation ""bank_churn"" violates check constraint ""valid_countries""
DETAIL:  Failing row contains (15766649, Vincent, FRA, Male, 38, 10, 89417, 1, f, f, 144275, 0).
"
15663234,Bishop,French,Female,60.0,7,143262.04,1,Yes,Yes,129562.74,0,"new row for relation ""bank_churn"" violates check constraint ""valid_countries""
DETAIL:  Failing row contains (15663234, Bishop, French, Female, 60, 7, 143262, 1, t, t, 129563, 0).
"
15695174,Chang,French,Male,29.0,4,132954.64,1,Yes,Yes,146715.07,0,"new row for relation ""bank_churn"" violates check constraint ""valid_countries""
DETAIL:  Failing row contains (15695174, Chang, French, Male, 29, 4, 132955, 1, t, t, 146715, 0).
"
15591091,Goering,FRA,Male,44.0,5,73348.56,1,No,No,157166.79,1,"new row for relation ""bank_churn"" violates check constraint ""valid_countries""
DETAIL:  Failing row contains (15591091, Goering, FRA, Male, 44, 5, 73349, 1, f, f, 157167, 1).
"
15715877,Lo,FRA,Male,28.0,2,0.0,2,No,No,46072.52,0,"new row for relation ""bank_churn"" violates check constraint ""valid_countries""
DETAIL:  Failing row contains (15715877, Lo, FRA, Male, 28, 2, 0, 2, f, f, 46073, 0).
"
15756918,Simmons,FRA,Female,38.0,2,0.0,2,No,No,3524.69,0,"new row for relation ""bank_churn"" violates check constraint ""valid_countries""
DETAIL:  Failing row contains (15756918, Simmons, FRA, Female, 38, 2, 0, 2, f, f, 3525, 0).
"
15793343,Yeh,FRA,Female,29.0,8,0.0,2,Yes,Yes,189558.44,0,"new row for relation ""bank_churn"" violates check constraint ""valid_countries""
DETAIL:  Failing row contains (15793343, Yeh, FRA, Female, 29, 8, 0, 2, t, t, 189558, 0).
"
15576774,Stevenson,FRA,Female,38.0,7,0.0,2,No,No,45779.9,0,"new row for relation ""bank_churn"" violates check constraint ""valid_countries""
DETAIL:  Failing row contains (15576774, Stevenson, FRA, Female, 38, 7, 0, 2, f, f, 45780, 0).
"
15615245,Shao,French,Male,19.0,5,127649.64,1,Yes,Yes,40368.65,0,"new row for relation ""bank_churn"" violates check constraint ""valid_countries""
DETAIL:  Failing row contains (15615245, Shao, French, Male, 19, 5, 127650, 1, t, t, 40369, 0).
"
15736769,Lucchesi,FRA,Female,27.0,9,0.0,2,No,No,150850.29,0,"new row for relation ""bank_churn"" violates check constraint ""valid_countries""
DETAIL:  Failing row contains (15736769, Lucchesi, FRA, Female, 27, 9, 0, 2, f, f, 150850, 0).
"
15763381,Chan,FRA,Male,30.0,0,90963.49,1,Yes,Yes,27802.0,0,"new row for relation ""bank_churn"" violates check constraint ""valid_countries""
DETAIL:  Failing row contains (15763381, Chan, FRA, Male, 30, 0, 90963, 1, t, t, 27802, 0).
"
15638607,Nwabugwu,French,Female,52.0,2,0.0,1,No,No,137332.37,1,"new row for relation ""bank_churn"" violates check constraint ""valid_countries""
DETAIL:  Failing row contains (15638607, Nwabugwu, French, Female, 52, 2, 0, 1, f, f, 137332, 1).
"
15659937,Otutodilinna,French,Female,40.0,7,0.0,2,Yes,Yes,122518.5,0,"new row for relation ""bank_churn"" violates check constraint ""valid_countries""
DETAIL:  Failing row contains (15659937, Otutodilinna, French, Female, 40, 7, 0, 2, t, t, 122519, 0).
"
15765287,Grant,FRA,Female,38.0,2,0.0,2,No,No,9015.07,0,"new row for relation ""bank_churn"" violates check constraint ""valid_countries""
DETAIL:  Failing row contains (15765287, Grant, FRA, Female, 38, 2, 0, 2, f, f, 9015, 0).
"
15766064,Komarova,FRA,Male,33.0,9,111060.05,2,No,No,110371.84,0,"new row for relation ""bank_churn"" violates check constraint ""valid_countries""
DETAIL:  Failing row contains (15766064, Komarova, FRA, Male, 33, 9, 111060, 2, f, f, 110372, 0).
"
15719017,Donaldson,French,Female,34.0,8,0.0,2,Yes,Yes,16245.25,0,"new row for relation ""bank_churn"" violates check constraint ""valid_countries""
DETAIL:  Failing row contains (15719017, Donaldson, French, Female, 34, 8, 0, 2, t, t, 16245, 0).
"
15720919,Duggan,French,Male,42.0,7,0.0,1,Yes,Yes,108348.94,1,"new row for relation ""bank_churn"" violates check constraint ""valid_countries""
DETAIL:  Failing row contains (15720919, Duggan, French, Male, 42, 7, 0, 1, t, t, 108349, 1).
"
15709653,Hamilton,French,Male,32.0,8,0.0,2,No,No,67364.42,0,"new row for relation ""bank_churn"" violates check constraint ""valid_countries""
DETAIL:  Failing row contains (15709653, Hamilton, French, Male, 32, 8, 0, 2, f, f, 67364, 0).
"
15622442,Mazzi,French,Male,29.0,5,0.0,2,No,No,194310.1,0,"new row for relation ""bank_churn"" violates check constraint ""valid_countries""
DETAIL:  Failing row contains (15622442, Mazzi, French, Male, 29, 5, 0, 2, f, f, 194310, 0).
"
15757897,Binder,French,Female,26.0,3,104258.8,1,Yes,Yes,428.23,0,"new row for relation ""bank_churn"" violates check constraint ""valid_countries""
DETAIL:  Failing row contains (15757897, Binder, French, Female, 26, 3, 104259, 1, t, t, 428, 0).
"
15568104,Zubarev,FRA,Female,26.0,6,0.0,2,Yes,Yes,34948.77,0,"new row for relation ""bank_churn"" violates check constraint ""valid_countries""
DETAIL:  Failing row contains (15568104, Zubarev, FRA, Female, 26, 6, 0, 2, t, t, 34949, 0).
"
15651664,Wilder,FRA,Female,61.0,1,104267.7,1,No,No,62845.64,1,"new row for relation ""bank_churn"" violates check constraint ""valid_countries""
DETAIL:  Failing row contains (15651664, Wilder, FRA, Female, 61, 1, 104268, 1, f, f, 62846, 1).
"
15795132,Molineux,FRA,Female,25.0,3,91718.8,1,No,No,28411.23,0,"new row for relation ""bank_churn"" violates check constraint ""valid_countries""
DETAIL:  Failing row contains (15795132, Molineux, FRA, Female, 25, 3, 91719, 1, f, f, 28411, 0).
"
15752694,Taylor,French,Female,32.0,4,83772.95,1,Yes,Yes,23920.65,0,"new row for relation ""bank_churn"" violates check constraint ""valid_countries""
DETAIL:  Failing row contains (15752694, Taylor, French, Female, 32, 4, 83773, 1, t, t, 23921, 0).
"
15773591,Jobson,French,Male,46.0,7,117685.31,2,Yes,Yes,93360.35,0,"new row for relation ""bank_churn"" violates check constraint ""valid_countries""
DETAIL:  Failing row contains (15773591, Jobson, French, Male, 46, 7, 117685, 2, t, t, 93360, 0).
"
15723620,Lu,FRA,Male,41.0,7,0.0,2,Yes,Yes,14496.67,0,"new row for relation ""bank_churn"" violates check constraint ""valid_countries""
DETAIL:  Failing row contains (15723620, Lu, FRA, Male, 41, 7, 0, 2, t, t, 14497, 0).
"
15624667,Wallace,FRA,Male,35.0,6,135871.5,1,Yes,Yes,87219.41,0,"new row for relation ""bank_churn"" violates check constraint ""valid_countries""
DETAIL:  Failing row contains (15624667, Wallace, FRA, Male, 35, 6, 135872, 1, t, t, 87219, 0).
"
15749540,Hsiung,French,Male,36.0,7,0.0,2,No,No,94283.09,0,"new row for relation ""bank_churn"" violates check constraint ""valid_countries""
DETAIL:  Failing row contains (15749540, Hsiung, French, Male, 36, 7, 0, 2, f, f, 94283, 0).
"
15606158,Genovese,French,Female,39.0,9,0.0,1,No,No,3740.93,0,"new row for relation ""bank_churn"" violates check constraint ""valid_countries""
DETAIL:  Failing row contains (15606158, Genovese, French, Female, 39, 9, 0, 1, f, f, 3741, 0).
"
15589496,Arrington,French,Male,34.0,5,139064.06,2,No,No,67949.32,0,"new row for relation ""bank_churn"" violates check constraint ""valid_countries""
DETAIL:  Failing row contains (15589496, Arrington, French, Male, 34, 5, 139064, 2, f, f, 67949, 0).
"
15730345,Miah,French,Female,35.0,2,104508.1,1,Yes,Yes,147636.46,0,"new row for relation ""bank_churn"" violates check constraint ""valid_countries""
DETAIL:  Failing row contains (15730345, Miah, French, Female, 35, 2, 104508, 1, t, t, 147636, 0).
"
15643439,Ferguson,FRA,Male,47.0,10,0.0,2,Yes,Yes,25482.62,0,"new row for relation ""bank_churn"" violates check constraint ""valid_countries""
DETAIL:  Failing row contains (15643439, Ferguson, FRA, Male, 47, 10, 0, 2, t, t, 25483, 0).
"
15604158,Smith,FRA,Female,39.0,10,0.0,2,Yes,Yes,18391.93,0,"new row for relation ""bank_churn"" violates check constraint ""valid_countries""
DETAIL:  Failing row contains (15604158, Smith, FRA, Female, 39, 10, 0, 2, t, t, 18392, 0).
"
15628824,Burton,FRA,Female,37.0,5,160389.82,1,Yes,Yes,183542.08,0,"new row for relation ""bank_churn"" violates check constraint ""valid_countries""
DETAIL:  Failing row contains (15628824, Burton, FRA, Female, 37, 5, 160390, 1, t, t, 183542, 0).
"
15636520,Milani,FRA,Male,27.0,1,125547.53,1,No,No,7900.46,0,"new row for relation ""bank_churn"" violates check constraint ""valid_countries""
DETAIL:  Failing row contains (15636520, Milani, FRA, Male, 27, 1, 125548, 1, f, f, 7900, 0).
"
15700650,Cousens,French,Male,34.0,3,0.0,2,No,No,55816.2,0,"new row for relation ""bank_churn"" violates check constraint ""valid_countries""
DETAIL:  Failing row contains (15700650, Cousens, French, Male, 34, 3, 0, 2, f, f, 55816, 0).
"
15693996,Hawks,French,Female,33.0,1,113452.66,1,No,No,142911.99,0,"new row for relation ""bank_churn"" violates check constraint ""valid_countries""
DETAIL:  Failing row contains (15693996, Hawks, French, Female, 33, 1, 113453, 1, f, f, 142912, 0).
"
15633729,Wang,FRA,Male,43.0,10,112751.13,1,Yes,Yes,28332.0,0,"new row for relation ""bank_churn"" violates check constraint ""valid_countries""
DETAIL:  Failing row contains (15633729, Wang, FRA, Male, 43, 10, 112751, 1, t, t, 28332, 0).
"
15800746,Watson,FRA,Male,45.0,7,144889.18,1,Yes,Yes,102591.9,1,"new row for relation ""bank_churn"" violates check constraint ""valid_countries""
DETAIL:  Failing row contains (15800746, Watson, FRA, Male, 45, 7, 144889, 1, t, t, 102592, 1).
"
15596647,Henderson,French,Male,54.0,8,69712.74,1,Yes,Yes,69381.05,0,"new row for relation ""bank_churn"" violates check constraint ""valid_countries""
DETAIL:  Failing row contains (15596647, Henderson, French, Male, 54, 8, 69713, 1, t, t, 69381, 0).
"
15775116,Anderson,FRA,Male,31.0,3,0.0,2,No,No,89040.61,0,"new row for relation ""bank_churn"" violates check constraint ""valid_countries""
DETAIL:  Failing row contains (15775116, Anderson, FRA, Male, 31, 3, 0, 2, f, f, 89041, 0).
"
15654074,Tuan,French,Male,38.0,8,119315.75,1,No,No,150468.35,0,"new row for relation ""bank_churn"" violates check constraint ""valid_countries""
DETAIL:  Failing row contains (15654074, Tuan, French, Male, 38, 8, 119316, 1, f, f, 150468, 0).
"
15695872,Fiorentini,FRA,Female,30.0,1,89571.59,1,Yes,Yes,177613.19,0,"new row for relation ""bank_churn"" violates check constraint ""valid_countries""
DETAIL:  Failing row contains (15695872, Fiorentini, FRA, Female, 30, 1, 89572, 1, t, t, 177613, 0).
"
15725036,Jideofor,FRA,Male,42.0,9,118546.71,1,Yes,Yes,77142.85,0,"new row for relation ""bank_churn"" violates check constraint ""valid_countries""
DETAIL:  Failing row contains (15725036, Jideofor, FRA, Male, 42, 9, 118547, 1, t, t, 77143, 0).
"
15632665,Yevseyev,French,Male,61.0,2,0.0,1,Yes,Yes,127804.66,1,"new row for relation ""bank_churn"" violates check constraint ""valid_countries""
DETAIL:  Failing row contains (15632665, Yevseyev, French, Male, 61, 2, 0, 1, t, t, 127805, 1).
"
15770291,Allan,FRA,Female,29.0,8,0.0,2,No,No,147342.03,0,"new row for relation ""bank_churn"" violates check constraint ""valid_countries""
DETAIL:  Failing row contains (15770291, Allan, FRA, Female, 29, 8, 0, 2, f, f, 147342, 0).
"
15601417,T'ang,French,Male,32.0,3,148884.47,2,Yes,Yes,90967.37,0,"new row for relation ""bank_churn"" violates check constraint ""valid_countries""
DETAIL:  Failing row contains (15601417, T'ang, French, Male, 32, 3, 148884, 2, t, t, 90967, 0).
"
15749119,Santiago,FRA,Female,31.0,3,0.0,2,Yes,Yes,112289.06,0,"new row for relation ""bank_churn"" violates check constraint ""valid_countries""
DETAIL:  Failing row contains (15749119, Santiago, FRA, Female, 31, 3, 0, 2, t, t, 112289, 0).
"
15700965,Toscano,FRA,Female,32.0,6,0.0,2,Yes,Yes,150026.79,0,"new row for relation ""bank_churn"" violates check constraint ""valid_countries""
DETAIL:  Failing row contains (15700965, Toscano, FRA, Female, 32, 6, 0, 2, t, t, 150027, 0).
"
15791851,Afanasyeva,French,Female,34.0,0,185734.75,1,Yes,Yes,102036.82,0,"new row for relation ""bank_churn"" violates check constraint ""valid_countries""
DETAIL:  Failing row contains (15791851, Afanasyeva, French, Female, 34, 0, 185735, 1, t, t, 102037, 0).
"
15740846,Wei,French,Male,40.0,5,125909.85,1,Yes,Yes,95124.4,0,"new row for relation ""bank_churn"" violates check constraint ""valid_countries""
DETAIL:  Failing row contains (15740846, Wei, French, Male, 40, 5, 125910, 1, t, t, 95124, 0).
"
15573284,Olisanugo,French,Female,45.0,2,0.0,2,No,No,11514.39,0,"new row for relation ""bank_churn"" violates check constraint ""valid_countries""
DETAIL:  Failing row contains (15573284, Olisanugo, French, Female, 45, 2, 0, 2, f, f, 11514, 0).
"
15663168,MacDonald,FRA,Male,35.0,8,110934.54,1,No,No,169287.99,0,"new row for relation ""bank_churn"" violates check constraint ""valid_countries""
DETAIL:  Failing row contains (15663168, MacDonald, FRA, Male, 35, 8, 110935, 1, f, f, 169288, 0).
"
15717527,Ifeanacho,FRA,Female,49.0,9,145359.99,1,No,No,38186.85,0,"new row for relation ""bank_churn"" violates check constraint ""valid_countries""
DETAIL:  Failing row contains (15717527, Ifeanacho, FRA, Female, 49, 9, 145360, 1, f, f, 38187, 0).
"
15640377,Goloubev,French,Female,36.0,0,0.0,2,No,No,97767.63,0,"new row for relation ""bank_churn"" violates check constraint ""valid_countries""
DETAIL:  Failing row contains (15640377, Goloubev, French, Female, 36, 0, 0, 2, f, f, 97768, 0).
"
15727041,Fiorentini,French,Male,71.0,7,0.0,2,Yes,Yes,108841.83,0,"new row for relation ""bank_churn"" violates check constraint ""valid_countries""
DETAIL:  Failing row contains (15727041, Fiorentini, French, Male, 71, 7, 0, 2, t, t, 108842, 0).
"
15738063,Shen,FRA,Male,29.0,2,0.0,2,Yes,Yes,18581.84,0,"new row for relation ""bank_churn"" violates check constraint ""valid_countries""
DETAIL:  Failing row contains (15738063, Shen, FRA, Male, 29, 2, 0, 2, t, t, 18582, 0).
"
15652320,Woronoff,FRA,Male,40.0,5,0.0,2,No,No,100727.68,0,"new row for relation ""bank_churn"" violates check constraint ""valid_countries""
DETAIL:  Failing row contains (15652320, Woronoff, FRA, Male, 40, 5, 0, 2, f, f, 100728, 0).
"
15694566,Roberts,FRA,Female,42.0,10,0.0,2,No,No,169921.11,1,"new row for relation ""bank_churn"" violates check constraint ""valid_countries""
DETAIL:  Failing row contains (15694566, Roberts, FRA, Female, 42, 10, 0, 2, f, f, 169921, 1).
"
15795186,Leonard,French,Male,38.0,5,0.0,1,No,No,115700.2,0,"new row for relation ""bank_churn"" violates check constraint ""valid_countries""
DETAIL:  Failing row contains (15795186, Leonard, French, Male, 38, 5, 0, 1, f, f, 115700, 0).
"
15694125,McElhone,FRA,Male,57.0,5,0.0,2,Yes,Yes,56875.76,0,"new row for relation ""bank_churn"" violates check constraint ""valid_countries""
DETAIL:  Failing row contains (15694125, McElhone, FRA, Male, 57, 5, 0, 2, t, t, 56876, 0).
"
15565891,Dipietro,French,Male,39.0,8,0.0,2,No,No,56214.09,0,"new row for relation ""bank_churn"" violates check constraint ""valid_countries""
DETAIL:  Failing row contains (15565891, Dipietro, French, Male, 39, 8, 0, 2, f, f, 56214, 0).
"
15775206,Hunter,FRA,Male,37.0,10,0.0,2,No,No,83263.04,0,"new row for relation ""bank_churn"" violates check constraint ""valid_countries""
DETAIL:  Failing row contains (15775206, Hunter, FRA, Male, 37, 10, 0, 2, f, f, 83263, 0).
"
15610379,Barclay-Harvey,FRA,Male,30.0,9,105443.68,1,Yes,Yes,121124.53,0,"new row for relation ""bank_churn"" violates check constraint ""valid_countries""
DETAIL:  Failing row contains (15610379, Barclay-Harvey, FRA, Male, 30, 9, 105444, 1, t, t, 121125, 0).
"
15716236,Milani,French,Male,35.0,10,0.0,2,No,No,10722.54,0,"new row for relation ""bank_churn"" violates check constraint ""valid_countries""
DETAIL:  Failing row contains (15716236, Milani, French, Male, 35, 10, 0, 2, f, f, 10723, 0).
"
15694556,Nkemakolam,French,Male,60.0,2,116563.58,1,No,No,120257.7,1,"new row for relation ""bank_churn"" violates check constraint ""valid_countries""
DETAIL:  Failing row contains (15694556, Nkemakolam, French, Male, 60, 2, 116564, 1, f, f, 120258, 1).
"
15744109,Hartung,French,Male,32.0,4,0.0,1,Yes,Yes,180622.02,0,"new row for relation ""bank_churn"" violates check constraint ""valid_countries""
DETAIL:  Failing row contains (15744109, Hartung, French, Male, 32, 4, 0, 1, t, t, 180622, 0).
"
15763515,Shih,French,Male,30.0,5,0.0,2,No,No,162523.66,0,"new row for relation ""bank_churn"" violates check constraint ""valid_countries""
DETAIL:  Failing row contains (15763515, Shih, French, Male, 30, 5, 0, 2, f, f, 162524, 0).
"
15800366,Walton,French,Male,29.0,5,0.0,1,Yes,Yes,94823.95,0,"new row for relation ""bank_churn"" violates check constraint ""valid_countries""
DETAIL:  Failing row contains (15800366, Walton, French, Male, 29, 5, 0, 1, t, t, 94824, 0).
"
15771270,North,French,Female,27.0,8,127471.56,1,Yes,Yes,152916.05,1,"new row for relation ""bank_churn"" violates check constraint ""valid_countries""
DETAIL:  Failing row contains (15771270, North, French, Female, 27, 8, 127472, 1, t, t, 152916, 1).
"
15799910,Martin,French,Male,32.0,2,0.0,2,No,No,193817.63,1,"new row for relation ""bank_churn"" violates check constraint ""valid_countries""
DETAIL:  Failing row contains (15799910, Martin, French, Male, 32, 2, 0, 2, f, f, 193818, 1).
"
15657603,Finch,French,Female,35.0,6,81684.97,1,No,No,824.0,0,"new row for relation ""bank_churn"" violates check constraint ""valid_countries""
DETAIL:  Failing row contains (15657603, Finch, French, Female, 35, 6, 81685, 1, f, f, 824, 0).
"
15737267,Marcelo,French,Female,49.0,1,0.0,1,No,No,79342.31,1,"new row for relation ""bank_churn"" violates check constraint ""valid_countries""
DETAIL:  Failing row contains (15737267, Marcelo, French, Female, 49, 1, 0, 1, f, f, 79342, 1).
"
15813327,Romani,FRA,Male,21.0,4,109130.96,2,Yes,Yes,56191.99,0,"new row for relation ""bank_churn"" violates check constraint ""valid_countries""
DETAIL:  Failing row contains (15813327, Romani, FRA, Male, 21, 4, 109131, 2, t, t, 56192, 0).
"
15711921,Scott,FRA,Male,29.0,5,0.0,2,Yes,Yes,6770.44,0,"new row for relation ""bank_churn"" violates check constraint ""valid_countries""
DETAIL:  Failing row contains (15711921, Scott, FRA, Male, 29, 5, 0, 2, t, t, 6770, 0).
"
15608873,Smith,FRA,Male,51.0,2,0.0,1,No,No,53353.36,0,"new row for relation ""bank_churn"" violates check constraint ""valid_countries""
DETAIL:  Failing row contains (15608873, Smith, FRA, Male, 51, 2, 0, 1, f, f, 53353, 0).
"
15743570,Feng,French,Female,34.0,5,0.0,2,Yes,Yes,125253.46,0,"new row for relation ""bank_churn"" violates check constraint ""valid_countries""
DETAIL:  Failing row contains (15743570, Feng, French, Female, 34, 5, 0, 2, t, t, 125253, 0).
"
15608541,Claiborne,FRA,Male,46.0,1,91857.66,1,No,No,101954.78,1,"new row for relation ""bank_churn"" violates check constraint ""valid_countries""
DETAIL:  Failing row contains (15608541, Claiborne, FRA, Male, 46, 1, 91858, 1, f, f, 101955, 1).
"
15757867,Bray,FRA,Female,30.0,10,176173.52,1,No,No,97045.32,1,"new row for relation ""bank_churn"" violates check constraint ""valid_countries""
DETAIL:  Failing row contains (15757867, Bray, FRA, Female, 30, 10, 176174, 1, f, f, 97045, 1).
"
15723818,Carpenter,French,Female,37.0,4,131834.76,2,No,No,8949.2,0,"new row for relation ""bank_churn"" violates check constraint ""valid_countries""
DETAIL:  Failing row contains (15723818, Carpenter, French, Female, 37, 4, 131835, 2, f, f, 8949, 0).
"
15713819,Walsh,FRA,Male,48.0,3,92347.96,1,Yes,Yes,163116.75,0,"new row for relation ""bank_churn"" violates check constraint ""valid_countries""
DETAIL:  Failing row contains (15713819, Walsh, FRA, Male, 48, 3, 92348, 1, t, t, 163117, 0).
"
15656484,Woods,French,Male,40.0,4,0.0,2,Yes,Yes,140745.91,0,"new row for relation ""bank_churn"" violates check constraint ""valid_countries""
DETAIL:  Failing row contains (15656484, Woods, French, Male, 40, 4, 0, 2, t, t, 140746, 0).
"
15778515,Wu,FRA,Male,40.0,3,95297.11,1,No,No,171515.84,0,"new row for relation ""bank_churn"" violates check constraint ""valid_countries""
DETAIL:  Failing row contains (15778515, Wu, FRA, Male, 40, 3, 95297, 1, f, f, 171516, 0).
"
15803840,Forbes,French,Female,32.0,9,0.0,2,No,No,150803.44,0,"new row for relation ""bank_churn"" violates check constraint ""valid_countries""
DETAIL:  Failing row contains (15803840, Forbes, French, Female, 32, 9, 0, 2, f, f, 150803, 0).
"
15735339,Lynch,French,Male,39.0,4,0.0,1,No,No,76884.05,0,"new row for relation ""bank_churn"" violates check constraint ""valid_countries""
DETAIL:  Failing row contains (15735339, Lynch, French, Male, 39, 4, 0, 1, f, f, 76884, 0).
"
15600392,Amaechi,French,Female,53.0,8,123845.36,2,Yes,Yes,170454.93,1,"new row for relation ""bank_churn"" violates check constraint ""valid_countries""
DETAIL:  Failing row contains (15600392, Amaechi, French, Female, 53, 8, 123845, 2, t, t, 170455, 1).
"
15663817,Y?an,French,Male,46.0,5,0.0,1,Yes,Yes,55701.62,0,"new row for relation ""bank_churn"" violates check constraint ""valid_countries""
DETAIL:  Failing row contains (15663817, Y?an, French, Male, 46, 5, 0, 1, t, t, 55702, 0).
"
15709920,Burke,FRA,Female,33.0,2,208165.53,1,No,No,50774.81,1,"new row for relation ""bank_churn"" violates check constraint ""valid_countries""
DETAIL:  Failing row contains (15709920, Burke, FRA, Female, 33, 2, 208166, 1, f, f, 50775, 1).
"
15643158,Chiganu,FRA,Female,40.0,9,0.0,1,No,No,68462.59,1,"new row for relation ""bank_churn"" violates check constraint ""valid_countries""
DETAIL:  Failing row contains (15643158, Chiganu, FRA, Female, 40, 9, 0, 1, f, f, 68463, 1).
"
15758510,Frolova,FRA,Male,26.0,6,0.0,2,No,No,152491.22,0,"new row for relation ""bank_churn"" violates check constraint ""valid_countries""
DETAIL:  Failing row contains (15758510, Frolova, FRA, Male, 26, 6, 0, 2, f, f, 152491, 0).
"
15705301,Parkes,FRA,Male,41.0,6,95696.52,2,Yes,Yes,184366.14,0,"new row for relation ""bank_churn"" violates check constraint ""valid_countries""
DETAIL:  Failing row contains (15705301, Parkes, FRA, Male, 41, 6, 95697, 2, t, t, 184366, 0).
"
15723856,Gonzalez,French,Female,29.0,3,88814.4,2,Yes,Yes,62487.97,0,"new row for relation ""bank_churn"" violates check constraint ""valid_countries""
DETAIL:  Failing row contains (15723856, Gonzalez, French, Female, 29, 3, 88814, 2, t, t, 62488, 0).
"
15712777,Kao,FRA,Male,38.0,4,124976.19,1,No,No,35848.12,0,"new row for relation ""bank_churn"" violates check constraint ""valid_countries""
DETAIL:  Failing row contains (15712777, Kao, FRA, Male, 38, 4, 124976, 1, f, f, 35848, 0).
"
15786469,Montalvo,French,Female,34.0,1,0.0,2,No,No,87278.48,0,"new row for relation ""bank_churn"" violates check constraint ""valid_countries""
DETAIL:  Failing row contains (15786469, Montalvo, French, Female, 34, 1, 0, 2, f, f, 87278, 0).
"
15793901,Capon,French,Female,27.0,2,0.0,2,No,No,125244.18,0,"new row for relation ""bank_churn"" violates check constraint ""valid_countries""
DETAIL:  Failing row contains (15793901, Capon, French, Female, 27, 2, 0, 2, f, f, 125244, 0).
"
15569759,Rawling,FRA,Female,27.0,4,0.0,3,No,No,163113.41,0,"new row for relation ""bank_churn"" violates check constraint ""valid_countries""
DETAIL:  Failing row contains (15569759, Rawling, FRA, Female, 27, 4, 0, 3, f, f, 163113, 0).
"
15586504,Trevisani,French,Male,40.0,9,0.0,2,No,No,40463.03,0,"new row for relation ""bank_churn"" violates check constraint ""valid_countries""
DETAIL:  Failing row contains (15586504, Trevisani, French, Male, 40, 9, 0, 2, f, f, 40463, 0).
"
15745623,Worsnop,FRA,Male,32.0,4,112079.58,1,No,No,89368.59,0,"new row for relation ""bank_churn"" violates check constraint ""valid_countries""
DETAIL:  Failing row contains (15745623, Worsnop, FRA, Male, 32, 4, 112080, 1, f, f, 89369, 0).
"
15713043,Siciliani,FRA,Female,33.0,6,0.0,2,Yes,Yes,100408.31,0,"new row for relation ""bank_churn"" violates check constraint ""valid_countries""
DETAIL:  Failing row contains (15713043, Siciliani, FRA, Female, 33, 6, 0, 2, t, t, 100408, 0).
"
15700749,Powell,FRA,Female,39.0,6,0.0,1,Yes,Yes,24677.54,0,"new row for relation ""bank_churn"" violates check constraint ""valid_countries""
DETAIL:  Failing row contains (15700749, Powell, FRA, Female, 39, 6, 0, 1, t, t, 24678, 0).
"
15697567,Bazarova,French,Male,33.0,4,0.0,2,Yes,Yes,39570.78,0,"new row for relation ""bank_churn"" violates check constraint ""valid_countries""
DETAIL:  Failing row contains (15697567, Bazarova, French, Male, 33, 4, 0, 2, t, t, 39571, 0).
"
15715414,White,FRA,Female,38.0,6,102895.1,1,No,No,155665.76,0,"new row for relation ""bank_churn"" violates check constraint ""valid_countries""
DETAIL:  Failing row contains (15715414, White, FRA, Female, 38, 6, 102895, 1, f, f, 155666, 0).
"
15725665,Lo,FRA,Male,47.0,10,198546.1,2,No,No,191198.92,1,"new row for relation ""bank_churn"" violates check constraint ""valid_countries""
DETAIL:  Failing row contains (15725665, Lo, FRA, Male, 47, 10, 198546, 2, f, f, 191199, 1).
"
15812184,Rose,FRA,Female,31.0,1,0.0,1,No,No,128954.05,0,"new row for relation ""bank_churn"" violates check constraint ""valid_countries""
DETAIL:  Failing row contains (15812184, Rose, FRA, Female, 31, 1, 0, 1, f, f, 128954, 0).
"
15757559,Broadhurst,FRA,Female,53.0,7,0.0,2,No,No,41371.68,1,"new row for relation ""bank_churn"" violates check constraint ""valid_countries""
DETAIL:  Failing row contains (15757559, Broadhurst, FRA, Female, 53, 7, 0, 2, f, f, 41372, 1).
"
15645744,Chukwudi,FRA,Female,30.0,5,0.0,2,Yes,Yes,157397.57,0,"new row for relation ""bank_churn"" violates check constraint ""valid_countries""
DETAIL:  Failing row contains (15645744, Chukwudi, FRA, Female, 30, 5, 0, 2, t, t, 157398, 0).
"
15749300,Teng,French,Female,47.0,2,139914.27,1,Yes,Yes,50390.98,0,"new row for relation ""bank_churn"" violates check constraint ""valid_countries""
DETAIL:  Failing row contains (15749300, Teng, French, Female, 47, 2, 139914, 1, t, t, 50391, 0).
"
15607065,Chinedum,FRA,Male,34.0,9,91835.16,1,No,No,138280.17,0,"new row for relation ""bank_churn"" violates check constraint ""valid_countries""
DETAIL:  Failing row contains (15607065, Chinedum, FRA, Male, 34, 9, 91835, 1, f, f, 138280, 0).
"
15791958,Mazzi,French,Female,41.0,6,0.0,2,Yes,Yes,169203.51,1,"new row for relation ""bank_churn"" violates check constraint ""valid_countries""
DETAIL:  Failing row contains (15791958, Mazzi, French, Female, 41, 6, 0, 2, t, t, 169204, 1).
"
15791030,Edwards,FRA,Female,33.0,0,64900.32,2,No,No,102426.12,0,"new row for relation ""bank_churn"" violates check constraint ""valid_countries""
DETAIL:  Failing row contains (15791030, Edwards, FRA, Female, 33, 0, 64900, 2, f, f, 102426, 0).
"
15658813,Siciliani,French,Female,55.0,7,0.0,2,Yes,Yes,18369.33,0,"new row for relation ""bank_churn"" violates check constraint ""valid_countries""
DETAIL:  Failing row contains (15658813, Siciliani, French, Female, 55, 7, 0, 2, t, t, 18369, 0).
"
15722533,Logue,French,Female,40.0,3,0.0,2,Yes,Yes,167636.15,0,"new row for relation ""bank_churn"" violates check constraint ""valid_countries""
DETAIL:  Failing row contains (15722533, Logue, French, Female, 40, 3, 0, 2, t, t, 167636, 0).
"
15683118,Rechner,French,Male,32.0,9,0.0,2,No,No,138889.15,0,"new row for relation ""bank_churn"" violates check constraint ""valid_countries""
DETAIL:  Failing row contains (15683118, Rechner, French, Male, 32, 9, 0, 2, f, f, 138889, 0).
"
15672798,O'Brien,FRA,Female,45.0,7,145933.27,1,Yes,Yes,199392.14,0,"new row for relation ""bank_churn"" violates check constraint ""valid_countries""
DETAIL:  Failing row contains (15672798, O'Brien, FRA, Female, 45, 7, 145933, 1, t, t, 199392, 0).
"
15590637,Ahmed,French,Male,41.0,7,0.0,2,Yes,Yes,61018.85,0,"new row for relation ""bank_churn"" violates check constraint ""valid_countries""
DETAIL:  Failing row contains (15590637, Ahmed, French, Male, 41, 7, 0, 2, t, t, 61019, 0).
"
15811947,Gordon,FRA,Male,33.0,0,124781.67,1,Yes,Yes,33700.52,0,"new row for relation ""bank_churn"" violates check constraint ""valid_countries""
DETAIL:  Failing row contains (15811947, Gordon, FRA, Male, 33, 0, 124782, 1, t, t, 33701, 0).
"
15649024,Trujillo,FRA,Female,39.0,9,132865.56,1,Yes,Yes,59636.43,1,"new row for relation ""bank_churn"" violates check constraint ""valid_countries""
DETAIL:  Failing row contains (15649024, Trujillo, FRA, Female, 39, 9, 132866, 1, t, t, 59636, 1).
"
15741719,DeRose,FRA,Female,40.0,3,165298.12,1,Yes,Yes,199862.75,0,"new row for relation ""bank_churn"" violates check constraint ""valid_countries""
DETAIL:  Failing row contains (15741719, DeRose, FRA, Female, 40, 3, 165298, 1, t, t, 199863, 0).
"
15728917,Gill,FRA,Male,48.0,6,120682.53,1,No,No,30635.52,1,"new row for relation ""bank_churn"" violates check constraint ""valid_countries""
DETAIL:  Failing row contains (15728917, Gill, FRA, Male, 48, 6, 120683, 1, f, f, 30636, 1).
"
15579714,Pan,French,Female,29.0,7,0.0,2,Yes,Yes,196651.72,0,"new row for relation ""bank_churn"" violates check constraint ""valid_countries""
DETAIL:  Failing row contains (15579714, Pan, French, Female, 29, 7, 0, 2, t, t, 196652, 0).
"
15691823,Obidimkpa,French,Male,37.0,5,153195.59,1,Yes,Yes,162763.01,0,"new row for relation ""bank_churn"" violates check constraint ""valid_countries""
DETAIL:  Failing row contains (15691823, Obidimkpa, French, Male, 37, 5, 153196, 1, t, t, 162763, 0).
"
15809279,Wallace,FRA,Male,45.0,8,96877.21,1,Yes,Yes,113950.51,0,"new row for relation ""bank_churn"" violates check constraint ""valid_countries""
DETAIL:  Failing row contains (15809279, Wallace, FRA, Male, 45, 8, 96877, 1, t, t, 113951, 0).
"
15807163,Ku,FRA,Female,38.0,10,0.0,1,No,No,52337.97,1,"new row for relation ""bank_churn"" violates check constraint ""valid_countries""
DETAIL:  Failing row contains (15807163, Ku, FRA, Female, 38, 10, 0, 1, f, f, 52338, 1).
"
15631639,Uspensky,French,Female,40.0,6,95452.89,1,Yes,Yes,179964.55,0,"new row for relation ""bank_churn"" violates check constraint ""valid_countries""
DETAIL:  Failing row contains (15631639, Uspensky, French, Female, 40, 6, 95453, 1, t, t, 179965, 0).
"
15640667,Yu,French,Female,41.0,4,0.0,2,No,No,126551.48,0,"new row for relation ""bank_churn"" violates check constraint ""valid_countries""
DETAIL:  Failing row contains (15640667, Yu, French, Female, 41, 4, 0, 2, f, f, 126551, 0).
"
15809227,Chukwudi,French,Male,35.0,2,0.0,2,Yes,Yes,56991.66,0,"new row for relation ""bank_churn"" violates check constraint ""valid_countries""
DETAIL:  Failing row contains (15809227, Chukwudi, French, Male, 35, 2, 0, 2, t, t, 56992, 0).
"
15601811,Caldwell,FRA,Female,53.0,10,110240.04,1,No,No,183980.56,1,"new row for relation ""bank_churn"" violates check constraint ""valid_countries""
DETAIL:  Failing row contains (15601811, Caldwell, FRA, Female, 53, 10, 110240, 1, f, f, 183981, 1).
"
15723737,Pitcher,FRA,Male,27.0,3,0.0,1,No,No,32454.26,0,"new row for relation ""bank_churn"" violates check constraint ""valid_countries""
DETAIL:  Failing row contains (15723737, Pitcher, FRA, Male, 27, 3, 0, 1, f, f, 32454, 0).
"
15682955,Capon,FRA,Female,32.0,2,84378.9,1,Yes,Yes,75396.43,0,"new row for relation ""bank_churn"" violates check constraint ""valid_countries""
DETAIL:  Failing row contains (15682955, Capon, FRA, Female, 32, 2, 84379, 1, t, t, 75396, 0).
"
15758856,Kable,FRA,Male,45.0,7,0.0,2,No,No,167756.45,0,"new row for relation ""bank_churn"" violates check constraint ""valid_countries""
DETAIL:  Failing row contains (15758856, Kable, FRA, Male, 45, 7, 0, 2, f, f, 167756, 0).
"
15783865,Kulikova,FRA,Male,59.0,5,119380.37,1,Yes,Yes,60429.43,0,"new row for relation ""bank_churn"" violates check constraint ""valid_countries""
DETAIL:  Failing row contains (15783865, Kulikova, FRA, Male, 59, 5, 119380, 1, t, t, 60429, 0).
"
15583033,Huguley,French,Female,20.0,4,0.0,2,Yes,Yes,78310.82,0,"new row for relation ""bank_churn"" violates check constraint ""valid_countries""
DETAIL:  Failing row contains (15583033, Huguley, French, Female, 20, 4, 0, 2, t, t, 78311, 0).
"
15735688,Horsley,French,Female,31.0,6,106596.29,1,No,No,91305.77,0,"new row for relation ""bank_churn"" violates check constraint ""valid_countries""
DETAIL:  Failing row contains (15735688, Horsley, French, Female, 31, 6, 106596, 1, f, f, 91306, 0).
"
15606887,Singh,FRA,Female,30.0,5,0.0,1,No,No,193880.6,1,"new row for relation ""bank_churn"" violates check constraint ""valid_countries""
DETAIL:  Failing row contains (15606887, Singh, FRA, Female, 30, 5, 0, 1, f, f, 193881, 1).
"
15783026,H?,FRA,Female,41.0,2,0.0,1,No,No,47856.78,0,"new row for relation ""bank_churn"" violates check constraint ""valid_countries""
DETAIL:  Failing row contains (15783026, H?, FRA, Female, 41, 2, 0, 1, f, f, 47857, 0).
"
15636395,King,FRA,Female,31.0,5,0.0,2,No,No,26817.23,0,"new row for relation ""bank_churn"" violates check constraint ""valid_countries""
DETAIL:  Failing row contains (15636395, King, FRA, Female, 31, 5, 0, 2, f, f, 26817, 0).
"
15712772,Onwubiko,FRA,Male,28.0,3,75381.15,1,Yes,Yes,199727.72,0,"new row for relation ""bank_churn"" violates check constraint ""valid_countries""
DETAIL:  Failing row contains (15712772, Onwubiko, FRA, Male, 28, 3, 75381, 1, t, t, 199728, 0).
"
15654183,Aitken,French,Female,26.0,3,0.0,2,No,No,67484.16,0,"new row for relation ""bank_churn"" violates check constraint ""valid_countries""
DETAIL:  Failing row contains (15654183, Aitken, French, Female, 26, 3, 0, 2, f, f, 67484, 0).
"
15782404,Hughes,French,Female,34.0,2,96019.5,1,No,No,9085.0,0,"new row for relation ""bank_churn"" violates check constraint ""valid_countries""
DETAIL:  Failing row contains (15782404, Hughes, French, Female, 34, 2, 96020, 1, f, f, 9085, 0).
"
15697480,Menkens,French,Male,30.0,7,0.0,2,Yes,Yes,143086.09,0,"new row for relation ""bank_churn"" violates check constraint ""valid_countries""
DETAIL:  Failing row contains (15697480, Menkens, French, Male, 30, 7, 0, 2, t, t, 143086, 0).
"
15781234,Y?an,FRA,Female,35.0,2,147900.43,1,No,No,140000.29,0,"new row for relation ""bank_churn"" violates check constraint ""valid_countries""
DETAIL:  Failing row contains (15781234, Y?an, FRA, Female, 35, 2, 147900, 1, f, f, 140000, 0).
"
15579891,Milani,FRA,Male,52.0,4,100755.66,1,Yes,Yes,186775.25,0,"new row for relation ""bank_churn"" violates check constraint ""valid_countries""
DETAIL:  Failing row contains (15579891, Milani, FRA, Male, 52, 4, 100756, 1, t, t, 186775, 0).
"
15764021,Frolov,FRA,Male,34.0,1,61687.33,2,No,No,105965.25,0,"new row for relation ""bank_churn"" violates check constraint ""valid_countries""
DETAIL:  Failing row contains (15764021, Frolov, FRA, Male, 34, 1, 61687, 2, f, f, 105965, 0).
"
15749472,Lucciano,French,Male,45.0,8,0.0,1,No,No,130376.68,0,"new row for relation ""bank_churn"" violates check constraint ""valid_countries""
DETAIL:  Failing row contains (15749472, Lucciano, French, Male, 45, 8, 0, 1, f, f, 130377, 0).
"
15685872,Godfrey,FRA,Female,29.0,1,146652.01,1,Yes,Yes,173486.39,0,"new row for relation ""bank_churn"" violates check constraint ""valid_countries""
DETAIL:  Failing row contains (15685872, Godfrey, FRA, Female, 29, 1, 146652, 1, t, t, 173486, 0).
"
15734588,Manning,FRA,Male,46.0,0,0.0,2,Yes,Yes,36376.97,0,"new row for relation ""bank_churn"" violates check constraint ""valid_countries""
DETAIL:  Failing row contains (15734588, Manning, FRA, Male, 46, 0, 0, 2, t, t, 36377, 0).
"
15773013,Uvarov,French,Female,47.0,0,0.0,1,Yes,Yes,6342.84,1,"new row for relation ""bank_churn"" violates check constraint ""valid_countries""
DETAIL:  Failing row contains (15773013, Uvarov, French, Female, 47, 0, 0, 1, t, t, 6343, 1).
"
15738627,Hussain,French,Male,25.0,6,0.0,2,Yes,Yes,21215.67,0,"new row for relation ""bank_churn"" violates check constraint ""valid_countries""
DETAIL:  Failing row contains (15738627, Hussain, French, Male, 25, 6, 0, 2, t, t, 21216, 0).
"
15643392,Woods,FRA,Male,31.0,4,105239.1,1,Yes,Yes,19700.24,0,"new row for relation ""bank_churn"" violates check constraint ""valid_countries""
DETAIL:  Failing row contains (15643392, Woods, FRA, Male, 31, 4, 105239, 1, t, t, 19700, 0).
"
15680399,Tung,French,Male,23.0,2,0.0,2,No,No,18364.19,0,"new row for relation ""bank_churn"" violates check constraint ""valid_countries""
DETAIL:  Failing row contains (15680399, Tung, French, Male, 23, 2, 0, 2, f, f, 18364, 0).
"
15580249,Lori,FRA,Male,45.0,0,0.0,1,No,No,84663.21,0,"new row for relation ""bank_churn"" violates check constraint ""valid_countries""
DETAIL:  Failing row contains (15580249, Lori, FRA, Male, 45, 0, 0, 1, f, f, 84663, 0).
"
15675431,Chidimma,FRA,Female,34.0,6,0.0,2,No,No,36536.93,0,"new row for relation ""bank_churn"" violates check constraint ""valid_countries""
DETAIL:  Failing row contains (15675431, Chidimma, FRA, Female, 34, 6, 0, 2, f, f, 36537, 0).
"
15698285,Ting,FRA,Female,41.0,4,101457.14,1,Yes,Yes,79101.67,0,"new row for relation ""bank_churn"" violates check constraint ""valid_countries""
DETAIL:  Failing row contains (15698285, Ting, FRA, Female, 41, 4, 101457, 1, t, t, 79102, 0).
"
15803908,Fu,FRA,Male,45.0,9,0.0,2,Yes,Yes,96862.56,0,"new row for relation ""bank_churn"" violates check constraint ""valid_countries""
DETAIL:  Failing row contains (15803908, Fu, FRA, Male, 45, 9, 0, 2, t, t, 96863, 0).
"
15781451,Buccho,French,Male,42.0,3,134936.97,2,No,No,135178.91,0,"new row for relation ""bank_churn"" violates check constraint ""valid_countries""
DETAIL:  Failing row contains (15781451, Buccho, French, Male, 42, 3, 134937, 2, f, f, 135179, 0).
"
15721019,Jones,FRA,Female,24.0,3,110495.27,1,No,No,158615.41,0,"new row for relation ""bank_churn"" violates check constraint ""valid_countries""
DETAIL:  Failing row contains (15721019, Jones, FRA, Female, 24, 3, 110495, 1, f, f, 158615, 0).
"
15730657,Ibekwe,French,Female,41.0,4,82596.8,1,Yes,Yes,55672.09,0,"new row for relation ""bank_churn"" violates check constraint ""valid_countries""
DETAIL:  Failing row contains (15730657, Ibekwe, French, Female, 41, 4, 82597, 1, t, t, 55672, 0).
"
15730759,Chukwudi,French,Female,27.0,9,135637.0,1,No,No,153080.4,1,"new row for relation ""bank_churn"" violates check constraint ""valid_countries""
DETAIL:  Failing row contains (15730759, Chukwudi, French, Female, 27, 9, 135637, 1, f, f, 153080, 1).
"
15752912,Perkin,French,Female,30.0,7,0.0,2,No,No,72196.57,0,"new row for relation ""bank_churn"" violates check constraint ""valid_countries""
DETAIL:  Failing row contains (15752912, Perkin, French, Female, 30, 7, 0, 2, f, f, 72197, 0).
"
15711316,Ch'ang,FRA,Male,27.0,2,0.0,2,Yes,Yes,199527.34,0,"new row for relation ""bank_churn"" violates check constraint ""valid_countries""
DETAIL:  Failing row contains (15711316, Ch'ang, FRA, Male, 27, 2, 0, 2, t, t, 199527, 0).
"
15738785,Kang,FRA,Male,26.0,7,0.0,2,Yes,Yes,156598.23,0,"new row for relation ""bank_churn"" violates check constraint ""valid_countries""
DETAIL:  Failing row contains (15738785, Kang, FRA, Male, 26, 7, 0, 2, t, t, 156598, 0).
"
15575623,Simpson,French,Female,31.0,10,110635.32,1,No,No,148218.86,0,"new row for relation ""bank_churn"" violates check constraint ""valid_countries""
DETAIL:  Failing row contains (15575623, Simpson, French, Female, 31, 10, 110635, 1, f, f, 148219, 0).
"
15720463,Ho,French,Male,30.0,2,137262.71,2,No,No,62905.29,0,"new row for relation ""bank_churn"" violates check constraint ""valid_countries""
DETAIL:  Failing row contains (15720463, Ho, French, Male, 30, 2, 137263, 2, f, f, 62905, 0).
"
15571144,Ives,French,Male,28.0,10,0.0,2,Yes,Yes,126565.21,0,"new row for relation ""bank_churn"" violates check constraint ""valid_countries""
DETAIL:  Failing row contains (15571144, Ives, French, Male, 28, 10, 0, 2, t, t, 126565, 0).
"
15761076,Lei,FRA,Male,41.0,3,58820.32,2,Yes,Yes,138536.09,0,"new row for relation ""bank_churn"" violates check constraint ""valid_countries""
DETAIL:  Failing row contains (15761076, Lei, FRA, Male, 41, 3, 58820, 2, t, t, 138536, 0).
"
15577402,Grant,FRA,Male,31.0,9,0.0,2,Yes,Yes,20492.16,0,"new row for relation ""bank_churn"" violates check constraint ""valid_countries""
DETAIL:  Failing row contains (15577402, Grant, FRA, Male, 31, 9, 0, 2, t, t, 20492, 0).
"
15611644,Onyemauchechukwu,FRA,Male,73.0,0,146329.73,1,Yes,Yes,43615.67,0,"new row for relation ""bank_churn"" violates check constraint ""valid_countries""
DETAIL:  Failing row contains (15611644, Onyemauchechukwu, FRA, Male, 73, 0, 146330, 1, t, t, 43616, 0).
"
15656100,Candler,French,Female,49.0,5,167962.7,1,No,No,140201.21,0,"new row for relation ""bank_churn"" violates check constraint ""valid_countries""
DETAIL:  Failing row contains (15656100, Candler, French, Female, 49, 5, 167963, 1, f, f, 140201, 0).
"
15636423,Lei,FRA,Male,40.0,7,0.0,1,Yes,Yes,141359.11,0,"new row for relation ""bank_churn"" violates check constraint ""valid_countries""
DETAIL:  Failing row contains (15636423, Lei, FRA, Male, 40, 7, 0, 1, t, t, 141359, 0).
"
15577313,Lionel,French,Male,44.0,3,116967.68,1,No,No,5075.17,1,"new row for relation ""bank_churn"" violates check constraint ""valid_countries""
DETAIL:  Failing row contains (15577313, Lionel, French, Male, 44, 3, 116968, 1, f, f, 5075, 1).
"
15790935,Johnson,French,Female,29.0,5,0.0,2,Yes,Yes,52709.55,0,"new row for relation ""bank_churn"" violates check constraint ""valid_countries""
DETAIL:  Failing row contains (15790935, Johnson, French, Female, 29, 5, 0, 2, t, t, 52710, 0).
"
15708693,Sherman,FRA,Female,33.0,2,0.0,2,No,No,56583.88,0,"new row for relation ""bank_churn"" violates check constraint ""valid_countries""
DETAIL:  Failing row contains (15708693, Sherman, FRA, Female, 33, 2, 0, 2, f, f, 56584, 0).
"
15672016,Sabbatini,French,Male,35.0,1,0.0,2,Yes,Yes,3385.04,0,"new row for relation ""bank_churn"" violates check constraint ""valid_countries""
DETAIL:  Failing row contains (15672016, Sabbatini, French, Male, 35, 1, 0, 2, t, t, 3385, 0).
"
15691874,Kazakova,FRA,Female,34.0,9,125474.44,1,No,No,198929.84,0,"new row for relation ""bank_churn"" violates check constraint ""valid_countries""
DETAIL:  Failing row contains (15691874, Kazakova, FRA, Female, 34, 9, 125474, 1, f, f, 198930, 0).
"
15720371,McLean,French,Female,51.0,3,0.0,1,No,No,173989.47,1,"new row for relation ""bank_churn"" violates check constraint ""valid_countries""
DETAIL:  Failing row contains (15720371, McLean, French, Female, 51, 3, 0, 1, f, f, 173989, 1).
"
15806407,Wilson,French,Female,37.0,4,0.0,2,No,No,143393.24,0,"new row for relation ""bank_churn"" violates check constraint ""valid_countries""
DETAIL:  Failing row contains (15806407, Wilson, French, Female, 37, 4, 0, 2, f, f, 143393, 0).
"
15809302,Wright,French,Male,24.0,1,0.0,2,Yes,Yes,151460.84,0,"new row for relation ""bank_churn"" violates check constraint ""valid_countries""
DETAIL:  Failing row contains (15809302, Wright, French, Male, 24, 1, 0, 2, t, t, 151461, 0).
"
15677550,Folliero,French,Female,38.0,1,0.0,2,No,No,20734.81,0,"new row for relation ""bank_churn"" violates check constraint ""valid_countries""
DETAIL:  Failing row contains (15677550, Folliero, French, Female, 38, 1, 0, 2, f, f, 20735, 0).
"
15735080,Cummins,French,Female,64.0,2,0.0,1,Yes,Yes,6076.62,0,"new row for relation ""bank_churn"" violates check constraint ""valid_countries""
DETAIL:  Failing row contains (15735080, Cummins, French, Female, 64, 2, 0, 1, t, t, 6077, 0).
"
15619537,Lavrentiev,FRA,Male,31.0,5,142200.19,2,Yes,Yes,122221.71,0,"new row for relation ""bank_churn"" violates check constraint ""valid_countries""
DETAIL:  Failing row contains (15619537, Lavrentiev, FRA, Male, 31, 5, 142200, 2, t, t, 122222, 0).
"
15626457,Zetticci,FRA,Male,31.0,0,116234.61,1,No,No,172096.08,0,"new row for relation ""bank_churn"" violates check constraint ""valid_countries""
DETAIL:  Failing row contains (15626457, Zetticci, FRA, Male, 31, 0, 116235, 1, f, f, 172096, 0).
"
15706128,Zhdanov,FRA,Female,21.0,1,0.0,2,No,No,84008.66,0,"new row for relation ""bank_churn"" violates check constraint ""valid_countries""
DETAIL:  Failing row contains (15706128, Zhdanov, FRA, Female, 21, 1, 0, 2, f, f, 84009, 0).
"
15666430,Peck,French,Male,38.0,8,0.0,2,No,No,91763.67,0,"new row for relation ""bank_churn"" violates check constraint ""valid_countries""
DETAIL:  Failing row contains (15666430, Peck, French, Male, 38, 8, 0, 2, f, f, 91764, 0).
"
15785290,Hao,FRA,Male,29.0,9,0.0,1,No,No,8342.35,0,"new row for relation ""bank_churn"" violates check constraint ""valid_countries""
DETAIL:  Failing row contains (15785290, Hao, FRA, Male, 29, 9, 0, 1, f, f, 8342, 0).
"
15611157,McElhone,French,Female,32.0,2,87814.89,1,No,No,138578.37,0,"new row for relation ""bank_churn"" violates check constraint ""valid_countries""
DETAIL:  Failing row contains (15611157, McElhone, French, Female, 32, 2, 87815, 1, f, f, 138578, 0).
"
15797194,T'ao,French,Male,39.0,10,129674.89,2,No,No,80552.36,0,"new row for relation ""bank_churn"" violates check constraint ""valid_countries""
DETAIL:  Failing row contains (15797194, T'ao, French, Male, 39, 10, 129675, 2, f, f, 80552, 0).
"
15723786,Morris,French,Female,37.0,9,0.0,2,No,No,16733.59,0,"new row for relation ""bank_churn"" violates check constraint ""valid_countries""
DETAIL:  Failing row contains (15723786, Morris, French, Female, 37, 9, 0, 2, f, f, 16734, 0).
"
15642726,Holmes,French,Male,53.0,3,83568.26,1,No,No,1235.49,0,"new row for relation ""bank_churn"" violates check constraint ""valid_countries""
DETAIL:  Failing row contains (15642726, Holmes, French, Male, 53, 3, 83568, 1, f, f, 1235, 0).
"
15703037,Edwards,French,Male,37.0,5,0.0,1,Yes,Yes,178705.45,1,"new row for relation ""bank_churn"" violates check constraint ""valid_countries""
DETAIL:  Failing row contains (15703037, Edwards, French, Male, 37, 5, 0, 1, t, t, 178705, 1).
"
15747000,Shih,FRA,Male,27.0,3,0.0,2,Yes,Yes,19645.65,0,"new row for relation ""bank_churn"" violates check constraint ""valid_countries""
DETAIL:  Failing row contains (15747000, Shih, FRA, Male, 27, 3, 0, 2, t, t, 19646, 0).
"
15794273,Hand,FRA,Female,56.0,0,62732.65,1,Yes,Yes,124954.56,0,"new row for relation ""bank_churn"" violates check constraint ""valid_countries""
DETAIL:  Failing row contains (15794273, Hand, FRA, Female, 56, 0, 62733, 1, t, t, 124955, 0).
"
15616221,Wilson,FRA,Female,29.0,4,85646.81,1,No,No,63233.02,1,"new row for relation ""bank_churn"" violates check constraint ""valid_countries""
DETAIL:  Failing row contains (15616221, Wilson, FRA, Female, 29, 4, 85647, 1, f, f, 63233, 1).
"
15665811,Parry,FRA,Male,33.0,9,141234.98,1,No,No,95673.05,0,"new row for relation ""bank_churn"" violates check constraint ""valid_countries""
DETAIL:  Failing row contains (15665811, Parry, FRA, Male, 33, 9, 141235, 1, f, f, 95673, 0).
"
15714062,Millar,French,Female,40.0,9,77641.99,1,No,No,189051.59,1,"new row for relation ""bank_churn"" violates check constraint ""valid_countries""
DETAIL:  Failing row contains (15714062, Millar, French, Female, 40, 9, 77642, 1, f, f, 189052, 1).
"
15726634,Wei,French,Male,47.0,1,0.0,1,No,No,95270.83,0,"new row for relation ""bank_churn"" violates check constraint ""valid_countries""
DETAIL:  Failing row contains (15726634, Wei, French, Male, 47, 1, 0, 1, f, f, 95271, 0).
"
15716926,Macleod,FRA,Male,33.0,10,101952.97,2,No,No,178153.65,0,"new row for relation ""bank_churn"" violates check constraint ""valid_countries""
DETAIL:  Failing row contains (15716926, Macleod, FRA, Male, 33, 10, 101953, 2, f, f, 178154, 0).
"
15603554,Berkeley,FRA,Female,45.0,0,164649.52,3,No,No,49915.52,1,"new row for relation ""bank_churn"" violates check constraint ""valid_countries""
DETAIL:  Failing row contains (15603554, Berkeley, FRA, Female, 45, 0, 164650, 3, f, f, 49916, 1).
"
15716800,Kaur,French,Male,31.0,2,0.0,2,Yes,Yes,33747.03,0,"new row for relation ""bank_churn"" violates check constraint ""valid_countries""
DETAIL:  Failing row contains (15716800, Kaur, French, Male, 31, 2, 0, 2, t, t, 33747, 0).
"
15616954,Smith,FRA,Male,71.0,4,0.0,2,Yes,Yes,17013.54,0,"new row for relation ""bank_churn"" violates check constraint ""valid_countries""
DETAIL:  Failing row contains (15616954, Smith, FRA, Male, 71, 4, 0, 2, t, t, 17014, 0).
"
15682914,Bolton,French,Male,34.0,2,72079.71,1,Yes,Yes,115767.93,0,"new row for relation ""bank_churn"" violates check constraint ""valid_countries""
DETAIL:  Failing row contains (15682914, Bolton, French, Male, 34, 2, 72080, 1, t, t, 115768, 0).
"
15654274,Corrie,FRA,Male,37.0,6,0.0,2,No,No,141998.89,0,"new row for relation ""bank_churn"" violates check constraint ""valid_countries""
DETAIL:  Failing row contains (15654274, Corrie, FRA, Male, 37, 6, 0, 2, f, f, 141999, 0).
"
15778897,Cartwright,FRA,Female,28.0,1,0.0,2,Yes,Yes,133267.78,0,"new row for relation ""bank_churn"" violates check constraint ""valid_countries""
DETAIL:  Failing row contains (15778897, Cartwright, FRA, Female, 28, 1, 0, 2, t, t, 133268, 0).
"
15589437,Lu,French,Male,26.0,3,156815.71,1,Yes,Yes,137476.09,0,"new row for relation ""bank_churn"" violates check constraint ""valid_countries""
DETAIL:  Failing row contains (15589437, Lu, French, Male, 26, 3, 156816, 1, t, t, 137476, 0).
"
15682369,Pisano,French,Male,47.0,6,146034.74,1,Yes,Yes,77146.14,0,"new row for relation ""bank_churn"" violates check constraint ""valid_countries""
DETAIL:  Failing row contains (15682369, Pisano, French, Male, 47, 6, 146035, 1, t, t, 77146, 0).
"
15626507,Chukwubuikem,French,Male,27.0,1,152283.39,1,No,No,183271.15,0,"new row for relation ""bank_churn"" violates check constraint ""valid_countries""
DETAIL:  Failing row contains (15626507, Chukwubuikem, French, Male, 27, 1, 152283, 1, f, f, 183271, 0).
"
15803633,T'ien,FRA,Female,46.0,1,0.0,2,No,No,82106.19,0,"new row for relation ""bank_churn"" violates check constraint ""valid_countries""
DETAIL:  Failing row contains (15803633, T'ien, FRA, Female, 46, 1, 0, 2, f, f, 82106, 0).
"
15672185,Liu,French,Male,47.0,3,0.0,2,No,No,171774.5,0,"new row for relation ""bank_churn"" violates check constraint ""valid_countries""
DETAIL:  Failing row contains (15672185, Liu, French, Male, 47, 3, 0, 2, f, f, 171775, 0).
"
15614520,Smith,FRA,Female,37.0,8,148580.12,1,No,No,35179.18,0,"new row for relation ""bank_churn"" violates check constraint ""valid_countries""
DETAIL:  Failing row contains (15614520, Smith, FRA, Female, 37, 8, 148580, 1, f, f, 35179, 0).
"
15611186,Yevdokimova,French,Male,37.0,1,39344.83,1,Yes,Yes,178291.89,1,"new row for relation ""bank_churn"" violates check constraint ""valid_countries""
DETAIL:  Failing row contains (15611186, Yevdokimova, French, Male, 37, 1, 39345, 1, t, t, 178292, 1).
"
15726046,Johnston,FRA,Female,27.0,2,133009.51,1,No,No,126809.15,0,"new row for relation ""bank_churn"" violates check constraint ""valid_countries""
DETAIL:  Failing row contains (15726046, Johnston, FRA, Female, 27, 2, 133010, 1, f, f, 126809, 0).
"
15582154,Crawford,FRA,Female,45.0,5,47884.92,1,Yes,Yes,54340.24,0,"new row for relation ""bank_churn"" violates check constraint ""valid_countries""
DETAIL:  Failing row contains (15582154, Crawford, FRA, Female, 45, 5, 47885, 1, t, t, 54340, 0).
"
15620756,Stokes,FRA,Male,49.0,6,202904.64,1,Yes,Yes,17298.72,1,"new row for relation ""bank_churn"" violates check constraint ""valid_countries""
DETAIL:  Failing row contains (15620756, Stokes, FRA, Male, 49, 6, 202905, 1, t, t, 17299, 1).
"
15656921,Locke,French,Male,31.0,4,0.0,2,No,No,152298.28,0,"new row for relation ""bank_churn"" violates check constraint ""valid_countries""
DETAIL:  Failing row contains (15656921, Locke, French, Male, 31, 4, 0, 2, f, f, 152298, 0).
"
15591135,Forster,French,Male,37.0,2,132057.92,2,No,No,34743.98,0,"new row for relation ""bank_churn"" violates check constraint ""valid_countries""
DETAIL:  Failing row contains (15591135, Forster, French, Male, 37, 2, 132058, 2, f, f, 34744, 0).
"
15623219,Smith,French,Male,33.0,8,0.0,1,No,No,121189.3,1,"new row for relation ""bank_churn"" violates check constraint ""valid_countries""
DETAIL:  Failing row contains (15623219, Smith, French, Male, 33, 8, 0, 1, f, f, 121189, 1).
"
15805884,Archer,FRA,Female,41.0,9,0.0,2,No,No,145477.36,0,"new row for relation ""bank_churn"" violates check constraint ""valid_countries""
DETAIL:  Failing row contains (15805884, Archer, FRA, Female, 41, 9, 0, 2, f, f, 145477, 0).
"
15568562,Moss,FRA,Male,40.0,8,160272.27,1,No,No,49656.24,0,"new row for relation ""bank_churn"" violates check constraint ""valid_countries""
DETAIL:  Failing row contains (15568562, Moss, FRA, Male, 40, 8, 160272, 1, f, f, 49656, 0).
"
15713673,T'ien,French,Female,33.0,1,137853.0,1,Yes,Yes,90273.85,0,"new row for relation ""bank_churn"" violates check constraint ""valid_countries""
DETAIL:  Failing row contains (15713673, T'ien, French, Female, 33, 1, 137853, 1, t, t, 90274, 0).
"
15783083,Shubin,FRA,Male,27.0,9,0.0,2,No,No,161344.13,0,"new row for relation ""bank_churn"" violates check constraint ""valid_countries""
DETAIL:  Failing row contains (15783083, Shubin, FRA, Male, 27, 9, 0, 2, f, f, 161344, 0).
"
15755241,Rahman,FRA,Female,52.0,2,0.0,1,Yes,Yes,144045.08,1,"new row for relation ""bank_churn"" violates check constraint ""valid_countries""
DETAIL:  Failing row contains (15755241, Rahman, FRA, Female, 52, 2, 0, 1, t, t, 144045, 1).
"
15668235,Cooke,FRA,Female,41.0,3,123475.04,1,Yes,Yes,179227.52,0,"new row for relation ""bank_churn"" violates check constraint ""valid_countries""
DETAIL:  Failing row contains (15668235, Cooke, FRA, Female, 41, 3, 123475, 1, t, t, 179228, 0).
"
15653455,Smith,FRA,Female,38.0,2,0.0,2,Yes,Yes,9551.49,0,"new row for relation ""bank_churn"" violates check constraint ""valid_countries""
DETAIL:  Failing row contains (15653455, Smith, FRA, Female, 38, 2, 0, 2, t, t, 9551, 0).
"
15785342,Shipp,FRA,Male,25.0,9,0.0,2,Yes,Yes,112331.19,0,"new row for relation ""bank_churn"" violates check constraint ""valid_countries""
DETAIL:  Failing row contains (15785342, Shipp, FRA, Male, 25, 9, 0, 2, t, t, 112331, 0).
"
15798429,Hernandez,French,Male,29.0,8,0.0,2,Yes,Yes,115994.52,0,"new row for relation ""bank_churn"" violates check constraint ""valid_countries""
DETAIL:  Failing row contains (15798429, Hernandez, French, Male, 29, 8, 0, 2, t, t, 115995, 0).
"
15790810,Han,French,Female,41.0,10,76319.64,1,Yes,Yes,141175.18,1,"new row for relation ""bank_churn"" violates check constraint ""valid_countries""
DETAIL:  Failing row contains (15790810, Han, French, Female, 41, 10, 76320, 1, t, t, 141175, 1).
"
15765643,Hamilton,FRA,Male,37.0,6,124348.38,2,Yes,Yes,176984.34,0,"new row for relation ""bank_churn"" violates check constraint ""valid_countries""
DETAIL:  Failing row contains (15765643, Hamilton, FRA, Male, 37, 6, 124348, 2, t, t, 176984, 0).
"
15654878,Yobanna,FRA,Male,29.0,7,117199.8,1,Yes,Yes,43480.63,0,"new row for relation ""bank_churn"" violates check constraint ""valid_countries""
DETAIL:  Failing row contains (15654878, Yobanna, FRA, Male, 29, 7, 117200, 1, t, t, 43481, 0).
"
15689096,Beneventi,FRA,Male,47.0,0,117879.32,1,Yes,Yes,8214.46,0,"new row for relation ""bank_churn"" violates check constraint ""valid_countries""
DETAIL:  Failing row contains (15689096, Beneventi, FRA, Male, 47, 0, 117879, 1, t, t, 8214, 0).
"
15684294,Chidumaga,French,Male,50.0,2,0.0,2,Yes,Yes,147075.69,0,"new row for relation ""bank_churn"" violates check constraint ""valid_countries""
DETAIL:  Failing row contains (15684294, Chidumaga, French, Male, 50, 2, 0, 2, t, t, 147076, 0).
"
15615828,Mitchell,FRA,Male,34.0,8,122359.5,1,No,No,116495.55,0,"new row for relation ""bank_churn"" violates check constraint ""valid_countries""
DETAIL:  Failing row contains (15615828, Mitchell, FRA, Male, 34, 8, 122360, 1, f, f, 116496, 0).
"
15788494,Alekseeva,French,Male,31.0,8,145875.74,1,No,No,137491.23,0,"new row for relation ""bank_churn"" violates check constraint ""valid_countries""
DETAIL:  Failing row contains (15788494, Alekseeva, French, Male, 31, 8, 145876, 1, f, f, 137491, 0).
"
15793046,Holden,French,Female,35.0,4,90413.12,1,Yes,Yes,20555.21,0,"new row for relation ""bank_churn"" violates check constraint ""valid_countries""
DETAIL:  Failing row contains (15793046, Holden, French, Female, 35, 4, 90413, 1, t, t, 20555, 0).
"
15740428,Wyatt,French,Female,35.0,1,0.0,2,No,No,92131.54,0,"new row for relation ""bank_churn"" violates check constraint ""valid_countries""
DETAIL:  Failing row contains (15740428, Wyatt, French, Female, 35, 1, 0, 2, f, f, 92132, 0).
"
15700325,Onyeoruru,FRA,Female,24.0,8,92760.55,1,No,No,35896.75,0,"new row for relation ""bank_churn"" violates check constraint ""valid_countries""
DETAIL:  Failing row contains (15700325, Onyeoruru, FRA, Female, 24, 8, 92761, 1, f, f, 35897, 0).
"
15704340,Fu,French,Female,37.0,10,104255.03,1,No,No,86609.37,0,"new row for relation ""bank_churn"" violates check constraint ""valid_countries""
DETAIL:  Failing row contains (15704340, Fu, French, Female, 37, 10, 104255, 1, f, f, 86609, 0).
"
15699507,Messersmith,French,Female,25.0,7,0.0,2,Yes,Yes,82393.08,0,"new row for relation ""bank_churn"" violates check constraint ""valid_countries""
DETAIL:  Failing row contains (15699507, Messersmith, French, Female, 25, 7, 0, 2, t, t, 82393, 0).
"
15646632,Reid,French,Male,38.0,9,0.0,2,No,No,14379.01,0,"new row for relation ""bank_churn"" violates check constraint ""valid_countries""
DETAIL:  Failing row contains (15646632, Reid, French, Male, 38, 9, 0, 2, f, f, 14379, 0).
"
15776743,Eberegbulam,French,Male,43.0,9,0.0,2,Yes,Yes,78488.39,0,"new row for relation ""bank_churn"" violates check constraint ""valid_countries""
DETAIL:  Failing row contains (15776743, Eberegbulam, French, Male, 43, 9, 0, 2, t, t, 78488, 0).
"
15674637,Pagnotto,FRA,Female,68.0,3,107571.61,1,Yes,Yes,113695.99,0,"new row for relation ""bank_churn"" violates check constraint ""valid_countries""
DETAIL:  Failing row contains (15674637, Pagnotto, FRA, Female, 68, 3, 107572, 1, t, t, 113696, 0).
"
15730418,Lucchesi,FRA,Female,32.0,2,0.0,2,No,No,54628.11,0,"new row for relation ""bank_churn"" violates check constraint ""valid_countries""
DETAIL:  Failing row contains (15730418, Lucchesi, FRA, Female, 32, 2, 0, 2, f, f, 54628, 0).
"
15568742,Parkes,FRA,Female,41.0,9,0.0,1,No,No,121299.14,0,"new row for relation ""bank_churn"" violates check constraint ""valid_countries""
DETAIL:  Failing row contains (15568742, Parkes, FRA, Female, 41, 9, 0, 1, f, f, 121299, 0).
"
15714260,Castiglione,FRA,Female,38.0,2,0.0,2,No,No,178752.73,0,"new row for relation ""bank_churn"" violates check constraint ""valid_countries""
DETAIL:  Failing row contains (15714260, Castiglione, FRA, Female, 38, 2, 0, 2, f, f, 178753, 0).
"
15798200,Manna,French,Male,35.0,2,0.0,3,Yes,Yes,94148.3,0,"new row for relation ""bank_churn"" violates check constraint ""valid_countries""
DETAIL:  Failing row contains (15798200, Manna, French, Male, 35, 2, 0, 3, t, t, 94148, 0).
"
15638269,Baresi,French,Male,67.0,2,0.0,2,Yes,Yes,108645.85,0,"new row for relation ""bank_churn"" violates check constraint ""valid_countries""
DETAIL:  Failing row contains (15638269, Baresi, French, Male, 67, 2, 0, 2, t, t, 108646, 0).
"
15640686,Greco,French,Male,46.0,5,95872.86,1,No,No,98273.01,1,"new row for relation ""bank_churn"" violates check constraint ""valid_countries""
DETAIL:  Failing row contains (15640686, Greco, French, Male, 46, 5, 95873, 1, f, f, 98273, 1).
"
15588904,Balashova,French,Male,33.0,9,0.0,1,No,No,113505.93,1,"new row for relation ""bank_churn"" violates check constraint ""valid_countries""
DETAIL:  Failing row contains (15588904, Balashova, French, Male, 33, 9, 0, 1, f, f, 113506, 1).
"
15768763,Bogdanov,French,Male,37.0,2,0.0,1,Yes,Yes,52525.15,1,"new row for relation ""bank_churn"" violates check constraint ""valid_countries""
DETAIL:  Failing row contains (15768763, Bogdanov, French, Male, 37, 2, 0, 1, t, t, 52525, 1).
"
15770543,Lowe,FRA,Male,37.0,7,74260.03,1,No,No,194617.98,0,"new row for relation ""bank_churn"" violates check constraint ""valid_countries""
DETAIL:  Failing row contains (15770543, Lowe, FRA, Male, 37, 7, 74260, 1, f, f, 194618, 0).
"
15575060,Gardner,FRA,Male,24.0,5,0.0,2,No,No,182257.61,0,"new row for relation ""bank_churn"" violates check constraint ""valid_countries""
DETAIL:  Failing row contains (15575060, Gardner, FRA, Male, 24, 5, 0, 2, f, f, 182258, 0).
"
15812040,Lorenzo,French,Male,36.0,6,153880.15,1,No,No,135431.72,0,"new row for relation ""bank_churn"" violates check constraint ""valid_countries""
DETAIL:  Failing row contains (15812040, Lorenzo, French, Male, 36, 6, 153880, 1, f, f, 135432, 0).
"
15687607,Chiemenam,French,Female,30.0,9,135422.31,1,Yes,Yes,186418.85,0,"new row for relation ""bank_churn"" violates check constraint ""valid_countries""
DETAIL:  Failing row contains (15687607, Chiemenam, French, Female, 30, 9, 135422, 1, t, t, 186419, 0).
"
15784099,Clark,FRA,Female,38.0,5,126875.62,1,No,No,128052.29,0,"new row for relation ""bank_churn"" violates check constraint ""valid_countries""
DETAIL:  Failing row contains (15784099, Clark, FRA, Female, 38, 5, 126876, 1, f, f, 128052, 0).
"
15637118,Burns,FRA,Male,33.0,4,140700.61,1,No,No,103557.93,0,"new row for relation ""bank_churn"" violates check constraint ""valid_countries""
DETAIL:  Failing row contains (15637118, Burns, FRA, Male, 33, 4, 140701, 1, f, f, 103558, 0).
"
15734765,Mahmood,FRA,Female,20.0,4,133800.98,1,Yes,Yes,150245.81,0,"new row for relation ""bank_churn"" violates check constraint ""valid_countries""
DETAIL:  Failing row contains (15734765, Mahmood, FRA, Female, 20, 4, 133801, 1, t, t, 150246, 0).
"
15769516,Shcherbakov,FRA,Female,42.0,9,0.0,2,No,No,4292.72,0,"new row for relation ""bank_churn"" violates check constraint ""valid_countries""
DETAIL:  Failing row contains (15769516, Shcherbakov, FRA, Female, 42, 9, 0, 2, f, f, 4293, 0).
"
15767804,Feng,FRA,Male,44.0,6,0.0,2,No,No,151733.43,0,"new row for relation ""bank_churn"" violates check constraint ""valid_countries""
DETAIL:  Failing row contains (15767804, Feng, FRA, Male, 44, 6, 0, 2, f, f, 151733, 0).
"
15579994,Shaw,French,Male,23.0,8,73112.95,1,Yes,Yes,62733.05,0,"new row for relation ""bank_churn"" violates check constraint ""valid_countries""
DETAIL:  Failing row contains (15579994, Shaw, French, Male, 23, 8, 73113, 1, t, t, 62733, 0).
"
15595037,Palermo,FRA,Male,47.0,9,152347.01,1,Yes,Yes,17671.78,0,"new row for relation ""bank_churn"" violates check constraint ""valid_countries""
DETAIL:  Failing row contains (15595037, Palermo, FRA, Male, 47, 9, 152347, 1, t, t, 17672, 0).
"
15782608,Huang,French,Male,43.0,5,0.0,2,No,No,113079.19,1,"new row for relation ""bank_churn"" violates check constraint ""valid_countries""
DETAIL:  Failing row contains (15782608, Huang, French, Male, 43, 5, 0, 2, f, f, 113079, 1).
"
15703167,Rouse,FRA,Female,45.0,8,0.0,2,No,No,193903.06,0,"new row for relation ""bank_churn"" violates check constraint ""valid_countries""
DETAIL:  Failing row contains (15703167, Rouse, FRA, Female, 45, 8, 0, 2, f, f, 193903, 0).
"
15725094,Fang,FRA,Female,37.0,4,140211.88,1,Yes,Yes,93832.33,0,"new row for relation ""bank_churn"" violates check constraint ""valid_countries""
DETAIL:  Failing row contains (15725094, Fang, FRA, Female, 37, 4, 140212, 1, t, t, 93832, 0).
"
15647974,Chiemenam,French,Female,44.0,3,118742.74,2,No,No,1568.91,0,"new row for relation ""bank_churn"" violates check constraint ""valid_countries""
DETAIL:  Failing row contains (15647974, Chiemenam, French, Female, 44, 3, 118743, 2, f, f, 1569, 0).
"
15772559,Burrows,French,Female,47.0,10,148636.21,1,Yes,Yes,16119.96,1,"new row for relation ""bank_churn"" violates check constraint ""valid_countries""
DETAIL:  Failing row contains (15772559, Burrows, French, Female, 47, 10, 148636, 1, t, t, 16120, 1).
"
15719212,T'ien,French,Male,33.0,5,83134.3,1,No,No,187946.55,0,"new row for relation ""bank_churn"" violates check constraint ""valid_countries""
DETAIL:  Failing row contains (15719212, T'ien, French, Male, 33, 5, 83134, 1, f, f, 187947, 0).
"
15781409,Lazarev,French,Female,28.0,6,0.0,1,No,No,74287.53,0,"new row for relation ""bank_churn"" violates check constraint ""valid_countries""
DETAIL:  Failing row contains (15781409, Lazarev, French, Female, 28, 6, 0, 1, f, f, 74288, 0).
"
15783526,Le Hunte,FRA,Male,36.0,1,100895.54,1,Yes,Yes,68075.14,0,"new row for relation ""bank_churn"" violates check constraint ""valid_countries""
DETAIL:  Failing row contains (15783526, Le Hunte, FRA, Male, 36, 1, 100896, 1, t, t, 68075, 0).
"
15688395,Lane,French,Male,29.0,4,0.0,2,No,No,156153.27,0,"new row for relation ""bank_churn"" violates check constraint ""valid_countries""
DETAIL:  Failing row contains (15688395, Lane, French, Male, 29, 4, 0, 2, f, f, 156153, 0).
"
15666975,Sparks,French,Female,36.0,4,116085.06,1,No,No,58601.61,0,"new row for relation ""bank_churn"" violates check constraint ""valid_countries""
DETAIL:  Failing row contains (15666975, Sparks, French, Female, 36, 4, 116085, 1, f, f, 58602, 0).
"
15682211,Tu,FRA,Male,57.0,1,0.0,2,Yes,Yes,114448.77,0,"new row for relation ""bank_churn"" violates check constraint ""valid_countries""
DETAIL:  Failing row contains (15682211, Tu, FRA, Male, 57, 1, 0, 2, t, t, 114449, 0).
"
15637411,Tochukwu,French,Male,30.0,1,0.0,2,Yes,Yes,126551.65,0,"new row for relation ""bank_churn"" violates check constraint ""valid_countries""
DETAIL:  Failing row contains (15637411, Tochukwu, French, Male, 30, 1, 0, 2, t, t, 126552, 0).
"
15677184,Cremonesi,French,Female,35.0,6,115576.44,1,Yes,Yes,27922.45,0,"new row for relation ""bank_churn"" violates check constraint ""valid_countries""
DETAIL:  Failing row contains (15677184, Cremonesi, French, Female, 35, 6, 115576, 1, t, t, 27922, 0).
"
15800233,Okwuadigbo,French,Female,40.0,5,0.0,2,No,No,35034.15,0,"new row for relation ""bank_churn"" violates check constraint ""valid_countries""
DETAIL:  Failing row contains (15800233, Okwuadigbo, French, Female, 40, 5, 0, 2, f, f, 35034, 0).
"
15595557,Li,French,Male,22.0,8,0.0,2,No,No,107615.43,0,"new row for relation ""bank_churn"" violates check constraint ""valid_countries""
DETAIL:  Failing row contains (15595557, Li, French, Male, 22, 8, 0, 2, f, f, 107615, 0).
"
15701412,T'ien,French,Male,40.0,4,0.0,2,No,No,173321.65,0,"new row for relation ""bank_churn"" violates check constraint ""valid_countries""
DETAIL:  Failing row contains (15701412, T'ien, French, Male, 40, 4, 0, 2, f, f, 173322, 0).
"
15573348,Maclean,French,Male,35.0,9,102050.47,1,Yes,Yes,3769.71,0,"new row for relation ""bank_churn"" violates check constraint ""valid_countries""
DETAIL:  Failing row contains (15573348, Maclean, French, Male, 35, 9, 102050, 1, t, t, 3770, 0).
"
15693704,Tsou,FRA,Female,24.0,6,114948.76,2,Yes,Yes,135768.25,0,"new row for relation ""bank_churn"" violates check constraint ""valid_countries""
DETAIL:  Failing row contains (15693704, Tsou, FRA, Female, 24, 6, 114949, 2, t, t, 135768, 0).
"
15628292,Lucchesi,French,Male,32.0,4,156001.68,2,Yes,Yes,151677.31,0,"new row for relation ""bank_churn"" violates check constraint ""valid_countries""
DETAIL:  Failing row contains (15628292, Lucchesi, French, Male, 32, 4, 156002, 2, t, t, 151677, 0).
"
15592761,Tung,FRA,Male,40.0,5,0.0,2,No,No,162878.96,0,"new row for relation ""bank_churn"" violates check constraint ""valid_countries""
DETAIL:  Failing row contains (15592761, Tung, FRA, Male, 40, 5, 0, 2, f, f, 162879, 0).
"
15598097,Johnstone,FRA,Male,44.0,9,0.0,2,No,No,26257.01,0,"new row for relation ""bank_churn"" violates check constraint ""valid_countries""
DETAIL:  Failing row contains (15598097, Johnstone, FRA, Male, 44, 9, 0, 2, f, f, 26257, 0).
"
15711352,Endrizzi,FRA,Female,31.0,3,162701.65,2,Yes,Yes,126794.56,0,"new row for relation ""bank_churn"" violates check constraint ""valid_countries""
DETAIL:  Failing row contains (15711352, Endrizzi, FRA, Female, 31, 3, 162702, 2, t, t, 126795, 0).
"
15793688,Bancks,French,Male,50.0,9,201009.64,1,No,No,158032.5,1,"new row for relation ""bank_churn"" violates check constraint ""valid_countries""
DETAIL:  Failing row contains (15793688, Bancks, French, Male, 50, 9, 201010, 1, f, f, 158033, 1).
"
15770405,Warlow-Davies,French,Female,27.0,5,125167.74,1,No,No,199104.52,0,"new row for relation ""bank_churn"" violates check constraint ""valid_countries""
DETAIL:  Failing row contains (15770405, Warlow-Davies, French, Female, 27, 5, 125168, 1, f, f, 199105, 0).
"
15702561,Dale,FRA,Male,32.0,9,0.0,1,Yes,Yes,87566.97,0,"new row for relation ""bank_churn"" violates check constraint ""valid_countries""
DETAIL:  Failing row contains (15702561, Dale, FRA, Male, 32, 9, 0, 1, t, t, 87567, 0).
"
15761364,Nkemjika,French,Male,30.0,9,0.0,2,No,No,157871.55,0,"new row for relation ""bank_churn"" violates check constraint ""valid_countries""
DETAIL:  Failing row contains (15761364, Nkemjika, French, Male, 30, 9, 0, 2, f, f, 157872, 0).
"
15590286,Fairley,French,Female,40.0,2,125879.29,1,No,No,93203.43,0,"new row for relation ""bank_churn"" violates check constraint ""valid_countries""
DETAIL:  Failing row contains (15590286, Fairley, French, Female, 40, 2, 125879, 1, f, f, 93203, 0).
"
15720636,McGregor,FRA,Female,50.0,4,143054.56,1,Yes,Yes,109608.81,1,"new row for relation ""bank_churn"" violates check constraint ""valid_countries""
DETAIL:  Failing row contains (15720636, McGregor, FRA, Female, 50, 4, 143055, 1, t, t, 109609, 1).
"
15795429,Henderson,French,Male,24.0,7,133628.09,2,Yes,Yes,98570.01,0,"new row for relation ""bank_churn"" violates check constraint ""valid_countries""
DETAIL:  Failing row contains (15795429, Henderson, French, Male, 24, 7, 133628, 2, t, t, 98570, 0).
"
15694143,Conti,FRA,Female,41.0,10,0.0,1,No,No,133086.45,0,"new row for relation ""bank_churn"" violates check constraint ""valid_countries""
DETAIL:  Failing row contains (15694143, Conti, FRA, Female, 41, 10, 0, 1, f, f, 133086, 0).
"
15632185,Yermolayev,FRA,Female,42.0,1,82228.67,2,No,No,71359.78,0,"new row for relation ""bank_churn"" violates check constraint ""valid_countries""
DETAIL:  Failing row contains (15632185, Yermolayev, FRA, Female, 42, 1, 82229, 2, f, f, 71360, 0).
"
15598157,Onyeorulu,FRA,Male,34.0,4,106328.08,1,No,No,88680.65,0,"new row for relation ""bank_churn"" violates check constraint ""valid_countries""
DETAIL:  Failing row contains (15598157, Onyeorulu, FRA, Male, 34, 4, 106328, 1, f, f, 88681, 0).
"
15700946,Kolesnikova,FRA,Female,34.0,7,152992.91,1,Yes,Yes,134691.2,0,"new row for relation ""bank_churn"" violates check constraint ""valid_countries""
DETAIL:  Failing row contains (15700946, Kolesnikova, FRA, Female, 34, 7, 152993, 1, t, t, 134691, 0).
"
15722692,Kazakova,FRA,Male,38.0,3,116439.65,1,No,No,75574.48,0,"new row for relation ""bank_churn"" violates check constraint ""valid_countries""
DETAIL:  Failing row contains (15722692, Kazakova, FRA, Male, 38, 3, 116440, 1, f, f, 75574, 0).
"
15706269,Willis,FRA,Female,47.0,8,103894.38,2,Yes,Yes,107625.46,0,"new row for relation ""bank_churn"" violates check constraint ""valid_countries""
DETAIL:  Failing row contains (15706269, Willis, FRA, Female, 47, 8, 103894, 2, t, t, 107625, 0).
"
15776985,Kung,French,Female,36.0,6,112518.71,2,Yes,Yes,110421.31,0,"new row for relation ""bank_churn"" violates check constraint ""valid_countries""
DETAIL:  Failing row contains (15776985, Kung, French, Female, 36, 6, 112519, 2, t, t, 110421, 0).
"
15756743,Howells,French,Female,37.0,7,115895.42,1,No,No,48486.25,0,"new row for relation ""bank_churn"" violates check constraint ""valid_countries""
DETAIL:  Failing row contains (15756743, Howells, French, Female, 37, 7, 115895, 1, f, f, 48486, 0).
"
15785831,Sinclair,French,Male,35.0,7,183027.25,1,Yes,Yes,56028.79,0,"new row for relation ""bank_churn"" violates check constraint ""valid_countries""
DETAIL:  Failing row contains (15785831, Sinclair, French, Male, 35, 7, 183027, 1, t, t, 56029, 0).
"
15633840,Henderson,FRA,Male,20.0,0,125023.1,2,Yes,Yes,108301.45,0,"new row for relation ""bank_churn"" violates check constraint ""valid_countries""
DETAIL:  Failing row contains (15633840, Henderson, FRA, Male, 20, 0, 125023, 2, t, t, 108301, 0).
"
15627848,Tsui,FRA,Male,38.0,7,109346.13,2,No,No,102665.92,0,"new row for relation ""bank_churn"" violates check constraint ""valid_countries""
DETAIL:  Failing row contains (15627848, Tsui, FRA, Male, 38, 7, 109346, 2, f, f, 102666, 0).
"
15792029,Lee,French,Male,32.0,6,0.0,2,No,No,56139.09,0,"new row for relation ""bank_churn"" violates check constraint ""valid_countries""
DETAIL:  Failing row contains (15792029, Lee, French, Male, 32, 6, 0, 2, f, f, 56139, 0).
"
15581505,Bales,FRA,Male,35.0,5,0.0,2,No,No,93148.93,0,"new row for relation ""bank_churn"" violates check constraint ""valid_countries""
DETAIL:  Failing row contains (15581505, Bales, FRA, Male, 35, 5, 0, 2, f, f, 93149, 0).
"
15719778,Chiu,FRA,Female,32.0,1,0.0,2,No,No,9902.39,0,"new row for relation ""bank_churn"" violates check constraint ""valid_countries""
DETAIL:  Failing row contains (15719778, Chiu, FRA, Female, 32, 1, 0, 2, f, f, 9902, 0).
"
15789936,T'ao,French,Female,33.0,2,0.0,2,No,No,153295.0,0,"new row for relation ""bank_churn"" violates check constraint ""valid_countries""
DETAIL:  Failing row contains (15789936, T'ao, French, Female, 33, 2, 0, 2, f, f, 153295, 0).
"
15747534,Torkelson,French,Male,46.0,10,0.0,1,No,No,73489.15,1,"new row for relation ""bank_churn"" violates check constraint ""valid_countries""
DETAIL:  Failing row contains (15747534, Torkelson, French, Male, 46, 10, 0, 1, f, f, 73489, 1).
"
15786078,Loginov,FRA,Female,28.0,9,0.0,2,No,No,185821.41,0,"new row for relation ""bank_churn"" violates check constraint ""valid_countries""
DETAIL:  Failing row contains (15786078, Loginov, FRA, Female, 28, 9, 0, 2, f, f, 185821, 0).
"
15652401,Lafleur,FRA,Female,36.0,7,0.0,2,No,No,108098.28,0,"new row for relation ""bank_churn"" violates check constraint ""valid_countries""
DETAIL:  Failing row contains (15652401, Lafleur, FRA, Female, 36, 7, 0, 2, f, f, 108098, 0).
"
15692110,Ch'eng,French,Female,33.0,7,0.0,1,No,No,188156.34,0,"new row for relation ""bank_churn"" violates check constraint ""valid_countries""
DETAIL:  Failing row contains (15692110, Ch'eng, French, Female, 33, 7, 0, 1, f, f, 188156, 0).
"
15645904,Parsons,French,Female,33.0,6,0.0,2,Yes,Yes,186785.01,0,"new row for relation ""bank_churn"" violates check constraint ""valid_countries""
DETAIL:  Failing row contains (15645904, Parsons, French, Female, 33, 6, 0, 2, t, t, 186785, 0).
"
15808544,Cameron,FRA,Female,40.0,3,0.0,1,No,No,57817.84,1,"new row for relation ""bank_churn"" violates check constraint ""valid_countries""
DETAIL:  Failing row contains (15808544, Cameron, FRA, Female, 40, 3, 0, 1, f, f, 57818, 1).
"
15637774,Fraser,FRA,Male,32.0,5,73494.21,1,No,No,136301.1,0,"new row for relation ""bank_churn"" violates check constraint ""valid_countries""
DETAIL:  Failing row contains (15637774, Fraser, FRA, Male, 32, 5, 73494, 1, f, f, 136301, 0).
"
15739578,Chiazagomekpere,French,Male,49.0,6,128663.9,1,No,No,65769.3,1,"new row for relation ""bank_churn"" violates check constraint ""valid_countries""
DETAIL:  Failing row contains (15739578, Chiazagomekpere, French, Male, 49, 6, 128664, 1, f, f, 65769, 1).
"
15697360,Yudina,FRA,Female,36.0,2,79951.9,1,Yes,Yes,174123.16,1,"new row for relation ""bank_churn"" violates check constraint ""valid_countries""
DETAIL:  Failing row contains (15697360, Yudina, FRA, Female, 36, 2, 79952, 1, t, t, 174123, 1).
"
15801188,Milliner,French,Female,47.0,6,94722.88,1,Yes,Yes,61450.96,0,"new row for relation ""bank_churn"" violates check constraint ""valid_countries""
DETAIL:  Failing row contains (15801188, Milliner, French, Female, 47, 6, 94723, 1, t, t, 61451, 0).
"
15633181,Swinton,French,Male,31.0,6,71269.89,2,Yes,Yes,125912.77,0,"new row for relation ""bank_churn"" violates check constraint ""valid_countries""
DETAIL:  Failing row contains (15633181, Swinton, French, Male, 31, 6, 71270, 2, t, t, 125913, 0).
"
15576000,Chibueze,French,Male,40.0,6,138033.55,1,Yes,Yes,67972.45,0,"new row for relation ""bank_churn"" violates check constraint ""valid_countries""
DETAIL:  Failing row contains (15576000, Chibueze, French, Male, 40, 6, 138034, 1, t, t, 67972, 0).
"
15766047,Sukhorukova,FRA,Female,41.0,2,91621.69,1,Yes,Yes,71139.31,0,"new row for relation ""bank_churn"" violates check constraint ""valid_countries""
DETAIL:  Failing row contains (15766047, Sukhorukova, FRA, Female, 41, 2, 91622, 1, t, t, 71139, 0).
"
15596339,French,FRA,Male,54.0,3,140014.42,1,Yes,Yes,86350.97,0,"new row for relation ""bank_churn"" violates check constraint ""valid_countries""
DETAIL:  Failing row contains (15596339, French, FRA, Male, 54, 3, 140014, 1, t, t, 86351, 0).
"
15615938,Fleming,FRA,Female,64.0,3,139663.37,1,Yes,Yes,100995.11,0,"new row for relation ""bank_churn"" violates check constraint ""valid_countries""
DETAIL:  Failing row contains (15615938, Fleming, FRA, Female, 64, 3, 139663, 1, t, t, 100995, 0).
"
15679991,Kennedy,French,Female,28.0,7,0.0,2,Yes,Yes,147100.72,0,"new row for relation ""bank_churn"" violates check constraint ""valid_countries""
DETAIL:  Failing row contains (15679991, Kennedy, French, Female, 28, 7, 0, 2, t, t, 147101, 0).
"
15626135,Combes,FRA,Male,34.0,1,165312.27,1,No,No,155495.63,0,"new row for relation ""bank_churn"" violates check constraint ""valid_countries""
DETAIL:  Failing row contains (15626135, Combes, FRA, Male, 34, 1, 165312, 1, f, f, 155496, 0).
"
15586517,Toscano,French,Male,32.0,5,97041.16,1,Yes,Yes,23132.73,0,"new row for relation ""bank_churn"" violates check constraint ""valid_countries""
DETAIL:  Failing row contains (15586517, Toscano, French, Male, 32, 5, 97041, 1, t, t, 23133, 0).
"
15751297,Wilson,FRA,Male,36.0,5,0.0,2,No,No,161428.25,0,"new row for relation ""bank_churn"" violates check constraint ""valid_countries""
DETAIL:  Failing row contains (15751297, Wilson, FRA, Male, 36, 5, 0, 2, f, f, 161428, 0).
"
15710365,Thomson,FRA,Male,50.0,0,104129.24,2,No,No,181794.86,1,"new row for relation ""bank_churn"" violates check constraint ""valid_countries""
DETAIL:  Failing row contains (15710365, Thomson, FRA, Male, 50, 0, 104129, 2, f, f, 181795, 1).
"
15679307,Kazantseva,FRA,Female,43.0,1,0.0,1,Yes,Yes,86634.3,0,"new row for relation ""bank_churn"" violates check constraint ""valid_countries""
DETAIL:  Failing row contains (15679307, Kazantseva, FRA, Female, 43, 1, 0, 1, t, t, 86634, 0).
"
15610753,Cremonesi,FRA,Male,28.0,3,104367.5,1,Yes,Yes,29937.75,0,"new row for relation ""bank_churn"" violates check constraint ""valid_countries""
DETAIL:  Failing row contains (15610753, Cremonesi, FRA, Male, 28, 3, 104368, 1, t, t, 29938, 0).
"
15665177,Booth,French,Male,44.0,3,0.0,2,Yes,Yes,136491.72,0,"new row for relation ""bank_churn"" violates check constraint ""valid_countries""
DETAIL:  Failing row contains (15665177, Booth, French, Male, 44, 3, 0, 2, t, t, 136492, 0).
"
15575399,Somadina,French,Female,42.0,1,152160.21,2,No,No,101778.9,0,"new row for relation ""bank_churn"" violates check constraint ""valid_countries""
DETAIL:  Failing row contains (15575399, Somadina, French, Female, 42, 1, 152160, 2, f, f, 101779, 0).
"
15678374,Colombo,FRA,Female,59.0,5,0.0,2,Yes,Yes,185123.09,0,"new row for relation ""bank_churn"" violates check constraint ""valid_countries""
DETAIL:  Failing row contains (15678374, Colombo, FRA, Female, 59, 5, 0, 2, t, t, 185123, 0).
"
15668767,Kenenna,FRA,Male,36.0,3,0.0,2,No,No,195033.07,0,"new row for relation ""bank_churn"" violates check constraint ""valid_countries""
DETAIL:  Failing row contains (15668767, Kenenna, FRA, Male, 36, 3, 0, 2, f, f, 195033, 0).
"
15761886,Franklin,FRA,Male,36.0,4,172381.8,1,Yes,Yes,86480.29,0,"new row for relation ""bank_churn"" violates check constraint ""valid_countries""
DETAIL:  Failing row contains (15761886, Franklin, FRA, Male, 36, 4, 172382, 1, t, t, 86480, 0).
"
15724924,Giordano,French,Female,37.0,6,138497.84,1,Yes,Yes,18988.58,0,"new row for relation ""bank_churn"" violates check constraint ""valid_countries""
DETAIL:  Failing row contains (15724924, Giordano, French, Female, 37, 6, 138498, 1, t, t, 18989, 0).
"
15691627,Tai,French,Female,37.0,8,0.0,1,Yes,Yes,16403.41,0,"new row for relation ""bank_churn"" violates check constraint ""valid_countries""
DETAIL:  Failing row contains (15691627, Tai, French, Female, 37, 8, 0, 1, t, t, 16403, 0).
"
15731751,Osinachi,French,Female,26.0,1,120923.52,1,Yes,Yes,78854.57,0,"new row for relation ""bank_churn"" violates check constraint ""valid_countries""
DETAIL:  Failing row contains (15731751, Osinachi, French, Female, 26, 1, 120924, 1, t, t, 78855, 0).
"
15803941,Seleznev,French,Male,46.0,10,95502.21,1,No,No,19842.18,0,"new row for relation ""bank_churn"" violates check constraint ""valid_countries""
DETAIL:  Failing row contains (15803941, Seleznev, French, Male, 46, 10, 95502, 1, f, f, 19842, 0).
"
15714380,Butcher,FRA,Male,38.0,5,0.0,2,No,No,103305.01,0,"new row for relation ""bank_churn"" violates check constraint ""valid_countries""
DETAIL:  Failing row contains (15714380, Butcher, FRA, Male, 38, 5, 0, 2, f, f, 103305, 0).
"
15703763,Sanderson,FRA,Male,44.0,7,85304.27,1,Yes,Yes,58076.52,0,"new row for relation ""bank_churn"" violates check constraint ""valid_countries""
DETAIL:  Failing row contains (15703763, Sanderson, FRA, Male, 44, 7, 85304, 1, t, t, 58077, 0).
"
15765258,Bochsa,FRA,Female,29.0,5,0.0,2,Yes,Yes,143301.49,0,"new row for relation ""bank_churn"" violates check constraint ""valid_countries""
DETAIL:  Failing row contains (15765258, Bochsa, FRA, Female, 29, 5, 0, 2, t, t, 143301, 0).
"
15623346,Czajkowski,FRA,Male,36.0,4,0.0,2,No,No,31422.69,0,"new row for relation ""bank_churn"" violates check constraint ""valid_countries""
DETAIL:  Failing row contains (15623346, Czajkowski, FRA, Male, 36, 4, 0, 2, f, f, 31423, 0).
"
15614054,Pankhurst,French,Male,36.0,1,0.0,2,Yes,Yes,121505.61,0,"new row for relation ""bank_churn"" violates check constraint ""valid_countries""
DETAIL:  Failing row contains (15614054, Pankhurst, French, Male, 36, 1, 0, 2, t, t, 121506, 0).
"
15795933,Barese,FRA,Female,49.0,3,0.0,2,Yes,Yes,187811.71,0,"new row for relation ""bank_churn"" violates check constraint ""valid_countries""
DETAIL:  Failing row contains (15795933, Barese, FRA, Female, 49, 3, 0, 2, t, t, 187812, 0).
"
15736299,Bell,French,Female,36.0,8,109106.8,1,No,No,121311.12,0,"new row for relation ""bank_churn"" violates check constraint ""valid_countries""
DETAIL:  Failing row contains (15736299, Bell, French, Female, 36, 8, 109107, 1, f, f, 121311, 0).
"
15759034,Li Fonti,French,Male,36.0,2,112262.84,1,No,No,12873.39,0,"new row for relation ""bank_churn"" violates check constraint ""valid_countries""
DETAIL:  Failing row contains (15759034, Li Fonti, French, Male, 36, 2, 112263, 1, f, f, 12873, 0).
"
15588450,Chukwudi,French,Female,60.0,8,69365.25,1,Yes,Yes,10288.24,0,"new row for relation ""bank_churn"" violates check constraint ""valid_countries""
DETAIL:  Failing row contains (15588450, Chukwudi, French, Female, 60, 8, 69365, 1, t, t, 10288, 0).
"
15746333,Blake,French,Female,57.0,3,0.0,3,No,No,6554.97,1,"new row for relation ""bank_churn"" violates check constraint ""valid_countries""
DETAIL:  Failing row contains (15746333, Blake, French, Female, 57, 3, 0, 3, f, f, 6555, 1).
"
15606861,Tien,FRA,Male,34.0,8,0.0,2,No,No,38570.13,0,"new row for relation ""bank_churn"" violates check constraint ""valid_countries""
DETAIL:  Failing row contains (15606861, Tien, FRA, Male, 34, 8, 0, 2, f, f, 38570, 0).
"
15814267,Zhdanova,FRA,Male,22.0,6,154377.3,1,Yes,Yes,51721.52,0,"new row for relation ""bank_churn"" violates check constraint ""valid_countries""
DETAIL:  Failing row contains (15814267, Zhdanova, FRA, Male, 22, 6, 154377, 1, t, t, 51722, 0).
"
15665784,She,French,Male,27.0,9,128940.24,1,No,No,46786.92,0,"new row for relation ""bank_churn"" violates check constraint ""valid_countries""
DETAIL:  Failing row contains (15665784, She, French, Male, 27, 9, 128940, 1, f, f, 46787, 0).
"
15615473,Sabbatini,French,Female,33.0,2,0.0,2,No,No,198208.0,0,"new row for relation ""bank_churn"" violates check constraint ""valid_countries""
DETAIL:  Failing row contains (15615473, Sabbatini, French, Female, 33, 2, 0, 2, f, f, 198208, 0).
"
15587299,Board,FRA,Female,48.0,3,0.0,1,No,No,55362.45,0,"new row for relation ""bank_churn"" violates check constraint ""valid_countries""
DETAIL:  Failing row contains (15587299, Board, FRA, Female, 48, 3, 0, 1, f, f, 55362, 0).
"
15655389,Leckie,FRA,Male,41.0,1,131762.94,1,Yes,Yes,47675.29,0,"new row for relation ""bank_churn"" violates check constraint ""valid_countries""
DETAIL:  Failing row contains (15655389, Leckie, FRA, Male, 41, 1, 131763, 1, t, t, 47675, 0).
"
15784491,Ho,French,Female,31.0,6,0.0,1,No,No,61326.43,0,"new row for relation ""bank_churn"" violates check constraint ""valid_countries""
DETAIL:  Failing row contains (15784491, Ho, French, Female, 31, 6, 0, 1, f, f, 61326, 0).
"
15629390,Liao,FRA,Male,37.0,7,135847.47,1,No,No,144880.81,0,"new row for relation ""bank_churn"" violates check constraint ""valid_countries""
DETAIL:  Failing row contains (15629390, Liao, FRA, Male, 37, 7, 135847, 1, f, f, 144881, 0).
"
15782875,Cayley,FRA,Male,33.0,5,157274.36,2,Yes,Yes,28531.81,0,"new row for relation ""bank_churn"" violates check constraint ""valid_countries""
DETAIL:  Failing row contains (15782875, Cayley, FRA, Male, 33, 5, 157274, 2, t, t, 28532, 0).
"
15732235,Kuykendall,French,Male,64.0,0,98848.19,1,Yes,Yes,42730.12,0,"new row for relation ""bank_churn"" violates check constraint ""valid_countries""
DETAIL:  Failing row contains (15732235, Kuykendall, French, Male, 64, 0, 98848, 1, t, t, 42730, 0).
"
15701037,Barton,FRA,Male,39.0,2,0.0,2,No,No,70563.9,0,"new row for relation ""bank_churn"" violates check constraint ""valid_countries""
DETAIL:  Failing row contains (15701037, Barton, FRA, Male, 39, 2, 0, 2, f, f, 70564, 0).
"
15724838,Moretti,FRA,Female,43.0,4,0.0,1,No,No,170347.1,0,"new row for relation ""bank_churn"" violates check constraint ""valid_countries""
DETAIL:  Failing row contains (15724838, Moretti, FRA, Female, 43, 4, 0, 1, f, f, 170347, 0).
"
15744553,Ho,French,Male,34.0,2,144318.97,1,No,No,112668.06,0,"new row for relation ""bank_churn"" violates check constraint ""valid_countries""
DETAIL:  Failing row contains (15744553, Ho, French, Male, 34, 2, 144319, 1, f, f, 112668, 0).
"
15647207,Onwuemelie,FRA,Male,26.0,7,0.0,2,No,No,98463.99,0,"new row for relation ""bank_churn"" violates check constraint ""valid_countries""
DETAIL:  Failing row contains (15647207, Onwuemelie, FRA, Male, 26, 7, 0, 2, f, f, 98464, 0).
"
15643826,McKay,French,Male,32.0,4,0.0,2,Yes,Yes,153036.97,0,"new row for relation ""bank_churn"" violates check constraint ""valid_countries""
DETAIL:  Failing row contains (15643826, McKay, French, Male, 32, 4, 0, 2, t, t, 153037, 0).
"
15723318,Mactier,French,Female,55.0,0,0.0,3,No,No,60810.64,1,"new row for relation ""bank_churn"" violates check constraint ""valid_countries""
DETAIL:  Failing row contains (15723318, Mactier, French, Female, 55, 0, 0, 3, f, f, 60811, 1).
"
15717328,Hsueh,French,Female,37.0,4,132446.08,2,No,No,87071.18,1,"new row for relation ""bank_churn"" violates check constraint ""valid_countries""
DETAIL:  Failing row contains (15717328, Hsueh, French, Female, 37, 4, 132446, 2, f, f, 87071, 1).
"
15771299,Nnachetam,French,Female,57.0,1,92053.0,1,Yes,Yes,164064.44,1,"new row for relation ""bank_churn"" violates check constraint ""valid_countries""
DETAIL:  Failing row contains (15771299, Nnachetam, French, Female, 57, 1, 92053, 1, t, t, 164064, 1).
"
15769191,Lipton,FRA,Male,55.0,8,132387.91,2,Yes,Yes,170360.11,0,"new row for relation ""bank_churn"" violates check constraint ""valid_countries""
DETAIL:  Failing row contains (15769191, Lipton, FRA, Male, 55, 8, 132388, 2, t, t, 170360, 0).
"
15783463,Read,French,Female,26.0,1,0.0,2,No,No,45443.68,0,"new row for relation ""bank_churn"" violates check constraint ""valid_countries""
DETAIL:  Failing row contains (15783463, Read, French, Female, 26, 1, 0, 2, f, f, 45444, 0).
"
15611287,Chiu,FRA,Female,30.0,4,0.0,2,Yes,Yes,115611.97,0,"new row for relation ""bank_churn"" violates check constraint ""valid_countries""
DETAIL:  Failing row contains (15611287, Chiu, FRA, Female, 30, 4, 0, 2, t, t, 115612, 0).
"
15766172,Tsao,French,Male,34.0,3,128743.55,1,No,No,134851.12,0,"new row for relation ""bank_churn"" violates check constraint ""valid_countries""
DETAIL:  Failing row contains (15766172, Tsao, French, Male, 34, 3, 128744, 1, f, f, 134851, 0).
"
15637646,Rowley,FRA,Male,31.0,10,122647.32,1,No,No,61666.87,0,"new row for relation ""bank_churn"" violates check constraint ""valid_countries""
DETAIL:  Failing row contains (15637646, Rowley, FRA, Male, 31, 10, 122647, 1, f, f, 61667, 0).
"
15659567,Ch'iu,French,Female,39.0,9,117103.26,2,Yes,Yes,85937.52,1,"new row for relation ""bank_churn"" violates check constraint ""valid_countries""
DETAIL:  Failing row contains (15659567, Ch'iu, French, Female, 39, 9, 117103, 2, t, t, 85938, 1).
"
15586557,Milani,French,Male,41.0,5,0.0,1,Yes,Yes,88279.6,0,"new row for relation ""bank_churn"" violates check constraint ""valid_countries""
DETAIL:  Failing row contains (15586557, Milani, French, Male, 41, 5, 0, 1, t, t, 88280, 0).
"
15746183,Pye,French,Female,27.0,4,0.0,2,Yes,Yes,157549.6,0,"new row for relation ""bank_churn"" violates check constraint ""valid_countries""
DETAIL:  Failing row contains (15746183, Pye, French, Female, 27, 4, 0, 2, t, t, 157550, 0).
"
15631457,Asher,French,Male,37.0,5,98186.7,1,Yes,Yes,173386.95,0,"new row for relation ""bank_churn"" violates check constraint ""valid_countries""
DETAIL:  Failing row contains (15631457, Asher, French, Male, 37, 5, 98187, 1, t, t, 173387, 0).
"
15689955,Arcuri,FRA,Female,40.0,7,0.0,2,No,No,176547.8,0,"new row for relation ""bank_churn"" violates check constraint ""valid_countries""
DETAIL:  Failing row contains (15689955, Arcuri, FRA, Female, 40, 7, 0, 2, f, f, 176548, 0).
"
15625929,Trevisan,FRA,Female,44.0,7,159316.64,1,No,No,24780.13,0,"new row for relation ""bank_churn"" violates check constraint ""valid_countries""
DETAIL:  Failing row contains (15625929, Trevisan, FRA, Female, 44, 7, 159317, 1, f, f, 24780, 0).
"
15815295,John,FRA,Female,38.0,2,96479.81,1,No,No,120259.41,0,"new row for relation ""bank_churn"" violates check constraint ""valid_countries""
DETAIL:  Failing row contains (15815295, John, FRA, Female, 38, 2, 96480, 1, f, f, 120259, 0).
"
15636860,Ch'eng,French,Male,43.0,4,122351.29,1,No,No,71216.6,0,"new row for relation ""bank_churn"" violates check constraint ""valid_countries""
DETAIL:  Failing row contains (15636860, Ch'eng, French, Male, 43, 4, 122351, 1, f, f, 71217, 0).
"
15751455,Boyle,FRA,Female,48.0,5,0.0,1,No,No,160529.71,1,"new row for relation ""bank_churn"" violates check constraint ""valid_countries""
DETAIL:  Failing row contains (15751455, Boyle, FRA, Female, 48, 5, 0, 1, f, f, 160530, 1).
"
15587066,Kovaleva,FRA,Male,38.0,2,119272.29,1,No,No,195896.59,1,"new row for relation ""bank_churn"" violates check constraint ""valid_countries""
DETAIL:  Failing row contains (15587066, Kovaleva, FRA, Male, 38, 2, 119272, 1, f, f, 195897, 1).
"
15651955,Hanson,French,Male,31.0,4,0.0,2,Yes,Yes,9607.1,0,"new row for relation ""bank_churn"" violates check constraint ""valid_countries""
DETAIL:  Failing row contains (15651955, Hanson, French, Male, 31, 4, 0, 2, t, t, 9607, 0).
"
15652069,Calabrese,FRA,Male,30.0,1,0.0,2,No,No,141860.62,0,"new row for relation ""bank_churn"" violates check constraint ""valid_countries""
DETAIL:  Failing row contains (15652069, Calabrese, FRA, Male, 30, 1, 0, 2, f, f, 141861, 0).
"
15596074,Keating,French,Male,37.0,10,0.0,1,Yes,Yes,76642.68,0,"new row for relation ""bank_churn"" violates check constraint ""valid_countries""
DETAIL:  Failing row contains (15596074, Keating, French, Male, 37, 10, 0, 1, t, t, 76643, 0).
"
15809847,Tan,FRA,Male,46.0,0,0.0,2,No,No,29388.02,0,"new row for relation ""bank_churn"" violates check constraint ""valid_countries""
DETAIL:  Failing row contains (15809847, Tan, FRA, Male, 46, 0, 0, 2, f, f, 29388, 0).
"
15694098,Jackson,FRA,Female,54.0,9,68332.96,1,Yes,Yes,144390.75,0,"new row for relation ""bank_churn"" violates check constraint ""valid_countries""
DETAIL:  Failing row contains (15694098, Jackson, FRA, Female, 54, 9, 68333, 1, t, t, 144391, 0).
"
15713094,Tai,French,Female,25.0,8,0.0,2,Yes,Yes,126761.2,0,"new row for relation ""bank_churn"" violates check constraint ""valid_countries""
DETAIL:  Failing row contains (15713094, Tai, French, Female, 25, 8, 0, 2, t, t, 126761, 0).
"
15692575,Kerr,French,Male,38.0,6,162888.73,1,No,No,91098.76,1,"new row for relation ""bank_churn"" violates check constraint ""valid_countries""
DETAIL:  Failing row contains (15692575, Kerr, French, Male, 38, 6, 162889, 1, f, f, 91099, 1).
"
15743149,Findlay,French,Female,35.0,8,0.0,1,Yes,Yes,67508.01,0,"new row for relation ""bank_churn"" violates check constraint ""valid_countries""
DETAIL:  Failing row contains (15743149, Findlay, French, Female, 35, 8, 0, 1, t, t, 67508, 0).
"
15594515,Cheng,French,Female,44.0,7,0.0,2,No,No,62370.67,1,"new row for relation ""bank_churn"" violates check constraint ""valid_countries""
DETAIL:  Failing row contains (15594515, Cheng, French, Female, 44, 7, 0, 2, f, f, 62371, 1).
"
15688868,Birdsall,French,Female,26.0,5,87098.91,1,No,No,106095.82,0,"new row for relation ""bank_churn"" violates check constraint ""valid_countries""
DETAIL:  Failing row contains (15688868, Birdsall, French, Female, 26, 5, 87099, 1, f, f, 106096, 0).
"
15771222,Oguejiofor,FRA,Female,42.0,5,0.0,2,No,No,25951.91,0,"new row for relation ""bank_churn"" violates check constraint ""valid_countries""
DETAIL:  Failing row contains (15771222, Oguejiofor, FRA, Female, 42, 5, 0, 2, f, f, 25952, 0).
"
15662243,Taylor,French,Male,50.0,5,162702.35,1,No,No,150548.5,1,"new row for relation ""bank_churn"" violates check constraint ""valid_countries""
DETAIL:  Failing row contains (15662243, Taylor, French, Male, 50, 5, 162702, 1, f, f, 150549, 1).
"
15704209,Noble,French,Female,39.0,7,120145.96,2,Yes,Yes,59497.01,1,"new row for relation ""bank_churn"" violates check constraint ""valid_countries""
DETAIL:  Failing row contains (15704209, Noble, French, Female, 39, 7, 120146, 2, t, t, 59497, 1).
"
15740264,Yobachi,French,Male,38.0,9,0.0,2,No,No,88827.67,0,"new row for relation ""bank_churn"" violates check constraint ""valid_countries""
DETAIL:  Failing row contains (15740264, Yobachi, French, Male, 38, 9, 0, 2, f, f, 88828, 0).
"
15727361,Chiemela,French,Female,51.0,1,0.0,2,Yes,Yes,56908.41,0,"new row for relation ""bank_churn"" violates check constraint ""valid_countries""
DETAIL:  Failing row contains (15727361, Chiemela, French, Female, 51, 1, 0, 2, t, t, 56908, 0).
"
15625035,Mills,French,Male,50.0,8,160139.59,2,Yes,Yes,79314.1,0,"new row for relation ""bank_churn"" violates check constraint ""valid_countries""
DETAIL:  Failing row contains (15625035, Mills, French, Male, 50, 8, 160140, 2, t, t, 79314, 0).
"
15618391,Doyle,FRA,Male,33.0,6,0.0,2,Yes,Yes,77965.67,0,"new row for relation ""bank_churn"" violates check constraint ""valid_countries""
DETAIL:  Failing row contains (15618391, Doyle, FRA, Male, 33, 6, 0, 2, t, t, 77966, 0).
"
15680804,Abbott,FRA,Male,29.0,6,0.0,2,Yes,Yes,10672.54,0,"new row for relation ""bank_churn"" violates check constraint ""valid_countries""
DETAIL:  Failing row contains (15680804, Abbott, FRA, Male, 29, 6, 0, 2, t, t, 10673, 0).
"
15611171,Fowler,French,Male,33.0,1,129574.98,1,Yes,Yes,123300.38,0,"new row for relation ""bank_churn"" violates check constraint ""valid_countries""
DETAIL:  Failing row contains (15611171, Fowler, French, Male, 33, 1, 129575, 1, t, t, 123300, 0).
"
15601627,Siciliano,FRA,Male,33.0,8,148163.57,1,No,No,122925.4,0,"new row for relation ""bank_churn"" violates check constraint ""valid_countries""
DETAIL:  Failing row contains (15601627, Siciliano, FRA, Male, 33, 8, 148164, 1, f, f, 122925, 0).
"
15634628,Brown,French,Female,33.0,1,65667.79,2,No,No,164608.98,0,"new row for relation ""bank_churn"" violates check constraint ""valid_countries""
DETAIL:  Failing row contains (15634628, Brown, French, Female, 33, 1, 65668, 2, f, f, 164609, 0).
"
15738715,Alexander,FRA,Female,37.0,4,0.0,3,No,No,7312.25,1,"new row for relation ""bank_churn"" violates check constraint ""valid_countries""
DETAIL:  Failing row contains (15738715, Alexander, FRA, Female, 37, 4, 0, 3, f, f, 7312, 1).
"
15593943,Chinagorom,FRA,Female,43.0,1,132667.17,1,Yes,Yes,41876.98,0,"new row for relation ""bank_churn"" violates check constraint ""valid_countries""
DETAIL:  Failing row contains (15593943, Chinagorom, FRA, Female, 43, 1, 132667, 1, t, t, 41877, 0).
"
15670889,Nwachukwu,FRA,Male,34.0,1,125566.9,1,Yes,Yes,176763.27,0,"new row for relation ""bank_churn"" violates check constraint ""valid_countries""
DETAIL:  Failing row contains (15670889, Nwachukwu, FRA, Male, 34, 1, 125567, 1, t, t, 176763, 0).
"
15587394,Thomson,FRA,Male,39.0,4,140133.08,2,No,No,131304.45,0,"new row for relation ""bank_churn"" violates check constraint ""valid_countries""
DETAIL:  Failing row contains (15587394, Thomson, FRA, Male, 39, 4, 140133, 2, f, f, 131304, 0).
"
15642816,De Salis,FRA,Female,27.0,7,43658.33,2,Yes,Yes,3025.49,0,"new row for relation ""bank_churn"" violates check constraint ""valid_countries""
DETAIL:  Failing row contains (15642816, De Salis, FRA, Female, 27, 7, 43658, 2, t, t, 3025, 0).
"
15693088,Oliver,FRA,Female,37.0,9,0.0,2,Yes,Yes,34689.77,0,"new row for relation ""bank_churn"" violates check constraint ""valid_countries""
DETAIL:  Failing row contains (15693088, Oliver, FRA, Female, 37, 9, 0, 2, t, t, 34690, 0).
"
15793883,Lo Duca,FRA,Male,28.0,3,0.0,2,No,No,2305.27,0,"new row for relation ""bank_churn"" violates check constraint ""valid_countries""
DETAIL:  Failing row contains (15793883, Lo Duca, FRA, Male, 28, 3, 0, 2, f, f, 2305, 0).
"
15665283,Brookes,French,Female,57.0,7,72092.95,4,Yes,Yes,113228.82,1,"new row for relation ""bank_churn"" violates check constraint ""valid_countries""
DETAIL:  Failing row contains (15665283, Brookes, French, Female, 57, 7, 72093, 4, t, t, 113229, 1).
"
15636592,Iroawuchi,FRA,Male,35.0,0,181821.96,2,Yes,Yes,36923.67,1,"new row for relation ""bank_churn"" violates check constraint ""valid_countries""
DETAIL:  Failing row contains (15636592, Iroawuchi, FRA, Male, 35, 0, 181822, 2, t, t, 36924, 1).
"
15772618,Tyler,FRA,Male,25.0,7,90920.75,1,Yes,Yes,112256.57,0,"new row for relation ""bank_churn"" violates check constraint ""valid_countries""
DETAIL:  Failing row contains (15772618, Tyler, FRA, Male, 25, 7, 90921, 1, t, t, 112257, 0).
"
15724453,Fan,FRA,Male,23.0,2,0.0,1,No,No,198830.98,0,"new row for relation ""bank_churn"" violates check constraint ""valid_countries""
DETAIL:  Failing row contains (15724453, Fan, FRA, Male, 23, 2, 0, 1, f, f, 198831, 0).
"
15609160,Marsden,French,Male,32.0,1,0.0,2,No,No,31635.99,0,"new row for relation ""bank_churn"" violates check constraint ""valid_countries""
DETAIL:  Failing row contains (15609160, Marsden, French, Male, 32, 1, 0, 2, f, f, 31636, 0).
"
15678460,Dodgshun,FRA,Male,30.0,9,0.0,1,No,No,49594.02,0,"new row for relation ""bank_churn"" violates check constraint ""valid_countries""
DETAIL:  Failing row contains (15678460, Dodgshun, FRA, Male, 30, 9, 0, 1, f, f, 49594, 0).
"
15662571,Maclean,FRA,Male,35.0,8,0.0,2,No,No,170483.9,0,"new row for relation ""bank_churn"" violates check constraint ""valid_countries""
DETAIL:  Failing row contains (15662571, Maclean, FRA, Male, 35, 8, 0, 2, f, f, 170484, 0).
"
15727539,Schoenheimer,French,Female,31.0,4,0.0,2,No,No,29176.04,0,"new row for relation ""bank_churn"" violates check constraint ""valid_countries""
DETAIL:  Failing row contains (15727539, Schoenheimer, French, Female, 31, 4, 0, 2, f, f, 29176, 0).
"
15651020,Fiorentino,FRA,Female,25.0,6,110666.42,2,No,No,46758.42,0,"new row for relation ""bank_churn"" violates check constraint ""valid_countries""
DETAIL:  Failing row contains (15651020, Fiorentino, FRA, Female, 25, 6, 110666, 2, f, f, 46758, 0).
"
15673877,Murray,French,Male,39.0,1,0.0,3,No,No,171060.01,1,"new row for relation ""bank_churn"" violates check constraint ""valid_countries""
DETAIL:  Failing row contains (15673877, Murray, French, Male, 39, 1, 0, 3, f, f, 171060, 1).
"
15705009,Cartwright,FRA,Female,56.0,8,156974.26,1,No,No,89405.26,1,"new row for relation ""bank_churn"" violates check constraint ""valid_countries""
DETAIL:  Failing row contains (15705009, Cartwright, FRA, Female, 56, 8, 156974, 1, f, f, 89405, 1).
"
15657540,Cremonesi,FRA,Male,50.0,5,151215.34,2,No,No,169804.4,0,"new row for relation ""bank_churn"" violates check constraint ""valid_countries""
DETAIL:  Failing row contains (15657540, Cremonesi, FRA, Male, 50, 5, 151215, 2, f, f, 169804, 0).
"
15650488,Bromley,French,Female,48.0,6,127253.98,1,Yes,Yes,92144.09,1,"new row for relation ""bank_churn"" violates check constraint ""valid_countries""
DETAIL:  Failing row contains (15650488, Bromley, French, Female, 48, 6, 127254, 1, t, t, 92144, 1).
"
15700263,Ifeatu,French,Male,66.0,2,0.0,1,No,No,130784.2,1,"new row for relation ""bank_churn"" violates check constraint ""valid_countries""
DETAIL:  Failing row contains (15700263, Ifeatu, French, Male, 66, 2, 0, 1, f, f, 130784, 1).
"
15661433,Zetticci,French,Male,34.0,5,0.0,1,No,No,68479.6,0,"new row for relation ""bank_churn"" violates check constraint ""valid_countries""
DETAIL:  Failing row contains (15661433, Zetticci, French, Male, 34, 5, 0, 1, f, f, 68480, 0).
"
15784180,Ku,French,Female,36.0,7,206329.65,1,Yes,Yes,46632.87,1,"new row for relation ""bank_churn"" violates check constraint ""valid_countries""
DETAIL:  Failing row contains (15784180, Ku, French, Female, 36, 7, 206330, 1, t, t, 46633, 1).
"
15599084,Hopwood,FRA,Male,33.0,7,191523.09,1,Yes,Yes,167058.75,0,"new row for relation ""bank_churn"" violates check constraint ""valid_countries""
DETAIL:  Failing row contains (15599084, Hopwood, FRA, Male, 33, 7, 191523, 1, t, t, 167059, 0).
"
15773394,Bergamaschi,FRA,Male,38.0,3,0.0,2,Yes,Yes,79928.41,0,"new row for relation ""bank_churn"" violates check constraint ""valid_countries""
DETAIL:  Failing row contains (15773394, Bergamaschi, FRA, Male, 38, 3, 0, 2, t, t, 79928, 0).
"
15766417,McKinley,FRA,Female,60.0,2,0.0,2,Yes,Yes,43821.56,0,"new row for relation ""bank_churn"" violates check constraint ""valid_countries""
DETAIL:  Failing row contains (15766417, McKinley, FRA, Female, 60, 2, 0, 2, t, t, 43822, 0).
"
15637138,Murray,FRA,Male,34.0,1,0.0,2,No,No,9692.58,0,"new row for relation ""bank_churn"" violates check constraint ""valid_countries""
DETAIL:  Failing row contains (15637138, Murray, FRA, Male, 34, 1, 0, 2, f, f, 9693, 0).
"
15781665,Ibekwe,FRA,Female,37.0,5,0.0,1,No,No,20708.6,0,"new row for relation ""bank_churn"" violates check constraint ""valid_countries""
DETAIL:  Failing row contains (15781665, Ibekwe, FRA, Female, 37, 5, 0, 1, f, f, 20709, 0).
"
15680685,Patterson,French,Male,30.0,3,165257.2,1,No,No,134822.05,0,"new row for relation ""bank_churn"" violates check constraint ""valid_countries""
DETAIL:  Failing row contains (15680685, Patterson, French, Male, 30, 3, 165257, 1, f, f, 134822, 0).
"
15570970,Han,FRA,Female,42.0,9,0.0,2,Yes,Yes,51362.82,0,"new row for relation ""bank_churn"" violates check constraint ""valid_countries""
DETAIL:  Failing row contains (15570970, Han, FRA, Female, 42, 9, 0, 2, t, t, 51363, 0).
"
15750396,McKissick,French,Male,33.0,1,0.0,2,Yes,Yes,86413.11,0,"new row for relation ""bank_churn"" violates check constraint ""valid_countries""
DETAIL:  Failing row contains (15750396, McKissick, French, Male, 33, 1, 0, 2, t, t, 86413, 0).
"
15679928,Horsfall,French,Female,31.0,2,84102.11,2,Yes,Yes,116385.24,0,"new row for relation ""bank_churn"" violates check constraint ""valid_countries""
DETAIL:  Failing row contains (15679928, Horsfall, French, Female, 31, 2, 84102, 2, t, t, 116385, 0).
"
15636590,Pisano,FRA,Male,46.0,1,0.0,2,Yes,Yes,65998.26,0,"new row for relation ""bank_churn"" violates check constraint ""valid_countries""
DETAIL:  Failing row contains (15636590, Pisano, FRA, Male, 46, 1, 0, 2, t, t, 65998, 0).
"
15696605,Angelo,French,Male,49.0,4,180614.04,1,No,No,523.0,0,"new row for relation ""bank_churn"" violates check constraint ""valid_countries""
DETAIL:  Failing row contains (15696605, Angelo, French, Male, 49, 4, 180614, 1, f, f, 523, 0).
"
15802274,Waters,French,Female,44.0,7,55053.62,1,No,No,181757.19,0,"new row for relation ""bank_churn"" violates check constraint ""valid_countries""
DETAIL:  Failing row contains (15802274, Waters, French, Female, 44, 7, 55054, 1, f, f, 181757, 0).
"
15732903,Fontenot,French,Male,39.0,7,82255.51,2,No,No,109545.56,0,"new row for relation ""bank_churn"" violates check constraint ""valid_countries""
DETAIL:  Failing row contains (15732903, Fontenot, French, Male, 39, 7, 82256, 2, f, f, 109546, 0).
"
15581968,Reid,French,Female,33.0,1,0.0,2,Yes,Yes,174431.01,0,"new row for relation ""bank_churn"" violates check constraint ""valid_countries""
DETAIL:  Failing row contains (15581968, Reid, French, Female, 33, 1, 0, 2, t, t, 174431, 0).
"
15569249,Howarth,FRA,Female,55.0,6,44582.07,3,Yes,Yes,67539.85,1,"new row for relation ""bank_churn"" violates check constraint ""valid_countries""
DETAIL:  Failing row contains (15569249, Howarth, FRA, Female, 55, 6, 44582, 3, t, t, 67540, 1).
"
15689661,Gorbunov,French,Male,22.0,6,0.0,2,Yes,Yes,131827.15,0,"new row for relation ""bank_churn"" violates check constraint ""valid_countries""
DETAIL:  Failing row contains (15689661, Gorbunov, French, Male, 22, 6, 0, 2, t, t, 131827, 0).
"
15644934,Gentry,French,Male,26.0,9,105522.06,1,No,No,10842.46,0,"new row for relation ""bank_churn"" violates check constraint ""valid_countries""
DETAIL:  Failing row contains (15644934, Gentry, French, Male, 26, 9, 105522, 1, f, f, 10842, 0).
"
15658240,Parry,FRA,Female,44.0,9,135814.7,2,No,No,115091.38,0,"new row for relation ""bank_churn"" violates check constraint ""valid_countries""
DETAIL:  Failing row contains (15658240, Parry, FRA, Female, 44, 9, 135815, 2, f, f, 115091, 0).
"
15706232,Niu,FRA,Male,52.0,9,0.0,1,Yes,Yes,106340.66,1,"new row for relation ""bank_churn"" violates check constraint ""valid_countries""
DETAIL:  Failing row contains (15706232, Niu, FRA, Male, 52, 9, 0, 1, t, t, 106341, 1).
"
15715643,Ijendu,French,Male,44.0,8,0.0,2,Yes,Yes,175314.87,0,"new row for relation ""bank_churn"" violates check constraint ""valid_countries""
DETAIL:  Failing row contains (15715643, Ijendu, French, Male, 44, 8, 0, 2, t, t, 175315, 0).
"
15778604,Nicholson,French,Female,47.0,7,0.0,2,No,No,112366.98,0,"new row for relation ""bank_churn"" violates check constraint ""valid_countries""
DETAIL:  Failing row contains (15778604, Nicholson, French, Female, 47, 7, 0, 2, f, f, 112367, 0).
"
15751180,Adams,French,Female,40.0,7,81132.21,1,No,No,167289.82,0,"new row for relation ""bank_churn"" violates check constraint ""valid_countries""
DETAIL:  Failing row contains (15751180, Adams, French, Female, 40, 7, 81132, 1, f, f, 167290, 0).
"
15685096,Trevisani,French,Female,50.0,4,0.0,2,Yes,Yes,861.4,0,"new row for relation ""bank_churn"" violates check constraint ""valid_countries""
DETAIL:  Failing row contains (15685096, Trevisani, French, Female, 50, 4, 0, 2, t, t, 861, 0).
"
15669501,Kuo,French,Male,35.0,5,0.0,2,Yes,Yes,81718.37,0,"new row for relation ""bank_churn"" violates check constraint ""valid_countries""
DETAIL:  Failing row contains (15669501, Kuo, French, Male, 35, 5, 0, 2, t, t, 81718, 0).
"
15622631,H?,FRA,Male,44.0,8,154409.74,1,No,No,49324.03,1,"new row for relation ""bank_churn"" violates check constraint ""valid_countries""
DETAIL:  Failing row contains (15622631, H?, FRA, Male, 44, 8, 154410, 1, f, f, 49324, 1).
"
15577170,Manfrin,FRA,Male,60.0,5,76705.87,2,Yes,Yes,13889.73,0,"new row for relation ""bank_churn"" violates check constraint ""valid_countries""
DETAIL:  Failing row contains (15577170, Manfrin, FRA, Male, 60, 5, 76706, 2, t, t, 13890, 0).
"
15769451,Hayes,French,Female,44.0,1,0.0,2,Yes,Yes,11467.38,0,"new row for relation ""bank_churn"" violates check constraint ""valid_countries""
DETAIL:  Failing row contains (15769451, Hayes, French, Female, 44, 1, 0, 2, t, t, 11467, 0).
"
15811877,Shao,FRA,Female,36.0,4,0.0,2,No,No,130789.15,0,"new row for relation ""bank_churn"" violates check constraint ""valid_countries""
DETAIL:  Failing row contains (15811877, Shao, FRA, Female, 36, 4, 0, 2, f, f, 130789, 0).
"
15648725,Sinclair,French,Male,41.0,3,0.0,2,Yes,Yes,108665.89,0,"new row for relation ""bank_churn"" violates check constraint ""valid_countries""
DETAIL:  Failing row contains (15648725, Sinclair, French, Male, 41, 3, 0, 2, t, t, 108666, 0).
"
15808175,Castiglione,FRA,Female,39.0,7,49572.73,1,No,No,115287.99,1,"new row for relation ""bank_churn"" violates check constraint ""valid_countries""
DETAIL:  Failing row contains (15808175, Castiglione, FRA, Female, 39, 7, 49573, 1, f, f, 115288, 1).
"
15681342,Hurst,FRA,Female,35.0,1,103015.12,2,Yes,Yes,139094.12,0,"new row for relation ""bank_churn"" violates check constraint ""valid_countries""
DETAIL:  Failing row contains (15681342, Hurst, FRA, Female, 35, 1, 103015, 2, t, t, 139094, 0).
"
15589210,Adamson,FRA,Female,24.0,4,0.0,1,No,No,20515.72,0,"new row for relation ""bank_churn"" violates check constraint ""valid_countries""
DETAIL:  Failing row contains (15589210, Adamson, FRA, Female, 24, 4, 0, 1, f, f, 20516, 0).
"
15696826,James,French,Female,32.0,1,104001.38,1,Yes,Yes,36642.65,0,"new row for relation ""bank_churn"" violates check constraint ""valid_countries""
DETAIL:  Failing row contains (15696826, James, French, Female, 32, 1, 104001, 1, t, t, 36643, 0).
"
15689061,Davey,FRA,Male,68.0,5,82547.11,2,Yes,Yes,146448.01,0,"new row for relation ""bank_churn"" violates check constraint ""valid_countries""
DETAIL:  Failing row contains (15689061, Davey, FRA, Male, 68, 5, 82547, 2, t, t, 146448, 0).
"
15571121,Kodilinyechukwu,French,Female,50.0,8,138340.06,1,Yes,Yes,3159.15,0,"new row for relation ""bank_churn"" violates check constraint ""valid_countries""
DETAIL:  Failing row contains (15571121, Kodilinyechukwu, French, Female, 50, 8, 138340, 1, t, t, 3159, 0).
"
15726466,Esposito,FRA,Male,43.0,1,114974.24,1,No,No,125920.54,0,"new row for relation ""bank_churn"" violates check constraint ""valid_countries""
DETAIL:  Failing row contains (15726466, Esposito, FRA, Male, 43, 1, 114974, 1, f, f, 125921, 0).
"
15660390,Boyle,French,Female,33.0,6,0.0,2,Yes,Yes,124113.04,0,"new row for relation ""bank_churn"" violates check constraint ""valid_countries""
DETAIL:  Failing row contains (15660390, Boyle, French, Female, 33, 6, 0, 2, t, t, 124113, 0).
"
15663942,Hsiung,FRA,Female,38.0,5,0.0,2,No,No,93716.38,0,"new row for relation ""bank_churn"" violates check constraint ""valid_countries""
DETAIL:  Failing row contains (15663942, Hsiung, FRA, Female, 38, 5, 0, 2, f, f, 93716, 0).
"
15585892,Zakharov,French,Female,35.0,8,0.0,1,No,No,164453.98,0,"new row for relation ""bank_churn"" violates check constraint ""valid_countries""
DETAIL:  Failing row contains (15585892, Zakharov, French, Female, 35, 8, 0, 1, f, f, 164454, 0).
"
15599440,McGregor,FRA,Female,34.0,8,0.0,2,No,No,53584.03,0,"new row for relation ""bank_churn"" violates check constraint ""valid_countries""
DETAIL:  Failing row contains (15599440, McGregor, FRA, Female, 34, 8, 0, 2, f, f, 53584, 0).
"
15683168,Frederickson,FRA,Female,30.0,6,0.0,1,Yes,Yes,175025.27,0,"new row for relation ""bank_churn"" violates check constraint ""valid_countries""
DETAIL:  Failing row contains (15683168, Frederickson, FRA, Female, 30, 6, 0, 1, t, t, 175025, 0).
"
15699839,Hall,French,Male,36.0,2,152606.82,1,Yes,Yes,71692.8,0,"new row for relation ""bank_churn"" violates check constraint ""valid_countries""
DETAIL:  Failing row contains (15699839, Hall, French, Male, 36, 2, 152607, 1, t, t, 71693, 0).
"
15786237,Pickworth,French,Male,28.0,7,0.0,2,No,No,823.96,0,"new row for relation ""bank_churn"" violates check constraint ""valid_countries""
DETAIL:  Failing row contains (15786237, Pickworth, French, Male, 28, 7, 0, 2, f, f, 824, 0).
"
15694530,Porter,French,Male,28.0,4,167268.98,1,Yes,Yes,169469.3,0,"new row for relation ""bank_churn"" violates check constraint ""valid_countries""
DETAIL:  Failing row contains (15694530, Porter, French, Male, 28, 4, 167269, 1, t, t, 169469, 0).
"
15588123,Horton,FRA,Female,27.0,2,0.0,2,Yes,Yes,114685.92,0,"new row for relation ""bank_churn"" violates check constraint ""valid_countries""
DETAIL:  Failing row contains (15588123, Horton, FRA, Female, 27, 2, 0, 2, t, t, 114686, 0).
"
15610042,Brown,FRA,Male,33.0,8,100267.03,1,No,No,103006.27,0,"new row for relation ""bank_churn"" violates check constraint ""valid_countries""
DETAIL:  Failing row contains (15610042, Brown, FRA, Male, 33, 8, 100267, 1, f, f, 103006, 0).
"
15668679,Ozerova,FRA,Male,31.0,0,0.0,2,Yes,Yes,34475.14,0,"new row for relation ""bank_churn"" violates check constraint ""valid_countries""
DETAIL:  Failing row contains (15668679, Ozerova, FRA, Male, 31, 0, 0, 2, t, t, 34475, 0).
"
15655658,Bulgakov,French,Female,48.0,2,0.0,2,Yes,Yes,32301.88,0,"new row for relation ""bank_churn"" violates check constraint ""valid_countries""
DETAIL:  Failing row contains (15655658, Bulgakov, French, Female, 48, 2, 0, 2, t, t, 32302, 0).
"
15753591,He,FRA,Male,38.0,2,0.0,2,No,No,136859.55,0,"new row for relation ""bank_churn"" violates check constraint ""valid_countries""
DETAIL:  Failing row contains (15753591, He, FRA, Male, 38, 2, 0, 2, f, f, 136860, 0).
"
15617348,Uchechukwu,French,Male,44.0,1,0.0,2,No,No,69244.24,0,"new row for relation ""bank_churn"" violates check constraint ""valid_countries""
DETAIL:  Failing row contains (15617348, Uchechukwu, French, Male, 44, 1, 0, 2, f, f, 69244, 0).
"
15738487,Leworthy,FRA,Male,26.0,3,0.0,2,No,No,4989.33,0,"new row for relation ""bank_churn"" violates check constraint ""valid_countries""
DETAIL:  Failing row contains (15738487, Leworthy, FRA, Male, 26, 3, 0, 2, f, f, 4989, 0).
"
15648069,Onyemachukwu,FRA,Female,36.0,6,0.0,2,Yes,Yes,190194.95,0,"new row for relation ""bank_churn"" violates check constraint ""valid_countries""
DETAIL:  Failing row contains (15648069, Onyemachukwu, FRA, Female, 36, 6, 0, 2, t, t, 190195, 0).
"
15597709,Hornung,FRA,Female,39.0,6,154121.32,2,No,No,176614.86,1,"new row for relation ""bank_churn"" violates check constraint ""valid_countries""
DETAIL:  Failing row contains (15597709, Hornung, FRA, Female, 39, 6, 154121, 2, f, f, 176615, 1).
"
15621546,Yuriev,French,Female,33.0,9,127638.35,1,Yes,Yes,192717.57,0,"new row for relation ""bank_churn"" violates check constraint ""valid_countries""
DETAIL:  Failing row contains (15621546, Yuriev, French, Female, 33, 9, 127638, 1, t, t, 192718, 0).
"
15706762,Ignatyev,French,Female,41.0,4,145809.53,2,Yes,Yes,52319.26,0,"new row for relation ""bank_churn"" violates check constraint ""valid_countries""
DETAIL:  Failing row contains (15706762, Ignatyev, French, Female, 41, 4, 145810, 2, t, t, 52319, 0).
"
15761854,Burn,French,Female,24.0,4,0.0,1,Yes,Yes,94105.0,0,"new row for relation ""bank_churn"" violates check constraint ""valid_countries""
DETAIL:  Failing row contains (15761854, Burn, French, Female, 24, 4, 0, 1, t, t, 94105, 0).
"
15692137,Jen,French,Female,46.0,2,0.0,1,Yes,Yes,138380.11,0,"new row for relation ""bank_churn"" violates check constraint ""valid_countries""
DETAIL:  Failing row contains (15692137, Jen, French, Female, 46, 2, 0, 1, t, t, 138380, 0).
"
15775750,Yao,French,Male,37.0,9,134560.62,1,No,No,27596.39,0,"new row for relation ""bank_churn"" violates check constraint ""valid_countries""
DETAIL:  Failing row contains (15775750, Yao, French, Male, 37, 9, 134561, 1, f, f, 27596, 0).
"
15766906,Salier,French,Female,25.0,4,132116.13,2,No,No,129933.5,0,"new row for relation ""bank_churn"" violates check constraint ""valid_countries""
DETAIL:  Failing row contains (15766906, Salier, French, Female, 25, 4, 132116, 2, f, f, 129934, 0).
"
15672894,McCawley,French,Female,36.0,8,129944.39,2,No,No,198914.8,0,"new row for relation ""bank_churn"" violates check constraint ""valid_countries""
DETAIL:  Failing row contains (15672894, McCawley, French, Female, 36, 8, 129944, 2, f, f, 198915, 0).
"
15649160,Vavilov,French,Female,38.0,3,138731.95,1,Yes,Yes,194138.36,0,"new row for relation ""bank_churn"" violates check constraint ""valid_countries""
DETAIL:  Failing row contains (15649160, Vavilov, French, Female, 38, 3, 138732, 1, t, t, 194138, 0).
"
15600975,Chiemenam,French,Female,54.0,4,150005.38,1,No,No,157015.5,1,"new row for relation ""bank_churn"" violates check constraint ""valid_countries""
DETAIL:  Failing row contains (15600975, Chiemenam, French, Female, 54, 4, 150005, 1, f, f, 157016, 1).
"
15655464,Combes,French,Female,67.0,3,0.0,1,Yes,Yes,42964.63,0,"new row for relation ""bank_churn"" violates check constraint ""valid_countries""
DETAIL:  Failing row contains (15655464, Combes, French, Female, 67, 3, 0, 1, t, t, 42965, 0).
"
15677112,Chukwufumnanya,FRA,Male,39.0,2,112957.26,2,No,No,97593.16,0,"new row for relation ""bank_churn"" violates check constraint ""valid_countries""
DETAIL:  Failing row contains (15677112, Chukwufumnanya, FRA, Male, 39, 2, 112957, 2, f, f, 97593, 0).
"
15723989,Carroll,FRA,Male,40.0,5,93680.43,2,Yes,Yes,179473.26,0,"new row for relation ""bank_churn"" violates check constraint ""valid_countries""
DETAIL:  Failing row contains (15723989, Carroll, FRA, Male, 40, 5, 93680, 2, t, t, 179473, 0).
"
15688210,Sims,FRA,Female,39.0,8,101928.51,1,No,No,89205.54,0,"new row for relation ""bank_churn"" violates check constraint ""valid_countries""
DETAIL:  Failing row contains (15688210, Sims, FRA, Female, 39, 8, 101929, 1, f, f, 89206, 0).
"
15783859,Boni,FRA,Female,24.0,3,161884.99,1,Yes,Yes,9617.24,0,"new row for relation ""bank_churn"" violates check constraint ""valid_countries""
DETAIL:  Failing row contains (15783859, Boni, FRA, Female, 24, 3, 161885, 1, t, t, 9617, 0).
"
15773421,Genovese,French,Female,42.0,4,0.0,2,No,No,121440.8,0,"new row for relation ""bank_churn"" violates check constraint ""valid_countries""
DETAIL:  Failing row contains (15773421, Genovese, French, Female, 42, 4, 0, 2, f, f, 121441, 0).
"
15661412,Wardell,French,Male,32.0,8,175307.32,1,No,No,187051.23,0,"new row for relation ""bank_churn"" violates check constraint ""valid_countries""
DETAIL:  Failing row contains (15661412, Wardell, French, Male, 32, 8, 175307, 1, f, f, 187051, 0).
"
15636478,Williams,French,Male,31.0,7,136658.61,1,Yes,Yes,148689.13,0,"new row for relation ""bank_churn"" violates check constraint ""valid_countries""
DETAIL:  Failing row contains (15636478, Williams, French, Male, 31, 7, 136659, 1, t, t, 148689, 0).
"
15651868,Clark,French,Male,34.0,6,0.0,1,No,No,22736.06,0,"new row for relation ""bank_churn"" violates check constraint ""valid_countries""
DETAIL:  Failing row contains (15651868, Clark, French, Male, 34, 6, 0, 1, f, f, 22736, 0).
"
15698271,Graham,FRA,Female,26.0,4,0.0,2,No,No,185488.81,0,"new row for relation ""bank_churn"" violates check constraint ""valid_countries""
DETAIL:  Failing row contains (15698271, Graham, FRA, Female, 26, 4, 0, 2, f, f, 185489, 0).
"
15704509,Tan,French,Male,35.0,8,121063.49,1,No,No,85421.48,0,"new row for relation ""bank_churn"" violates check constraint ""valid_countries""
DETAIL:  Failing row contains (15704509, Tan, French, Male, 35, 8, 121063, 1, f, f, 85421, 0).
"
15731166,Macleod,FRA,Female,30.0,1,127023.39,1,Yes,Yes,138780.89,0,"new row for relation ""bank_churn"" violates check constraint ""valid_countries""
DETAIL:  Failing row contains (15731166, Macleod, FRA, Female, 30, 1, 127023, 1, t, t, 138781, 0).
"
15689781,Ts'ai,French,Female,49.0,0,0.0,1,No,No,178709.98,1,"new row for relation ""bank_churn"" violates check constraint ""valid_countries""
DETAIL:  Failing row contains (15689781, Ts'ai, French, Female, 49, 0, 0, 1, f, f, 178710, 1).
"
15646594,Ali,French,Male,41.0,5,57568.94,1,Yes,Yes,61128.29,0,"new row for relation ""bank_churn"" violates check constraint ""valid_countries""
DETAIL:  Failing row contains (15646594, Ali, French, Male, 41, 5, 57569, 1, t, t, 61128, 0).
"
15691150,Ku,FRA,Female,32.0,4,110559.46,1,Yes,Yes,127429.56,0,"new row for relation ""bank_churn"" violates check constraint ""valid_countries""
DETAIL:  Failing row contains (15691150, Ku, FRA, Female, 32, 4, 110559, 1, t, t, 127430, 0).
"
15608688,Andreyeva,French,Male,34.0,4,0.0,2,No,No,68343.08,0,"new row for relation ""bank_churn"" violates check constraint ""valid_countries""
DETAIL:  Failing row contains (15608688, Andreyeva, French, Male, 34, 4, 0, 2, f, f, 68343, 0).
"
15659100,Lane,French,Male,33.0,9,128152.82,1,No,No,147822.81,0,"new row for relation ""bank_churn"" violates check constraint ""valid_countries""
DETAIL:  Failing row contains (15659100, Lane, French, Male, 33, 9, 128153, 1, f, f, 147823, 0).
"
15775235,Ku,FRA,Female,36.0,6,110480.48,1,No,No,81292.33,0,"new row for relation ""bank_churn"" violates check constraint ""valid_countries""
DETAIL:  Failing row contains (15775235, Ku, FRA, Female, 36, 6, 110480, 1, f, f, 81292, 0).
"
15587297,Ruiz,French,Male,33.0,7,0.0,2,Yes,Yes,85411.01,0,"new row for relation ""bank_churn"" violates check constraint ""valid_countries""
DETAIL:  Failing row contains (15587297, Ruiz, French, Male, 33, 7, 0, 2, t, t, 85411, 0).
"
15684722,Fraser,FRA,Male,34.0,5,122952.9,2,No,No,154360.97,0,"new row for relation ""bank_churn"" violates check constraint ""valid_countries""
DETAIL:  Failing row contains (15684722, Fraser, FRA, Male, 34, 5, 122953, 2, f, f, 154361, 0).
"
15621244,Gallo,FRA,Male,36.0,0,107379.68,1,Yes,Yes,84460.18,0,"new row for relation ""bank_churn"" violates check constraint ""valid_countries""
DETAIL:  Failing row contains (15621244, Gallo, FRA, Male, 36, 0, 107380, 1, t, t, 84460, 0).
"
15682540,Cremonesi,FRA,Female,33.0,8,0.0,2,Yes,Yes,112928.74,0,"new row for relation ""bank_churn"" violates check constraint ""valid_countries""
DETAIL:  Failing row contains (15682540, Cremonesi, FRA, Female, 33, 8, 0, 2, t, t, 112929, 0).
"
15785339,H?,FRA,Female,50.0,9,117565.03,2,No,No,82559.77,0,"new row for relation ""bank_churn"" violates check constraint ""valid_countries""
DETAIL:  Failing row contains (15785339, H?, FRA, Female, 50, 9, 117565, 2, f, f, 82560, 0).
"
15638983,Jara,FRA,Female,38.0,5,133189.4,1,No,No,127388.06,0,"new row for relation ""bank_churn"" violates check constraint ""valid_countries""
DETAIL:  Failing row contains (15638983, Jara, FRA, Female, 38, 5, 133189, 1, f, f, 127388, 0).
"
15678210,Robson,French,Male,38.0,5,105069.98,2,Yes,Yes,198355.28,0,"new row for relation ""bank_churn"" violates check constraint ""valid_countries""
DETAIL:  Failing row contains (15678210, Robson, French, Male, 38, 5, 105070, 2, t, t, 198355, 0).
"
15632789,Maclean,FRA,Male,30.0,8,0.0,2,Yes,Yes,24113.91,0,"new row for relation ""bank_churn"" violates check constraint ""valid_countries""
DETAIL:  Failing row contains (15632789, Maclean, FRA, Male, 30, 8, 0, 2, t, t, 24114, 0).
"
15621423,Lavrentyev,French,Female,42.0,7,117280.23,3,No,No,41921.06,1,"new row for relation ""bank_churn"" violates check constraint ""valid_countries""
DETAIL:  Failing row contains (15621423, Lavrentyev, French, Female, 42, 7, 117280, 3, f, f, 41921, 1).
"
15565996,Arnold,French,Male,44.0,8,0.0,2,Yes,Yes,154639.72,0,"new row for relation ""bank_churn"" violates check constraint ""valid_countries""
DETAIL:  Failing row contains (15565996, Arnold, French, Male, 44, 8, 0, 2, t, t, 154640, 0).
"
15662152,Trevisan,FRA,Female,38.0,9,134105.01,1,No,No,57850.1,0,"new row for relation ""bank_churn"" violates check constraint ""valid_countries""
DETAIL:  Failing row contains (15662152, Trevisan, FRA, Female, 38, 9, 134105, 1, f, f, 57850, 0).
"
15711742,Mason,French,Female,34.0,4,0.0,1,Yes,Yes,62868.33,0,"new row for relation ""bank_churn"" violates check constraint ""valid_countries""
DETAIL:  Failing row contains (15711742, Mason, French, Female, 34, 4, 0, 1, t, t, 62868, 0).
"
15567839,Gordon,French,Male,42.0,9,114631.23,1,Yes,Yes,91429.74,0,"new row for relation ""bank_churn"" violates check constraint ""valid_countries""
DETAIL:  Failing row contains (15567839, Gordon, French, Male, 42, 9, 114631, 1, t, t, 91430, 0).
"
15708714,Santiago,French,Female,33.0,6,0.0,2,No,No,34045.61,0,"new row for relation ""bank_churn"" violates check constraint ""valid_countries""
DETAIL:  Failing row contains (15708714, Santiago, French, Female, 33, 6, 0, 2, f, f, 34046, 0).
"
15586183,Wallace,French,Female,35.0,5,0.0,2,No,No,59981.62,0,"new row for relation ""bank_churn"" violates check constraint ""valid_countries""
DETAIL:  Failing row contains (15586183, Wallace, French, Female, 35, 5, 0, 2, f, f, 59982, 0).
"
15773934,Fang,French,Male,33.0,6,88294.6,1,No,No,66979.06,0,"new row for relation ""bank_churn"" violates check constraint ""valid_countries""
DETAIL:  Failing row contains (15773934, Fang, French, Male, 33, 6, 88295, 1, f, f, 66979, 0).
"
15593959,Travis,FRA,Male,28.0,1,93577.3,1,Yes,Yes,51670.82,0,"new row for relation ""bank_churn"" violates check constraint ""valid_countries""
DETAIL:  Failing row contains (15593959, Travis, FRA, Male, 28, 1, 93577, 1, t, t, 51671, 0).
"
15652658,Finch,FRA,Male,36.0,1,155176.83,2,Yes,Yes,49653.37,0,"new row for relation ""bank_churn"" violates check constraint ""valid_countries""
DETAIL:  Failing row contains (15652658, Finch, FRA, Male, 36, 1, 155177, 2, t, t, 49653, 0).
"
15730287,Ugonna,French,Male,41.0,8,147726.98,3,No,No,172749.4,1,"new row for relation ""bank_churn"" violates check constraint ""valid_countries""
DETAIL:  Failing row contains (15730287, Ugonna, French, Male, 41, 8, 147727, 3, f, f, 172749, 1).
"
15720353,Chiang,French,Male,41.0,1,0.0,2,No,No,90607.31,0,"new row for relation ""bank_churn"" violates check constraint ""valid_countries""
DETAIL:  Failing row contains (15720353, Chiang, French, Male, 41, 1, 0, 2, f, f, 90607, 0).
"
15767231,Sun,FRA,Male,36.0,7,144852.06,1,No,No,130861.95,0,"new row for relation ""bank_churn"" violates check constraint ""valid_countries""
DETAIL:  Failing row contains (15767231, Sun, FRA, Male, 36, 7, 144852, 1, f, f, 130862, 0).
"
15761554,Blackburn,FRA,Male,54.0,4,89299.81,1,No,No,5558.47,1,"new row for relation ""bank_churn"" violates check constraint ""valid_countries""
DETAIL:  Failing row contains (15761554, Blackburn, FRA, Male, 54, 4, 89300, 1, f, f, 5558, 1).
"
15707602,Macleod,FRA,Female,47.0,2,127286.04,2,Yes,Yes,166929.43,1,"new row for relation ""bank_churn"" violates check constraint ""valid_countries""
DETAIL:  Failing row contains (15707602, Macleod, FRA, Female, 47, 2, 127286, 2, t, t, 166929, 1).
"
15635244,Ritchie,FRA,Female,29.0,6,0.0,2,Yes,Yes,98998.61,0,"new row for relation ""bank_churn"" violates check constraint ""valid_countries""
DETAIL:  Failing row contains (15635244, Ritchie, FRA, Female, 29, 6, 0, 2, t, t, 98999, 0).
"
15607986,Nnamutaezinwa,FRA,Male,40.0,10,139930.18,1,Yes,Yes,105720.09,0,"new row for relation ""bank_churn"" violates check constraint ""valid_countries""
DETAIL:  Failing row contains (15607986, Nnamutaezinwa, FRA, Male, 40, 10, 139930, 1, t, t, 105720, 0).
"
15699963,Scott,FRA,Male,38.0,1,121405.04,1,Yes,Yes,154844.22,0,"new row for relation ""bank_churn"" violates check constraint ""valid_countries""
DETAIL:  Failing row contains (15699963, Scott, FRA, Male, 38, 1, 121405, 1, t, t, 154844, 0).
"
15753550,Levien,FRA,Female,43.0,7,0.0,2,No,No,131093.99,0,"new row for relation ""bank_churn"" violates check constraint ""valid_countries""
DETAIL:  Failing row contains (15753550, Levien, FRA, Female, 43, 7, 0, 2, f, f, 131094, 0).
"
15750921,Monds,FRA,Male,37.0,5,105843.26,2,Yes,Yes,84908.2,0,"new row for relation ""bank_churn"" violates check constraint ""valid_countries""
DETAIL:  Failing row contains (15750921, Monds, FRA, Male, 37, 5, 105843, 2, t, t, 84908, 0).
"
15728906,Ibekwe,FRA,Male,77.0,5,0.0,2,Yes,Yes,161579.85,0,"new row for relation ""bank_churn"" violates check constraint ""valid_countries""
DETAIL:  Failing row contains (15728906, Ibekwe, FRA, Male, 77, 5, 0, 2, t, t, 161580, 0).
"
15632503,Meng,FRA,Female,32.0,0,148326.09,1,No,No,191604.27,1,"new row for relation ""bank_churn"" violates check constraint ""valid_countries""
DETAIL:  Failing row contains (15632503, Meng, FRA, Female, 32, 0, 148326, 1, f, f, 191604, 1).
"
15648681,Voronoff,FRA,Female,47.0,5,139914.6,4,Yes,Yes,129964.56,1,"new row for relation ""bank_churn"" violates check constraint ""valid_countries""
DETAIL:  Failing row contains (15648681, Voronoff, FRA, Female, 47, 5, 139915, 4, t, t, 129965, 1).
"
15571081,Hansen,FRA,Female,41.0,7,190238.93,1,Yes,Yes,57549.65,0,"new row for relation ""bank_churn"" violates check constraint ""valid_countries""
DETAIL:  Failing row contains (15571081, Hansen, FRA, Female, 41, 7, 190239, 1, t, t, 57550, 0).
"
15622729,Sun,French,Female,46.0,2,0.0,2,Yes,Yes,66602.7,0,"new row for relation ""bank_churn"" violates check constraint ""valid_countries""
DETAIL:  Failing row contains (15622729, Sun, French, Female, 46, 2, 0, 2, t, t, 66603, 0).
"
15692718,Jackson,FRA,Female,38.0,7,0.0,2,No,No,69227.42,0,"new row for relation ""bank_churn"" violates check constraint ""valid_countries""
DETAIL:  Failing row contains (15692718, Jackson, FRA, Female, 38, 7, 0, 2, f, f, 69227, 0).
"
15666166,Pettry,FRA,Female,74.0,0,121276.32,1,Yes,Yes,160348.31,0,"new row for relation ""bank_churn"" violates check constraint ""valid_countries""
DETAIL:  Failing row contains (15666166, Pettry, FRA, Female, 74, 0, 121276, 1, t, t, 160348, 0).
"
15680901,Potter,French,Female,34.0,6,97435.85,2,Yes,Yes,104331.76,0,"new row for relation ""bank_churn"" violates check constraint ""valid_countries""
DETAIL:  Failing row contains (15680901, Potter, French, Female, 34, 6, 97436, 2, t, t, 104332, 0).
"
15653147,Boyle,French,Male,35.0,2,133853.27,1,Yes,Yes,65361.66,0,"new row for relation ""bank_churn"" violates check constraint ""valid_countries""
DETAIL:  Failing row contains (15653147, Boyle, French, Male, 35, 2, 133853, 1, t, t, 65362, 0).
"
15591360,Udinesi,FRA,Female,33.0,4,84607.34,2,Yes,Yes,60059.47,0,"new row for relation ""bank_churn"" violates check constraint ""valid_countries""
DETAIL:  Failing row contains (15591360, Udinesi, FRA, Female, 33, 4, 84607, 2, t, t, 60059, 0).
"
15795690,Shao,FRA,Male,31.0,3,99513.91,1,Yes,Yes,189657.26,0,"new row for relation ""bank_churn"" violates check constraint ""valid_countries""
DETAIL:  Failing row contains (15795690, Shao, FRA, Male, 31, 3, 99514, 1, t, t, 189657, 0).
"
15751167,Toscano,FRA,Female,43.0,4,0.0,2,Yes,Yes,58761.33,0,"new row for relation ""bank_churn"" violates check constraint ""valid_countries""
DETAIL:  Failing row contains (15751167, Toscano, FRA, Female, 43, 4, 0, 2, t, t, 58761, 0).
"
15793825,Ikechukwu,FRA,Male,39.0,4,0.0,2,No,No,27150.35,0,"new row for relation ""bank_churn"" violates check constraint ""valid_countries""
DETAIL:  Failing row contains (15793825, Ikechukwu, FRA, Male, 39, 4, 0, 2, f, f, 27150, 0).
"
15716276,Kennedy,FRA,Female,34.0,2,111669.68,1,No,No,57029.66,0,"new row for relation ""bank_churn"" violates check constraint ""valid_countries""
DETAIL:  Failing row contains (15716276, Kennedy, FRA, Female, 34, 2, 111670, 1, f, f, 57030, 0).
"
15708236,Wright,French,Female,72.0,6,91285.22,1,Yes,Yes,7032.95,0,"new row for relation ""bank_churn"" violates check constraint ""valid_countries""
DETAIL:  Failing row contains (15708236, Wright, French, Female, 72, 6, 91285, 1, t, t, 7033, 0).
"
15568469,Buckley,French,Male,43.0,0,0.0,2,No,No,27862.58,0,"new row for relation ""bank_churn"" violates check constraint ""valid_countries""
DETAIL:  Failing row contains (15568469, Buckley, French, Male, 43, 0, 0, 2, f, f, 27863, 0).
"
15782159,Ndubuagha,FRA,Male,28.0,8,67639.56,2,Yes,Yes,194245.29,0,"new row for relation ""bank_churn"" violates check constraint ""valid_countries""
DETAIL:  Failing row contains (15782159, Ndubuagha, FRA, Male, 28, 8, 67640, 2, t, t, 194245, 0).
"
15740487,Ross,FRA,Female,41.0,6,0.0,3,Yes,Yes,138700.75,1,"new row for relation ""bank_churn"" violates check constraint ""valid_countries""
DETAIL:  Failing row contains (15740487, Ross, FRA, Female, 41, 6, 0, 3, t, t, 138701, 1).
"
15722479,Ikenna,FRA,Male,37.0,1,0.0,2,Yes,Yes,6035.51,0,"new row for relation ""bank_churn"" violates check constraint ""valid_countries""
DETAIL:  Failing row contains (15722479, Ikenna, FRA, Male, 37, 1, 0, 2, t, t, 6036, 0).
"
15688264,Nkemdilim,French,Female,43.0,0,0.0,2,Yes,Yes,41263.69,0,"new row for relation ""bank_churn"" violates check constraint ""valid_countries""
DETAIL:  Failing row contains (15688264, Nkemdilim, French, Female, 43, 0, 0, 2, t, t, 41264, 0).
"
15583067,McMillan,FRA,Female,36.0,4,97157.96,1,Yes,Yes,63185.05,0,"new row for relation ""bank_churn"" violates check constraint ""valid_countries""
DETAIL:  Failing row contains (15583067, McMillan, FRA, Female, 36, 4, 97158, 1, t, t, 63185, 0).
"
15689268,Fitzpatrick,French,Male,36.0,9,0.0,1,Yes,Yes,105818.51,0,"new row for relation ""bank_churn"" violates check constraint ""valid_countries""
DETAIL:  Failing row contains (15689268, Fitzpatrick, French, Male, 36, 9, 0, 1, t, t, 105819, 0).
"
15721507,Pagan,French,Female,32.0,1,117094.02,1,No,No,149558.83,1,"new row for relation ""bank_churn"" violates check constraint ""valid_countries""
DETAIL:  Failing row contains (15721507, Pagan, French, Female, 32, 1, 117094, 1, f, f, 149559, 1).
"
15810723,Sanderson,FRA,Female,39.0,10,0.0,3,No,No,132741.13,1,"new row for relation ""bank_churn"" violates check constraint ""valid_countries""
DETAIL:  Failing row contains (15810723, Sanderson, FRA, Female, 39, 10, 0, 3, f, f, 132741, 1).
"
15801072,Hurst,French,Female,28.0,7,0.0,2,No,No,151316.37,0,"new row for relation ""bank_churn"" violates check constraint ""valid_countries""
DETAIL:  Failing row contains (15801072, Hurst, French, Female, 28, 7, 0, 2, f, f, 151316, 0).
"
15646082,Harding,FRA,Female,34.0,8,82909.14,1,No,No,91817.38,1,"new row for relation ""bank_churn"" violates check constraint ""valid_countries""
DETAIL:  Failing row contains (15646082, Harding, FRA, Female, 34, 8, 82909, 1, f, f, 91817, 1).
"
15578722,Bradley,FRA,Male,39.0,4,0.0,2,No,No,196112.45,0,"new row for relation ""bank_churn"" violates check constraint ""valid_countries""
DETAIL:  Failing row contains (15578722, Bradley, FRA, Male, 39, 4, 0, 2, f, f, 196112, 0).
"
15730360,Mackenzie,French,Male,30.0,4,0.0,2,Yes,Yes,66263.87,0,"new row for relation ""bank_churn"" violates check constraint ""valid_countries""
DETAIL:  Failing row contains (15730360, Mackenzie, French, Male, 30, 4, 0, 2, t, t, 66264, 0).
"
15763194,Milanesi,French,Male,34.0,7,0.0,2,Yes,Yes,100304.13,0,"new row for relation ""bank_churn"" violates check constraint ""valid_countries""
DETAIL:  Failing row contains (15763194, Milanesi, French, Male, 34, 7, 0, 2, t, t, 100304, 0).
"
15720725,Shubin,FRA,Male,28.0,2,0.0,2,No,No,167909.52,0,"new row for relation ""bank_churn"" violates check constraint ""valid_countries""
DETAIL:  Failing row contains (15720725, Shubin, FRA, Male, 28, 2, 0, 2, f, f, 167910, 0).
"
15567834,Nieves,FRA,Male,49.0,5,105918.1,1,Yes,Yes,16246.59,0,"new row for relation ""bank_churn"" violates check constraint ""valid_countries""
DETAIL:  Failing row contains (15567834, Nieves, FRA, Male, 49, 5, 105918, 1, t, t, 16247, 0).
"
15720644,Martin,French,Male,27.0,6,0.0,2,No,No,103603.65,0,"new row for relation ""bank_churn"" violates check constraint ""valid_countries""
DETAIL:  Failing row contains (15720644, Martin, French, Male, 27, 6, 0, 2, f, f, 103604, 0).
"
15731989,Moran,French,Male,36.0,4,120165.4,2,No,No,33701.5,0,"new row for relation ""bank_churn"" violates check constraint ""valid_countries""
DETAIL:  Failing row contains (15731989, Moran, French, Male, 36, 4, 120165, 2, f, f, 33702, 0).
"
15586479,Yin,French,Female,36.0,4,0.0,1,No,No,185580.89,1,"new row for relation ""bank_churn"" violates check constraint ""valid_countries""
DETAIL:  Failing row contains (15586479, Yin, French, Female, 36, 4, 0, 1, f, f, 185581, 1).
"
15605872,Felix,French,Male,73.0,6,66573.17,1,Yes,Yes,62768.8,0,"new row for relation ""bank_churn"" violates check constraint ""valid_countries""
DETAIL:  Failing row contains (15605872, Felix, French, Male, 73, 6, 66573, 1, t, t, 62769, 0).
"
15666012,Rippey,French,Male,40.0,4,102833.46,2,Yes,Yes,38829.11,0,"new row for relation ""bank_churn"" violates check constraint ""valid_countries""
DETAIL:  Failing row contains (15666012, Rippey, French, Male, 40, 4, 102833, 2, t, t, 38829, 0).
"
15641733,Mishina,FRA,Female,34.0,5,164757.56,1,No,No,110748.88,0,"new row for relation ""bank_churn"" violates check constraint ""valid_countries""
DETAIL:  Failing row contains (15641733, Mishina, FRA, Female, 34, 5, 164758, 1, f, f, 110749, 0).
"
15726167,Scott,French,Male,37.0,4,0.0,2,Yes,Yes,142415.97,0,"new row for relation ""bank_churn"" violates check constraint ""valid_countries""
DETAIL:  Failing row contains (15726167, Scott, French, Male, 37, 4, 0, 2, t, t, 142416, 0).
"
15624850,Grant,FRA,Male,30.0,10,153972.89,2,No,No,62811.03,0,"new row for relation ""bank_churn"" violates check constraint ""valid_countries""
DETAIL:  Failing row contains (15624850, Grant, FRA, Male, 30, 10, 153973, 2, f, f, 62811, 0).
"
15638871,Ch'ang,FRA,Male,77.0,6,80926.02,2,Yes,Yes,55829.25,0,"new row for relation ""bank_churn"" violates check constraint ""valid_countries""
DETAIL:  Failing row contains (15638871, Ch'ang, FRA, Male, 77, 6, 80926, 2, t, t, 55829, 0).
"
15765093,Coates,French,Male,23.0,6,166594.78,1,Yes,Yes,155823.2,0,"new row for relation ""bank_churn"" violates check constraint ""valid_countries""
DETAIL:  Failing row contains (15765093, Coates, French, Male, 23, 6, 166595, 1, t, t, 155823, 0).
"
15592999,Reid,FRA,Female,40.0,0,115465.98,1,Yes,Yes,60622.61,0,"new row for relation ""bank_churn"" violates check constraint ""valid_countries""
DETAIL:  Failing row contains (15592999, Reid, FRA, Female, 40, 0, 115466, 1, t, t, 60623, 0).
"
15641715,Ts'ui,French,Male,34.0,8,0.0,2,Yes,Yes,174196.68,0,"new row for relation ""bank_churn"" violates check constraint ""valid_countries""
DETAIL:  Failing row contains (15641715, Ts'ui, French, Male, 34, 8, 0, 2, t, t, 174197, 0).
"
15607746,Belstead,FRA,Female,36.0,1,0.0,1,Yes,Yes,56905.38,0,"new row for relation ""bank_churn"" violates check constraint ""valid_countries""
DETAIL:  Failing row contains (15607746, Belstead, FRA, Female, 36, 1, 0, 1, t, t, 56905, 0).
"
15589881,Rowe,French,Female,41.0,7,0.0,2,Yes,Yes,131284.93,0,"new row for relation ""bank_churn"" violates check constraint ""valid_countries""
DETAIL:  Failing row contains (15589881, Rowe, French, Female, 41, 7, 0, 2, t, t, 131285, 0).
"
15660144,Balashov,FRA,Male,38.0,4,0.0,2,No,No,88080.43,0,"new row for relation ""bank_churn"" violates check constraint ""valid_countries""
DETAIL:  Failing row contains (15660144, Balashov, FRA, Male, 38, 4, 0, 2, f, f, 88080, 0).
"
15690898,Bogolyubova,FRA,Male,44.0,8,161889.79,1,No,No,75562.47,0,"new row for relation ""bank_churn"" violates check constraint ""valid_countries""
DETAIL:  Failing row contains (15690898, Bogolyubova, FRA, Male, 44, 8, 161890, 1, f, f, 75562, 0).
"
15808023,Remington,FRA,Female,29.0,9,133681.78,1,Yes,Yes,153747.73,0,"new row for relation ""bank_churn"" violates check constraint ""valid_countries""
DETAIL:  Failing row contains (15808023, Remington, FRA, Female, 29, 9, 133682, 1, t, t, 153748, 0).
"
15766734,Castiglione,French,Male,31.0,5,0.0,1,No,No,95655.16,0,"new row for relation ""bank_churn"" violates check constraint ""valid_countries""
DETAIL:  Failing row contains (15766734, Castiglione, French, Male, 31, 5, 0, 1, f, f, 95655, 0).
"
15757434,Yang,FRA,Male,28.0,7,119706.22,1,No,No,31190.42,0,"new row for relation ""bank_churn"" violates check constraint ""valid_countries""
DETAIL:  Failing row contains (15757434, Yang, FRA, Male, 28, 7, 119706, 1, f, f, 31190, 0).
"
15673747,Ayers,French,Female,22.0,8,0.0,1,Yes,Yes,167553.06,0,"new row for relation ""bank_churn"" violates check constraint ""valid_countries""
DETAIL:  Failing row contains (15673747, Ayers, French, Female, 22, 8, 0, 1, t, t, 167553, 0).
"
15677395,Nwabugwu,FRA,Female,39.0,9,129189.15,2,No,No,170998.83,0,"new row for relation ""bank_churn"" violates check constraint ""valid_countries""
DETAIL:  Failing row contains (15677395, Nwabugwu, FRA, Female, 39, 9, 129189, 2, f, f, 170999, 0).
"
15694677,Bennetts,FRA,Male,39.0,1,0.0,2,Yes,Yes,141841.31,0,"new row for relation ""bank_churn"" violates check constraint ""valid_countries""
DETAIL:  Failing row contains (15694677, Bennetts, FRA, Male, 39, 1, 0, 2, t, t, 141841, 0).
"
15704315,Teng,FRA,Male,34.0,8,163757.06,1,Yes,Yes,104000.06,0,"new row for relation ""bank_churn"" violates check constraint ""valid_countries""
DETAIL:  Failing row contains (15704315, Teng, FRA, Male, 34, 8, 163757, 1, t, t, 104000, 0).
"
15766663,Mahmood,French,Male,22.0,4,0.0,2,No,No,28188.96,0,"new row for relation ""bank_churn"" violates check constraint ""valid_countries""
DETAIL:  Failing row contains (15766663, Mahmood, French, Male, 22, 4, 0, 2, f, f, 28189, 0).
"
15742297,Sinclair,FRA,Male,35.0,2,141005.47,1,Yes,Yes,60407.93,0,"new row for relation ""bank_churn"" violates check constraint ""valid_countries""
DETAIL:  Failing row contains (15742297, Sinclair, FRA, Male, 35, 2, 141005, 1, t, t, 60408, 0).
"
15635598,Hsieh,French,Male,29.0,6,0.0,2,No,No,168023.6,0,"new row for relation ""bank_churn"" violates check constraint ""valid_countries""
DETAIL:  Failing row contains (15635598, Hsieh, French, Male, 29, 6, 0, 2, f, f, 168024, 0).
"
15746258,Wright,FRA,Male,29.0,7,101486.96,1,Yes,Yes,8788.35,0,"new row for relation ""bank_churn"" violates check constraint ""valid_countries""
DETAIL:  Failing row contains (15746258, Wright, FRA, Male, 29, 7, 101487, 1, t, t, 8788, 0).
"
15591248,Chukwumaobim,FRA,Female,29.0,9,71996.29,1,Yes,Yes,34857.46,0,"new row for relation ""bank_churn"" violates check constraint ""valid_countries""
DETAIL:  Failing row contains (15591248, Chukwumaobim, FRA, Female, 29, 9, 71996, 1, t, t, 34857, 0).
"
15676156,Boyle,FRA,Female,32.0,4,85615.66,2,No,No,156192.43,0,"new row for relation ""bank_churn"" violates check constraint ""valid_countries""
DETAIL:  Failing row contains (15676156, Boyle, FRA, Female, 32, 4, 85616, 2, f, f, 156192, 0).
"
15812918,Scott,French,Female,27.0,6,62339.81,2,No,No,53874.67,0,"new row for relation ""bank_churn"" violates check constraint ""valid_countries""
DETAIL:  Failing row contains (15812918, Scott, French, Female, 27, 6, 62340, 2, f, f, 53875, 0).
"
15700549,Alvares,FRA,Male,54.0,5,0.0,2,Yes,Yes,4493.12,0,"new row for relation ""bank_churn"" violates check constraint ""valid_countries""
DETAIL:  Failing row contains (15700549, Alvares, FRA, Male, 54, 5, 0, 2, t, t, 4493, 0).
"
15605276,Brothers,FRA,Female,29.0,4,0.0,2,Yes,Yes,180066.59,0,"new row for relation ""bank_churn"" violates check constraint ""valid_countries""
DETAIL:  Failing row contains (15605276, Brothers, FRA, Female, 29, 4, 0, 2, t, t, 180067, 0).
"
15630592,Sanders,French,Female,45.0,4,0.0,1,No,No,95273.73,1,"new row for relation ""bank_churn"" violates check constraint ""valid_countries""
DETAIL:  Failing row contains (15630592, Sanders, French, Female, 45, 4, 0, 1, f, f, 95274, 1).
"
15636626,Morrison,French,Male,35.0,3,97560.16,1,Yes,Yes,53511.74,0,"new row for relation ""bank_churn"" violates check constraint ""valid_countries""
DETAIL:  Failing row contains (15636626, Morrison, French, Male, 35, 3, 97560, 1, t, t, 53512, 0).
"
15804235,Zetticci,FRA,Female,37.0,2,166178.02,2,Yes,Yes,71972.95,0,"new row for relation ""bank_churn"" violates check constraint ""valid_countries""
DETAIL:  Failing row contains (15804235, Zetticci, FRA, Female, 37, 2, 166178, 2, t, t, 71973, 0).
"
15598266,Martin,French,Male,40.0,9,0.0,1,Yes,Yes,149602.54,0,"new row for relation ""bank_churn"" violates check constraint ""valid_countries""
DETAIL:  Failing row contains (15598266, Martin, French, Male, 40, 9, 0, 1, t, t, 149603, 0).
"
15667934,Moretti,FRA,Male,36.0,0,129804.17,1,No,No,53020.9,0,"new row for relation ""bank_churn"" violates check constraint ""valid_countries""
DETAIL:  Failing row contains (15667934, Moretti, FRA, Male, 36, 0, 129804, 1, f, f, 53021, 0).
"
15717065,Balashov,French,Female,35.0,8,105419.73,1,No,No,35356.46,0,"new row for relation ""bank_churn"" violates check constraint ""valid_countries""
DETAIL:  Failing row contains (15717065, Balashov, French, Female, 35, 8, 105420, 1, f, f, 35356, 0).
"
15599152,Lai,FRA,Male,31.0,1,156111.24,1,No,No,134790.74,0,"new row for relation ""bank_churn"" violates check constraint ""valid_countries""
DETAIL:  Failing row contains (15599152, Lai, FRA, Male, 31, 1, 156111, 1, f, f, 134791, 0).
"
15737909,Bates,French,Male,44.0,2,111095.58,2,No,No,100137.7,0,"new row for relation ""bank_churn"" violates check constraint ""valid_countries""
DETAIL:  Failing row contains (15737909, Bates, French, Male, 44, 2, 111096, 2, f, f, 100138, 0).
"
15646190,Saunders,FRA,Female,56.0,0,119963.45,1,No,No,158325.87,1,"new row for relation ""bank_churn"" violates check constraint ""valid_countries""
DETAIL:  Failing row contains (15646190, Saunders, FRA, Female, 56, 0, 119963, 1, f, f, 158326, 1).
"
15784526,Chen,FRA,Male,44.0,5,102016.38,1,Yes,Yes,178235.37,1,"new row for relation ""bank_churn"" violates check constraint ""valid_countries""
DETAIL:  Failing row contains (15784526, Chen, FRA, Male, 44, 5, 102016, 1, t, t, 178235, 1).
"
15744423,Cocci,FRA,Male,32.0,5,0.0,2,No,No,84871.99,0,"new row for relation ""bank_churn"" violates check constraint ""valid_countries""
DETAIL:  Failing row contains (15744423, Cocci, FRA, Male, 32, 5, 0, 2, f, f, 84872, 0).
"
15785367,McGuffog,French,Female,56.0,4,0.0,1,No,No,84383.22,1,"new row for relation ""bank_churn"" violates check constraint ""valid_countries""
DETAIL:  Failing row contains (15785367, McGuffog, French, Female, 56, 4, 0, 1, f, f, 84383, 1).
"
15599272,Harrington,French,Female,36.0,1,151844.64,1,Yes,Yes,135388.89,0,"new row for relation ""bank_churn"" violates check constraint ""valid_countries""
DETAIL:  Failing row contains (15599272, Harrington, French, Female, 36, 1, 151845, 1, t, t, 135389, 0).
"
15589541,Sutherland,FRA,Female,27.0,2,0.0,2,Yes,Yes,4497.55,0,"new row for relation ""bank_churn"" violates check constraint ""valid_countries""
DETAIL:  Failing row contains (15589541, Sutherland, FRA, Female, 27, 2, 0, 2, t, t, 4498, 0).
"
15645820,Folliero,FRA,Male,27.0,7,0.0,2,No,No,111471.55,0,"new row for relation ""bank_churn"" violates check constraint ""valid_countries""
DETAIL:  Failing row contains (15645820, Folliero, FRA, Male, 27, 7, 0, 2, f, f, 111472, 0).
"
15659031,Mordvinova,French,Female,36.0,8,126598.99,2,Yes,Yes,134407.93,0,"new row for relation ""bank_churn"" violates check constraint ""valid_countries""
DETAIL:  Failing row contains (15659031, Mordvinova, French, Female, 36, 8, 126599, 2, t, t, 134408, 0).
"
15652289,Williams,French,Male,47.0,4,0.0,2,No,No,197528.62,0,"new row for relation ""bank_churn"" violates check constraint ""valid_countries""
DETAIL:  Failing row contains (15652289, Williams, French, Male, 47, 4, 0, 2, f, f, 197529, 0).
"
15729377,Ku,French,Male,36.0,1,0.0,2,Yes,Yes,159044.1,0,"new row for relation ""bank_churn"" violates check constraint ""valid_countries""
DETAIL:  Failing row contains (15729377, Ku, French, Male, 36, 1, 0, 2, t, t, 159044, 0).
"
15631267,Lu,French,Male,50.0,6,153590.73,2,Yes,Yes,130910.78,0,"new row for relation ""bank_churn"" violates check constraint ""valid_countries""
DETAIL:  Failing row contains (15631267, Lu, French, Male, 50, 6, 153591, 2, t, t, 130911, 0).
"
15715907,Onwubiko,French,Male,64.0,9,113109.52,1,No,No,27980.8,1,"new row for relation ""bank_churn"" violates check constraint ""valid_countries""
DETAIL:  Failing row contains (15715907, Onwubiko, French, Male, 64, 9, 113110, 1, f, f, 27981, 1).
"
15764841,Vidler,FRA,Female,35.0,0,130557.24,1,Yes,Yes,47880.71,0,"new row for relation ""bank_churn"" violates check constraint ""valid_countries""
DETAIL:  Failing row contains (15764841, Vidler, FRA, Female, 35, 0, 130557, 1, t, t, 47881, 0).
"
15748649,Shen,French,Male,40.0,8,93183.19,1,No,No,73882.49,0,"new row for relation ""bank_churn"" violates check constraint ""valid_countries""
DETAIL:  Failing row contains (15748649, Shen, French, Male, 40, 8, 93183, 1, f, f, 73882, 0).
"
15814116,Castiglione,FRA,Female,42.0,7,0.0,2,No,No,144039.05,0,"new row for relation ""bank_churn"" violates check constraint ""valid_countries""
DETAIL:  Failing row contains (15814116, Castiglione, FRA, Female, 42, 7, 0, 2, f, f, 144039, 0).
"
15729718,Stelzer,FRA,Male,41.0,6,0.0,3,No,No,56118.81,1,"new row for relation ""bank_churn"" violates check constraint ""valid_countries""
DETAIL:  Failing row contains (15729718, Stelzer, FRA, Male, 41, 6, 0, 3, f, f, 56119, 1).
"
15620103,Ho,FRA,Female,40.0,8,167181.01,1,Yes,Yes,185156.94,0,"new row for relation ""bank_churn"" violates check constraint ""valid_countries""
DETAIL:  Failing row contains (15620103, Ho, FRA, Female, 40, 8, 167181, 1, t, t, 185157, 0).
"
15800554,Perry,FRA,Female,81.0,1,0.0,2,Yes,Yes,59568.24,0,"new row for relation ""bank_churn"" violates check constraint ""valid_countries""
DETAIL:  Failing row contains (15800554, Perry, FRA, Female, 81, 1, 0, 2, t, t, 59568, 0).
"
15646535,Harrell,FRA,Male,46.0,5,113226.47,1,No,No,56770.76,0,"new row for relation ""bank_churn"" violates check constraint ""valid_countries""
DETAIL:  Failing row contains (15646535, Harrell, FRA, Male, 46, 5, 113226, 1, f, f, 56771, 0).
"
15575430,Robson,French,Female,33.0,1,118392.75,1,Yes,Yes,157564.75,0,"new row for relation ""bank_churn"" violates check constraint ""valid_countries""
DETAIL:  Failing row contains (15575430, Robson, French, Female, 33, 1, 118393, 1, t, t, 157565, 0).
"
15642063,Kelechi,French,Male,40.0,6,163505.16,1,No,No,90424.09,0,"new row for relation ""bank_churn"" violates check constraint ""valid_countries""
DETAIL:  Failing row contains (15642063, Kelechi, French, Male, 40, 6, 163505, 1, f, f, 90424, 0).
"
15786539,Olisaemeka,French,Male,32.0,1,0.0,2,Yes,Yes,46200.71,0,"new row for relation ""bank_churn"" violates check constraint ""valid_countries""
DETAIL:  Failing row contains (15786539, Olisaemeka, French, Male, 32, 1, 0, 2, t, t, 46201, 0).
"
15773776,Ho,French,Female,38.0,6,0.0,1,Yes,Yes,188639.28,0,"new row for relation ""bank_churn"" violates check constraint ""valid_countries""
DETAIL:  Failing row contains (15773776, Ho, French, Female, 38, 6, 0, 1, t, t, 188639, 0).
"
15649430,White,FRA,Male,28.0,4,0.0,2,Yes,Yes,123885.88,0,"new row for relation ""bank_churn"" violates check constraint ""valid_countries""
DETAIL:  Failing row contains (15649430, White, FRA, Male, 28, 4, 0, 2, t, t, 123886, 0).
"
15791326,Nnamdi,FRA,Male,34.0,3,0.0,1,No,No,188135.69,0,"new row for relation ""bank_churn"" violates check constraint ""valid_countries""
DETAIL:  Failing row contains (15791326, Nnamdi, FRA, Male, 34, 3, 0, 1, f, f, 188136, 0).
"
15615176,Welsh,FRA,Male,26.0,7,0.0,2,No,No,154364.66,0,"new row for relation ""bank_churn"" violates check constraint ""valid_countries""
DETAIL:  Failing row contains (15615176, Welsh, FRA, Male, 26, 7, 0, 2, f, f, 154365, 0).
"
15735221,Sousa,FRA,Female,42.0,10,0.0,2,No,No,61312.15,0,"new row for relation ""bank_churn"" violates check constraint ""valid_countries""
DETAIL:  Failing row contains (15735221, Sousa, FRA, Female, 42, 10, 0, 2, f, f, 61312, 0).
"
15617991,Andrews,French,Male,29.0,4,128744.04,1,Yes,Yes,47454.93,0,"new row for relation ""bank_churn"" violates check constraint ""valid_countries""
DETAIL:  Failing row contains (15617991, Andrews, French, Male, 29, 4, 128744, 1, t, t, 47455, 0).
"
15801817,Carpenter,French,Female,38.0,7,123544.21,1,Yes,Yes,157664.02,0,"new row for relation ""bank_churn"" violates check constraint ""valid_countries""
DETAIL:  Failing row contains (15801817, Carpenter, French, Female, 38, 7, 123544, 1, t, t, 157664, 0).
"
15752578,Yefimova,French,Female,37.0,2,133968.96,2,No,No,148689.65,0,"new row for relation ""bank_churn"" violates check constraint ""valid_countries""
DETAIL:  Failing row contains (15752578, Yefimova, French, Female, 37, 2, 133969, 2, f, f, 148690, 0).
"
15675176,Price,French,Male,51.0,6,144953.31,1,Yes,Yes,165035.17,0,"new row for relation ""bank_churn"" violates check constraint ""valid_countries""
DETAIL:  Failing row contains (15675176, Price, French, Male, 51, 6, 144953, 1, t, t, 165035, 0).
"
15700046,Yuan,FRA,Male,41.0,4,103544.88,2,No,No,193746.55,0,"new row for relation ""bank_churn"" violates check constraint ""valid_countries""
DETAIL:  Failing row contains (15700046, Yuan, FRA, Male, 41, 4, 103545, 2, f, f, 193747, 0).
"
15782089,Mullen,FRA,Male,33.0,6,0.0,1,No,No,58458.26,0,"new row for relation ""bank_churn"" violates check constraint ""valid_countries""
DETAIL:  Failing row contains (15782089, Mullen, FRA, Male, 33, 6, 0, 1, f, f, 58458, 0).
"
15706394,Howell,FRA,Male,53.0,7,0.0,2,Yes,Yes,52332.85,0,"new row for relation ""bank_churn"" violates check constraint ""valid_countries""
DETAIL:  Failing row contains (15706394, Howell, FRA, Male, 53, 7, 0, 2, t, t, 52333, 0).
"
15750545,Chidiebere,French,Male,44.0,5,0.0,4,No,No,117572.59,1,"new row for relation ""bank_churn"" violates check constraint ""valid_countries""
DETAIL:  Failing row contains (15750545, Chidiebere, French, Male, 44, 5, 0, 4, f, f, 117573, 1).
"
15768342,Bolton,FRA,Male,52.0,8,79475.3,3,Yes,Yes,32421.32,1,"new row for relation ""bank_churn"" violates check constraint ""valid_countries""
DETAIL:  Failing row contains (15768342, Bolton, FRA, Male, 52, 8, 79475, 3, t, t, 32421, 1).
"
15778345,Stevens,French,Female,33.0,1,74385.98,1,No,No,20164.47,0,"new row for relation ""bank_churn"" violates check constraint ""valid_countries""
DETAIL:  Failing row contains (15778345, Stevens, French, Female, 33, 1, 74386, 1, f, f, 20164, 0).
"
15656417,Marsh,French,Female,39.0,1,132077.48,2,No,No,192255.15,0,"new row for relation ""bank_churn"" violates check constraint ""valid_countries""
DETAIL:  Failing row contains (15656417, Marsh, French, Female, 39, 1, 132077, 2, f, f, 192255, 0).
"
15649101,Reeves,FRA,Male,40.0,10,127847.86,1,No,No,173245.68,0,"new row for relation ""bank_churn"" violates check constraint ""valid_countries""
DETAIL:  Failing row contains (15649101, Reeves, FRA, Male, 40, 10, 127848, 1, f, f, 173246, 0).
"
15781975,Rees,FRA,Male,34.0,3,0.0,1,Yes,Yes,121457.88,1,"new row for relation ""bank_churn"" violates check constraint ""valid_countries""
DETAIL:  Failing row contains (15781975, Rees, FRA, Male, 34, 3, 0, 1, t, t, 121458, 1).
"
15643574,Odinakachukwu,French,Male,26.0,8,0.0,2,No,No,178373.43,0,"new row for relation ""bank_churn"" violates check constraint ""valid_countries""
DETAIL:  Failing row contains (15643574, Odinakachukwu, French, Male, 26, 8, 0, 2, f, f, 178373, 0).
"
15580579,Trevisani,French,Female,40.0,1,0.0,1,Yes,Yes,49594.19,1,"new row for relation ""bank_churn"" violates check constraint ""valid_countries""
DETAIL:  Failing row contains (15580579, Trevisani, French, Female, 40, 1, 0, 1, t, t, 49594, 1).
"
15620832,Dean,French,Female,35.0,0,0.0,2,Yes,Yes,61290.99,0,"new row for relation ""bank_churn"" violates check constraint ""valid_countries""
DETAIL:  Failing row contains (15620832, Dean, French, Female, 35, 0, 0, 2, t, t, 61291, 0).
"
15588019,Li Fonti,FRA,Male,28.0,7,98738.92,1,No,No,122190.22,0,"new row for relation ""bank_churn"" violates check constraint ""valid_countries""
DETAIL:  Failing row contains (15588019, Li Fonti, FRA, Male, 28, 7, 98739, 1, f, f, 122190, 0).
"
15613699,Schnaars,FRA,Female,60.0,7,73937.02,1,No,No,161937.62,1,"new row for relation ""bank_churn"" violates check constraint ""valid_countries""
DETAIL:  Failing row contains (15613699, Schnaars, FRA, Female, 60, 7, 73937, 1, f, f, 161938, 1).
"
15791769,Gardener,French,Female,29.0,9,116536.43,1,No,No,51987.99,0,"new row for relation ""bank_churn"" violates check constraint ""valid_countries""
DETAIL:  Failing row contains (15791769, Gardener, French, Female, 29, 9, 116536, 1, f, f, 51988, 0).
"
15636454,Fu,FRA,Female,60.0,6,101070.69,1,No,No,177355.8,1,"new row for relation ""bank_churn"" violates check constraint ""valid_countries""
DETAIL:  Failing row contains (15636454, Fu, FRA, Female, 60, 6, 101071, 1, f, f, 177356, 1).
"
15796787,Vassiliev,French,Male,46.0,0,105969.42,1,No,No,5771.56,0,"new row for relation ""bank_churn"" violates check constraint ""valid_countries""
DETAIL:  Failing row contains (15796787, Vassiliev, French, Male, 46, 0, 105969, 1, f, f, 5772, 0).
"
15615670,Kazakova,FRA,Male,36.0,5,119547.46,1,Yes,Yes,42693.65,0,"new row for relation ""bank_churn"" violates check constraint ""valid_countries""
DETAIL:  Failing row contains (15615670, Kazakova, FRA, Male, 36, 5, 119547, 1, t, t, 42694, 0).
"
15725002,Smith,French,Male,37.0,7,0.0,2,No,No,20306.79,0,"new row for relation ""bank_churn"" violates check constraint ""valid_countries""
DETAIL:  Failing row contains (15725002, Smith, French, Male, 37, 7, 0, 2, f, f, 20307, 0).
"
15629133,Black,FRA,Female,27.0,9,0.0,2,No,No,126838.7,0,"new row for relation ""bank_churn"" violates check constraint ""valid_countries""
DETAIL:  Failing row contains (15629133, Black, FRA, Female, 27, 9, 0, 2, f, f, 126839, 0).
"
15604963,Fraser,French,Male,39.0,5,0.0,2,No,No,181461.46,0,"new row for relation ""bank_churn"" violates check constraint ""valid_countries""
DETAIL:  Failing row contains (15604963, Fraser, French, Male, 39, 5, 0, 2, f, f, 181461, 0).
"
15796413,Green,FRA,Male,46.0,6,0.0,2,No,No,195325.74,0,"new row for relation ""bank_churn"" violates check constraint ""valid_countries""
DETAIL:  Failing row contains (15796413, Green, FRA, Male, 46, 6, 0, 2, f, f, 195326, 0).
"
15812470,Allan,FRA,Male,61.0,5,0.0,2,Yes,Yes,29132.43,0,"new row for relation ""bank_churn"" violates check constraint ""valid_countries""
DETAIL:  Failing row contains (15812470, Allan, FRA, Male, 61, 5, 0, 2, t, t, 29132, 0).
"
15620570,Sinnett,FRA,Male,43.0,4,202443.47,1,No,No,72375.03,0,"new row for relation ""bank_churn"" violates check constraint ""valid_countries""
DETAIL:  Failing row contains (15620570, Sinnett, FRA, Male, 43, 4, 202443, 1, f, f, 72375, 0).
"
15702030,Azarov,FRA,Female,29.0,2,104982.57,1,No,No,157378.5,0,"new row for relation ""bank_churn"" violates check constraint ""valid_countries""
DETAIL:  Failing row contains (15702030, Azarov, FRA, Female, 29, 2, 104983, 1, f, f, 157379, 0).
"
15654760,Su,French,Male,40.0,1,101514.89,1,Yes,Yes,121765.0,0,"new row for relation ""bank_churn"" violates check constraint ""valid_countries""
DETAIL:  Failing row contains (15654760, Su, French, Male, 40, 1, 101515, 1, t, t, 121765, 0).
"
15674583,Trevisani,FRA,Male,25.0,0,78396.08,1,Yes,Yes,8316.19,0,"new row for relation ""bank_churn"" violates check constraint ""valid_countries""
DETAIL:  Failing row contains (15674583, Trevisani, FRA, Male, 25, 0, 78396, 1, t, t, 8316, 0).
"
15588854,Wu,FRA,Female,31.0,3,110581.29,1,Yes,Yes,94715.24,0,"new row for relation ""bank_churn"" violates check constraint ""valid_countries""
DETAIL:  Failing row contains (15588854, Wu, FRA, Female, 31, 3, 110581, 1, t, t, 94715, 0).
"
15569394,Bailey,FRA,Male,24.0,2,148197.15,2,No,No,182775.08,0,"new row for relation ""bank_churn"" violates check constraint ""valid_countries""
DETAIL:  Failing row contains (15569394, Bailey, FRA, Male, 24, 2, 148197, 2, f, f, 182775, 0).
"
15641007,Holden,French,Female,38.0,4,72594.0,1,Yes,Yes,76042.48,0,"new row for relation ""bank_churn"" violates check constraint ""valid_countries""
DETAIL:  Failing row contains (15641007, Holden, French, Female, 38, 4, 72594, 1, t, t, 76042, 0).
"
15594651,Milani,French,Male,38.0,4,115221.36,1,Yes,Yes,70956.75,0,"new row for relation ""bank_churn"" violates check constraint ""valid_countries""
DETAIL:  Failing row contains (15594651, Milani, French, Male, 38, 4, 115221, 1, t, t, 70957, 0).
"
15608916,Ndubueze,French,Male,40.0,7,147754.68,1,Yes,Yes,110454.46,0,"new row for relation ""bank_churn"" violates check constraint ""valid_countries""
DETAIL:  Failing row contains (15608916, Ndubueze, French, Male, 40, 7, 147755, 1, t, t, 110454, 0).
"
15652667,Hampton,FRA,Male,39.0,9,0.0,2,Yes,Yes,104730.52,0,"new row for relation ""bank_churn"" violates check constraint ""valid_countries""
DETAIL:  Failing row contains (15652667, Hampton, FRA, Male, 39, 9, 0, 2, t, t, 104731, 0).
"
15813192,Chukwuemeka,FRA,Male,25.0,6,0.0,2,Yes,Yes,109988.09,0,"new row for relation ""bank_churn"" violates check constraint ""valid_countries""
DETAIL:  Failing row contains (15813192, Chukwuemeka, FRA, Male, 25, 6, 0, 2, t, t, 109988, 0).
"
15711759,Wilkins,FRA,Female,29.0,5,108541.04,1,Yes,Yes,126469.09,0,"new row for relation ""bank_churn"" violates check constraint ""valid_countries""
DETAIL:  Failing row contains (15711759, Wilkins, FRA, Female, 29, 5, 108541, 1, t, t, 126469, 0).
"
15615296,Rice,French,Male,39.0,10,0.0,1,No,No,160810.85,1,"new row for relation ""bank_churn"" violates check constraint ""valid_countries""
DETAIL:  Failing row contains (15615296, Rice, French, Male, 39, 10, 0, 1, f, f, 160811, 1).
"
15699294,Pope,FRA,Male,30.0,1,0.0,2,No,No,88146.86,0,"new row for relation ""bank_churn"" violates check constraint ""valid_countries""
DETAIL:  Failing row contains (15699294, Pope, FRA, Male, 30, 1, 0, 2, f, f, 88147, 0).
"
15660871,Ch'ang,FRA,Male,28.0,8,137300.23,1,No,No,90174.83,0,"new row for relation ""bank_churn"" violates check constraint ""valid_countries""
DETAIL:  Failing row contains (15660871, Ch'ang, FRA, Male, 28, 8, 137300, 1, f, f, 90175, 0).
"
15711977,Finch,FRA,Male,36.0,4,161533.0,1,No,No,100940.91,0,"new row for relation ""bank_churn"" violates check constraint ""valid_countries""
DETAIL:  Failing row contains (15711977, Finch, FRA, Male, 36, 4, 161533, 1, f, f, 100941, 0).
"
15675450,Burt,FRA,Male,48.0,9,0.0,2,Yes,Yes,72105.63,0,"new row for relation ""bank_churn"" violates check constraint ""valid_countries""
DETAIL:  Failing row contains (15675450, Burt, FRA, Male, 48, 9, 0, 2, t, t, 72106, 0).
"
15777452,Sauve,French,Female,46.0,6,88820.29,1,No,No,70224.34,0,"new row for relation ""bank_churn"" violates check constraint ""valid_countries""
DETAIL:  Failing row contains (15777452, Sauve, French, Female, 46, 6, 88820, 1, f, f, 70224, 0).
"
15791045,Boni,FRA,Female,38.0,3,132951.92,1,Yes,Yes,124486.28,0,"new row for relation ""bank_churn"" violates check constraint ""valid_countries""
DETAIL:  Failing row contains (15791045, Boni, FRA, Female, 38, 3, 132952, 1, t, t, 124486, 0).
"
15702801,Ts'ao,French,Female,29.0,3,86616.35,1,No,No,91903.9,1,"new row for relation ""bank_churn"" violates check constraint ""valid_countries""
DETAIL:  Failing row contains (15702801, Ts'ao, French, Female, 29, 3, 86616, 1, f, f, 91904, 1).
"
15719931,Johnstone,FRA,Male,31.0,8,0.0,2,No,No,178667.7,0,"new row for relation ""bank_churn"" violates check constraint ""valid_countries""
DETAIL:  Failing row contains (15719931, Johnstone, FRA, Male, 31, 8, 0, 2, f, f, 178668, 0).
"
15647306,Gibbs,FRA,Female,29.0,9,131240.61,1,Yes,Yes,163746.09,1,"new row for relation ""bank_churn"" violates check constraint ""valid_countries""
DETAIL:  Failing row contains (15647306, Gibbs, FRA, Female, 29, 9, 131241, 1, t, t, 163746, 1).
"
15675650,Duncan,FRA,Female,39.0,8,97819.36,1,Yes,Yes,120531.31,0,"new row for relation ""bank_churn"" violates check constraint ""valid_countries""
DETAIL:  Failing row contains (15675650, Duncan, FRA, Female, 39, 8, 97819, 1, t, t, 120531, 0).
"
15765048,Watt,French,Male,30.0,3,0.0,2,No,No,170307.43,0,"new row for relation ""bank_churn"" violates check constraint ""valid_countries""
DETAIL:  Failing row contains (15765048, Watt, French, Male, 30, 3, 0, 2, f, f, 170307, 0).
"
15786215,Udinese,French,Male,56.0,8,119496.25,2,No,No,29880.99,0,"new row for relation ""bank_churn"" violates check constraint ""valid_countries""
DETAIL:  Failing row contains (15786215, Udinese, French, Male, 56, 8, 119496, 2, f, f, 29881, 0).
"
15582129,Hsia,FRA,Male,62.0,1,43772.66,3,No,No,187756.24,1,"new row for relation ""bank_churn"" violates check constraint ""valid_countries""
DETAIL:  Failing row contains (15582129, Hsia, FRA, Male, 62, 1, 43773, 3, f, f, 187756, 1).
"
15687540,Obiuto,FRA,Male,32.0,9,100249.41,2,Yes,Yes,67599.69,0,"new row for relation ""bank_churn"" violates check constraint ""valid_countries""
DETAIL:  Failing row contains (15687540, Obiuto, FRA, Male, 32, 9, 100249, 2, t, t, 67600, 0).
"
15670898,McKenzie,French,Female,60.0,5,108028.08,2,No,No,25980.42,1,"new row for relation ""bank_churn"" violates check constraint ""valid_countries""
DETAIL:  Failing row contains (15670898, McKenzie, French, Female, 60, 5, 108028, 2, f, f, 25980, 1).
"
15631756,Tuan,FRA,Female,35.0,5,147813.05,2,No,No,109029.72,0,"new row for relation ""bank_churn"" violates check constraint ""valid_countries""
DETAIL:  Failing row contains (15631756, Tuan, FRA, Female, 35, 5, 147813, 2, f, f, 109030, 0).
"
15757617,Lewis,French,Male,55.0,6,134140.68,1,No,No,2267.88,0,"new row for relation ""bank_churn"" violates check constraint ""valid_countries""
DETAIL:  Failing row contains (15757617, Lewis, French, Male, 55, 6, 134141, 1, f, f, 2268, 0).
"
15612729,Chidiebere,French,Female,63.0,7,0.0,2,Yes,Yes,55054.48,0,"new row for relation ""bank_churn"" violates check constraint ""valid_countries""
DETAIL:  Failing row contains (15612729, Chidiebere, French, Female, 63, 7, 0, 2, t, t, 55054, 0).
"
15637857,Woolacott,French,Female,31.0,8,0.0,1,Yes,Yes,76456.17,0,"new row for relation ""bank_churn"" violates check constraint ""valid_countries""
DETAIL:  Failing row contains (15637857, Woolacott, French, Female, 31, 8, 0, 1, t, t, 76456, 0).
"
15681007,Yen,FRA,Female,35.0,2,128548.49,4,No,No,75478.95,1,"new row for relation ""bank_churn"" violates check constraint ""valid_countries""
DETAIL:  Failing row contains (15681007, Yen, FRA, Female, 35, 2, 128548, 4, f, f, 75479, 1).
"
15593622,Service,FRA,Male,43.0,10,122198.21,2,Yes,Yes,179144.54,0,"new row for relation ""bank_churn"" violates check constraint ""valid_countries""
DETAIL:  Failing row contains (15593622, Service, FRA, Male, 43, 10, 122198, 2, t, t, 179145, 0).
"
15722473,Faulkner,FRA,Male,41.0,3,0.0,2,No,No,55772.04,0,"new row for relation ""bank_churn"" violates check constraint ""valid_countries""
DETAIL:  Failing row contains (15722473, Faulkner, FRA, Male, 41, 3, 0, 2, f, f, 55772, 0).
"
15566563,Duigan,FRA,Female,30.0,4,137851.31,1,No,No,5008.23,1,"new row for relation ""bank_churn"" violates check constraint ""valid_countries""
DETAIL:  Failing row contains (15566563, Duigan, FRA, Female, 30, 4, 137851, 1, f, f, 5008, 1).
"
15768746,McLean,FRA,Male,33.0,6,0.0,2,No,No,173680.39,0,"new row for relation ""bank_churn"" violates check constraint ""valid_countries""
DETAIL:  Failing row contains (15768746, McLean, FRA, Male, 33, 6, 0, 2, f, f, 173680, 0).
"
15634501,Wei,FRA,Male,60.0,1,140614.15,1,Yes,Yes,174381.23,0,"new row for relation ""bank_churn"" violates check constraint ""valid_countries""
DETAIL:  Failing row contains (15634501, Wei, FRA, Male, 60, 1, 140614, 1, t, t, 174381, 0).
"
15806822,Myers,French,Female,36.0,0,0.0,2,No,No,133465.57,0,"new row for relation ""bank_churn"" violates check constraint ""valid_countries""
DETAIL:  Failing row contains (15806822, Myers, French, Female, 36, 0, 0, 2, f, f, 133466, 0).
"
15701166,Chinedum,French,Male,40.0,5,131754.11,2,Yes,Yes,38761.61,0,"new row for relation ""bank_churn"" violates check constraint ""valid_countries""
DETAIL:  Failing row contains (15701166, Chinedum, French, Male, 40, 5, 131754, 2, t, t, 38762, 0).
"
15718531,Ukaegbunam,French,Female,35.0,8,0.0,2,Yes,Yes,176779.46,0,"new row for relation ""bank_churn"" violates check constraint ""valid_countries""
DETAIL:  Failing row contains (15718531, Ukaegbunam, French, Female, 35, 8, 0, 2, t, t, 176779, 0).
"
15628308,Akubundu,French,Female,24.0,6,0.0,2,Yes,Yes,13159.9,0,"new row for relation ""bank_churn"" violates check constraint ""valid_countries""
DETAIL:  Failing row contains (15628308, Akubundu, French, Female, 24, 6, 0, 2, t, t, 13160, 0).
"
15781619,Stevenson,French,Female,38.0,1,0.0,1,No,No,134964.85,1,"new row for relation ""bank_churn"" violates check constraint ""valid_countries""
DETAIL:  Failing row contains (15781619, Stevenson, French, Female, 38, 1, 0, 1, f, f, 134965, 1).
"
15805162,Sutherland,French,Male,25.0,0,0.0,2,Yes,Yes,184221.11,0,"new row for relation ""bank_churn"" violates check constraint ""valid_countries""
DETAIL:  Failing row contains (15805162, Sutherland, French, Male, 25, 0, 0, 2, t, t, 184221, 0).
"
15680843,Sherrod,FRA,Male,34.0,8,0.0,2,Yes,Yes,184842.21,0,"new row for relation ""bank_churn"" violates check constraint ""valid_countries""
DETAIL:  Failing row contains (15680843, Sherrod, FRA, Male, 34, 8, 0, 2, t, t, 184842, 0).
"
15684358,Kang,French,Male,41.0,3,0.0,2,Yes,Yes,193747.57,0,"new row for relation ""bank_churn"" violates check constraint ""valid_countries""
DETAIL:  Failing row contains (15684358, Kang, French, Male, 41, 3, 0, 2, t, t, 193748, 0).
"
15808780,Tien,FRA,Female,34.0,2,0.0,2,No,No,51919.04,0,"new row for relation ""bank_churn"" violates check constraint ""valid_countries""
DETAIL:  Failing row contains (15808780, Tien, FRA, Female, 34, 2, 0, 2, f, f, 51919, 0).
"
15757473,Chukwujamuike,French,Female,27.0,7,158786.67,2,Yes,Yes,47579.25,0,"new row for relation ""bank_churn"" violates check constraint ""valid_countries""
DETAIL:  Failing row contains (15757473, Chukwujamuike, French, Female, 27, 7, 158787, 2, t, t, 47579, 0).
"
15685243,Jamieson,French,Female,63.0,10,0.0,2,Yes,Yes,502.7,0,"new row for relation ""bank_churn"" violates check constraint ""valid_countries""
DETAIL:  Failing row contains (15685243, Jamieson, French, Female, 63, 10, 0, 2, t, t, 503, 0).
"
15699225,Pirozzi,French,Male,46.0,0,0.0,2,No,No,37460.05,0,"new row for relation ""bank_churn"" violates check constraint ""valid_countries""
DETAIL:  Failing row contains (15699225, Pirozzi, French, Male, 46, 0, 0, 2, f, f, 37460, 0).
"
15595991,Hsiung,French,Male,54.0,8,87105.32,1,Yes,Yes,55346.14,0,"new row for relation ""bank_churn"" violates check constraint ""valid_countries""
DETAIL:  Failing row contains (15595991, Hsiung, French, Male, 54, 8, 87105, 1, t, t, 55346, 0).
"
15756299,Davis,FRA,Female,64.0,2,69311.16,1,Yes,Yes,59237.72,0,"new row for relation ""bank_churn"" violates check constraint ""valid_countries""
DETAIL:  Failing row contains (15756299, Davis, FRA, Female, 64, 2, 69311, 1, t, t, 59238, 0).
"
15750547,Bair,French,Male,26.0,9,0.0,2,Yes,Yes,48644.94,0,"new row for relation ""bank_churn"" violates check constraint ""valid_countries""
DETAIL:  Failing row contains (15750547, Bair, French, Male, 26, 9, 0, 2, t, t, 48645, 0).
"
15607176,Kang,French,Male,22.0,3,0.0,1,Yes,Yes,173940.59,0,"new row for relation ""bank_churn"" violates check constraint ""valid_countries""
DETAIL:  Failing row contains (15607176, Kang, French, Male, 22, 3, 0, 1, t, t, 173941, 0).
"
15714883,Genovese,French,Female,25.0,2,111395.53,1,Yes,Yes,48197.06,0,"new row for relation ""bank_churn"" violates check constraint ""valid_countries""
DETAIL:  Failing row contains (15714883, Genovese, French, Female, 25, 2, 111396, 1, t, t, 48197, 0).
"
15773949,Cherkasova,French,Female,36.0,3,0.0,2,Yes,Yes,8282.22,0,"new row for relation ""bank_churn"" violates check constraint ""valid_countries""
DETAIL:  Failing row contains (15773949, Cherkasova, French, Female, 36, 3, 0, 2, t, t, 8282, 0).
"
15672499,Iadanza,FRA,Male,34.0,3,134692.4,2,Yes,Yes,83773.02,0,"new row for relation ""bank_churn"" violates check constraint ""valid_countries""
DETAIL:  Failing row contains (15672499, Iadanza, FRA, Male, 34, 3, 134692, 2, t, t, 83773, 0).
"
15750410,Jordan,French,Female,25.0,4,123816.5,1,Yes,Yes,90162.35,0,"new row for relation ""bank_churn"" violates check constraint ""valid_countries""
DETAIL:  Failing row contains (15750410, Jordan, French, Female, 25, 4, 123817, 1, t, t, 90162, 0).
"
15687852,Vinogradoff,French,Male,30.0,2,104145.65,1,No,No,159629.64,0,"new row for relation ""bank_churn"" violates check constraint ""valid_countries""
DETAIL:  Failing row contains (15687852, Vinogradoff, French, Male, 30, 2, 104146, 1, f, f, 159630, 0).
"
15735784,Gardner,FRA,Male,38.0,8,0.0,1,No,No,47848.56,0,"new row for relation ""bank_churn"" violates check constraint ""valid_countries""
DETAIL:  Failing row contains (15735784, Gardner, FRA, Male, 38, 8, 0, 1, f, f, 47849, 0).
"
15576131,Phillips,FRA,Male,40.0,5,0.0,2,No,No,147878.05,0,"new row for relation ""bank_churn"" violates check constraint ""valid_countries""
DETAIL:  Failing row contains (15576131, Phillips, FRA, Male, 40, 5, 0, 2, f, f, 147878, 0).
"
15616029,Adams,French,Male,32.0,7,0.0,2,No,No,7921.57,0,"new row for relation ""bank_churn"" violates check constraint ""valid_countries""
DETAIL:  Failing row contains (15616029, Adams, French, Male, 32, 7, 0, 2, f, f, 7922, 0).
"
15761149,Teng,French,Female,44.0,8,133444.97,1,Yes,Yes,5708.19,0,"new row for relation ""bank_churn"" violates check constraint ""valid_countries""
DETAIL:  Failing row contains (15761149, Teng, French, Female, 44, 8, 133445, 1, t, t, 5708, 0).
"
15581286,Castro,French,Female,40.0,9,176914.8,1,Yes,Yes,12799.23,0,"new row for relation ""bank_churn"" violates check constraint ""valid_countries""
DETAIL:  Failing row contains (15581286, Castro, French, Female, 40, 9, 176915, 1, t, t, 12799, 0).
"
15625445,Parkin,FRA,Female,36.0,8,68348.18,2,Yes,Yes,50400.32,0,"new row for relation ""bank_churn"" violates check constraint ""valid_countries""
DETAIL:  Failing row contains (15625445, Parkin, FRA, Female, 36, 8, 68348, 2, t, t, 50400, 0).
"
15600173,Manna,French,Female,33.0,9,0.0,2,Yes,Yes,41447.86,0,"new row for relation ""bank_churn"" violates check constraint ""valid_countries""
DETAIL:  Failing row contains (15600173, Manna, French, Female, 33, 9, 0, 2, t, t, 41448, 0).
"
15635143,Fennescey,French,Male,42.0,2,56726.83,2,Yes,Yes,185543.35,0,"new row for relation ""bank_churn"" violates check constraint ""valid_countries""
DETAIL:  Failing row contains (15635143, Fennescey, French, Male, 42, 2, 56727, 2, t, t, 185543, 0).
"
15797165,Bergamaschi,French,Male,56.0,9,0.0,1,No,No,85547.33,1,"new row for relation ""bank_churn"" violates check constraint ""valid_countries""
DETAIL:  Failing row contains (15797165, Bergamaschi, French, Male, 56, 9, 0, 1, f, f, 85547, 1).
"
15788189,Matveyeva,French,Female,41.0,8,96147.55,1,No,No,137037.97,0,"new row for relation ""bank_churn"" violates check constraint ""valid_countries""
DETAIL:  Failing row contains (15788189, Matveyeva, French, Female, 41, 8, 96148, 1, f, f, 137038, 0).
"
15780492,Ignatyeva,FRA,Male,42.0,4,0.0,2,No,No,19283.14,0,"new row for relation ""bank_churn"" violates check constraint ""valid_countries""
DETAIL:  Failing row contains (15780492, Ignatyeva, FRA, Male, 42, 4, 0, 2, f, f, 19283, 0).
"
15606003,Abramowitz,French,Female,21.0,3,0.0,2,Yes,Yes,3626.47,0,"new row for relation ""bank_churn"" violates check constraint ""valid_countries""
DETAIL:  Failing row contains (15606003, Abramowitz, French, Female, 21, 3, 0, 2, t, t, 3626, 0).
"
15622774,Kao,FRA,Male,34.0,0,0.0,1,Yes,Yes,167931.81,0,"new row for relation ""bank_churn"" violates check constraint ""valid_countries""
DETAIL:  Failing row contains (15622774, Kao, FRA, Male, 34, 0, 0, 1, t, t, 167932, 0).
"
15755416,Hart,French,Female,27.0,3,87739.08,1,Yes,Yes,123096.56,0,"new row for relation ""bank_churn"" violates check constraint ""valid_countries""
DETAIL:  Failing row contains (15755416, Hart, French, Female, 27, 3, 87739, 1, t, t, 123097, 0).
"
15643908,Turnbull,French,Female,49.0,10,0.0,1,Yes,Yes,87711.61,0,"new row for relation ""bank_churn"" violates check constraint ""valid_countries""
DETAIL:  Failing row contains (15643908, Turnbull, French, Female, 49, 10, 0, 1, t, t, 87712, 0).
"
15679663,Chiazagomekpere,French,Female,36.0,0,0.0,2,No,No,136675.22,0,"new row for relation ""bank_churn"" violates check constraint ""valid_countries""
DETAIL:  Failing row contains (15679663, Chiazagomekpere, French, Female, 36, 0, 0, 2, f, f, 136675, 0).
"
15621457,Chu,French,Male,27.0,6,96654.72,2,No,No,152740.16,0,"new row for relation ""bank_churn"" violates check constraint ""valid_countries""
DETAIL:  Failing row contains (15621457, Chu, French, Male, 27, 6, 96655, 2, f, f, 152740, 0).
"
15764726,Kerr,FRA,Male,22.0,3,137583.04,1,Yes,Yes,5791.85,0,"new row for relation ""bank_churn"" violates check constraint ""valid_countries""
DETAIL:  Failing row contains (15764726, Kerr, FRA, Male, 22, 3, 137583, 1, t, t, 5792, 0).
"
15659677,Beluchi,French,Male,47.0,8,142382.03,1,Yes,Yes,62086.62,0,"new row for relation ""bank_churn"" violates check constraint ""valid_countries""
DETAIL:  Failing row contains (15659677, Beluchi, French, Male, 47, 8, 142382, 1, t, t, 62087, 0).
"
15677062,Howe,French,Female,38.0,6,127043.09,1,Yes,Yes,8247.0,0,"new row for relation ""bank_churn"" violates check constraint ""valid_countries""
DETAIL:  Failing row contains (15677062, Howe, French, Female, 38, 6, 127043, 1, t, t, 8247, 0).
"
15569867,Chinweuba,FRA,Female,29.0,8,0.0,2,No,No,19842.11,0,"new row for relation ""bank_churn"" violates check constraint ""valid_countries""
DETAIL:  Failing row contains (15569867, Chinweuba, FRA, Female, 29, 8, 0, 2, f, f, 19842, 0).
"
15711602,Lowrie,French,Female,36.0,3,91711.59,1,Yes,Yes,95393.43,0,"new row for relation ""bank_churn"" violates check constraint ""valid_countries""
DETAIL:  Failing row contains (15711602, Lowrie, French, Female, 36, 3, 91712, 1, t, t, 95393, 0).
"
15775104,Gomes,French,Female,38.0,1,182065.85,1,No,No,49503.5,0,"new row for relation ""bank_churn"" violates check constraint ""valid_countries""
DETAIL:  Failing row contains (15775104, Gomes, French, Female, 38, 1, 182066, 1, f, f, 49504, 0).
"
15665385,Gibney,FRA,Male,44.0,6,76495.04,1,No,No,79071.89,0,"new row for relation ""bank_churn"" violates check constraint ""valid_countries""
DETAIL:  Failing row contains (15665385, Gibney, FRA, Male, 44, 6, 76495, 1, f, f, 79072, 0).
"
15632344,Jones,FRA,Female,42.0,0,99045.93,2,No,No,47160.01,0,"new row for relation ""bank_churn"" violates check constraint ""valid_countries""
DETAIL:  Failing row contains (15632344, Jones, FRA, Female, 42, 0, 99046, 2, f, f, 47160, 0).
"
15744979,Fowler,FRA,Female,36.0,8,0.0,1,Yes,Yes,158666.99,0,"new row for relation ""bank_churn"" violates check constraint ""valid_countries""
DETAIL:  Failing row contains (15744979, Fowler, FRA, Female, 36, 8, 0, 1, t, t, 158667, 0).
"
15683657,Stephenson,FRA,Female,31.0,0,79340.95,1,No,No,78255.86,0,"new row for relation ""bank_churn"" violates check constraint ""valid_countries""
DETAIL:  Failing row contains (15683657, Stephenson, FRA, Female, 31, 0, 79341, 1, f, f, 78256, 0).
"
15665783,Ts'ui,FRA,Male,49.0,7,0.0,2,Yes,Yes,89609.26,0,"new row for relation ""bank_churn"" violates check constraint ""valid_countries""
DETAIL:  Failing row contains (15665783, Ts'ui, FRA, Male, 49, 7, 0, 2, t, t, 89609, 0).
"
15647807,Wyckoff,French,Male,40.0,8,109219.83,1,No,No,52827.51,0,"new row for relation ""bank_churn"" violates check constraint ""valid_countries""
DETAIL:  Failing row contains (15647807, Wyckoff, French, Male, 40, 8, 109220, 1, f, f, 52828, 0).
"
15628144,Soares,FRA,Female,72.0,4,74812.84,1,Yes,Yes,27448.33,0,"new row for relation ""bank_churn"" violates check constraint ""valid_countries""
DETAIL:  Failing row contains (15628144, Soares, FRA, Female, 72, 4, 74813, 1, t, t, 27448, 0).
"
15683560,Gallo,FRA,Female,40.0,7,0.0,2,No,No,183963.34,0,"new row for relation ""bank_churn"" violates check constraint ""valid_countries""
DETAIL:  Failing row contains (15683560, Gallo, FRA, Female, 40, 7, 0, 2, f, f, 183963, 0).
"
15613962,Kenechi,FRA,Female,38.0,9,0.0,2,Yes,Yes,183042.2,0,"new row for relation ""bank_churn"" violates check constraint ""valid_countries""
DETAIL:  Failing row contains (15613962, Kenechi, FRA, Female, 38, 9, 0, 2, t, t, 183042, 0).
"
15570931,Grant,FRA,Male,61.0,5,0.0,1,No,No,31641.52,1,"new row for relation ""bank_churn"" violates check constraint ""valid_countries""
DETAIL:  Failing row contains (15570931, Grant, FRA, Male, 61, 5, 0, 1, f, f, 31642, 1).
"
15777179,Ellis,French,Male,35.0,9,0.0,2,Yes,Yes,73133.82,0,"new row for relation ""bank_churn"" violates check constraint ""valid_countries""
DETAIL:  Failing row contains (15777179, Ellis, French, Male, 35, 9, 0, 2, t, t, 73134, 0).
"
15610936,Becher,FRA,Male,33.0,6,0.0,2,No,No,111590.35,0,"new row for relation ""bank_churn"" violates check constraint ""valid_countries""
DETAIL:  Failing row contains (15610936, Becher, FRA, Male, 33, 6, 0, 2, f, f, 111590, 0).
"
15572706,Smith,French,Male,37.0,5,0.0,1,No,No,61324.87,0,"new row for relation ""bank_churn"" violates check constraint ""valid_countries""
DETAIL:  Failing row contains (15572706, Smith, French, Male, 37, 5, 0, 1, f, f, 61325, 0).
"
15684296,Artyomova,French,Male,34.0,5,141173.03,1,Yes,Yes,98896.06,0,"new row for relation ""bank_churn"" violates check constraint ""valid_countries""
DETAIL:  Failing row contains (15684296, Artyomova, French, Male, 34, 5, 141173, 1, t, t, 98896, 0).
"
15613337,Gallo,French,Male,47.0,2,0.0,2,Yes,Yes,182247.77,0,"new row for relation ""bank_churn"" violates check constraint ""valid_countries""
DETAIL:  Failing row contains (15613337, Gallo, French, Male, 47, 2, 0, 2, t, t, 182248, 0).
"
15640789,Butler,French,Male,38.0,4,123345.85,1,No,No,141827.83,0,"new row for relation ""bank_churn"" violates check constraint ""valid_countries""
DETAIL:  Failing row contains (15640789, Butler, French, Male, 38, 4, 123346, 1, f, f, 141828, 0).
"
15751227,Ebelegbulam,French,Male,47.0,1,95120.59,1,No,No,127875.1,0,"new row for relation ""bank_churn"" violates check constraint ""valid_countries""
DETAIL:  Failing row contains (15751227, Ebelegbulam, French, Male, 47, 1, 95121, 1, f, f, 127875, 0).
"
15812365,Greco,French,Male,40.0,8,102800.65,1,No,No,60811.56,0,"new row for relation ""bank_churn"" violates check constraint ""valid_countries""
DETAIL:  Failing row contains (15812365, Greco, French, Male, 40, 8, 102801, 1, f, f, 60812, 0).
"
15617401,Thomson,FRA,Male,22.0,2,0.0,2,No,No,28123.99,0,"new row for relation ""bank_churn"" violates check constraint ""valid_countries""
DETAIL:  Failing row contains (15617401, Thomson, FRA, Male, 22, 2, 0, 2, f, f, 28124, 0).
"
15775886,Su,French,Male,36.0,3,0.0,1,No,No,140754.19,1,"new row for relation ""bank_churn"" violates check constraint ""valid_countries""
DETAIL:  Failing row contains (15775886, Su, French, Male, 36, 3, 0, 1, f, f, 140754, 1).
"
15661409,Shen,FRA,Female,42.0,1,0.0,1,Yes,Yes,178256.58,1,"new row for relation ""bank_churn"" violates check constraint ""valid_countries""
DETAIL:  Failing row contains (15661409, Shen, FRA, Female, 42, 1, 0, 1, t, t, 178257, 1).
"
15774250,Gallo,FRA,Male,42.0,1,159024.71,1,No,No,100982.93,1,"new row for relation ""bank_churn"" violates check constraint ""valid_countries""
DETAIL:  Failing row contains (15774250, Gallo, FRA, Male, 42, 1, 159025, 1, f, f, 100983, 1).
"
15681476,Foveaux,French,Female,39.0,1,73493.17,1,Yes,Yes,109626.13,1,"new row for relation ""bank_churn"" violates check constraint ""valid_countries""
DETAIL:  Failing row contains (15681476, Foveaux, French, Female, 39, 1, 73493, 1, t, t, 109626, 1).
"
15654870,Longo,FRA,Female,45.0,8,0.0,2,Yes,Yes,99251.24,0,"new row for relation ""bank_churn"" violates check constraint ""valid_countries""
DETAIL:  Failing row contains (15654870, Longo, FRA, Female, 45, 8, 0, 2, t, t, 99251, 0).
"
15790448,Calabresi,French,Female,35.0,6,69617.36,1,No,No,143345.69,0,"new row for relation ""bank_churn"" violates check constraint ""valid_countries""
DETAIL:  Failing row contains (15790448, Calabresi, French, Female, 35, 6, 69617, 1, f, f, 143346, 0).
"
15592854,Garcia,FRA,Male,25.0,3,113736.27,1,Yes,Yes,196864.61,0,"new row for relation ""bank_churn"" violates check constraint ""valid_countries""
DETAIL:  Failing row contains (15592854, Garcia, FRA, Male, 25, 3, 113736, 1, t, t, 196865, 0).
"
15617486,Sullivan,French,Male,52.0,1,106723.28,1,No,No,109960.4,1,"new row for relation ""bank_churn"" violates check constraint ""valid_countries""
DETAIL:  Failing row contains (15617486, Sullivan, French, Male, 52, 1, 106723, 1, f, f, 109960, 1).
"
15644699,Crawford,French,Female,40.0,0,0.0,2,No,No,1099.95,0,"new row for relation ""bank_churn"" violates check constraint ""valid_countries""
DETAIL:  Failing row contains (15644699, Crawford, French, Female, 40, 0, 0, 2, f, f, 1100, 0).
"
15731569,Hudson,FRA,Male,81.0,5,0.0,2,Yes,Yes,44827.47,0,"new row for relation ""bank_churn"" violates check constraint ""valid_countries""
DETAIL:  Failing row contains (15731569, Hudson, FRA, Male, 81, 5, 0, 2, t, t, 44827, 0).
"
15802483,Hancock,French,Male,34.0,6,146178.13,2,Yes,Yes,88837.11,0,"new row for relation ""bank_churn"" violates check constraint ""valid_countries""
DETAIL:  Failing row contains (15802483, Hancock, French, Male, 34, 6, 146178, 2, t, t, 88837, 0).
"
15686999,Nicholas,French,Female,40.0,8,0.0,2,No,No,62112.7,0,"new row for relation ""bank_churn"" violates check constraint ""valid_countries""
DETAIL:  Failing row contains (15686999, Nicholas, French, Female, 40, 8, 0, 2, f, f, 62113, 0).
"
15772479,Napolitano,French,Male,37.0,4,0.0,2,No,No,163563.07,0,"new row for relation ""bank_churn"" violates check constraint ""valid_countries""
DETAIL:  Failing row contains (15772479, Napolitano, French, Male, 37, 4, 0, 2, f, f, 163563, 0).
"
15645404,Okwukwe,French,Female,51.0,4,124620.01,2,No,No,92243.94,1,"new row for relation ""bank_churn"" violates check constraint ""valid_countries""
DETAIL:  Failing row contains (15645404, Okwukwe, French, Female, 51, 4, 124620, 2, f, f, 92244, 1).
"
15636812,Rose,FRA,Male,40.0,9,112701.04,1,No,No,29213.63,0,"new row for relation ""bank_churn"" violates check constraint ""valid_countries""
DETAIL:  Failing row contains (15636812, Rose, FRA, Male, 40, 9, 112701, 1, f, f, 29214, 0).
"
15659656,Pan,FRA,Male,35.0,4,110837.73,1,No,No,126419.8,0,"new row for relation ""bank_churn"" violates check constraint ""valid_countries""
DETAIL:  Failing row contains (15659656, Pan, FRA, Male, 35, 4, 110838, 1, f, f, 126420, 0).
"
15627042,Reilly,FRA,Female,26.0,7,0.0,2,No,No,93122.41,0,"new row for relation ""bank_churn"" violates check constraint ""valid_countries""
DETAIL:  Failing row contains (15627042, Reilly, FRA, Female, 26, 7, 0, 2, f, f, 93122, 0).
"
15628272,Singh,French,Female,36.0,9,114997.42,1,No,No,75304.09,0,"new row for relation ""bank_churn"" violates check constraint ""valid_countries""
DETAIL:  Failing row contains (15628272, Singh, French, Female, 36, 9, 114997, 1, f, f, 75304, 0).
"
15699532,Okagbue,French,Male,51.0,8,120124.35,2,Yes,Yes,168773.54,0,"new row for relation ""bank_churn"" violates check constraint ""valid_countries""
DETAIL:  Failing row contains (15699532, Okagbue, French, Male, 51, 8, 120124, 2, t, t, 168774, 0).
"
15605827,Khan,FRA,Male,39.0,8,0.0,2,No,No,96864.36,0,"new row for relation ""bank_churn"" violates check constraint ""valid_countries""
DETAIL:  Failing row contains (15605827, Khan, FRA, Male, 39, 8, 0, 2, f, f, 96864, 0).
"
15614137,MacDonald,French,Female,40.0,7,0.0,2,No,No,103898.59,0,"new row for relation ""bank_churn"" violates check constraint ""valid_countries""
DETAIL:  Failing row contains (15614137, MacDonald, French, Female, 40, 7, 0, 2, f, f, 103899, 0).
"
15709639,Wilson,FRA,Female,22.0,5,112465.06,1,Yes,Yes,92977.75,0,"new row for relation ""bank_churn"" violates check constraint ""valid_countries""
DETAIL:  Failing row contains (15709639, Wilson, FRA, Female, 22, 5, 112465, 1, t, t, 92978, 0).
"
15591489,Davison,FRA,Male,26.0,5,142662.68,1,No,No,60285.3,0,"new row for relation ""bank_churn"" violates check constraint ""valid_countries""
DETAIL:  Failing row contains (15591489, Davison, FRA, Male, 26, 5, 142663, 1, f, f, 60285, 0).
"
15645815,Mills,FRA,Male,45.0,5,0.0,2,Yes,Yes,164886.64,0,"new row for relation ""bank_churn"" violates check constraint ""valid_countries""
DETAIL:  Failing row contains (15645815, Mills, FRA, Male, 45, 5, 0, 2, t, t, 164887, 0).
"
15791513,Manfrin,FRA,Male,41.0,4,138937.35,1,Yes,Yes,101617.64,1,"new row for relation ""bank_churn"" violates check constraint ""valid_countries""
DETAIL:  Failing row contains (15791513, Manfrin, FRA, Male, 41, 4, 138937, 1, t, t, 101618, 1).
"
15793803,Robinson,French,Male,34.0,1,112572.39,1,No,No,165626.6,0,"new row for relation ""bank_churn"" violates check constraint ""valid_countries""
DETAIL:  Failing row contains (15793803, Robinson, French, Male, 34, 1, 112572, 1, f, f, 165627, 0).
"
15723437,Sal,FRA,Female,35.0,2,0.0,2,Yes,Yes,65765.22,0,"new row for relation ""bank_churn"" violates check constraint ""valid_countries""
DETAIL:  Failing row contains (15723437, Sal, FRA, Female, 35, 2, 0, 2, t, t, 65765, 0).
"
15809872,Ikechukwu,FRA,Male,32.0,2,84906.45,1,No,No,163216.48,0,"new row for relation ""bank_churn"" violates check constraint ""valid_countries""
DETAIL:  Failing row contains (15809872, Ikechukwu, FRA, Male, 32, 2, 84906, 1, f, f, 163216, 0).
"
15669491,Cruz,French,Female,46.0,2,157866.77,1,Yes,Yes,18986.12,0,"new row for relation ""bank_churn"" violates check constraint ""valid_countries""
DETAIL:  Failing row contains (15669491, Cruz, French, Female, 46, 2, 157867, 1, t, t, 18986, 0).
"
15665180,Vasiliev,FRA,Female,31.0,3,136789.14,1,No,No,59346.4,1,"new row for relation ""bank_churn"" violates check constraint ""valid_countries""
DETAIL:  Failing row contains (15665180, Vasiliev, FRA, Female, 31, 3, 136789, 1, f, f, 59346, 1).
"
15743051,Hamilton,French,Male,30.0,10,144684.03,1,Yes,Yes,31805.49,0,"new row for relation ""bank_churn"" violates check constraint ""valid_countries""
DETAIL:  Failing row contains (15743051, Hamilton, French, Male, 30, 10, 144684, 1, t, t, 31805, 0).
"
15679743,Genovesi,French,Female,33.0,8,91301.72,1,Yes,Yes,130824.57,0,"new row for relation ""bank_churn"" violates check constraint ""valid_countries""
DETAIL:  Failing row contains (15679743, Genovesi, French, Female, 33, 8, 91302, 1, t, t, 130825, 0).
"
15755642,Bulgakov,FRA,Male,34.0,5,0.0,2,Yes,Yes,102908.63,0,"new row for relation ""bank_churn"" violates check constraint ""valid_countries""
DETAIL:  Failing row contains (15755642, Bulgakov, FRA, Male, 34, 5, 0, 2, t, t, 102909, 0).
"
15733705,Bull,FRA,Female,30.0,8,92472.1,2,Yes,Yes,126434.61,0,"new row for relation ""bank_churn"" violates check constraint ""valid_countries""
DETAIL:  Failing row contains (15733705, Bull, FRA, Female, 30, 8, 92472, 2, t, t, 126435, 0).
"
15773520,Begg,French,Female,43.0,4,92599.55,2,Yes,Yes,167336.78,0,"new row for relation ""bank_churn"" violates check constraint ""valid_countries""
DETAIL:  Failing row contains (15773520, Begg, French, Female, 43, 4, 92600, 2, t, t, 167337, 0).
"
15785352,Chang,FRA,Male,37.0,6,82373.94,1,No,No,172526.9,1,"new row for relation ""bank_churn"" violates check constraint ""valid_countries""
DETAIL:  Failing row contains (15785352, Chang, FRA, Male, 37, 6, 82374, 1, f, f, 172527, 1).
"
15693877,Stewart,FRA,Female,47.0,3,123365.34,2,No,No,171995.34,0,"new row for relation ""bank_churn"" violates check constraint ""valid_countries""
DETAIL:  Failing row contains (15693877, Stewart, FRA, Female, 47, 3, 123365, 2, f, f, 171995, 0).
"
15808868,Nwokeocha,FRA,Female,31.0,3,103696.97,3,No,No,155221.05,1,"new row for relation ""bank_churn"" violates check constraint ""valid_countries""
DETAIL:  Failing row contains (15808868, Nwokeocha, FRA, Female, 31, 3, 103697, 3, f, f, 155221, 1).
"
15698184,Marshall,FRA,Female,50.0,2,90408.16,2,No,No,48170.57,0,"new row for relation ""bank_churn"" violates check constraint ""valid_countries""
DETAIL:  Failing row contains (15698184, Marshall, FRA, Female, 50, 2, 90408, 2, f, f, 48171, 0).
"
15696834,Cone,French,Female,29.0,5,0.0,2,No,No,121451.21,0,"new row for relation ""bank_churn"" violates check constraint ""valid_countries""
DETAIL:  Failing row contains (15696834, Cone, French, Female, 29, 5, 0, 2, f, f, 121451, 0).
"
15745250,Simpson,FRA,Male,58.0,8,156652.13,1,No,No,25899.21,1,"new row for relation ""bank_churn"" violates check constraint ""valid_countries""
DETAIL:  Failing row contains (15745250, Simpson, FRA, Male, 58, 8, 156652, 1, f, f, 25899, 1).
"
15590349,Rowland,French,Female,36.0,9,0.0,1,No,No,3749.0,1,"new row for relation ""bank_churn"" violates check constraint ""valid_countries""
DETAIL:  Failing row contains (15590349, Rowland, French, Female, 36, 9, 0, 1, f, f, 3749, 1).
"
15618446,Nnonso,FRA,Female,50.0,8,0.0,2,Yes,Yes,57802.62,0,"new row for relation ""bank_churn"" violates check constraint ""valid_countries""
DETAIL:  Failing row contains (15618446, Nnonso, FRA, Female, 50, 8, 0, 2, t, t, 57803, 0).
"
15668775,Pendred,French,Male,47.0,3,130747.1,1,No,No,143829.54,0,"new row for relation ""bank_churn"" violates check constraint ""valid_countries""
DETAIL:  Failing row contains (15668775, Pendred, French, Male, 47, 3, 130747, 1, f, f, 143830, 0).
"
15656286,Sims,FRA,Male,33.0,0,0.0,2,No,No,178122.71,0,"new row for relation ""bank_churn"" violates check constraint ""valid_countries""
DETAIL:  Failing row contains (15656286, Sims, FRA, Male, 33, 0, 0, 2, f, f, 178123, 0).
"
15774847,Knight,French,Male,50.0,6,171740.69,1,No,No,20893.61,0,"new row for relation ""bank_churn"" violates check constraint ""valid_countries""
DETAIL:  Failing row contains (15774847, Knight, French, Male, 50, 6, 171741, 1, f, f, 20894, 0).
"
15715510,Eluemuno,FRA,Male,29.0,2,95984.69,2,Yes,Yes,73686.75,0,"new row for relation ""bank_churn"" violates check constraint ""valid_countries""
DETAIL:  Failing row contains (15715510, Eluemuno, FRA, Male, 29, 2, 95985, 2, t, t, 73687, 0).
"
15779267,Onyemere,French,Male,47.0,5,0.0,2,No,No,89286.29,0,"new row for relation ""bank_churn"" violates check constraint ""valid_countries""
DETAIL:  Failing row contains (15779267, Onyemere, French, Male, 47, 5, 0, 2, f, f, 89286, 0).
"
15750772,Walker,French,Female,38.0,6,132129.72,1,Yes,Yes,76068.95,0,"new row for relation ""bank_churn"" violates check constraint ""valid_countries""
DETAIL:  Failing row contains (15750772, Walker, French, Female, 38, 6, 132130, 1, t, t, 76069, 0).
"
15594391,Samaniego,French,Female,68.0,2,183555.24,1,No,No,159557.28,1,"new row for relation ""bank_churn"" violates check constraint ""valid_countries""
DETAIL:  Failing row contains (15594391, Samaniego, French, Female, 68, 2, 183555, 1, f, f, 159557, 1).
"
15661656,Onwumelu,French,Male,38.0,2,91902.56,2,Yes,Yes,107673.35,0,"new row for relation ""bank_churn"" violates check constraint ""valid_countries""
DETAIL:  Failing row contains (15661656, Onwumelu, French, Male, 38, 2, 91903, 2, t, t, 107673, 0).
"
15631217,Young,French,Male,40.0,6,156218.19,1,Yes,Yes,33607.72,0,"new row for relation ""bank_churn"" violates check constraint ""valid_countries""
DETAIL:  Failing row contains (15631217, Young, French, Male, 40, 6, 156218, 1, t, t, 33608, 0).
"
15640133,Pai,FRA,Female,34.0,0,0.0,2,No,No,185555.63,0,"new row for relation ""bank_churn"" violates check constraint ""valid_countries""
DETAIL:  Failing row contains (15640133, Pai, FRA, Female, 34, 0, 0, 2, f, f, 185556, 0).
"
15670552,Peavy,French,Female,31.0,3,115141.18,1,No,No,39806.75,0,"new row for relation ""bank_churn"" violates check constraint ""valid_countries""
DETAIL:  Failing row contains (15670552, Peavy, French, Female, 31, 3, 115141, 1, f, f, 39807, 0).
"
15586236,Banks,French,Male,31.0,5,132084.66,3,Yes,Yes,54474.48,1,"new row for relation ""bank_churn"" violates check constraint ""valid_countries""
DETAIL:  Failing row contains (15586236, Banks, French, Male, 31, 5, 132085, 3, t, t, 54474, 1).
"
15715988,Cockett,French,Male,35.0,2,0.0,2,Yes,Yes,79704.12,0,"new row for relation ""bank_churn"" violates check constraint ""valid_countries""
DETAIL:  Failing row contains (15715988, Cockett, French, Male, 35, 2, 0, 2, t, t, 79704, 0).
"
15603749,Galkina,FRA,Female,53.0,2,45472.28,1,Yes,Yes,41055.71,1,"new row for relation ""bank_churn"" violates check constraint ""valid_countries""
DETAIL:  Failing row contains (15603749, Galkina, FRA, Female, 53, 2, 45472, 1, t, t, 41056, 1).
"
15656249,Esposito,French,Female,34.0,3,118307.57,2,Yes,Yes,136120.29,0,"new row for relation ""bank_churn"" violates check constraint ""valid_countries""
DETAIL:  Failing row contains (15656249, Esposito, French, Female, 34, 3, 118308, 2, t, t, 136120, 0).
"
15761783,Shah,French,Male,41.0,6,0.0,1,Yes,Yes,167621.18,0,"new row for relation ""bank_churn"" violates check constraint ""valid_countries""
DETAIL:  Failing row contains (15761783, Shah, French, Male, 41, 6, 0, 1, t, t, 167621, 0).
"
15757425,Fleming,French,Female,38.0,1,0.0,2,Yes,Yes,99661.46,0,"new row for relation ""bank_churn"" violates check constraint ""valid_countries""
DETAIL:  Failing row contains (15757425, Fleming, French, Female, 38, 1, 0, 2, t, t, 99661, 0).
"
15770539,Walters,French,Male,30.0,1,127187.86,1,Yes,Yes,113553.42,0,"new row for relation ""bank_churn"" violates check constraint ""valid_countries""
DETAIL:  Failing row contains (15770539, Walters, French, Male, 30, 1, 127188, 1, t, t, 113553, 0).
"
15572022,Han,FRA,Female,36.0,6,0.0,1,Yes,Yes,690.84,0,"new row for relation ""bank_churn"" violates check constraint ""valid_countries""
DETAIL:  Failing row contains (15572022, Han, FRA, Female, 36, 6, 0, 1, t, t, 691, 0).
"
15752502,Cooke,French,Male,41.0,4,130385.82,1,Yes,Yes,130661.95,0,"new row for relation ""bank_churn"" violates check constraint ""valid_countries""
DETAIL:  Failing row contains (15752502, Cooke, French, Male, 41, 4, 130386, 1, t, t, 130662, 0).
"
15609058,Wan,French,Male,23.0,1,107787.47,1,Yes,Yes,116378.82,0,"new row for relation ""bank_churn"" violates check constraint ""valid_countries""
DETAIL:  Failing row contains (15609058, Wan, French, Male, 23, 1, 107787, 1, t, t, 116379, 0).
"
15775108,Lo Duca,FRA,Male,34.0,1,99325.04,2,Yes,Yes,186052.15,0,"new row for relation ""bank_churn"" violates check constraint ""valid_countries""
DETAIL:  Failing row contains (15775108, Lo Duca, FRA, Male, 34, 1, 99325, 2, t, t, 186052, 0).
"
15708904,Yermakova,French,Female,37.0,9,0.0,1,No,No,100101.06,0,"new row for relation ""bank_churn"" violates check constraint ""valid_countries""
DETAIL:  Failing row contains (15708904, Yermakova, French, Female, 37, 9, 0, 1, f, f, 100101, 0).
"
15600086,Combs,FRA,Male,48.0,7,123764.95,1,Yes,Yes,169952.82,0,"new row for relation ""bank_churn"" violates check constraint ""valid_countries""
DETAIL:  Failing row contains (15600086, Combs, FRA, Male, 48, 7, 123765, 1, t, t, 169953, 0).
"
15744127,Kosovich,FRA,Female,37.0,2,0.0,2,No,No,3939.87,0,"new row for relation ""bank_churn"" violates check constraint ""valid_countries""
DETAIL:  Failing row contains (15744127, Kosovich, FRA, Female, 37, 2, 0, 2, f, f, 3940, 0).
"
15615352,Ebelechukwu,French,Male,31.0,4,99607.37,2,Yes,Yes,35877.03,0,"new row for relation ""bank_churn"" violates check constraint ""valid_countries""
DETAIL:  Failing row contains (15615352, Ebelechukwu, French, Male, 31, 4, 99607, 2, t, t, 35877, 0).
"
15647333,Fleming,FRA,Male,27.0,4,137003.68,1,No,No,21254.06,0,"new row for relation ""bank_churn"" violates check constraint ""valid_countries""
DETAIL:  Failing row contains (15647333, Fleming, FRA, Male, 27, 4, 137004, 1, f, f, 21254, 0).
"
15800811,Wan,French,Male,40.0,3,148556.74,1,Yes,Yes,146056.29,0,"new row for relation ""bank_churn"" violates check constraint ""valid_countries""
DETAIL:  Failing row contains (15800811, Wan, French, Male, 40, 3, 148557, 1, t, t, 146056, 0).
"
15809654,Hsia,French,Female,46.0,7,127476.73,2,Yes,Yes,146011.55,0,"new row for relation ""bank_churn"" violates check constraint ""valid_countries""
DETAIL:  Failing row contains (15809654, Hsia, French, Female, 46, 7, 127477, 2, t, t, 146012, 0).
"
15576077,Kelly,French,Female,27.0,9,159561.93,1,Yes,Yes,103381.47,0,"new row for relation ""bank_churn"" violates check constraint ""valid_countries""
DETAIL:  Failing row contains (15576077, Kelly, French, Female, 27, 9, 159562, 1, t, t, 103381, 0).
"
15605916,Uvarova,French,Female,50.0,3,0.0,1,No,No,183399.12,1,"new row for relation ""bank_churn"" violates check constraint ""valid_countries""
DETAIL:  Failing row contains (15605916, Uvarova, French, Female, 50, 3, 0, 1, f, f, 183399, 1).
"
15644179,Allen,FRA,Female,39.0,3,0.0,2,No,No,50560.45,1,"new row for relation ""bank_churn"" violates check constraint ""valid_countries""
DETAIL:  Failing row contains (15644179, Allen, FRA, Female, 39, 3, 0, 2, f, f, 50560, 1).
"
15613292,Ch'eng,French,Male,21.0,8,0.0,2,No,No,68666.63,0,"new row for relation ""bank_churn"" violates check constraint ""valid_countries""
DETAIL:  Failing row contains (15613292, Ch'eng, French, Male, 21, 8, 0, 2, f, f, 68667, 0).
"
15759480,H?,FRA,Female,40.0,10,139180.97,1,Yes,Yes,19959.67,0,"new row for relation ""bank_churn"" violates check constraint ""valid_countries""
DETAIL:  Failing row contains (15759480, H?, FRA, Female, 40, 10, 139181, 1, t, t, 19960, 0).
"
15587712,Chimaijem,FRA,Male,36.0,8,114435.47,1,No,No,26955.72,0,"new row for relation ""bank_churn"" violates check constraint ""valid_countries""
DETAIL:  Failing row contains (15587712, Chimaijem, FRA, Male, 36, 8, 114435, 1, f, f, 26956, 0).
"
15671165,Esomchi,FRA,Female,66.0,5,149950.19,1,Yes,Yes,76267.59,0,"new row for relation ""bank_churn"" violates check constraint ""valid_countries""
DETAIL:  Failing row contains (15671165, Esomchi, FRA, Female, 66, 5, 149950, 1, t, t, 76268, 0).
"
15589312,Larkin,French,Male,30.0,3,115007.08,1,No,No,176858.5,0,"new row for relation ""bank_churn"" violates check constraint ""valid_countries""
DETAIL:  Failing row contains (15589312, Larkin, French, Male, 30, 3, 115007, 1, f, f, 176859, 0).
"
15572415,Preston,FRA,Male,34.0,6,0.0,2,Yes,Yes,160095.31,0,"new row for relation ""bank_churn"" violates check constraint ""valid_countries""
DETAIL:  Failing row contains (15572415, Preston, FRA, Male, 34, 6, 0, 2, t, t, 160095, 0).
"
15621004,Chukwuhaenye,French,Male,32.0,7,0.0,1,No,No,198055.94,1,"new row for relation ""bank_churn"" violates check constraint ""valid_countries""
DETAIL:  Failing row contains (15621004, Chukwuhaenye, French, Male, 32, 7, 0, 1, f, f, 198056, 1).
"
15607560,Groom,FRA,Female,39.0,2,0.0,2,Yes,Yes,555.28,0,"new row for relation ""bank_churn"" violates check constraint ""valid_countries""
DETAIL:  Failing row contains (15607560, Groom, FRA, Female, 39, 2, 0, 2, t, t, 555, 0).
"
15727177,Manfrin,French,Male,42.0,6,177822.03,1,No,No,150944.31,1,"new row for relation ""bank_churn"" violates check constraint ""valid_countries""
DETAIL:  Failing row contains (15727177, Manfrin, French, Male, 42, 6, 177822, 1, f, f, 150944, 1).
"
15603328,Lucchesi,French,Male,27.0,1,77805.66,1,Yes,Yes,2101.89,0,"new row for relation ""bank_churn"" violates check constraint ""valid_countries""
DETAIL:  Failing row contains (15603328, Lucchesi, French, Male, 27, 1, 77806, 1, t, t, 2102, 0).
"
15702434,Hsieh,FRA,Female,30.0,3,0.0,2,No,No,116692.8,0,"new row for relation ""bank_churn"" violates check constraint ""valid_countries""
DETAIL:  Failing row contains (15702434, Hsieh, FRA, Female, 30, 3, 0, 2, f, f, 116693, 0).
"
15632609,Burdekin,French,Female,39.0,10,160132.75,1,No,No,32824.15,0,"new row for relation ""bank_churn"" violates check constraint ""valid_countries""
DETAIL:  Failing row contains (15632609, Burdekin, French, Female, 39, 10, 160133, 1, f, f, 32824, 0).
"
15592451,Lombardi,French,Male,32.0,9,0.0,2,No,No,5388.3,0,"new row for relation ""bank_churn"" violates check constraint ""valid_countries""
DETAIL:  Failing row contains (15592451, Lombardi, French, Male, 32, 9, 0, 2, f, f, 5388, 0).
"
15790455,Obialo,French,Female,50.0,2,0.0,1,Yes,Yes,93332.64,1,"new row for relation ""bank_churn"" violates check constraint ""valid_countries""
DETAIL:  Failing row contains (15790455, Obialo, French, Female, 50, 2, 0, 1, t, t, 93333, 1).
"
15572174,Mazzi,FRA,Male,29.0,3,148874.01,2,Yes,Yes,71192.82,0,"new row for relation ""bank_churn"" violates check constraint ""valid_countries""
DETAIL:  Failing row contains (15572174, Mazzi, FRA, Male, 29, 3, 148874, 2, t, t, 71193, 0).
"
15688865,Wade,FRA,Female,35.0,9,0.0,2,No,No,25329.48,0,"new row for relation ""bank_churn"" violates check constraint ""valid_countries""
DETAIL:  Failing row contains (15688865, Wade, FRA, Female, 35, 9, 0, 2, f, f, 25329, 0).
"
15734737,Bruno,French,Male,56.0,9,0.0,2,Yes,Yes,169498.61,0,"new row for relation ""bank_churn"" violates check constraint ""valid_countries""
DETAIL:  Failing row contains (15734737, Bruno, French, Male, 56, 9, 0, 2, t, t, 169499, 0).
"
15746515,Greece,French,Male,36.0,7,136492.92,3,Yes,Yes,26500.29,1,"new row for relation ""bank_churn"" violates check constraint ""valid_countries""
DETAIL:  Failing row contains (15746515, Greece, French, Male, 36, 7, 136493, 3, t, t, 26500, 1).
"
15699753,Zakharov,French,Male,41.0,1,89086.31,1,No,No,24499.97,0,"new row for relation ""bank_churn"" violates check constraint ""valid_countries""
DETAIL:  Failing row contains (15699753, Zakharov, French, Male, 41, 1, 89086, 1, f, f, 24500, 0).
"
15772503,Burns,French,Female,33.0,4,0.0,2,No,No,115115.32,0,"new row for relation ""bank_churn"" violates check constraint ""valid_countries""
DETAIL:  Failing row contains (15772503, Burns, French, Female, 33, 4, 0, 2, f, f, 115115, 0).
"
15710111,Clark,French,Male,33.0,6,0.0,2,No,No,38550.4,0,"new row for relation ""bank_churn"" violates check constraint ""valid_countries""
DETAIL:  Failing row contains (15710111, Clark, French, Male, 33, 6, 0, 2, f, f, 38550, 0).
"
15706764,Spencer,French,Female,35.0,1,0.0,2,No,No,3701.63,0,"new row for relation ""bank_churn"" violates check constraint ""valid_countries""
DETAIL:  Failing row contains (15706764, Spencer, French, Female, 35, 1, 0, 2, f, f, 3702, 0).
"
15798737,Chao,FRA,Male,38.0,8,0.0,2,No,No,88659.44,0,"new row for relation ""bank_churn"" violates check constraint ""valid_countries""
DETAIL:  Failing row contains (15798737, Chao, FRA, Male, 38, 8, 0, 2, f, f, 88659, 0).
"
15636736,McLachlan,French,Female,53.0,7,0.0,2,Yes,Yes,156495.39,1,"new row for relation ""bank_churn"" violates check constraint ""valid_countries""
DETAIL:  Failing row contains (15636736, McLachlan, French, Female, 53, 7, 0, 2, t, t, 156495, 1).
"
15815645,Akhtar,FRA,Male,37.0,8,152303.66,2,Yes,Yes,175082.2,0,"new row for relation ""bank_churn"" violates check constraint ""valid_countries""
DETAIL:  Failing row contains (15815645, Akhtar, FRA, Male, 37, 8, 152304, 2, t, t, 175082, 0).
"
15709643,Gray,French,Male,32.0,1,0.0,3,No,No,85901.09,0,"new row for relation ""bank_churn"" violates check constraint ""valid_countries""
DETAIL:  Failing row contains (15709643, Gray, French, Male, 32, 1, 0, 3, f, f, 85901, 0).
"
15813283,Mai,French,Female,34.0,2,0.0,1,No,No,35982.42,0,"new row for relation ""bank_churn"" violates check constraint ""valid_countries""
DETAIL:  Failing row contains (15813283, Mai, French, Female, 34, 2, 0, 1, f, f, 35982, 0).
"
15696552,Newman,French,Female,21.0,4,81025.6,2,No,No,167682.57,0,"new row for relation ""bank_churn"" violates check constraint ""valid_countries""
DETAIL:  Failing row contains (15696552, Newman, French, Female, 21, 4, 81026, 2, f, f, 167683, 0).
"
15572631,Ndubuisi,French,Male,25.0,10,0.0,1,Yes,Yes,109895.16,0,"new row for relation ""bank_churn"" violates check constraint ""valid_countries""
DETAIL:  Failing row contains (15572631, Ndubuisi, French, Male, 25, 10, 0, 1, t, t, 109895, 0).
"
15790744,Nash,French,Female,34.0,9,92899.27,2,No,No,97465.89,0,"new row for relation ""bank_churn"" violates check constraint ""valid_countries""
DETAIL:  Failing row contains (15790744, Nash, French, Female, 34, 9, 92899, 2, f, f, 97466, 0).
"
15625023,Onochie,French,Male,40.0,4,0.0,1,Yes,Yes,105352.55,0,"new row for relation ""bank_churn"" violates check constraint ""valid_countries""
DETAIL:  Failing row contains (15625023, Onochie, French, Male, 40, 4, 0, 1, t, t, 105353, 0).
"
15731267,Rizzo,French,Male,37.0,4,75263.7,1,No,No,85801.77,0,"new row for relation ""bank_churn"" violates check constraint ""valid_countries""
DETAIL:  Failing row contains (15731267, Rizzo, French, Male, 37, 4, 75264, 1, f, f, 85802, 0).
"
15617304,Ershova,French,Male,40.0,6,0.0,2,Yes,Yes,111893.09,0,"new row for relation ""bank_churn"" violates check constraint ""valid_countries""
DETAIL:  Failing row contains (15617304, Ershova, French, Male, 40, 6, 0, 2, t, t, 111893, 0).
"
15704466,Udokamma,FRA,Female,34.0,7,0.0,2,No,No,195074.62,0,"new row for relation ""bank_churn"" violates check constraint ""valid_countries""
DETAIL:  Failing row contains (15704466, Udokamma, FRA, Female, 34, 7, 0, 2, f, f, 195075, 0).
"
15664681,Aitken,FRA,Female,35.0,2,114321.28,2,No,No,15959.01,0,"new row for relation ""bank_churn"" violates check constraint ""valid_countries""
DETAIL:  Failing row contains (15664681, Aitken, FRA, Female, 35, 2, 114321, 2, f, f, 15959, 0).
"
15762172,Kerr,French,Female,39.0,2,0.0,2,No,No,179451.42,0,"new row for relation ""bank_churn"" violates check constraint ""valid_countries""
DETAIL:  Failing row contains (15762172, Kerr, French, Female, 39, 2, 0, 2, f, f, 179451, 0).
"
15728333,McBurney,FRA,Male,43.0,8,0.0,1,Yes,Yes,93180.09,0,"new row for relation ""bank_churn"" violates check constraint ""valid_countries""
DETAIL:  Failing row contains (15728333, McBurney, FRA, Male, 43, 8, 0, 1, t, t, 93180, 0).
"
15792868,Mickey,French,Male,69.0,1,0.0,2,No,No,157097.09,0,"new row for relation ""bank_churn"" violates check constraint ""valid_countries""
DETAIL:  Failing row contains (15792868, Mickey, French, Male, 69, 1, 0, 2, f, f, 157097, 0).
"
15605698,Harrison,French,Male,58.0,3,0.0,3,Yes,Yes,80344.96,1,"new row for relation ""bank_churn"" violates check constraint ""valid_countries""
DETAIL:  Failing row contains (15605698, Harrison, French, Male, 58, 3, 0, 3, t, t, 80345, 1).
"
15719898,Young,FRA,Male,36.0,7,154872.08,2,Yes,Yes,32044.64,0,"new row for relation ""bank_churn"" violates check constraint ""valid_countries""
DETAIL:  Failing row contains (15719898, Young, FRA, Male, 36, 7, 154872, 2, t, t, 32045, 0).
"
15599976,Bellasis,French,Female,27.0,9,0.0,2,No,No,132734.87,0,"new row for relation ""bank_churn"" violates check constraint ""valid_countries""
DETAIL:  Failing row contains (15599976, Bellasis, French, Female, 27, 9, 0, 2, f, f, 132735, 0).
"
15750121,Tung,FRA,Male,38.0,3,0.0,1,No,No,42862.82,0,"new row for relation ""bank_churn"" violates check constraint ""valid_countries""
DETAIL:  Failing row contains (15750121, Tung, FRA, Male, 38, 3, 0, 1, f, f, 42863, 0).
"
15781347,Okagbue,FRA,Female,41.0,1,0.0,2,Yes,Yes,91193.65,0,"new row for relation ""bank_churn"" violates check constraint ""valid_countries""
DETAIL:  Failing row contains (15781347, Okagbue, FRA, Female, 41, 1, 0, 2, t, t, 91194, 0).
"
15592025,Nnaemeka,FRA,Male,53.0,7,0.0,2,Yes,Yes,130132.41,0,"new row for relation ""bank_churn"" violates check constraint ""valid_countries""
DETAIL:  Failing row contains (15592025, Nnaemeka, FRA, Male, 53, 7, 0, 2, t, t, 130132, 0).
"
15670163,Verjus,FRA,Female,27.0,4,0.0,2,No,No,88751.45,0,"new row for relation ""bank_churn"" violates check constraint ""valid_countries""
DETAIL:  Failing row contains (15670163, Verjus, FRA, Female, 27, 4, 0, 2, f, f, 88751, 0).
"
15579183,Spaull,FRA,Male,64.0,1,0.0,2,Yes,Yes,53710.23,0,"new row for relation ""bank_churn"" violates check constraint ""valid_countries""
DETAIL:  Failing row contains (15579183, Spaull, FRA, Male, 64, 1, 0, 2, t, t, 53710, 0).
"
15584899,Siciliani,FRA,Female,35.0,5,0.0,2,Yes,Yes,13066.3,0,"new row for relation ""bank_churn"" violates check constraint ""valid_countries""
DETAIL:  Failing row contains (15584899, Siciliani, FRA, Female, 35, 5, 0, 2, t, t, 13066, 0).
"
15682489,Crumbley,FRA,Male,27.0,9,0.0,2,No,No,198091.81,0,"new row for relation ""bank_churn"" violates check constraint ""valid_countries""
DETAIL:  Failing row contains (15682489, Crumbley, FRA, Male, 27, 9, 0, 2, f, f, 198092, 0).
"
15813645,Hamilton,French,Female,36.0,0,53369.13,1,Yes,Yes,103934.12,0,"new row for relation ""bank_churn"" violates check constraint ""valid_countries""
DETAIL:  Failing row contains (15813645, Hamilton, French, Female, 36, 0, 53369, 1, t, t, 103934, 0).
"
15690744,Custance,FRA,Male,43.0,2,112499.42,2,No,No,30375.18,0,"new row for relation ""bank_churn"" violates check constraint ""valid_countries""
DETAIL:  Failing row contains (15690744, Custance, FRA, Male, 43, 2, 112499, 2, f, f, 30375, 0).
"
15743709,Toomey,FRA,Male,30.0,4,66190.33,1,Yes,Yes,115186.97,0,"new row for relation ""bank_churn"" violates check constraint ""valid_countries""
DETAIL:  Failing row contains (15743709, Toomey, FRA, Male, 30, 4, 66190, 1, t, t, 115187, 0).
"
15610343,Marshall-Hall,FRA,Female,37.0,10,0.0,2,Yes,Yes,13935.53,1,"new row for relation ""bank_churn"" violates check constraint ""valid_countries""
DETAIL:  Failing row contains (15610343, Marshall-Hall, FRA, Female, 37, 10, 0, 2, t, t, 13936, 1).
"
15568519,Wood,French,Male,41.0,9,0.0,2,No,No,13871.34,0,"new row for relation ""bank_churn"" violates check constraint ""valid_countries""
DETAIL:  Failing row contains (15568519, Wood, French, Male, 41, 9, 0, 2, f, f, 13871, 0).
"
15603035,Vincent,FRA,Male,34.0,3,0.0,2,Yes,Yes,105599.65,0,"new row for relation ""bank_churn"" violates check constraint ""valid_countries""
DETAIL:  Failing row contains (15603035, Vincent, FRA, Male, 34, 3, 0, 2, t, t, 105600, 0).
"
15751912,Lilly,FRA,Male,36.0,7,0.0,2,Yes,Yes,3896.08,0,"new row for relation ""bank_churn"" violates check constraint ""valid_countries""
DETAIL:  Failing row contains (15751912, Lilly, FRA, Male, 36, 7, 0, 2, t, t, 3896, 0).
"
15659949,Chiu,FRA,Male,31.0,1,96399.31,2,No,No,106534.15,0,"new row for relation ""bank_churn"" violates check constraint ""valid_countries""
DETAIL:  Failing row contains (15659949, Chiu, FRA, Male, 31, 1, 96399, 2, f, f, 106534, 0).
"
15812422,Ugorji,FRA,Male,41.0,2,0.0,2,Yes,Yes,102515.42,0,"new row for relation ""bank_churn"" violates check constraint ""valid_countries""
DETAIL:  Failing row contains (15812422, Ugorji, FRA, Male, 41, 2, 0, 2, t, t, 102515, 0).
"
15807107,Patel,French,Male,32.0,3,121394.42,1,No,No,164081.42,0,"new row for relation ""bank_churn"" violates check constraint ""valid_countries""
DETAIL:  Failing row contains (15807107, Patel, French, Male, 32, 3, 121394, 1, f, f, 164081, 0).
"
15704657,Denman,FRA,Male,39.0,3,72647.64,1,No,No,41777.9,1,"new row for relation ""bank_churn"" violates check constraint ""valid_countries""
DETAIL:  Failing row contains (15704657, Denman, FRA, Male, 39, 3, 72648, 1, f, f, 41778, 1).
"
15593501,Graham,French,Female,36.0,5,148667.81,2,No,No,56092.51,0,"new row for relation ""bank_churn"" violates check constraint ""valid_countries""
DETAIL:  Failing row contains (15593501, Graham, French, Female, 36, 5, 148668, 2, f, f, 56093, 0).
"
15804150,Lysaght,FRA,Male,34.0,3,0.0,2,Yes,Yes,158816.03,0,"new row for relation ""bank_churn"" violates check constraint ""valid_countries""
DETAIL:  Failing row contains (15804150, Lysaght, FRA, Male, 34, 3, 0, 2, t, t, 158816, 0).
"
15649297,T'ang,FRA,Female,62.0,4,111065.93,2,Yes,Yes,125660.99,0,"new row for relation ""bank_churn"" violates check constraint ""valid_countries""
DETAIL:  Failing row contains (15649297, T'ang, FRA, Female, 62, 4, 111066, 2, t, t, 125661, 0).
"
15641110,Abron,French,Male,41.0,0,0.0,1,No,No,128400.62,0,"new row for relation ""bank_churn"" violates check constraint ""valid_countries""
DETAIL:  Failing row contains (15641110, Abron, French, Male, 41, 0, 0, 1, f, f, 128401, 0).
"
15660608,Chimaraoke,French,Male,44.0,8,158697.61,1,No,No,107181.22,0,"new row for relation ""bank_churn"" violates check constraint ""valid_countries""
DETAIL:  Failing row contains (15660608, Chimaraoke, French, Male, 44, 8, 158698, 1, f, f, 107181, 0).
"
15806570,Y?an,FRA,Female,53.0,4,0.0,1,No,No,77203.72,1,"new row for relation ""bank_churn"" violates check constraint ""valid_countries""
DETAIL:  Failing row contains (15806570, Y?an, FRA, Female, 53, 4, 0, 1, f, f, 77204, 1).
"
15755521,Ma,French,Female,48.0,0,90044.32,2,Yes,Yes,187604.97,1,"new row for relation ""bank_churn"" violates check constraint ""valid_countries""
DETAIL:  Failing row contains (15755521, Ma, French, Female, 48, 0, 90044, 2, t, t, 187605, 1).
"
15586069,Abernathy,French,Female,30.0,0,108883.29,1,No,No,27914.95,0,"new row for relation ""bank_churn"" violates check constraint ""valid_countries""
DETAIL:  Failing row contains (15586069, Abernathy, French, Female, 30, 0, 108883, 1, f, f, 27915, 0).
"
15655082,Pape,French,Female,48.0,4,112070.86,3,No,No,173568.3,1,"new row for relation ""bank_churn"" violates check constraint ""valid_countries""
DETAIL:  Failing row contains (15655082, Pape, French, Female, 48, 4, 112071, 3, f, f, 173568, 1).
"
15749365,Earle,FRA,Female,34.0,8,0.0,2,Yes,Yes,145601.8,0,"new row for relation ""bank_churn"" violates check constraint ""valid_countries""
DETAIL:  Failing row contains (15749365, Earle, FRA, Female, 34, 8, 0, 2, t, t, 145602, 0).
"
15632069,Kazantsev,French,Male,39.0,8,125211.55,2,No,No,144496.07,0,"new row for relation ""bank_churn"" violates check constraint ""valid_countries""
DETAIL:  Failing row contains (15632069, Kazantsev, French, Male, 39, 8, 125212, 2, f, f, 144496, 0).
"
15707219,Hopman,French,Female,28.0,4,0.0,2,Yes,Yes,123318.37,0,"new row for relation ""bank_churn"" violates check constraint ""valid_countries""
DETAIL:  Failing row contains (15707219, Hopman, French, Female, 28, 4, 0, 2, t, t, 123318, 0).
"
15801351,Milanesi,French,Male,40.0,3,0.0,2,No,No,47728.0,0,"new row for relation ""bank_churn"" violates check constraint ""valid_countries""
DETAIL:  Failing row contains (15801351, Milanesi, French, Male, 40, 3, 0, 2, f, f, 47728, 0).
"
15675626,Dawson,French,Male,28.0,2,0.0,1,No,No,98060.51,0,"new row for relation ""bank_churn"" violates check constraint ""valid_countries""
DETAIL:  Failing row contains (15675626, Dawson, French, Male, 28, 2, 0, 1, f, f, 98061, 0).
"
15609913,Clark,French,Female,46.0,9,0.0,1,No,No,113436.08,0,"new row for relation ""bank_churn"" violates check constraint ""valid_countries""
DETAIL:  Failing row contains (15609913, Clark, French, Female, 46, 9, 0, 1, f, f, 113436, 0).
"
15658258,Trejo,French,Male,43.0,6,128760.32,1,No,No,36342.79,0,"new row for relation ""bank_churn"" violates check constraint ""valid_countries""
DETAIL:  Failing row contains (15658258, Trejo, French, Male, 43, 6, 128760, 1, f, f, 36343, 0).
"
15775703,Lo,French,Male,26.0,2,71281.29,1,Yes,Yes,108747.12,1,"new row for relation ""bank_churn"" violates check constraint ""valid_countries""
DETAIL:  Failing row contains (15775703, Lo, French, Male, 26, 2, 71281, 1, t, t, 108747, 1).
"
15642636,Glossop,French,Male,29.0,9,117035.89,1,Yes,Yes,21862.19,0,"new row for relation ""bank_churn"" violates check constraint ""valid_countries""
DETAIL:  Failing row contains (15642636, Glossop, French, Male, 29, 9, 117036, 1, t, t, 21862, 0).
"
15704651,Bishop,FRA,Male,26.0,1,0.0,2,No,No,121551.93,0,"new row for relation ""bank_churn"" violates check constraint ""valid_countries""
DETAIL:  Failing row contains (15704651, Bishop, FRA, Male, 26, 1, 0, 2, f, f, 121552, 0).
"
15582519,Seleznyov,French,Male,47.0,6,121797.09,1,Yes,Yes,5811.9,1,"new row for relation ""bank_churn"" violates check constraint ""valid_countries""
DETAIL:  Failing row contains (15582519, Seleznyov, French, Male, 47, 6, 121797, 1, t, t, 5812, 1).
"
15692931,Hsing,FRA,Male,22.0,2,114991.45,1,Yes,Yes,37392.56,0,"new row for relation ""bank_churn"" violates check constraint ""valid_countries""
DETAIL:  Failing row contains (15692931, Hsing, FRA, Male, 22, 2, 114991, 1, t, t, 37393, 0).
"
15678333,Parry-Okeden,French,Female,26.0,7,0.0,2,No,No,86619.77,0,"new row for relation ""bank_churn"" violates check constraint ""valid_countries""
DETAIL:  Failing row contains (15678333, Parry-Okeden, French, Female, 26, 7, 0, 2, f, f, 86620, 0).
"
15625716,Genovesi,French,Female,33.0,9,113913.53,1,Yes,Yes,65316.5,0,"new row for relation ""bank_churn"" violates check constraint ""valid_countries""
DETAIL:  Failing row contains (15625716, Genovesi, French, Female, 33, 9, 113914, 1, t, t, 65317, 0).
"
15692207,Ingle,FRA,Female,53.0,6,0.0,2,Yes,Yes,124218.27,0,"new row for relation ""bank_churn"" violates check constraint ""valid_countries""
DETAIL:  Failing row contains (15692207, Ingle, FRA, Female, 53, 6, 0, 2, t, t, 124218, 0).
"
15730705,Chidubem,French,Male,37.0,9,165252.52,1,No,No,85286.3,0,"new row for relation ""bank_churn"" violates check constraint ""valid_countries""
DETAIL:  Failing row contains (15730705, Chidubem, French, Male, 37, 9, 165253, 1, f, f, 85286, 0).
"
15749688,Lu,FRA,Male,32.0,8,0.0,2,No,No,40889.14,0,"new row for relation ""bank_churn"" violates check constraint ""valid_countries""
DETAIL:  Failing row contains (15749688, Lu, FRA, Male, 32, 8, 0, 2, f, f, 40889, 0).
"
15728542,Vorobyova,French,Female,71.0,4,0.0,2,Yes,Yes,107236.87,0,"new row for relation ""bank_churn"" violates check constraint ""valid_countries""
DETAIL:  Failing row contains (15728542, Vorobyova, French, Female, 71, 4, 0, 2, t, t, 107237, 0).
"
15758769,Coffey,French,Female,44.0,7,0.0,1,No,No,4791.8,0,"new row for relation ""bank_churn"" violates check constraint ""valid_countries""
DETAIL:  Failing row contains (15758769, Coffey, French, Female, 44, 7, 0, 1, f, f, 4792, 0).
"
15568164,Istomin,FRA,Female,34.0,4,71379.53,2,Yes,Yes,154000.99,0,"new row for relation ""bank_churn"" violates check constraint ""valid_countries""
DETAIL:  Failing row contains (15568164, Istomin, FRA, Female, 34, 4, 71380, 2, t, t, 154001, 0).
"
15601569,Ndubueze,French,Female,40.0,2,171178.25,1,No,No,137980.58,1,"new row for relation ""bank_churn"" violates check constraint ""valid_countries""
DETAIL:  Failing row contains (15601569, Ndubueze, French, Female, 40, 2, 171178, 1, f, f, 137981, 1).
"
15772383,Toscani,FRA,Male,36.0,9,131307.11,1,No,No,83343.73,0,"new row for relation ""bank_churn"" violates check constraint ""valid_countries""
DETAIL:  Failing row contains (15772383, Toscani, FRA, Male, 36, 9, 131307, 1, f, f, 83344, 0).
"
15799534,McClaran,FRA,Male,71.0,5,183135.39,2,Yes,Yes,197688.5,0,"new row for relation ""bank_churn"" violates check constraint ""valid_countries""
DETAIL:  Failing row contains (15799534, McClaran, FRA, Male, 71, 5, 183135, 2, t, t, 197689, 0).
"
15709621,Wan,French,Male,31.0,3,0.0,2,Yes,Yes,27731.05,0,"new row for relation ""bank_churn"" violates check constraint ""valid_countries""
DETAIL:  Failing row contains (15709621, Wan, French, Male, 31, 3, 0, 2, t, t, 27731, 0).
"
15802009,Mazzi,French,Female,33.0,6,0.0,2,Yes,Yes,126131.9,0,"new row for relation ""bank_churn"" violates check constraint ""valid_countries""
DETAIL:  Failing row contains (15802009, Mazzi, French, Female, 33, 6, 0, 2, t, t, 126132, 0).
"
15643048,Mueller,French,Male,66.0,0,0.0,2,Yes,Yes,42240.54,0,"new row for relation ""bank_churn"" violates check constraint ""valid_countries""
DETAIL:  Failing row contains (15643048, Mueller, French, Male, 66, 0, 0, 2, t, t, 42241, 0).
"
15807568,Wright,FRA,Male,50.0,2,0.0,2,No,No,57942.88,0,"new row for relation ""bank_churn"" violates check constraint ""valid_countries""
DETAIL:  Failing row contains (15807568, Wright, FRA, Male, 50, 2, 0, 2, f, f, 57943, 0).
"
15597591,Lung,French,Male,29.0,5,107000.49,1,Yes,Yes,153419.62,0,"new row for relation ""bank_churn"" violates check constraint ""valid_countries""
DETAIL:  Failing row contains (15597591, Lung, French, Male, 29, 5, 107000, 1, t, t, 153420, 0).
"
15601012,Abdullah,French,Female,60.0,3,92887.06,1,No,No,39473.63,1,"new row for relation ""bank_churn"" violates check constraint ""valid_countries""
DETAIL:  Failing row contains (15601012, Abdullah, French, Female, 60, 3, 92887, 1, f, f, 39474, 1).
"
15724269,Yao,FRA,Male,25.0,7,0.0,2,Yes,Yes,144723.38,0,"new row for relation ""bank_churn"" violates check constraint ""valid_countries""
DETAIL:  Failing row contains (15724269, Yao, FRA, Male, 25, 7, 0, 2, t, t, 144723, 0).
"
15686538,Nixon,French,Female,41.0,7,0.0,2,Yes,Yes,176780.39,0,"new row for relation ""bank_churn"" violates check constraint ""valid_countries""
DETAIL:  Failing row contains (15686538, Nixon, French, Female, 41, 7, 0, 2, t, t, 176780, 0).
"
15585985,Wang,FRA,Male,48.0,5,165282.42,1,No,No,153786.46,1,"new row for relation ""bank_churn"" violates check constraint ""valid_countries""
DETAIL:  Failing row contains (15585985, Wang, FRA, Male, 48, 5, 165282, 1, f, f, 153786, 1).
"
15804104,Romani,FRA,Male,28.0,9,114731.76,2,Yes,Yes,79479.74,0,"new row for relation ""bank_churn"" violates check constraint ""valid_countries""
DETAIL:  Failing row contains (15804104, Romani, FRA, Male, 28, 9, 114732, 2, t, t, 79480, 0).
"
15584785,Ogochukwu,FRA,Male,37.0,2,97324.91,1,No,No,23291.83,0,"new row for relation ""bank_churn"" violates check constraint ""valid_countries""
DETAIL:  Failing row contains (15584785, Ogochukwu, FRA, Male, 37, 2, 97325, 1, f, f, 23292, 0).
"
15574858,Page,French,Male,37.0,8,0.0,2,Yes,Yes,287.99,0,"new row for relation ""bank_churn"" violates check constraint ""valid_countries""
DETAIL:  Failing row contains (15574858, Page, French, Male, 37, 8, 0, 2, t, t, 288, 0).
"
15794101,Barese,French,Female,48.0,2,0.0,2,Yes,Yes,137961.41,0,"new row for relation ""bank_churn"" violates check constraint ""valid_countries""
DETAIL:  Failing row contains (15794101, Barese, French, Female, 48, 2, 0, 2, t, t, 137961, 0).
"
15743245,Agafonova,French,Male,42.0,3,145155.37,1,No,No,72169.95,1,"new row for relation ""bank_churn"" violates check constraint ""valid_countries""
DETAIL:  Failing row contains (15743245, Agafonova, French, Male, 42, 3, 145155, 1, f, f, 72170, 1).
"
15791535,Caraway,French,Male,28.0,5,137222.77,1,No,No,39608.58,0,"new row for relation ""bank_churn"" violates check constraint ""valid_countries""
DETAIL:  Failing row contains (15791535, Caraway, French, Male, 28, 5, 137223, 1, f, f, 39609, 0).
"
15605215,Stevenson,French,Male,48.0,9,0.0,2,Yes,Yes,175458.21,0,"new row for relation ""bank_churn"" violates check constraint ""valid_countries""
DETAIL:  Failing row contains (15605215, Stevenson, French, Male, 48, 9, 0, 2, t, t, 175458, 0).
"
15769353,Jenkins,FRA,Female,40.0,8,150490.32,1,No,No,166468.21,1,"new row for relation ""bank_churn"" violates check constraint ""valid_countries""
DETAIL:  Failing row contains (15769353, Jenkins, FRA, Female, 40, 8, 150490, 1, f, f, 166468, 1).
"
15783875,Li Fonti,FRA,Female,34.0,4,0.0,2,No,No,12833.96,0,"new row for relation ""bank_churn"" violates check constraint ""valid_countries""
DETAIL:  Failing row contains (15783875, Li Fonti, FRA, Female, 34, 4, 0, 2, f, f, 12834, 0).
"
15671800,Robinson,French,Male,20.0,8,137624.4,2,Yes,Yes,197582.79,0,"new row for relation ""bank_churn"" violates check constraint ""valid_countries""
DETAIL:  Failing row contains (15671800, Robinson, French, Male, 20, 8, 137624, 2, t, t, 197583, 0).
"
15579207,Watkins,French,Male,37.0,3,91184.01,1,No,No,105476.65,0,"new row for relation ""bank_churn"" violates check constraint ""valid_countries""
DETAIL:  Failing row contains (15579207, Watkins, French, Male, 37, 3, 91184, 1, f, f, 105477, 0).
"
15711750,Watson,French,Female,34.0,6,0.0,2,Yes,Yes,175310.38,0,"new row for relation ""bank_churn"" violates check constraint ""valid_countries""
DETAIL:  Failing row contains (15711750, Watson, French, Female, 34, 6, 0, 2, t, t, 175310, 0).
"
15751084,Mancini,French,Female,29.0,8,140170.61,1,Yes,Yes,38170.04,0,"new row for relation ""bank_churn"" violates check constraint ""valid_countries""
DETAIL:  Failing row contains (15751084, Mancini, French, Female, 29, 8, 140171, 1, t, t, 38170, 0).
"
15768945,Chibueze,FRA,Male,27.0,1,62092.9,1,Yes,Yes,105887.04,0,"new row for relation ""bank_churn"" violates check constraint ""valid_countries""
DETAIL:  Failing row contains (15768945, Chibueze, FRA, Male, 27, 1, 62093, 1, t, t, 105887, 0).
"
15623858,Charteris,FRA,Male,45.0,9,0.0,1,No,No,148516.79,0,"new row for relation ""bank_churn"" violates check constraint ""valid_countries""
DETAIL:  Failing row contains (15623858, Charteris, FRA, Male, 45, 9, 0, 1, f, f, 148517, 0).
"
15780805,Lu,French,Female,35.0,2,0.0,2,No,No,98621.04,1,"new row for relation ""bank_churn"" violates check constraint ""valid_countries""
DETAIL:  Failing row contains (15780805, Lu, French, Female, 35, 2, 0, 2, f, f, 98621, 1).
"
15768566,K?,FRA,Male,34.0,8,0.0,2,Yes,Yes,37479.97,0,"new row for relation ""bank_churn"" violates check constraint ""valid_countries""
DETAIL:  Failing row contains (15768566, K?, FRA, Male, 34, 8, 0, 2, t, t, 37480, 0).
"
15676576,Stephenson,FRA,Female,43.0,8,143061.88,1,No,No,61937.6,0,"new row for relation ""bank_churn"" violates check constraint ""valid_countries""
DETAIL:  Failing row contains (15676576, Stephenson, FRA, Female, 43, 8, 143062, 1, f, f, 61938, 0).
"
15647292,Peng,FRA,Male,63.0,7,148368.02,1,No,No,118862.08,1,"new row for relation ""bank_churn"" violates check constraint ""valid_countries""
DETAIL:  Failing row contains (15647292, Peng, FRA, Male, 63, 7, 148368, 1, f, f, 118862, 1).
"
15728838,Leach,FRA,Male,45.0,1,148600.91,1,No,No,143397.14,1,"new row for relation ""bank_churn"" violates check constraint ""valid_countries""
DETAIL:  Failing row contains (15728838, Leach, FRA, Male, 45, 1, 148601, 1, f, f, 143397, 1).
"
15584704,Chiazagomekpele,French,Male,48.0,10,71083.98,1,No,No,137959.0,0,"new row for relation ""bank_churn"" violates check constraint ""valid_countries""
DETAIL:  Failing row contains (15584704, Chiazagomekpele, French, Male, 48, 10, 71084, 1, f, f, 137959, 0).
"
15779496,Sykes,FRA,Male,64.0,0,81564.1,2,Yes,Yes,35896.09,0,"new row for relation ""bank_churn"" violates check constraint ""valid_countries""
DETAIL:  Failing row contains (15779496, Sykes, FRA, Male, 64, 0, 81564, 2, t, t, 35896, 0).
"
15711457,Herz,French,Female,28.0,7,124540.28,1,Yes,Yes,188850.89,0,"new row for relation ""bank_churn"" violates check constraint ""valid_countries""
DETAIL:  Failing row contains (15711457, Herz, French, Female, 28, 7, 124540, 1, t, t, 188851, 0).
"
15722599,Nelson,French,Female,37.0,9,183613.66,2,No,No,49734.94,0,"new row for relation ""bank_churn"" violates check constraint ""valid_countries""
DETAIL:  Failing row contains (15722599, Nelson, French, Female, 37, 9, 183614, 2, f, f, 49735, 0).
"
15707011,Morrison,French,Male,47.0,10,137682.68,1,No,No,71071.47,0,"new row for relation ""bank_churn"" violates check constraint ""valid_countries""
DETAIL:  Failing row contains (15707011, Morrison, French, Male, 47, 10, 137683, 1, f, f, 71071, 0).
"
15702277,Smith,French,Male,34.0,4,106005.54,1,Yes,Yes,142995.32,0,"new row for relation ""bank_churn"" violates check constraint ""valid_countries""
DETAIL:  Failing row contains (15702277, Smith, French, Male, 34, 4, 106006, 1, t, t, 142995, 0).
"
15580213,McIntyre,FRA,Female,43.0,2,0.0,2,No,No,89402.54,0,"new row for relation ""bank_churn"" violates check constraint ""valid_countries""
DETAIL:  Failing row contains (15580213, McIntyre, FRA, Female, 43, 2, 0, 2, f, f, 89403, 0).
"
15715888,Allardyce,FRA,Female,38.0,2,142289.28,1,Yes,Yes,119638.85,0,"new row for relation ""bank_churn"" violates check constraint ""valid_countries""
DETAIL:  Failing row contains (15715888, Allardyce, FRA, Female, 38, 2, 142289, 1, t, t, 119639, 0).
"
15732967,Cremonesi,FRA,Male,19.0,6,0.0,2,Yes,Yes,151581.79,0,"new row for relation ""bank_churn"" violates check constraint ""valid_countries""
DETAIL:  Failing row contains (15732967, Cremonesi, FRA, Male, 19, 6, 0, 2, t, t, 151582, 0).
"
15737047,Weatherford,FRA,Female,45.0,6,0.0,1,No,No,73881.68,1,"new row for relation ""bank_churn"" violates check constraint ""valid_countries""
DETAIL:  Failing row contains (15737047, Weatherford, FRA, Female, 45, 6, 0, 1, f, f, 73882, 1).
"
15637829,Sharpe,French,Female,34.0,7,0.0,2,Yes,Yes,161559.12,0,"new row for relation ""bank_churn"" violates check constraint ""valid_countries""
DETAIL:  Failing row contains (15637829, Sharpe, French, Female, 34, 7, 0, 2, t, t, 161559, 0).
"
15708713,Hill,French,Male,35.0,3,0.0,2,Yes,Yes,36249.76,0,"new row for relation ""bank_churn"" violates check constraint ""valid_countries""
DETAIL:  Failing row contains (15708713, Hill, French, Male, 35, 3, 0, 2, t, t, 36250, 0).
"
15755405,Hudson,French,Male,43.0,9,128284.45,1,No,No,32996.89,1,"new row for relation ""bank_churn"" violates check constraint ""valid_countries""
DETAIL:  Failing row contains (15755405, Hudson, French, Male, 43, 9, 128284, 1, f, f, 32997, 1).
"
15684348,Zhdanova,FRA,Male,63.0,8,0.0,2,Yes,Yes,57014.43,0,"new row for relation ""bank_churn"" violates check constraint ""valid_countries""
DETAIL:  Failing row contains (15684348, Zhdanova, FRA, Male, 63, 8, 0, 2, t, t, 57014, 0).
"
15748920,Cherkasova,FRA,Female,49.0,8,0.0,2,Yes,Yes,12513.07,0,"new row for relation ""bank_churn"" violates check constraint ""valid_countries""
DETAIL:  Failing row contains (15748920, Cherkasova, FRA, Female, 49, 8, 0, 2, t, t, 12513, 0).
"
15774258,Gorbunov,FRA,Male,40.0,1,0.0,2,Yes,Yes,187343.4,0,"new row for relation ""bank_churn"" violates check constraint ""valid_countries""
DETAIL:  Failing row contains (15774258, Gorbunov, FRA, Male, 40, 1, 0, 2, t, t, 187343, 0).
"
15731553,Lucas,FRA,Male,23.0,8,0.0,2,No,No,183284.53,0,"new row for relation ""bank_churn"" violates check constraint ""valid_countries""
DETAIL:  Failing row contains (15731553, Lucas, FRA, Male, 23, 8, 0, 2, f, f, 183285, 0).
"
15789924,Hussain,French,Female,39.0,4,0.0,1,Yes,Yes,147530.06,0,"new row for relation ""bank_churn"" violates check constraint ""valid_countries""
DETAIL:  Failing row contains (15789924, Hussain, French, Female, 39, 4, 0, 1, t, t, 147530, 0).
"
15673820,Woodward,French,Male,33.0,7,0.0,2,No,No,143450.61,0,"new row for relation ""bank_churn"" violates check constraint ""valid_countries""
DETAIL:  Failing row contains (15673820, Woodward, French, Male, 33, 7, 0, 2, f, f, 143451, 0).
"
15581893,Ginikanwa,FRA,Male,43.0,1,130788.71,1,Yes,Yes,101495.0,1,"new row for relation ""bank_churn"" violates check constraint ""valid_countries""
DETAIL:  Failing row contains (15581893, Ginikanwa, FRA, Male, 43, 1, 130789, 1, t, t, 101495, 1).
"
15713890,Maclean,French,Male,44.0,3,0.0,2,Yes,Yes,152884.85,0,"new row for relation ""bank_churn"" violates check constraint ""valid_countries""
DETAIL:  Failing row contains (15713890, Maclean, French, Male, 44, 3, 0, 2, t, t, 152885, 0).
"
15759690,Smith,French,Male,42.0,4,0.0,2,Yes,Yes,81442.6,0,"new row for relation ""bank_churn"" violates check constraint ""valid_countries""
DETAIL:  Failing row contains (15759690, Smith, French, Male, 42, 4, 0, 2, t, t, 81443, 0).
"
15801414,Bitter,French,Female,35.0,2,0.0,2,No,No,144251.38,0,"new row for relation ""bank_churn"" violates check constraint ""valid_countries""
DETAIL:  Failing row contains (15801414, Bitter, French, Female, 35, 2, 0, 2, f, f, 144251, 0).
"
15656141,Ts'ao,FRA,Male,39.0,5,0.0,1,Yes,Yes,40207.06,0,"new row for relation ""bank_churn"" violates check constraint ""valid_countries""
DETAIL:  Failing row contains (15656141, Ts'ao, FRA, Male, 39, 5, 0, 1, t, t, 40207, 0).
"
15582892,Scott,FRA,Male,46.0,2,99786.07,1,Yes,Yes,32683.88,1,"new row for relation ""bank_churn"" violates check constraint ""valid_countries""
DETAIL:  Failing row contains (15582892, Scott, FRA, Male, 46, 2, 99786, 1, t, t, 32684, 1).
"
15669282,Uchechukwu,French,Female,20.0,10,124266.86,1,No,No,100566.81,0,"new row for relation ""bank_churn"" violates check constraint ""valid_countries""
DETAIL:  Failing row contains (15669282, Uchechukwu, French, Female, 20, 10, 124267, 1, f, f, 100567, 0).
"
15792726,Sung,French,Female,25.0,8,127974.06,2,Yes,Yes,183259.35,0,"new row for relation ""bank_churn"" violates check constraint ""valid_countries""
DETAIL:  Failing row contains (15792726, Sung, French, Female, 25, 8, 127974, 2, t, t, 183259, 0).
"
15731865,Unwin,FRA,Male,27.0,1,0.0,2,No,No,91291.2,0,"new row for relation ""bank_churn"" violates check constraint ""valid_countries""
DETAIL:  Failing row contains (15731865, Unwin, FRA, Male, 27, 1, 0, 2, f, f, 91291, 0).
"
15760450,Rutherford,FRA,Male,43.0,1,0.0,2,Yes,Yes,52471.36,0,"new row for relation ""bank_churn"" violates check constraint ""valid_countries""
DETAIL:  Failing row contains (15760450, Rutherford, FRA, Male, 43, 1, 0, 2, t, t, 52471, 0).
"
15705050,Linger,French,Male,30.0,9,0.0,2,Yes,Yes,148887.69,0,"new row for relation ""bank_churn"" violates check constraint ""valid_countries""
DETAIL:  Failing row contains (15705050, Linger, French, Male, 30, 9, 0, 2, t, t, 148888, 0).
"
15684316,Udokamma,French,Male,43.0,9,0.0,2,No,No,190573.91,1,"new row for relation ""bank_churn"" violates check constraint ""valid_countries""
DETAIL:  Failing row contains (15684316, Udokamma, French, Male, 43, 9, 0, 2, f, f, 190574, 1).
"
15790594,Bednall,French,Female,27.0,6,0.0,2,Yes,Yes,49775.58,0,"new row for relation ""bank_churn"" violates check constraint ""valid_countries""
DETAIL:  Failing row contains (15790594, Bednall, French, Female, 27, 6, 0, 2, t, t, 49776, 0).
"
15736578,Hamilton,French,Male,39.0,1,0.0,1,Yes,Yes,28184.7,0,"new row for relation ""bank_churn"" violates check constraint ""valid_countries""
DETAIL:  Failing row contains (15736578, Hamilton, French, Male, 39, 1, 0, 1, t, t, 28185, 0).
"
15727291,McKay,French,Female,40.0,1,0.0,2,No,No,194273.12,0,"new row for relation ""bank_churn"" violates check constraint ""valid_countries""
DETAIL:  Failing row contains (15727291, McKay, French, Female, 40, 1, 0, 2, f, f, 194273, 0).
"
15758702,Watson,FRA,Female,55.0,8,0.0,2,Yes,Yes,14392.68,0,"new row for relation ""bank_churn"" violates check constraint ""valid_countries""
DETAIL:  Failing row contains (15758702, Watson, FRA, Female, 55, 8, 0, 2, t, t, 14393, 0).
"
15586848,Rose,FRA,Male,38.0,1,0.0,2,No,No,122379.54,0,"new row for relation ""bank_churn"" violates check constraint ""valid_countries""
DETAIL:  Failing row contains (15586848, Rose, FRA, Male, 38, 1, 0, 2, f, f, 122380, 0).
"
15707637,Zikoranachukwudimma,French,Female,56.0,1,0.0,1,No,No,13228.93,1,"new row for relation ""bank_churn"" violates check constraint ""valid_countries""
DETAIL:  Failing row contains (15707637, Zikoranachukwudimma, French, Female, 56, 1, 0, 1, f, f, 13229, 1).
"
15639265,Isaacs,FRA,Male,54.0,7,126113.28,1,No,No,112777.38,0,"new row for relation ""bank_churn"" violates check constraint ""valid_countries""
DETAIL:  Failing row contains (15639265, Isaacs, FRA, Male, 54, 7, 126113, 1, f, f, 112777, 0).
"
15782939,Storey,French,Male,42.0,4,80214.36,1,No,No,115241.96,1,"new row for relation ""bank_churn"" violates check constraint ""valid_countries""
DETAIL:  Failing row contains (15782939, Storey, French, Male, 42, 4, 80214, 1, f, f, 115242, 1).
"
15597885,Kerr,French,Male,43.0,6,0.0,2,Yes,Yes,57675.88,0,"new row for relation ""bank_churn"" violates check constraint ""valid_countries""
DETAIL:  Failing row contains (15597885, Kerr, French, Male, 43, 6, 0, 2, t, t, 57676, 0).
"
15597467,Duncan,French,Female,71.0,8,0.0,2,Yes,Yes,169741.96,0,"new row for relation ""bank_churn"" violates check constraint ""valid_countries""
DETAIL:  Failing row contains (15597467, Duncan, French, Female, 71, 8, 0, 2, t, t, 169742, 0).
"
15684769,Whitson,French,Male,67.0,10,129431.36,1,Yes,Yes,21343.74,0,"new row for relation ""bank_churn"" violates check constraint ""valid_countries""
DETAIL:  Failing row contains (15684769, Whitson, French, Male, 67, 10, 129431, 1, t, t, 21344, 0).
"
15632439,Pinto,FRA,Female,39.0,4,0.0,2,Yes,Yes,47455.82,0,"new row for relation ""bank_churn"" violates check constraint ""valid_countries""
DETAIL:  Failing row contains (15632439, Pinto, FRA, Female, 39, 4, 0, 2, t, t, 47456, 0).
"
15755138,Chin,French,Female,32.0,8,0.0,2,Yes,Yes,55593.8,0,"new row for relation ""bank_churn"" violates check constraint ""valid_countries""
DETAIL:  Failing row contains (15755138, Chin, French, Female, 32, 8, 0, 2, t, t, 55594, 0).
"
15659092,Davide,FRA,Female,50.0,5,0.0,2,No,No,191756.54,1,"new row for relation ""bank_churn"" violates check constraint ""valid_countries""
DETAIL:  Failing row contains (15659092, Davide, FRA, Female, 50, 5, 0, 2, f, f, 191757, 1).
"
15801994,Buccho,French,Male,31.0,9,0.0,2,No,No,169278.51,0,"new row for relation ""bank_churn"" violates check constraint ""valid_countries""
DETAIL:  Failing row contains (15801994, Buccho, French, Male, 31, 9, 0, 2, f, f, 169279, 0).
"
15690589,Udinesi,French,Male,37.0,9,212314.03,1,Yes,Yes,148814.54,0,"new row for relation ""bank_churn"" violates check constraint ""valid_countries""
DETAIL:  Failing row contains (15690589, Udinesi, French, Male, 37, 9, 212314, 1, t, t, 148815, 0).
"
15595350,Fermin,FRA,Female,31.0,3,136067.82,2,No,No,65567.91,0,"new row for relation ""bank_churn"" violates check constraint ""valid_countries""
DETAIL:  Failing row contains (15595350, Fermin, FRA, Female, 31, 3, 136068, 2, f, f, 65568, 0).
"
15804064,Docherty,French,Female,35.0,2,79126.17,1,Yes,Yes,126997.53,0,"new row for relation ""bank_churn"" violates check constraint ""valid_countries""
DETAIL:  Failing row contains (15804064, Docherty, French, Female, 35, 2, 79126, 1, t, t, 126998, 0).
"
15737408,L?,French,Female,41.0,6,109941.51,1,No,No,116267.28,0,"new row for relation ""bank_churn"" violates check constraint ""valid_countries""
DETAIL:  Failing row contains (15737408, L?, French, Female, 41, 6, 109942, 1, f, f, 116267, 0).
"
15576022,Nwachinemelu,French,Male,38.0,5,0.0,2,Yes,Yes,80630.32,0,"new row for relation ""bank_churn"" violates check constraint ""valid_countries""
DETAIL:  Failing row contains (15576022, Nwachinemelu, French, Male, 38, 5, 0, 2, t, t, 80630, 0).
"
15635502,Ch'iu,French,Male,44.0,2,0.0,1,No,No,159165.7,0,"new row for relation ""bank_churn"" violates check constraint ""valid_countries""
DETAIL:  Failing row contains (15635502, Ch'iu, French, Male, 44, 2, 0, 1, f, f, 159166, 0).
"
15645059,Crace,FRA,Female,28.0,8,0.0,2,No,No,105159.89,0,"new row for relation ""bank_churn"" violates check constraint ""valid_countries""
DETAIL:  Failing row contains (15645059, Crace, FRA, Female, 28, 8, 0, 2, f, f, 105160, 0).
"
15711687,Nero,French,Male,41.0,4,108128.52,1,Yes,Yes,56784.11,0,"new row for relation ""bank_churn"" violates check constraint ""valid_countries""
DETAIL:  Failing row contains (15711687, Nero, French, Male, 41, 4, 108129, 1, t, t, 56784, 0).
"
15634373,Yang,FRA,Male,30.0,5,0.0,2,Yes,Yes,105155.66,0,"new row for relation ""bank_churn"" violates check constraint ""valid_countries""
DETAIL:  Failing row contains (15634373, Yang, FRA, Male, 30, 5, 0, 2, t, t, 105156, 0).
"
15744770,Stone,French,Male,44.0,2,0.0,2,No,No,86414.41,0,"new row for relation ""bank_churn"" violates check constraint ""valid_countries""
DETAIL:  Failing row contains (15744770, Stone, French, Male, 44, 2, 0, 2, f, f, 86414, 0).
"
15624397,Moore,FRA,Male,43.0,8,71240.3,1,Yes,Yes,127734.16,0,"new row for relation ""bank_churn"" violates check constraint ""valid_countries""
DETAIL:  Failing row contains (15624397, Moore, FRA, Male, 43, 8, 71240, 1, t, t, 127734, 0).
"
15615219,Obielumani,FRA,Male,59.0,5,138772.15,1,Yes,Yes,123872.0,0,"new row for relation ""bank_churn"" violates check constraint ""valid_countries""
DETAIL:  Failing row contains (15615219, Obielumani, FRA, Male, 59, 5, 138772, 1, t, t, 123872, 0).
"
15577905,Hammond,French,Male,34.0,8,106486.66,2,Yes,Yes,182262.66,0,"new row for relation ""bank_churn"" violates check constraint ""valid_countries""
DETAIL:  Failing row contains (15577905, Hammond, French, Male, 34, 8, 106487, 2, t, t, 182263, 0).
"
15701238,Chia,French,Male,47.0,1,0.0,2,No,No,148989.15,0,"new row for relation ""bank_churn"" violates check constraint ""valid_countries""
DETAIL:  Failing row contains (15701238, Chia, French, Male, 47, 1, 0, 2, f, f, 148989, 0).
"
15720110,Oluchukwu,FRA,Male,32.0,2,117265.21,1,Yes,Yes,198317.23,0,"new row for relation ""bank_churn"" violates check constraint ""valid_countries""
DETAIL:  Failing row contains (15720110, Oluchukwu, FRA, Male, 32, 2, 117265, 1, t, t, 198317, 0).
"
15757981,Loggia,FRA,Male,66.0,8,0.0,1,Yes,Yes,163331.65,0,"new row for relation ""bank_churn"" violates check constraint ""valid_countries""
DETAIL:  Failing row contains (15757981, Loggia, FRA, Male, 66, 8, 0, 1, t, t, 163332, 0).
"
15665159,Brooks,FRA,Male,61.0,0,128213.96,2,Yes,Yes,188729.08,1,"new row for relation ""bank_churn"" violates check constraint ""valid_countries""
DETAIL:  Failing row contains (15665159, Brooks, FRA, Male, 61, 0, 128214, 2, t, t, 188729, 1).
"
15791452,Dann,French,Male,39.0,1,0.0,2,No,No,153129.22,0,"new row for relation ""bank_churn"" violates check constraint ""valid_countries""
DETAIL:  Failing row contains (15791452, Dann, French, Male, 39, 1, 0, 2, f, f, 153129, 0).
"
15646262,Ross,FRA,Male,31.0,7,0.0,1,No,No,35408.77,0,"new row for relation ""bank_churn"" violates check constraint ""valid_countries""
DETAIL:  Failing row contains (15646262, Ross, FRA, Male, 31, 7, 0, 1, f, f, 35409, 0).
"
15650322,Grigoryeva,FRA,Female,34.0,3,105588.66,1,Yes,Yes,74694.41,0,"new row for relation ""bank_churn"" violates check constraint ""valid_countries""
DETAIL:  Failing row contains (15650322, Grigoryeva, FRA, Female, 34, 3, 105589, 1, t, t, 74694, 0).
"
15751628,Onyemachukwu,FRA,Male,60.0,7,78391.17,1,Yes,Yes,49424.6,0,"new row for relation ""bank_churn"" violates check constraint ""valid_countries""
DETAIL:  Failing row contains (15751628, Onyemachukwu, FRA, Male, 60, 7, 78391, 1, t, t, 49425, 0).
"
15783276,Forbes,FRA,Female,25.0,9,0.0,2,Yes,Yes,168607.74,0,"new row for relation ""bank_churn"" violates check constraint ""valid_countries""
DETAIL:  Failing row contains (15783276, Forbes, FRA, Female, 25, 9, 0, 2, t, t, 168608, 0).
"
15766137,Muir,FRA,Male,34.0,2,0.0,2,Yes,Yes,83087.13,0,"new row for relation ""bank_churn"" violates check constraint ""valid_countries""
DETAIL:  Failing row contains (15766137, Muir, FRA, Male, 34, 2, 0, 2, t, t, 83087, 0).
"
15690670,Cox,French,Male,33.0,2,0.0,2,Yes,Yes,141031.08,0,"new row for relation ""bank_churn"" violates check constraint ""valid_countries""
DETAIL:  Failing row contains (15690670, Cox, French, Male, 33, 2, 0, 2, t, t, 141031, 0).
"
15630466,Maclean,French,Male,45.0,8,0.0,1,No,No,125110.02,0,"new row for relation ""bank_churn"" violates check constraint ""valid_countries""
DETAIL:  Failing row contains (15630466, Maclean, French, Male, 45, 8, 0, 1, f, f, 125110, 0).
"
15647890,Su,French,Male,37.0,9,149405.18,1,Yes,Yes,146411.6,0,"new row for relation ""bank_churn"" violates check constraint ""valid_countries""
DETAIL:  Failing row contains (15647890, Su, French, Male, 37, 9, 149405, 1, t, t, 146412, 0).
"
15773973,Hill,FRA,Male,41.0,2,0.0,2,Yes,Yes,191215.61,0,"new row for relation ""bank_churn"" violates check constraint ""valid_countries""
DETAIL:  Failing row contains (15773973, Hill, FRA, Male, 41, 2, 0, 2, t, t, 191216, 0).
"
15624993,Chiang,FRA,Female,36.0,7,128518.98,1,Yes,Yes,44567.83,1,"new row for relation ""bank_churn"" violates check constraint ""valid_countries""
DETAIL:  Failing row contains (15624993, Chiang, FRA, Female, 36, 7, 128519, 1, t, t, 44568, 1).
"
15699047,Chukwuemeka,French,Female,21.0,9,120150.39,2,Yes,Yes,33964.03,0,"new row for relation ""bank_churn"" violates check constraint ""valid_countries""
DETAIL:  Failing row contains (15699047, Chukwuemeka, French, Female, 21, 9, 120150, 2, t, t, 33964, 0).
"
15616168,Ojiofor,French,Female,35.0,7,81905.95,1,Yes,Yes,61623.19,0,"new row for relation ""bank_churn"" violates check constraint ""valid_countries""
DETAIL:  Failing row contains (15616168, Ojiofor, French, Female, 35, 7, 81906, 1, t, t, 61623, 0).
"
15589725,Zubarev,FRA,Female,51.0,4,0.0,2,Yes,Yes,178929.84,0,"new row for relation ""bank_churn"" violates check constraint ""valid_countries""
DETAIL:  Failing row contains (15589725, Zubarev, FRA, Female, 51, 4, 0, 2, t, t, 178930, 0).
"
15673929,Chin,French,Male,64.0,4,0.0,2,Yes,Yes,148305.82,0,"new row for relation ""bank_churn"" violates check constraint ""valid_countries""
DETAIL:  Failing row contains (15673929, Chin, French, Male, 64, 4, 0, 2, t, t, 148306, 0).
"
15570194,Ikemefuna,French,Male,29.0,5,0.0,2,No,No,12510.53,0,"new row for relation ""bank_churn"" violates check constraint ""valid_countries""
DETAIL:  Failing row contains (15570194, Ikemefuna, French, Male, 29, 5, 0, 2, f, f, 12511, 0).
"
15769955,Onuora,FRA,Female,40.0,1,0.0,2,No,No,75762.0,0,"new row for relation ""bank_churn"" violates check constraint ""valid_countries""
DETAIL:  Failing row contains (15769955, Onuora, FRA, Female, 40, 1, 0, 2, f, f, 75762, 0).
"
15765345,Wood,French,Male,35.0,4,0.0,2,Yes,Yes,106303.4,0,"new row for relation ""bank_churn"" violates check constraint ""valid_countries""
DETAIL:  Failing row contains (15765345, Wood, French, Male, 35, 4, 0, 2, t, t, 106303, 0).
"
15794178,Walpole,French,Male,34.0,3,107136.6,1,No,No,153895.46,0,"new row for relation ""bank_churn"" violates check constraint ""valid_countries""
DETAIL:  Failing row contains (15794178, Walpole, French, Male, 34, 3, 107137, 1, f, f, 153895, 0).
"
15662483,Ko,French,Male,43.0,7,0.0,2,Yes,Yes,173851.11,0,"new row for relation ""bank_churn"" violates check constraint ""valid_countries""
DETAIL:  Failing row contains (15662483, Ko, French, Male, 43, 7, 0, 2, t, t, 173851, 0).
"
15731148,Isayeva,FRA,Male,33.0,0,108477.49,1,Yes,Yes,109096.71,1,"new row for relation ""bank_churn"" violates check constraint ""valid_countries""
DETAIL:  Failing row contains (15731148, Isayeva, FRA, Male, 33, 0, 108477, 1, t, t, 109097, 1).
"
15610226,Fenton,FRA,Female,27.0,9,106414.57,2,No,No,77500.81,0,"new row for relation ""bank_churn"" violates check constraint ""valid_countries""
DETAIL:  Failing row contains (15610226, Fenton, FRA, Female, 27, 9, 106415, 2, f, f, 77501, 0).
"
15616365,Obiuto,FRA,Female,53.0,2,0.0,2,No,No,28045.77,0,"new row for relation ""bank_churn"" violates check constraint ""valid_countries""
DETAIL:  Failing row contains (15616365, Obiuto, FRA, Female, 53, 2, 0, 2, f, f, 28046, 0).
"
15734714,Nash,French,Female,29.0,3,79715.36,1,No,No,82252.28,0,"new row for relation ""bank_churn"" violates check constraint ""valid_countries""
DETAIL:  Failing row contains (15734714, Nash, French, Female, 29, 3, 79715, 1, f, f, 82252, 0).
"
15721433,Hixson,French,Female,38.0,4,74306.19,2,No,No,154395.56,0,"new row for relation ""bank_churn"" violates check constraint ""valid_countries""
DETAIL:  Failing row contains (15721433, Hixson, French, Female, 38, 4, 74306, 2, f, f, 154396, 0).
"
15810826,Chiekwugo,French,Male,36.0,6,0.0,2,No,No,84749.96,0,"new row for relation ""bank_churn"" violates check constraint ""valid_countries""
DETAIL:  Failing row contains (15810826, Chiekwugo, French, Male, 36, 6, 0, 2, f, f, 84750, 0).
"
15743456,Birnie,FRA,Female,32.0,10,0.0,2,No,No,60907.49,0,"new row for relation ""bank_churn"" violates check constraint ""valid_countries""
DETAIL:  Failing row contains (15743456, Birnie, FRA, Female, 32, 10, 0, 2, f, f, 60907, 0).
"
15761713,Johnstone,FRA,Female,43.0,7,178074.33,1,No,No,110405.9,0,"new row for relation ""bank_churn"" violates check constraint ""valid_countries""
DETAIL:  Failing row contains (15761713, Johnstone, FRA, Female, 43, 7, 178074, 1, f, f, 110406, 0).
"
15639004,Chiemezie,FRA,Male,72.0,2,0.0,2,Yes,Yes,70783.61,0,"new row for relation ""bank_churn"" violates check constraint ""valid_countries""
DETAIL:  Failing row contains (15639004, Chiemezie, FRA, Male, 72, 2, 0, 2, t, t, 70784, 0).
"
15653773,Shaw,FRA,Female,38.0,7,164496.99,1,Yes,Yes,163327.27,0,"new row for relation ""bank_churn"" violates check constraint ""valid_countries""
DETAIL:  Failing row contains (15653773, Shaw, FRA, Female, 38, 7, 164497, 1, t, t, 163327, 0).
"
15733597,Y?an,French,Female,41.0,0,150219.41,2,No,No,107839.03,0,"new row for relation ""bank_churn"" violates check constraint ""valid_countries""
DETAIL:  Failing row contains (15733597, Y?an, French, Female, 41, 0, 150219, 2, f, f, 107839, 0).
"
15789560,Clark,French,Male,42.0,8,187534.79,1,Yes,Yes,32900.41,1,"new row for relation ""bank_churn"" violates check constraint ""valid_countries""
DETAIL:  Failing row contains (15789560, Clark, French, Male, 42, 8, 187535, 1, t, t, 32900, 1).
"
15626475,Gamble,FRA,Male,30.0,2,0.0,2,Yes,Yes,140889.32,0,"new row for relation ""bank_churn"" violates check constraint ""valid_countries""
DETAIL:  Failing row contains (15626475, Gamble, FRA, Male, 30, 2, 0, 2, t, t, 140889, 0).
"
15810839,Rogers,FRA,Male,34.0,0,103108.17,1,No,No,125646.82,0,"new row for relation ""bank_churn"" violates check constraint ""valid_countries""
DETAIL:  Failing row contains (15810839, Rogers, FRA, Male, 34, 0, 103108, 1, f, f, 125647, 0).
"
15603764,Chang,FRA,Male,49.0,4,0.0,1,Yes,Yes,100075.1,1,"new row for relation ""bank_churn"" violates check constraint ""valid_countries""
DETAIL:  Failing row contains (15603764, Chang, FRA, Male, 49, 4, 0, 1, t, t, 100075, 1).
"
15618647,Kornilova,FRA,Male,29.0,1,43504.42,1,Yes,Yes,119327.75,0,"new row for relation ""bank_churn"" violates check constraint ""valid_countries""
DETAIL:  Failing row contains (15618647, Kornilova, FRA, Male, 29, 1, 43504, 1, t, t, 119328, 0).
"
15637788,Schmidt,FRA,Male,23.0,3,110203.77,1,No,No,95583.45,0,"new row for relation ""bank_churn"" violates check constraint ""valid_countries""
DETAIL:  Failing row contains (15637788, Schmidt, FRA, Male, 23, 3, 110204, 1, f, f, 95583, 0).
"
15777046,Parry,FRA,Female,39.0,9,128362.59,1,No,No,86044.98,0,"new row for relation ""bank_churn"" violates check constraint ""valid_countries""
DETAIL:  Failing row contains (15777046, Parry, FRA, Female, 39, 9, 128363, 1, f, f, 86045, 0).
"
15631222,Cattaneo,French,Female,39.0,2,75339.64,1,Yes,Yes,70665.16,0,"new row for relation ""bank_churn"" violates check constraint ""valid_countries""
DETAIL:  Failing row contains (15631222, Cattaneo, French, Female, 39, 2, 75340, 1, t, t, 70665, 0).
"
15658972,Foster,French,Female,40.0,8,122038.34,1,No,No,102085.35,0,"new row for relation ""bank_churn"" violates check constraint ""valid_countries""
DETAIL:  Failing row contains (15658972, Foster, French, Female, 40, 8, 122038, 1, f, f, 102085, 0).
"
15724691,Gordon,French,Male,34.0,1,0.0,2,Yes,Yes,195052.12,0,"new row for relation ""bank_churn"" violates check constraint ""valid_countries""
DETAIL:  Failing row contains (15724691, Gordon, French, Male, 34, 1, 0, 2, t, t, 195052, 0).
"
15760427,Cameron,French,Male,40.0,6,124788.18,1,No,No,65612.12,0,"new row for relation ""bank_churn"" violates check constraint ""valid_countries""
DETAIL:  Failing row contains (15760427, Cameron, French, Male, 40, 6, 124788, 1, f, f, 65612, 0).
"
15677939,Ch'eng,FRA,Female,41.0,3,0.0,2,Yes,Yes,160095.48,0,"new row for relation ""bank_churn"" violates check constraint ""valid_countries""
DETAIL:  Failing row contains (15677939, Ch'eng, FRA, Female, 41, 3, 0, 2, t, t, 160095, 0).
"
15633474,Whitehead,FRA,Male,51.0,2,138553.57,1,Yes,Yes,92406.22,0,"new row for relation ""bank_churn"" violates check constraint ""valid_countries""
DETAIL:  Failing row contains (15633474, Whitehead, FRA, Male, 51, 2, 138554, 1, t, t, 92406, 0).
"
15661745,Browne,FRA,Male,36.0,3,0.0,1,Yes,Yes,144078.02,0,"new row for relation ""bank_churn"" violates check constraint ""valid_countries""
DETAIL:  Failing row contains (15661745, Browne, FRA, Male, 36, 3, 0, 1, t, t, 144078, 0).
"
15710671,Gordon,FRA,Male,34.0,3,137361.96,1,No,No,183682.09,0,"new row for relation ""bank_churn"" violates check constraint ""valid_countries""
DETAIL:  Failing row contains (15710671, Gordon, FRA, Male, 34, 3, 137362, 1, f, f, 183682, 0).
"
15717307,Read,French,Male,31.0,5,0.0,2,No,No,93713.13,0,"new row for relation ""bank_churn"" violates check constraint ""valid_countries""
DETAIL:  Failing row contains (15717307, Read, French, Male, 31, 5, 0, 2, f, f, 93713, 0).
"
15746695,Wunder,French,Female,39.0,6,48023.83,1,No,No,74870.99,0,"new row for relation ""bank_churn"" violates check constraint ""valid_countries""
DETAIL:  Failing row contains (15746695, Wunder, French, Female, 39, 6, 48024, 1, f, f, 74871, 0).
"
15757865,Powell,French,Male,62.0,7,0.0,2,Yes,Yes,61120.75,0,"new row for relation ""bank_churn"" violates check constraint ""valid_countries""
DETAIL:  Failing row contains (15757865, Powell, French, Male, 62, 7, 0, 2, t, t, 61121, 0).
"
15578787,Goddard,FRA,Female,52.0,4,0.0,1,No,No,90964.54,1,"new row for relation ""bank_churn"" violates check constraint ""valid_countries""
DETAIL:  Failing row contains (15578787, Goddard, FRA, Female, 52, 4, 0, 1, f, f, 90965, 1).
"
15794323,Buckley,French,Male,32.0,8,121240.76,1,No,No,116969.73,0,"new row for relation ""bank_churn"" violates check constraint ""valid_countries""
DETAIL:  Failing row contains (15794323, Buckley, French, Male, 32, 8, 121241, 1, f, f, 116970, 0).
"
15629519,Yen,French,Female,37.0,1,0.0,2,Yes,Yes,48357.9,0,"new row for relation ""bank_churn"" violates check constraint ""valid_countries""
DETAIL:  Failing row contains (15629519, Yen, French, Female, 37, 1, 0, 2, t, t, 48358, 0).
"
15808566,Hs?,French,Male,46.0,2,0.0,2,Yes,Yes,169122.54,0,"new row for relation ""bank_churn"" violates check constraint ""valid_countries""
DETAIL:  Failing row contains (15808566, Hs?, French, Male, 46, 2, 0, 2, t, t, 169123, 0).
"
15709136,Adams,FRA,Male,28.0,8,0.0,2,Yes,Yes,199909.32,0,"new row for relation ""bank_churn"" violates check constraint ""valid_countries""
DETAIL:  Failing row contains (15709136, Adams, FRA, Male, 28, 8, 0, 2, t, t, 199909, 0).
"
15567855,Chukwufumnanya,FRA,Female,29.0,1,0.0,2,No,No,39382.06,0,"new row for relation ""bank_churn"" violates check constraint ""valid_countries""
DETAIL:  Failing row contains (15567855, Chukwufumnanya, FRA, Female, 29, 1, 0, 2, f, f, 39382, 0).
"
15675141,Fraser,FRA,Female,35.0,4,93934.63,1,No,No,184748.23,0,"new row for relation ""bank_churn"" violates check constraint ""valid_countries""
DETAIL:  Failing row contains (15675141, Fraser, FRA, Female, 35, 4, 93935, 1, f, f, 184748, 0).
"
15665759,Russell,French,Female,69.0,5,117866.92,1,Yes,Yes,62280.91,0,"new row for relation ""bank_churn"" violates check constraint ""valid_countries""
DETAIL:  Failing row contains (15665759, Russell, French, Female, 69, 5, 117867, 1, t, t, 62281, 0).
"
15761487,Yefimova,FRA,Female,55.0,5,0.0,1,Yes,Yes,196794.11,1,"new row for relation ""bank_churn"" violates check constraint ""valid_countries""
DETAIL:  Failing row contains (15761487, Yefimova, FRA, Female, 55, 5, 0, 1, t, t, 196794, 1).
"
15630641,Shao,FRA,Female,37.0,6,127103.97,1,Yes,Yes,41516.44,0,"new row for relation ""bank_churn"" violates check constraint ""valid_countries""
DETAIL:  Failing row contains (15630641, Shao, FRA, Female, 37, 6, 127104, 1, t, t, 41516, 0).
"
15585066,Chimaraoke,French,Female,43.0,1,0.0,1,Yes,Yes,112026.1,1,"new row for relation ""bank_churn"" violates check constraint ""valid_countries""
DETAIL:  Failing row contains (15585066, Chimaraoke, French, Female, 43, 1, 0, 1, t, t, 112026, 1).
"
15722991,McGregor,FRA,Male,54.0,9,96402.96,1,No,No,52035.29,1,"new row for relation ""bank_churn"" violates check constraint ""valid_countries""
DETAIL:  Failing row contains (15722991, McGregor, FRA, Male, 54, 9, 96403, 1, f, f, 52035, 1).
"
15737404,Kesteven,French,Male,31.0,1,132512.26,1,Yes,Yes,185466.85,0,"new row for relation ""bank_churn"" violates check constraint ""valid_countries""
DETAIL:  Failing row contains (15737404, Kesteven, French, Male, 31, 1, 132512, 1, t, t, 185467, 0).
"
15806420,Jenks,French,Male,34.0,9,0.0,2,No,No,170980.86,0,"new row for relation ""bank_churn"" violates check constraint ""valid_countries""
DETAIL:  Failing row contains (15806420, Jenks, French, Male, 34, 9, 0, 2, f, f, 170981, 0).
"
15727350,Pai,French,Female,37.0,8,113143.12,1,No,No,3363.36,0,"new row for relation ""bank_churn"" violates check constraint ""valid_countries""
DETAIL:  Failing row contains (15727350, Pai, French, Female, 37, 8, 113143, 1, f, f, 3363, 0).
"
15572294,Kelly,French,Male,28.0,7,0.0,1,No,No,129526.57,0,"new row for relation ""bank_churn"" violates check constraint ""valid_countries""
DETAIL:  Failing row contains (15572294, Kelly, French, Male, 28, 7, 0, 1, f, f, 129527, 0).
"
15662501,Ebelechukwu,FRA,Male,48.0,3,91246.53,1,No,No,60017.46,1,"new row for relation ""bank_churn"" violates check constraint ""valid_countries""
DETAIL:  Failing row contains (15662501, Ebelechukwu, FRA, Male, 48, 3, 91247, 1, f, f, 60017, 1).
"
15700424,Hsiao,FRA,Female,35.0,5,0.0,1,Yes,Yes,54209.02,0,"new row for relation ""bank_churn"" violates check constraint ""valid_countries""
DETAIL:  Failing row contains (15700424, Hsiao, FRA, Female, 35, 5, 0, 1, t, t, 54209, 0).
"
15581626,Mancini,FRA,Male,54.0,8,0.0,1,Yes,Yes,162719.69,1,"new row for relation ""bank_churn"" violates check constraint ""valid_countries""
DETAIL:  Failing row contains (15581626, Mancini, FRA, Male, 54, 8, 0, 1, t, t, 162720, 1).
"
15796993,McCollum,FRA,Male,52.0,1,171236.3,2,No,No,21834.4,1,"new row for relation ""bank_churn"" violates check constraint ""valid_countries""
DETAIL:  Failing row contains (15796993, McCollum, FRA, Male, 52, 1, 171236, 2, f, f, 21834, 1).
"
15583849,Ts'ai,FRA,Male,40.0,3,0.0,2,No,No,124874.23,0,"new row for relation ""bank_churn"" violates check constraint ""valid_countries""
DETAIL:  Failing row contains (15583849, Ts'ai, FRA, Male, 40, 3, 0, 2, f, f, 124874, 0).
"
15742511,Gordon,FRA,Male,35.0,3,121030.9,1,No,No,10008.68,0,"new row for relation ""bank_churn"" violates check constraint ""valid_countries""
DETAIL:  Failing row contains (15742511, Gordon, FRA, Male, 35, 3, 121031, 1, f, f, 10009, 0).
"
15726289,Cawood,FRA,Male,25.0,0,174400.36,1,No,No,42669.37,0,"new row for relation ""bank_churn"" violates check constraint ""valid_countries""
DETAIL:  Failing row contains (15726289, Cawood, FRA, Male, 25, 0, 174400, 1, f, f, 42669, 0).
"
15812279,William,FRA,Male,37.0,5,115345.86,2,No,No,168781.8,0,"new row for relation ""bank_churn"" violates check constraint ""valid_countries""
DETAIL:  Failing row contains (15812279, William, FRA, Male, 37, 5, 115346, 2, f, f, 168782, 0).
"
15809265,Kao,French,Female,35.0,4,0.0,1,Yes,Yes,133287.73,0,"new row for relation ""bank_churn"" violates check constraint ""valid_countries""
DETAIL:  Failing row contains (15809265, Kao, French, Female, 35, 4, 0, 1, t, t, 133288, 0).
"
15723217,Cremonesi,FRA,Male,37.0,9,0.0,1,No,No,111312.96,0,"new row for relation ""bank_churn"" violates check constraint ""valid_countries""
DETAIL:  Failing row contains (15723217, Cremonesi, FRA, Male, 37, 9, 0, 1, f, f, 111313, 0).
"
15610727,Ch'in,French,Male,36.0,7,128829.25,1,No,No,190588.59,0,"new row for relation ""bank_churn"" violates check constraint ""valid_countries""
DETAIL:  Failing row contains (15610727, Ch'in, French, Male, 36, 7, 128829, 1, f, f, 190589, 0).
"
15792720,Martinez,French,Male,33.0,6,171490.78,1,No,No,79099.64,0,"new row for relation ""bank_churn"" violates check constraint ""valid_countries""
DETAIL:  Failing row contains (15792720, Martinez, French, Male, 33, 6, 171491, 1, f, f, 79100, 0).
"
15684934,Rose,FRA,Male,31.0,9,0.0,2,Yes,Yes,106117.3,0,"new row for relation ""bank_churn"" violates check constraint ""valid_countries""
DETAIL:  Failing row contains (15684934, Rose, FRA, Male, 31, 9, 0, 2, t, t, 106117, 0).
"
15776936,Whitworth,FRA,Male,40.0,7,160818.08,1,Yes,Yes,169642.13,1,"new row for relation ""bank_churn"" violates check constraint ""valid_countries""
DETAIL:  Failing row contains (15776936, Whitworth, FRA, Male, 40, 7, 160818, 1, t, t, 169642, 1).
"
15717498,Boni,French,Male,42.0,6,133970.22,2,Yes,Yes,187839.9,0,"new row for relation ""bank_churn"" violates check constraint ""valid_countries""
DETAIL:  Failing row contains (15717498, Boni, French, Male, 42, 6, 133970, 2, t, t, 187840, 0).
"
15718406,Marshall,FRA,Male,41.0,3,0.0,2,No,No,121098.65,0,"new row for relation ""bank_churn"" violates check constraint ""valid_countries""
DETAIL:  Failing row contains (15718406, Marshall, FRA, Male, 41, 3, 0, 2, f, f, 121099, 0).
"
15799468,Catchpole,FRA,Female,34.0,3,96127.27,1,No,No,30972.06,0,"new row for relation ""bank_churn"" violates check constraint ""valid_countries""
DETAIL:  Failing row contains (15799468, Catchpole, FRA, Female, 34, 3, 96127, 1, f, f, 30972, 0).
"
15680611,Rose,FRA,Male,67.0,9,0.0,3,Yes,Yes,72318.77,0,"new row for relation ""bank_churn"" violates check constraint ""valid_countries""
DETAIL:  Failing row contains (15680611, Rose, FRA, Male, 67, 9, 0, 3, t, t, 72319, 0).
"
15810227,Fanucci,French,Male,34.0,2,0.0,2,Yes,Yes,96615.23,0,"new row for relation ""bank_churn"" violates check constraint ""valid_countries""
DETAIL:  Failing row contains (15810227, Fanucci, French, Male, 34, 2, 0, 2, t, t, 96615, 0).
"
15695299,Mordvinova,French,Female,45.0,2,81828.22,1,No,No,52167.97,0,"new row for relation ""bank_churn"" violates check constraint ""valid_countries""
DETAIL:  Failing row contains (15695299, Mordvinova, French, Female, 45, 2, 81828, 1, f, f, 52168, 0).
"
15742323,Barese,French,Male,39.0,7,0.0,2,No,No,19823.02,0,"new row for relation ""bank_churn"" violates check constraint ""valid_countries""
DETAIL:  Failing row contains (15742323, Barese, French, Male, 39, 7, 0, 2, f, f, 19823, 0).
"
15658435,Hingston,French,Female,27.0,5,0.0,2,No,No,72969.9,0,"new row for relation ""bank_churn"" violates check constraint ""valid_countries""
DETAIL:  Failing row contains (15658435, Hingston, French, Female, 27, 5, 0, 2, f, f, 72970, 0).
"
15807555,Chung,FRA,Male,45.0,2,0.0,2,No,No,125658.28,0,"new row for relation ""bank_churn"" violates check constraint ""valid_countries""
DETAIL:  Failing row contains (15807555, Chung, FRA, Male, 45, 2, 0, 2, f, f, 125658, 0).
"
15689594,Su,FRA,Male,29.0,5,179539.2,1,No,No,112010.02,0,"new row for relation ""bank_churn"" violates check constraint ""valid_countries""
DETAIL:  Failing row contains (15689594, Su, FRA, Male, 29, 5, 179539, 1, f, f, 112010, 0).
"
15604551,Robb,FRA,Female,35.0,3,0.0,2,No,No,90876.95,0,"new row for relation ""bank_churn"" violates check constraint ""valid_countries""
DETAIL:  Failing row contains (15604551, Robb, FRA, Female, 35, 3, 0, 2, f, f, 90877, 0).
"
15617476,Manfrin,French,Female,30.0,5,0.0,2,Yes,Yes,198543.09,0,"new row for relation ""bank_churn"" violates check constraint ""valid_countries""
DETAIL:  Failing row contains (15617476, Manfrin, French, Female, 30, 5, 0, 2, t, t, 198543, 0).
"
15645323,Chinwenma,French,Male,55.0,2,0.0,1,Yes,Yes,106202.07,1,"new row for relation ""bank_churn"" violates check constraint ""valid_countries""
DETAIL:  Failing row contains (15645323, Chinwenma, French, Male, 55, 2, 0, 1, t, t, 106202, 1).
"
15770474,Myers,FRA,Female,33.0,1,0.0,3,Yes,Yes,70221.13,1,"new row for relation ""bank_churn"" violates check constraint ""valid_countries""
DETAIL:  Failing row contains (15770474, Myers, FRA, Female, 33, 1, 0, 3, t, t, 70221, 1).
"
15724444,Wall,French,Female,38.0,1,125877.65,2,Yes,Yes,107841.77,0,"new row for relation ""bank_churn"" violates check constraint ""valid_countries""
DETAIL:  Failing row contains (15724444, Wall, French, Female, 38, 1, 125878, 2, t, t, 107842, 0).
"
15711521,Egobudike,FRA,Male,39.0,3,121778.71,1,Yes,Yes,138399.67,0,"new row for relation ""bank_churn"" violates check constraint ""valid_countries""
DETAIL:  Failing row contains (15711521, Egobudike, FRA, Male, 39, 3, 121779, 1, t, t, 138400, 0).
"
15693637,Ochoa,French,Female,30.0,7,0.0,2,Yes,Yes,186648.19,0,"new row for relation ""bank_churn"" violates check constraint ""valid_countries""
DETAIL:  Failing row contains (15693637, Ochoa, French, Female, 30, 7, 0, 2, t, t, 186648, 0).
"
15692235,Bellucci,French,Female,38.0,1,0.0,2,No,No,47764.99,0,"new row for relation ""bank_churn"" violates check constraint ""valid_countries""
DETAIL:  Failing row contains (15692235, Bellucci, French, Female, 38, 1, 0, 2, f, f, 47765, 0).
"
15777315,Hill,FRA,Male,43.0,6,93616.35,2,No,No,98348.66,0,"new row for relation ""bank_churn"" violates check constraint ""valid_countries""
DETAIL:  Failing row contains (15777315, Hill, FRA, Male, 43, 6, 93616, 2, f, f, 98349, 0).
"
15630413,Howarth,FRA,Female,41.0,5,0.0,2,Yes,Yes,72462.25,0,"new row for relation ""bank_churn"" violates check constraint ""valid_countries""
DETAIL:  Failing row contains (15630413, Howarth, FRA, Female, 41, 5, 0, 2, t, t, 72462, 0).
"
15635942,Thomson,French,Male,40.0,9,0.0,2,No,No,112465.19,1,"new row for relation ""bank_churn"" violates check constraint ""valid_countries""
DETAIL:  Failing row contains (15635942, Thomson, French, Male, 40, 9, 0, 2, f, f, 112465, 1).
"
15648858,King,FRA,Female,27.0,1,85225.21,1,Yes,Yes,64511.44,0,"new row for relation ""bank_churn"" violates check constraint ""valid_countries""
DETAIL:  Failing row contains (15648858, King, FRA, Female, 27, 1, 85225, 1, t, t, 64511, 0).
"
15810732,Grant,FRA,Female,36.0,8,148749.29,2,No,No,91830.75,0,"new row for relation ""bank_churn"" violates check constraint ""valid_countries""
DETAIL:  Failing row contains (15810732, Grant, FRA, Female, 36, 8, 148749, 2, f, f, 91831, 0).
"
15620443,Fiorentino,FRA,Female,81.0,6,0.0,2,Yes,Yes,72276.24,0,"new row for relation ""bank_churn"" violates check constraint ""valid_countries""
DETAIL:  Failing row contains (15620443, Fiorentino, FRA, Female, 81, 6, 0, 2, t, t, 72276, 0).
"
15741078,Greece,French,Male,54.0,7,111729.47,2,Yes,Yes,84920.49,0,"new row for relation ""bank_churn"" violates check constraint ""valid_countries""
DETAIL:  Failing row contains (15741078, Greece, French, Male, 54, 7, 111729, 2, t, t, 84920, 0).
"
15791316,Boni,French,Male,35.0,3,0.0,2,Yes,Yes,95623.28,0,"new row for relation ""bank_churn"" violates check constraint ""valid_countries""
DETAIL:  Failing row contains (15791316, Boni, French, Male, 35, 3, 0, 2, t, t, 95623, 0).
"
15813911,Hayes-Williams,French,Female,39.0,5,0.0,1,No,No,77705.75,0,"new row for relation ""bank_churn"" violates check constraint ""valid_countries""
DETAIL:  Failing row contains (15813911, Hayes-Williams, French, Female, 39, 5, 0, 1, f, f, 77706, 0).
"
15630195,Johnstone,French,Female,40.0,6,131184.67,1,Yes,Yes,49815.62,0,"new row for relation ""bank_churn"" violates check constraint ""valid_countries""
DETAIL:  Failing row contains (15630195, Johnstone, French, Female, 40, 6, 131185, 1, t, t, 49816, 0).
"
15736250,Johnstone,French,Male,38.0,2,117810.79,1,Yes,Yes,65632.33,1,"new row for relation ""bank_churn"" violates check constraint ""valid_countries""
DETAIL:  Failing row contains (15736250, Johnstone, French, Male, 38, 2, 117811, 1, t, t, 65632, 1).
"
15671334,Nixon,FRA,Male,31.0,4,0.0,1,No,No,169361.89,0,"new row for relation ""bank_churn"" violates check constraint ""valid_countries""
DETAIL:  Failing row contains (15671334, Nixon, FRA, Male, 31, 4, 0, 1, f, f, 169362, 0).
"
15762331,Moss,FRA,Male,37.0,9,178755.84,1,No,No,199929.17,0,"new row for relation ""bank_churn"" violates check constraint ""valid_countries""
DETAIL:  Failing row contains (15762331, Moss, FRA, Male, 37, 9, 178756, 1, f, f, 199929, 0).
"
15606901,Graham,French,Male,43.0,7,0.0,2,No,No,40023.7,0,"new row for relation ""bank_churn"" violates check constraint ""valid_countries""
DETAIL:  Failing row contains (15606901, Graham, French, Male, 43, 7, 0, 2, f, f, 40024, 0).
"
15768881,Saunders,FRA,Male,29.0,2,0.0,2,Yes,Yes,170421.13,0,"new row for relation ""bank_churn"" violates check constraint ""valid_countries""
DETAIL:  Failing row contains (15768881, Saunders, FRA, Male, 29, 2, 0, 2, t, t, 170421, 0).
"
15605737,George,FRA,Male,36.0,5,0.0,2,No,No,124795.84,0,"new row for relation ""bank_churn"" violates check constraint ""valid_countries""
DETAIL:  Failing row contains (15605737, George, FRA, Male, 36, 5, 0, 2, f, f, 124796, 0).
"
15672082,Schatz,French,Male,62.0,3,0.0,2,No,No,105986.01,0,"new row for relation ""bank_churn"" violates check constraint ""valid_countries""
DETAIL:  Failing row contains (15672082, Schatz, French, Male, 62, 3, 0, 2, f, f, 105986, 0).
"
15600280,Tao,FRA,Female,32.0,6,0.0,2,No,No,33606.52,0,"new row for relation ""bank_churn"" violates check constraint ""valid_countries""
DETAIL:  Failing row contains (15600280, Tao, FRA, Female, 32, 6, 0, 2, f, f, 33607, 0).
"
15679029,Kung,French,Male,33.0,7,102874.28,1,No,No,117841.06,0,"new row for relation ""bank_churn"" violates check constraint ""valid_countries""
DETAIL:  Failing row contains (15679029, Kung, French, Male, 33, 7, 102874, 1, f, f, 117841, 0).
"
15753639,Gibson,French,Male,37.0,5,146093.39,2,No,No,160593.41,0,"new row for relation ""bank_churn"" violates check constraint ""valid_countries""
DETAIL:  Failing row contains (15753639, Gibson, French, Male, 37, 5, 146093, 2, f, f, 160593, 0).
"
15737705,Avdeyeva,FRA,Female,27.0,4,152309.37,1,No,No,104112.0,0,"new row for relation ""bank_churn"" violates check constraint ""valid_countries""
DETAIL:  Failing row contains (15737705, Avdeyeva, FRA, Female, 27, 4, 152309, 1, f, f, 104112, 0).
"
15737194,Tu,FRA,Female,33.0,5,0.0,2,No,No,122949.71,0,"new row for relation ""bank_churn"" violates check constraint ""valid_countries""
DETAIL:  Failing row contains (15737194, Tu, FRA, Female, 33, 5, 0, 2, f, f, 122950, 0).
"
15804357,Loggia,French,Male,40.0,3,0.0,1,Yes,Yes,32319.93,0,"new row for relation ""bank_churn"" violates check constraint ""valid_countries""
DETAIL:  Failing row contains (15804357, Loggia, French, Male, 40, 3, 0, 1, t, t, 32320, 0).
"
15583026,Welch,FRA,Female,38.0,0,135919.33,1,No,No,80425.65,0,"new row for relation ""bank_churn"" violates check constraint ""valid_countries""
DETAIL:  Failing row contains (15583026, Welch, FRA, Female, 38, 0, 135919, 1, f, f, 80426, 0).
"
15784323,Gallo,French,Female,21.0,7,0.0,2,No,No,175743.92,0,"new row for relation ""bank_churn"" violates check constraint ""valid_countries""
DETAIL:  Failing row contains (15784323, Gallo, French, Female, 21, 7, 0, 2, f, f, 175744, 0).
"
15793197,Bailey,FRA,Female,34.0,8,100359.54,1,No,No,46038.28,0,"new row for relation ""bank_churn"" violates check constraint ""valid_countries""
DETAIL:  Failing row contains (15793197, Bailey, FRA, Female, 34, 8, 100360, 1, f, f, 46038, 0).
"
15781326,Ford,FRA,Male,35.0,9,95478.17,1,No,No,169286.74,0,"new row for relation ""bank_churn"" violates check constraint ""valid_countries""
DETAIL:  Failing row contains (15781326, Ford, FRA, Male, 35, 9, 95478, 1, f, f, 169287, 0).
"
15595640,Rizzo,FRA,Male,37.0,8,0.0,2,No,No,145004.39,0,"new row for relation ""bank_churn"" violates check constraint ""valid_countries""
DETAIL:  Failing row contains (15595640, Rizzo, FRA, Male, 37, 8, 0, 2, f, f, 145004, 0).
"
15778915,Harris,FRA,Female,32.0,7,128551.36,2,Yes,Yes,189402.71,0,"new row for relation ""bank_churn"" violates check constraint ""valid_countries""
DETAIL:  Failing row contains (15778915, Harris, FRA, Female, 32, 7, 128551, 2, t, t, 189403, 0).
"
15747762,Chigozie,French,Male,32.0,7,118520.41,1,No,No,3815.48,0,"new row for relation ""bank_churn"" violates check constraint ""valid_countries""
DETAIL:  Failing row contains (15747762, Chigozie, French, Male, 32, 7, 118520, 1, f, f, 3815, 0).
"
15753679,Mullawirraburka,French,Male,24.0,4,0.0,2,Yes,Yes,162809.2,0,"new row for relation ""bank_churn"" violates check constraint ""valid_countries""
DETAIL:  Failing row contains (15753679, Mullawirraburka, French, Male, 24, 4, 0, 2, t, t, 162809, 0).
"
15750049,Steele,French,Male,40.0,10,163823.37,1,No,No,89519.47,0,"new row for relation ""bank_churn"" violates check constraint ""valid_countries""
DETAIL:  Failing row contains (15750049, Steele, French, Male, 40, 10, 163823, 1, f, f, 89519, 0).
"
15645353,Chubb,FRA,Male,26.0,1,0.0,1,No,No,29818.2,0,"new row for relation ""bank_churn"" violates check constraint ""valid_countries""
DETAIL:  Failing row contains (15645353, Chubb, FRA, Male, 26, 1, 0, 1, f, f, 29818, 0).
"
15659002,Mazzanti,French,Female,45.0,6,0.0,2,No,No,147184.74,0,"new row for relation ""bank_churn"" violates check constraint ""valid_countries""
DETAIL:  Failing row contains (15659002, Mazzanti, French, Female, 45, 6, 0, 2, f, f, 147185, 0).
"
15660475,Ndubueze,French,Female,54.0,9,0.0,1,Yes,Yes,76621.49,0,"new row for relation ""bank_churn"" violates check constraint ""valid_countries""
DETAIL:  Failing row contains (15660475, Ndubueze, French, Female, 54, 9, 0, 1, t, t, 76621, 0).
"
15628059,DeRose,FRA,Male,61.0,1,0.0,2,Yes,Yes,191370.97,0,"new row for relation ""bank_churn"" violates check constraint ""valid_countries""
DETAIL:  Failing row contains (15628059, DeRose, FRA, Male, 61, 1, 0, 2, t, t, 191371, 0).
"
15703413,Montes,French,Female,38.0,7,125328.56,1,No,No,188225.67,0,"new row for relation ""bank_churn"" violates check constraint ""valid_countries""
DETAIL:  Failing row contains (15703413, Montes, French, Female, 38, 7, 125329, 1, f, f, 188226, 0).
"
15610433,Kwemto,French,Male,35.0,9,0.0,2,No,No,11743.89,0,"new row for relation ""bank_churn"" violates check constraint ""valid_countries""
DETAIL:  Failing row contains (15610433, Kwemto, French, Male, 35, 9, 0, 2, f, f, 11744, 0).
"
15568326,Kenenna,FRA,Female,44.0,2,0.0,2,No,No,149665.65,0,"new row for relation ""bank_churn"" violates check constraint ""valid_countries""
DETAIL:  Failing row contains (15568326, Kenenna, FRA, Female, 44, 2, 0, 2, f, f, 149666, 0).
"
15655368,Wheeler,French,Male,47.0,1,0.0,1,No,No,91574.92,0,"new row for relation ""bank_churn"" violates check constraint ""valid_countries""
DETAIL:  Failing row contains (15655368, Wheeler, French, Male, 47, 1, 0, 1, f, f, 91575, 0).
"
15665579,Cartwright,FRA,Female,28.0,0,142705.95,1,No,No,127233.39,0,"new row for relation ""bank_churn"" violates check constraint ""valid_countries""
DETAIL:  Failing row contains (15665579, Cartwright, FRA, Female, 28, 0, 142706, 1, f, f, 127233, 0).
"
15676091,Iloerika,French,Male,42.0,7,0.0,1,Yes,Yes,56650.47,0,"new row for relation ""bank_churn"" violates check constraint ""valid_countries""
DETAIL:  Failing row contains (15676091, Iloerika, French, Male, 42, 7, 0, 1, t, t, 56650, 0).
"
15715078,Nkemakolam,FRA,Male,35.0,6,161613.94,2,Yes,Yes,148238.16,0,"new row for relation ""bank_churn"" violates check constraint ""valid_countries""
DETAIL:  Failing row contains (15715078, Nkemakolam, FRA, Male, 35, 6, 161614, 2, t, t, 148238, 0).
"
15628863,Calabresi,French,Male,38.0,4,60013.81,1,Yes,Yes,38020.05,0,"new row for relation ""bank_churn"" violates check constraint ""valid_countries""
DETAIL:  Failing row contains (15628863, Calabresi, French, Male, 38, 4, 60014, 1, t, t, 38020, 0).
"
15764708,Chiabuotu,FRA,Male,30.0,6,117696.67,1,No,No,100843.82,0,"new row for relation ""bank_churn"" violates check constraint ""valid_countries""
DETAIL:  Failing row contains (15764708, Chiabuotu, FRA, Male, 30, 6, 117697, 1, f, f, 100844, 0).
"
15640106,Mason,FRA,Male,40.0,7,124339.9,1,No,No,193309.58,0,"new row for relation ""bank_churn"" violates check constraint ""valid_countries""
DETAIL:  Failing row contains (15640106, Mason, FRA, Male, 40, 7, 124340, 1, f, f, 193310, 0).
"
15567923,Barese,FRA,Female,30.0,6,0.0,1,No,No,122604.44,0,"new row for relation ""bank_churn"" violates check constraint ""valid_countries""
DETAIL:  Failing row contains (15567923, Barese, FRA, Female, 30, 6, 0, 1, f, f, 122604, 0).
"
15735782,MacDonald,FRA,Male,31.0,9,120962.59,1,No,No,5419.31,0,"new row for relation ""bank_churn"" violates check constraint ""valid_countries""
DETAIL:  Failing row contains (15735782, MacDonald, FRA, Male, 31, 9, 120963, 1, f, f, 5419, 0).
"
15737971,Cowen,FRA,Female,30.0,5,0.0,2,No,No,13935.32,0,"new row for relation ""bank_churn"" violates check constraint ""valid_countries""
DETAIL:  Failing row contains (15737971, Cowen, FRA, Female, 30, 5, 0, 2, f, f, 13935, 0).
"
15758750,Iweobiegbunam,French,Male,31.0,0,110527.17,1,Yes,Yes,87060.77,0,"new row for relation ""bank_churn"" violates check constraint ""valid_countries""
DETAIL:  Failing row contains (15758750, Iweobiegbunam, French, Male, 31, 0, 110527, 1, t, t, 87061, 0).
"
15643770,Yu,FRA,Female,52.0,5,112670.48,1,No,No,21085.17,1,"new row for relation ""bank_churn"" violates check constraint ""valid_countries""
DETAIL:  Failing row contains (15643770, Yu, FRA, Female, 52, 5, 112670, 1, f, f, 21085, 1).
"
15744717,Duffy,French,Female,44.0,2,0.0,2,Yes,Yes,26733.86,0,"new row for relation ""bank_churn"" violates check constraint ""valid_countries""
DETAIL:  Failing row contains (15744717, Duffy, French, Female, 44, 2, 0, 2, t, t, 26734, 0).
"
15570681,Chiang,FRA,Male,24.0,1,116084.32,1,No,No,89734.7,0,"new row for relation ""bank_churn"" violates check constraint ""valid_countries""
DETAIL:  Failing row contains (15570681, Chiang, FRA, Male, 24, 1, 116084, 1, f, f, 89735, 0).
"
15605339,Baker,French,Female,37.0,10,0.0,2,Yes,Yes,37411.35,0,"new row for relation ""bank_churn"" violates check constraint ""valid_countries""
DETAIL:  Failing row contains (15605339, Baker, French, Female, 37, 10, 0, 2, t, t, 37411, 0).
"
15672216,Uvarov,French,Female,40.0,4,82441.75,1,No,No,80852.11,0,"new row for relation ""bank_churn"" violates check constraint ""valid_countries""
DETAIL:  Failing row contains (15672216, Uvarov, French, Female, 40, 4, 82442, 1, f, f, 80852, 0).
"
15812893,Costa,French,Female,39.0,10,0.0,2,Yes,Yes,43174.49,1,"new row for relation ""bank_churn"" violates check constraint ""valid_countries""
DETAIL:  Failing row contains (15812893, Costa, French, Female, 39, 10, 0, 2, t, t, 43174, 1).
"
15701364,Doherty,FRA,Male,30.0,10,0.0,2,Yes,Yes,54265.55,0,"new row for relation ""bank_churn"" violates check constraint ""valid_countries""
DETAIL:  Failing row contains (15701364, Doherty, FRA, Male, 30, 10, 0, 2, t, t, 54266, 0).
"
15712596,Huang,FRA,Male,31.0,4,0.0,1,No,No,25950.49,0,"new row for relation ""bank_churn"" violates check constraint ""valid_countries""
DETAIL:  Failing row contains (15712596, Huang, FRA, Male, 31, 4, 0, 1, f, f, 25950, 0).
"
15600399,Trentino,French,Male,60.0,4,0.0,1,No,No,197727.14,1,"new row for relation ""bank_churn"" violates check constraint ""valid_countries""
DETAIL:  Failing row contains (15600399, Trentino, French, Male, 60, 4, 0, 1, f, f, 197727, 1).
"
15623489,Tu,French,Female,67.0,0,128843.67,1,Yes,Yes,134612.48,0,"new row for relation ""bank_churn"" violates check constraint ""valid_countries""
DETAIL:  Failing row contains (15623489, Tu, French, Female, 67, 0, 128844, 1, t, t, 134612, 0).
"
15667944,Onuchukwu,FRA,Male,39.0,0,86843.61,1,Yes,Yes,159830.58,0,"new row for relation ""bank_churn"" violates check constraint ""valid_countries""
DETAIL:  Failing row contains (15667944, Onuchukwu, FRA, Male, 39, 0, 86844, 1, t, t, 159831, 0).
"
15779913,Davidson,FRA,Male,27.0,5,130231.8,2,Yes,Yes,192427.16,0,"new row for relation ""bank_churn"" violates check constraint ""valid_countries""
DETAIL:  Failing row contains (15779913, Davidson, FRA, Male, 27, 5, 130232, 2, t, t, 192427, 0).
"
15644977,Goddard,FRA,Female,31.0,5,0.0,2,No,No,92647.94,0,"new row for relation ""bank_churn"" violates check constraint ""valid_countries""
DETAIL:  Failing row contains (15644977, Goddard, FRA, Female, 31, 5, 0, 2, f, f, 92648, 0).
"
15749679,Beck,French,Male,39.0,2,109724.38,1,Yes,Yes,180022.39,0,"new row for relation ""bank_churn"" violates check constraint ""valid_countries""
DETAIL:  Failing row contains (15749679, Beck, French, Male, 39, 2, 109724, 1, t, t, 180022, 0).
"
15635364,Gray,FRA,Female,49.0,9,44301.43,3,Yes,Yes,89729.3,1,"new row for relation ""bank_churn"" violates check constraint ""valid_countries""
DETAIL:  Failing row contains (15635364, Gray, FRA, Female, 49, 9, 44301, 3, t, t, 89729, 1).
"
15722004,Hsiung,FRA,Female,31.0,4,138317.94,1,No,No,61843.73,0,"new row for relation ""bank_churn"" violates check constraint ""valid_countries""
DETAIL:  Failing row contains (15722004, Hsiung, FRA, Female, 31, 4, 138318, 1, f, f, 61844, 0).
"
15639133,Ku,French,Female,50.0,4,0.0,2,No,No,129372.94,0,"new row for relation ""bank_churn"" violates check constraint ""valid_countries""
DETAIL:  Failing row contains (15639133, Ku, French, Female, 50, 4, 0, 2, f, f, 129373, 0).
"
15775627,Gordon,French,Male,35.0,8,0.0,2,Yes,Yes,67431.28,0,"new row for relation ""bank_churn"" violates check constraint ""valid_countries""
DETAIL:  Failing row contains (15775627, Gordon, French, Male, 35, 8, 0, 2, t, t, 67431, 0).
"
15681316,Tai,FRA,Female,41.0,0,120549.29,2,No,No,175722.31,0,"new row for relation ""bank_churn"" violates check constraint ""valid_countries""
DETAIL:  Failing row contains (15681316, Tai, FRA, Female, 41, 0, 120549, 2, f, f, 175722, 0).
"
15682523,Chigozie,FRA,Male,20.0,1,139432.55,1,Yes,Yes,85606.83,0,"new row for relation ""bank_churn"" violates check constraint ""valid_countries""
DETAIL:  Failing row contains (15682523, Chigozie, FRA, Male, 20, 1, 139433, 1, t, t, 85607, 0).
"
15800805,Maher,French,Female,31.0,7,140931.82,1,Yes,Yes,20388.77,0,"new row for relation ""bank_churn"" violates check constraint ""valid_countries""
DETAIL:  Failing row contains (15800805, Maher, French, Female, 31, 7, 140932, 1, t, t, 20389, 0).
"
15601116,P'an,French,Male,32.0,6,0.0,2,Yes,Yes,179093.26,0,"new row for relation ""bank_churn"" violates check constraint ""valid_countries""
DETAIL:  Failing row contains (15601116, P'an, French, Male, 32, 6, 0, 2, t, t, 179093, 0).
"
15652674,Hou,French,Male,20.0,0,83459.86,1,Yes,Yes,146752.67,0,"new row for relation ""bank_churn"" violates check constraint ""valid_countries""
DETAIL:  Failing row contains (15652674, Hou, French, Male, 20, 0, 83460, 1, t, t, 146753, 0).
"
15806327,Cyril,FRA,Female,40.0,3,75893.11,2,No,No,132562.23,0,"new row for relation ""bank_churn"" violates check constraint ""valid_countries""
DETAIL:  Failing row contains (15806327, Cyril, FRA, Female, 40, 3, 75893, 2, f, f, 132562, 0).
"
15677117,Crawford,French,Female,61.0,6,0.0,2,Yes,Yes,133672.61,0,"new row for relation ""bank_churn"" violates check constraint ""valid_countries""
DETAIL:  Failing row contains (15677117, Crawford, French, Female, 61, 6, 0, 2, t, t, 133673, 0).
"
15749669,Hargreaves,French,Female,31.0,3,0.0,2,Yes,Yes,115217.59,0,"new row for relation ""bank_churn"" violates check constraint ""valid_countries""
DETAIL:  Failing row contains (15749669, Hargreaves, French, Female, 31, 3, 0, 2, t, t, 115218, 0).
"
15667438,Ferguson,French,Female,38.0,1,104016.88,1,No,No,22068.83,1,"new row for relation ""bank_churn"" violates check constraint ""valid_countries""
DETAIL:  Failing row contains (15667438, Ferguson, French, Female, 38, 1, 104017, 1, f, f, 22069, 1).
"
15682273,Burns,French,Female,38.0,5,127616.56,1,No,No,123846.07,0,"new row for relation ""bank_churn"" violates check constraint ""valid_countries""
DETAIL:  Failing row contains (15682273, Burns, French, Female, 38, 5, 127617, 1, f, f, 123846, 0).
"
15705383,Shen,French,Male,35.0,4,125476.31,1,Yes,Yes,91775.51,0,"new row for relation ""bank_churn"" violates check constraint ""valid_countries""
DETAIL:  Failing row contains (15705383, Shen, French, Male, 35, 4, 125476, 1, t, t, 91776, 0).
"
15712903,Diaz,French,Female,21.0,3,176511.08,1,Yes,Yes,153920.22,0,"new row for relation ""bank_churn"" violates check constraint ""valid_countries""
DETAIL:  Failing row contains (15712903, Diaz, French, Female, 21, 3, 176511, 1, t, t, 153920, 0).
"
15583138,Persse,French,Male,42.0,2,141642.92,2,No,No,172149.76,0,"new row for relation ""bank_churn"" violates check constraint ""valid_countries""
DETAIL:  Failing row contains (15583138, Persse, French, Male, 42, 2, 141643, 2, f, f, 172150, 0).
"
15740160,Okwukwe,FRA,Male,31.0,1,0.0,2,Yes,Yes,54706.75,0,"new row for relation ""bank_churn"" violates check constraint ""valid_countries""
DETAIL:  Failing row contains (15740160, Okwukwe, FRA, Male, 31, 1, 0, 2, t, t, 54707, 0).
"
15604832,Hsia,FRA,Male,29.0,7,0.0,1,Yes,Yes,130224.73,0,"new row for relation ""bank_churn"" violates check constraint ""valid_countries""
DETAIL:  Failing row contains (15604832, Hsia, FRA, Male, 29, 7, 0, 1, t, t, 130225, 0).
"
15584580,Fyodorova,French,Male,35.0,6,161111.45,1,No,No,13946.66,0,"new row for relation ""bank_churn"" violates check constraint ""valid_countries""
DETAIL:  Failing row contains (15584580, Fyodorova, French, Male, 35, 6, 161111, 1, f, f, 13947, 0).
"
15573854,Chukwujekwu,FRA,Male,62.0,5,0.0,2,Yes,Yes,38652.96,0,"new row for relation ""bank_churn"" violates check constraint ""valid_countries""
DETAIL:  Failing row contains (15573854, Chukwujekwu, FRA, Male, 62, 5, 0, 2, t, t, 38653, 0).
"
15614847,Townsend,French,Female,45.0,6,72494.69,1,Yes,Yes,140041.78,0,"new row for relation ""bank_churn"" violates check constraint ""valid_countries""
DETAIL:  Failing row contains (15614847, Townsend, French, Female, 45, 6, 72495, 1, t, t, 140042, 0).
"
15679966,Marsh,French,Female,31.0,3,133964.3,1,Yes,Yes,166187.1,0,"new row for relation ""bank_churn"" violates check constraint ""valid_countries""
DETAIL:  Failing row contains (15679966, Marsh, French, Female, 31, 3, 133964, 1, t, t, 166187, 0).
"
15752186,Padovano,French,Female,27.0,3,0.0,2,No,No,28137.03,0,"new row for relation ""bank_churn"" violates check constraint ""valid_countries""
DETAIL:  Failing row contains (15752186, Padovano, French, Female, 27, 3, 0, 2, f, f, 28137, 0).
"
15609176,Cawthorne,French,Female,32.0,5,0.0,2,Yes,Yes,177607.77,0,"new row for relation ""bank_churn"" violates check constraint ""valid_countries""
DETAIL:  Failing row contains (15609176, Cawthorne, French, Female, 32, 5, 0, 2, t, t, 177608, 0).
"
15676810,Jen,French,Female,31.0,1,81480.27,2,Yes,Yes,65234.6,0,"new row for relation ""bank_churn"" violates check constraint ""valid_countries""
DETAIL:  Failing row contains (15676810, Jen, French, Female, 31, 1, 81480, 2, t, t, 65235, 0).
"
15634591,Saunders,French,Male,33.0,8,73059.38,1,Yes,Yes,186281.0,0,"new row for relation ""bank_churn"" violates check constraint ""valid_countries""
DETAIL:  Failing row contains (15634591, Saunders, French, Male, 33, 8, 73059, 1, t, t, 186281, 0).
"
15699797,Santana,FRA,Male,30.0,8,174356.13,1,No,No,31928.5,0,"new row for relation ""bank_churn"" violates check constraint ""valid_countries""
DETAIL:  Failing row contains (15699797, Santana, FRA, Male, 30, 8, 174356, 1, f, f, 31929, 0).
"
15752534,Mironov,FRA,Male,36.0,10,0.0,2,Yes,Yes,182867.84,0,"new row for relation ""bank_churn"" violates check constraint ""valid_countries""
DETAIL:  Failing row contains (15752534, Mironov, FRA, Male, 36, 10, 0, 2, t, t, 182868, 0).
"
15643330,Chukwuemeka,French,Male,37.0,2,0.0,2,Yes,Yes,95864.5,0,"new row for relation ""bank_churn"" violates check constraint ""valid_countries""
DETAIL:  Failing row contains (15643330, Chukwuemeka, French, Male, 37, 2, 0, 2, t, t, 95865, 0).
"
15680405,P'eng,FRA,Male,40.0,2,168001.34,2,Yes,Yes,167400.29,0,"new row for relation ""bank_churn"" violates check constraint ""valid_countries""
DETAIL:  Failing row contains (15680405, P'eng, FRA, Male, 40, 2, 168001, 2, t, t, 167400, 0).
"
15653110,Chan,FRA,Male,42.0,8,133767.19,1,No,No,36405.21,0,"new row for relation ""bank_churn"" violates check constraint ""valid_countries""
DETAIL:  Failing row contains (15653110, Chan, FRA, Male, 42, 8, 133767, 1, f, f, 36405, 0).
"
15575486,Okoli,FRA,Female,27.0,1,0.0,2,Yes,Yes,37769.98,0,"new row for relation ""bank_churn"" violates check constraint ""valid_countries""
DETAIL:  Failing row contains (15575486, Okoli, FRA, Female, 27, 1, 0, 2, t, t, 37770, 0).
"
15739042,Bogolyubov,French,Female,35.0,9,0.0,2,No,No,39511.61,0,"new row for relation ""bank_churn"" violates check constraint ""valid_countries""
DETAIL:  Failing row contains (15739042, Bogolyubov, French, Female, 35, 9, 0, 2, f, f, 39512, 0).
"
15815316,Kennedy,FRA,Male,50.0,9,76817.0,4,No,No,196371.13,1,"new row for relation ""bank_churn"" violates check constraint ""valid_countries""
DETAIL:  Failing row contains (15815316, Kennedy, FRA, Male, 50, 9, 76817, 4, f, f, 196371, 1).
"
15780256,Palfreyman,FRA,Male,34.0,9,0.0,2,Yes,Yes,114006.35,0,"new row for relation ""bank_churn"" violates check constraint ""valid_countries""
DETAIL:  Failing row contains (15780256, Palfreyman, FRA, Male, 34, 9, 0, 2, t, t, 114006, 0).
"
15702061,Findlay,French,Male,29.0,7,0.0,2,Yes,Yes,149184.15,0,"new row for relation ""bank_churn"" violates check constraint ""valid_countries""
DETAIL:  Failing row contains (15702061, Findlay, French, Male, 29, 7, 0, 2, t, t, 149184, 0).
"
15694321,Su,French,Female,28.0,3,0.0,2,No,No,53394.12,0,"new row for relation ""bank_churn"" violates check constraint ""valid_countries""
DETAIL:  Failing row contains (15694321, Su, French, Female, 28, 3, 0, 2, f, f, 53394, 0).
"
15720050,Barrett,French,Female,28.0,2,110997.76,1,No,No,101433.76,0,"new row for relation ""bank_churn"" violates check constraint ""valid_countries""
DETAIL:  Failing row contains (15720050, Barrett, French, Female, 28, 2, 110998, 1, f, f, 101434, 0).
"
15805681,Chamberlain,FRA,Male,41.0,9,0.0,1,Yes,Yes,113267.48,0,"new row for relation ""bank_churn"" violates check constraint ""valid_countries""
DETAIL:  Failing row contains (15805681, Chamberlain, FRA, Male, 41, 9, 0, 1, t, t, 113267, 0).
"
15749093,Tretyakova,FRA,Male,43.0,4,158713.08,2,No,No,98586.14,0,"new row for relation ""bank_churn"" violates check constraint ""valid_countries""
DETAIL:  Failing row contains (15749093, Tretyakova, FRA, Male, 43, 4, 158713, 2, f, f, 98586, 0).
"
15610090,Han,French,Male,40.0,8,72945.29,2,No,No,98931.5,0,"new row for relation ""bank_churn"" violates check constraint ""valid_countries""
DETAIL:  Failing row contains (15610090, Han, French, Male, 40, 8, 72945, 2, f, f, 98932, 0).
"
15734711,Loggia,French,Male,42.0,7,0.0,1,No,No,77786.37,1,"new row for relation ""bank_churn"" violates check constraint ""valid_countries""
DETAIL:  Failing row contains (15734711, Loggia, French, Male, 42, 7, 0, 1, f, f, 77786, 1).
"
15814405,Chesnokova,FRA,Female,46.0,9,0.0,1,Yes,Yes,81014.5,1,"new row for relation ""bank_churn"" violates check constraint ""valid_countries""
DETAIL:  Failing row contains (15814405, Chesnokova, FRA, Female, 46, 9, 0, 1, t, t, 81015, 1).
"
15729359,Chambers,French,Female,29.0,9,0.0,2,Yes,Yes,41866.26,0,"new row for relation ""bank_churn"" violates check constraint ""valid_countries""
DETAIL:  Failing row contains (15729359, Chambers, French, Female, 29, 9, 0, 2, t, t, 41866, 0).
"
15701972,Parsons,FRA,Male,35.0,3,137179.39,1,Yes,Yes,37264.11,0,"new row for relation ""bank_churn"" violates check constraint ""valid_countries""
DETAIL:  Failing row contains (15701972, Parsons, FRA, Male, 35, 3, 137179, 1, t, t, 37264, 0).
"
15753229,Genovese,French,Male,29.0,9,127414.55,1,Yes,Yes,134459.12,0,"new row for relation ""bank_churn"" violates check constraint ""valid_countries""
DETAIL:  Failing row contains (15753229, Genovese, French, Male, 29, 9, 127415, 1, t, t, 134459, 0).
"
15656009,McIntyre,French,Female,36.0,6,0.0,1,No,No,70496.66,0,"new row for relation ""bank_churn"" violates check constraint ""valid_countries""
DETAIL:  Failing row contains (15656009, McIntyre, French, Female, 36, 6, 0, 1, f, f, 70497, 0).
"
15785024,Warner,FRA,Female,40.0,9,137409.19,1,No,No,175877.7,1,"new row for relation ""bank_churn"" violates check constraint ""valid_countries""
DETAIL:  Failing row contains (15785024, Warner, FRA, Female, 40, 9, 137409, 1, f, f, 175878, 1).
"
15670492,Gordon,French,Male,28.0,8,0.0,2,No,No,106390.01,0,"new row for relation ""bank_churn"" violates check constraint ""valid_countries""
DETAIL:  Failing row contains (15670492, Gordon, French, Male, 28, 8, 0, 2, f, f, 106390, 0).
"
15732438,Cheng,FRA,Male,43.0,4,0.0,4,No,No,18522.91,1,"new row for relation ""bank_churn"" violates check constraint ""valid_countries""
DETAIL:  Failing row contains (15732438, Cheng, FRA, Male, 43, 4, 0, 4, f, f, 18523, 1).
"
15781987,Akhtar,French,Male,31.0,9,112494.99,1,Yes,Yes,32231.6,0,"new row for relation ""bank_churn"" violates check constraint ""valid_countries""
DETAIL:  Failing row contains (15781987, Akhtar, French, Male, 31, 9, 112495, 1, t, t, 32232, 0).
"
15657306,Kershaw,French,Female,47.0,2,0.0,1,No,No,110900.43,1,"new row for relation ""bank_churn"" violates check constraint ""valid_countries""
DETAIL:  Failing row contains (15657306, Kershaw, French, Female, 47, 2, 0, 1, f, f, 110900, 1).
"
15709447,Reed,FRA,Female,26.0,0,146286.22,1,No,No,105105.35,0,"new row for relation ""bank_churn"" violates check constraint ""valid_countries""
DETAIL:  Failing row contains (15709447, Reed, FRA, Female, 26, 0, 146286, 1, f, f, 105105, 0).
"
15597109,Vanzetti,FRA,Male,70.0,1,94416.78,1,Yes,Yes,145299.5,0,"new row for relation ""bank_churn"" violates check constraint ""valid_countries""
DETAIL:  Failing row contains (15597109, Vanzetti, FRA, Male, 70, 1, 94417, 1, t, t, 145300, 0).
"
15665634,Campbell,FRA,Female,38.0,7,59568.57,1,Yes,Yes,167723.25,0,"new row for relation ""bank_churn"" violates check constraint ""valid_countries""
DETAIL:  Failing row contains (15665634, Campbell, FRA, Female, 38, 7, 59569, 1, t, t, 167723, 0).
"
15739997,Capon,FRA,Female,23.0,2,94464.81,2,Yes,Yes,185900.88,0,"new row for relation ""bank_churn"" violates check constraint ""valid_countries""
DETAIL:  Failing row contains (15739997, Capon, FRA, Female, 23, 2, 94465, 2, t, t, 185901, 0).
"
15594576,Zhdanov,French,Male,32.0,1,144875.71,1,No,No,187740.04,0,"new row for relation ""bank_churn"" violates check constraint ""valid_countries""
DETAIL:  Failing row contains (15594576, Zhdanov, French, Male, 32, 1, 144876, 1, f, f, 187740, 0).
"
15756954,,France,Female,,2,0.0,1,Yes,Yes,-999999.0,0,"integer out of range
"
15672467,Coles,FRA,Female,52.0,7,92510.9,2,Yes,Yes,66193.61,0,"new row for relation ""bank_churn"" violates check constraint ""valid_countries""
DETAIL:  Failing row contains (15672467, Coles, FRA, Female, 52, 7, 92511, 2, t, t, 66194, 0).
"
15807900,Chineze,French,Male,36.0,7,0.0,1,Yes,Yes,55868.97,1,"new row for relation ""bank_churn"" violates check constraint ""valid_countries""
DETAIL:  Failing row contains (15807900, Chineze, French, Male, 36, 7, 0, 1, t, t, 55869, 1).
"
15743760,Davidson,FRA,Male,31.0,6,131996.66,2,Yes,Yes,178747.43,0,"new row for relation ""bank_churn"" violates check constraint ""valid_countries""
DETAIL:  Failing row contains (15743760, Davidson, FRA, Male, 31, 6, 131997, 2, t, t, 178747, 0).
"
15767818,Graham,FRA,Male,55.0,10,132436.34,1,No,No,978.66,0,"new row for relation ""bank_churn"" violates check constraint ""valid_countries""
DETAIL:  Failing row contains (15767818, Graham, FRA, Male, 55, 10, 132436, 1, f, f, 979, 0).
"
15589589,Bryan,FRA,Male,34.0,5,144094.2,1,No,No,44510.26,0,"new row for relation ""bank_churn"" violates check constraint ""valid_countries""
DETAIL:  Failing row contains (15589589, Bryan, FRA, Male, 34, 5, 144094, 1, f, f, 44510, 0).
"
15778936,Ingamells,French,Male,33.0,9,147510.34,1,No,No,190611.92,0,"new row for relation ""bank_churn"" violates check constraint ""valid_countries""
DETAIL:  Failing row contains (15778936, Ingamells, French, Male, 33, 9, 147510, 1, f, f, 190612, 0).
"
15666200,Lombardo,French,Female,40.0,1,0.0,2,Yes,Yes,119446.64,0,"new row for relation ""bank_churn"" violates check constraint ""valid_countries""
DETAIL:  Failing row contains (15666200, Lombardo, French, Female, 40, 1, 0, 2, t, t, 119447, 0).
"
15752984,Chifley,FRA,Female,70.0,9,87542.89,2,Yes,Yes,42576.86,0,"new row for relation ""bank_churn"" violates check constraint ""valid_countries""
DETAIL:  Failing row contains (15752984, Chifley, FRA, Female, 70, 9, 87543, 2, t, t, 42577, 0).
"
15577913,Oliver,French,Female,32.0,8,144581.96,1,Yes,Yes,87609.5,0,"new row for relation ""bank_churn"" violates check constraint ""valid_countries""
DETAIL:  Failing row contains (15577913, Oliver, French, Female, 32, 8, 144582, 1, t, t, 87610, 0).
"
15591980,Hill,French,Male,33.0,5,122568.05,2,Yes,Yes,82820.85,0,"new row for relation ""bank_churn"" violates check constraint ""valid_countries""
DETAIL:  Failing row contains (15591980, Hill, French, Male, 33, 5, 122568, 2, t, t, 82821, 0).
"
15582903,Edwards,French,Male,39.0,7,0.0,2,Yes,Yes,170392.59,0,"new row for relation ""bank_churn"" violates check constraint ""valid_countries""
DETAIL:  Failing row contains (15582903, Edwards, French, Male, 39, 7, 0, 2, t, t, 170393, 0).
"
15771000,Powell,French,Male,38.0,4,0.0,3,No,No,75609.84,0,"new row for relation ""bank_churn"" violates check constraint ""valid_countries""
DETAIL:  Failing row contains (15771000, Powell, French, Male, 38, 4, 0, 3, f, f, 75610, 0).
"
15692226,Onwumelu,French,Female,31.0,3,142905.51,1,Yes,Yes,58134.97,0,"new row for relation ""bank_churn"" violates check constraint ""valid_countries""
DETAIL:  Failing row contains (15692226, Onwumelu, French, Female, 31, 3, 142906, 1, t, t, 58135, 0).
"
15702656,Yobachi,French,Female,33.0,1,96834.78,1,No,No,108764.69,0,"new row for relation ""bank_churn"" violates check constraint ""valid_countries""
DETAIL:  Failing row contains (15702656, Yobachi, French, Female, 33, 1, 96835, 1, f, f, 108765, 0).
"
15606552,Akabueze,French,Male,37.0,9,105261.76,2,Yes,Yes,149503.54,0,"new row for relation ""bank_churn"" violates check constraint ""valid_countries""
DETAIL:  Failing row contains (15606552, Akabueze, French, Male, 37, 9, 105262, 2, t, t, 149504, 0).
"
15580953,Forbes,French,Male,30.0,4,73218.89,1,Yes,Yes,126796.69,0,"new row for relation ""bank_churn"" violates check constraint ""valid_countries""
DETAIL:  Failing row contains (15580953, Forbes, French, Male, 30, 4, 73219, 1, t, t, 126797, 0).
"
15810390,Amadi,FRA,Female,41.0,1,0.0,2,Yes,Yes,27509.52,1,"new row for relation ""bank_churn"" violates check constraint ""valid_countries""
DETAIL:  Failing row contains (15810390, Amadi, FRA, Female, 41, 1, 0, 2, t, t, 27510, 1).
"
15665064,Harvey,FRA,Male,36.0,8,158351.02,2,No,No,155304.53,0,"new row for relation ""bank_churn"" violates check constraint ""valid_countries""
DETAIL:  Failing row contains (15665064, Harvey, FRA, Male, 36, 8, 158351, 2, f, f, 155305, 0).
"
15640580,Obiora,FRA,Female,47.0,9,0.0,1,No,No,187943.6,0,"new row for relation ""bank_churn"" violates check constraint ""valid_countries""
DETAIL:  Failing row contains (15640580, Obiora, FRA, Female, 47, 9, 0, 1, f, f, 187944, 0).
"
15728605,Hung,French,Male,40.0,4,0.0,2,Yes,Yes,26543.28,0,"new row for relation ""bank_churn"" violates check constraint ""valid_countries""
DETAIL:  Failing row contains (15728605, Hung, French, Male, 40, 4, 0, 2, t, t, 26543, 0).
"
15786035,Gosnell,French,Male,39.0,9,0.0,2,No,No,19047.23,0,"new row for relation ""bank_churn"" violates check constraint ""valid_countries""
DETAIL:  Failing row contains (15786035, Gosnell, French, Male, 39, 9, 0, 2, f, f, 19047, 0).
"
15815259,Fang,French,Female,56.0,2,0.0,2,Yes,Yes,39820.13,0,"new row for relation ""bank_churn"" violates check constraint ""valid_countries""
DETAIL:  Failing row contains (15815259, Fang, French, Female, 56, 2, 0, 2, t, t, 39820, 0).
"
15592716,Clarke,French,Male,52.0,2,0.0,1,No,No,129013.59,1,"new row for relation ""bank_churn"" violates check constraint ""valid_countries""
DETAIL:  Failing row contains (15592716, Clarke, French, Male, 52, 2, 0, 1, f, f, 129014, 1).
"
15674573,Gearhart,French,Female,25.0,4,121172.97,1,Yes,Yes,56268.98,0,"new row for relation ""bank_churn"" violates check constraint ""valid_countries""
DETAIL:  Failing row contains (15674573, Gearhart, French, Female, 25, 4, 121173, 1, t, t, 56269, 0).
"
15776404,Williamson,French,Male,22.0,8,123374.46,1,Yes,Yes,124906.59,0,"new row for relation ""bank_churn"" violates check constraint ""valid_countries""
DETAIL:  Failing row contains (15776404, Williamson, French, Male, 22, 8, 123374, 1, t, t, 124907, 0).
"
15620988,Murray,FRA,Male,46.0,2,0.0,2,No,No,137136.46,0,"new row for relation ""bank_churn"" violates check constraint ""valid_countries""
DETAIL:  Failing row contains (15620988, Murray, FRA, Male, 46, 2, 0, 2, f, f, 137136, 0).
"
15592104,Lane,FRA,Female,41.0,5,0.0,1,No,No,36548.0,1,"new row for relation ""bank_churn"" violates check constraint ""valid_countries""
DETAIL:  Failing row contains (15592104, Lane, FRA, Female, 41, 5, 0, 1, f, f, 36548, 1).
"
15710687,Mills,French,Female,33.0,0,95927.04,1,No,No,199478.05,0,"new row for relation ""bank_churn"" violates check constraint ""valid_countries""
DETAIL:  Failing row contains (15710687, Mills, French, Female, 33, 0, 95927, 1, f, f, 199478, 0).
"
15605130,Seccombe,French,Male,32.0,6,177729.13,1,Yes,Yes,161642.08,0,"new row for relation ""bank_churn"" violates check constraint ""valid_countries""
DETAIL:  Failing row contains (15605130, Seccombe, French, Male, 32, 6, 177729, 1, t, t, 161642, 0).
"
15655171,Yermakova,FRA,Male,80.0,3,0.0,1,Yes,Yes,65801.44,0,"new row for relation ""bank_churn"" violates check constraint ""valid_countries""
DETAIL:  Failing row contains (15655171, Yermakova, FRA, Male, 80, 3, 0, 1, t, t, 65801, 0).
"
15619674,White,FRA,Female,35.0,4,108306.44,1,Yes,Yes,192486.24,0,"new row for relation ""bank_churn"" violates check constraint ""valid_countries""
DETAIL:  Failing row contains (15619674, White, FRA, Female, 35, 4, 108306, 1, t, t, 192486, 0).
"
15617657,Ts'ai,French,Female,36.0,0,103502.22,1,Yes,Yes,146191.82,0,"new row for relation ""bank_churn"" violates check constraint ""valid_countries""
DETAIL:  Failing row contains (15617657, Ts'ai, French, Female, 36, 0, 103502, 1, t, t, 146192, 0).
"
15756992,Chukwukere,FRA,Male,37.0,1,0.0,2,No,No,163457.55,0,"new row for relation ""bank_churn"" violates check constraint ""valid_countries""
DETAIL:  Failing row contains (15756992, Chukwukere, FRA, Male, 37, 1, 0, 2, f, f, 163458, 0).
"
15617454,Ifeatu,FRA,Female,25.0,1,0.0,2,Yes,Yes,144978.47,0,"new row for relation ""bank_churn"" violates check constraint ""valid_countries""
DETAIL:  Failing row contains (15617454, Ifeatu, FRA, Female, 25, 1, 0, 2, t, t, 144978, 0).
"
15591724,Liu,FRA,Female,44.0,5,143244.97,1,No,No,98661.27,0,"new row for relation ""bank_churn"" violates check constraint ""valid_countries""
DETAIL:  Failing row contains (15591724, Liu, FRA, Female, 44, 5, 143245, 1, f, f, 98661, 0).
"
15661380,Walker,French,Male,69.0,6,0.0,2,Yes,Yes,149604.18,0,"new row for relation ""bank_churn"" violates check constraint ""valid_countries""
DETAIL:  Failing row contains (15661380, Walker, French, Male, 69, 6, 0, 2, t, t, 149604, 0).
"
15728885,Defalco,French,Male,41.0,0,0.0,1,Yes,Yes,79888.78,0,"new row for relation ""bank_churn"" violates check constraint ""valid_countries""
DETAIL:  Failing row contains (15728885, Defalco, French, Male, 41, 0, 0, 1, t, t, 79889, 0).
"
15609804,Hyde,French,Male,29.0,1,0.0,2,No,No,154695.57,0,"new row for relation ""bank_churn"" violates check constraint ""valid_countries""
DETAIL:  Failing row contains (15609804, Hyde, French, Male, 29, 1, 0, 2, f, f, 154696, 0).
"
15735849,Kanayochukwu,French,Female,26.0,2,165947.99,2,Yes,Yes,168834.38,0,"new row for relation ""bank_churn"" violates check constraint ""valid_countries""
DETAIL:  Failing row contains (15735849, Kanayochukwu, French, Female, 26, 2, 165948, 2, t, t, 168834, 0).
"
15652948,Yen,FRA,Male,33.0,4,92676.3,1,No,No,105817.63,0,"new row for relation ""bank_churn"" violates check constraint ""valid_countries""
DETAIL:  Failing row contains (15652948, Yen, FRA, Male, 33, 4, 92676, 1, f, f, 105818, 0).
"
15618155,Ts'ui,FRA,Male,45.0,5,83195.12,1,Yes,Yes,48682.1,0,"new row for relation ""bank_churn"" violates check constraint ""valid_countries""
DETAIL:  Failing row contains (15618155, Ts'ui, FRA, Male, 45, 5, 83195, 1, t, t, 48682, 0).
"
15566378,Tillman,French,Male,48.0,5,129387.94,1,Yes,Yes,147955.91,1,"new row for relation ""bank_churn"" violates check constraint ""valid_countries""
DETAIL:  Failing row contains (15566378, Tillman, French, Male, 48, 5, 129388, 1, t, t, 147956, 1).
"
15565879,Riley,French,Female,28.0,9,0.0,2,Yes,Yes,56185.98,0,"new row for relation ""bank_churn"" violates check constraint ""valid_countries""
DETAIL:  Failing row contains (15565879, Riley, French, Female, 28, 9, 0, 2, t, t, 56186, 0).
"
15770567,Ruiz,French,Female,32.0,3,123502.53,1,Yes,Yes,69826.8,0,"new row for relation ""bank_churn"" violates check constraint ""valid_countries""
DETAIL:  Failing row contains (15770567, Ruiz, French, Female, 32, 3, 123503, 1, t, t, 69827, 0).
"
15782121,Leonard,French,Female,27.0,2,0.0,2,No,No,14546.76,0,"new row for relation ""bank_churn"" violates check constraint ""valid_countries""
DETAIL:  Failing row contains (15782121, Leonard, French, Female, 27, 2, 0, 2, f, f, 14547, 0).
"
15699415,Lewis,French,Female,46.0,6,150213.71,1,No,No,120668.46,1,"new row for relation ""bank_churn"" violates check constraint ""valid_countries""
DETAIL:  Failing row contains (15699415, Lewis, French, Female, 46, 6, 150214, 1, f, f, 120668, 1).
"
15682868,Elliott,French,Female,40.0,9,99816.46,1,Yes,Yes,163989.66,1,"new row for relation ""bank_churn"" violates check constraint ""valid_countries""
DETAIL:  Failing row contains (15682868, Elliott, French, Female, 40, 9, 99816, 1, t, t, 163990, 1).
"
15584462,Liang,FRA,Male,34.0,9,0.0,1,No,No,60584.33,0,"new row for relation ""bank_churn"" violates check constraint ""valid_countries""
DETAIL:  Failing row contains (15584462, Liang, FRA, Male, 34, 9, 0, 1, f, f, 60584, 0).
"
15661708,She,French,Female,41.0,5,0.0,2,Yes,Yes,94170.84,0,"new row for relation ""bank_churn"" violates check constraint ""valid_countries""
DETAIL:  Failing row contains (15661708, She, French, Female, 41, 5, 0, 2, t, t, 94171, 0).
"
15584452,Bozeman,FRA,Male,41.0,6,0.0,2,No,No,167181.77,0,"new row for relation ""bank_churn"" violates check constraint ""valid_countries""
DETAIL:  Failing row contains (15584452, Bozeman, FRA, Male, 41, 6, 0, 2, f, f, 167182, 0).
"
15780409,Egobudike,FRA,Male,40.0,6,0.0,2,No,No,109742.55,0,"new row for relation ""bank_churn"" violates check constraint ""valid_countries""
DETAIL:  Failing row contains (15780409, Egobudike, FRA, Male, 40, 6, 0, 2, f, f, 109743, 0).
"
15572767,Shelby,French,Male,29.0,2,0.0,2,No,No,124489.88,0,"new row for relation ""bank_churn"" violates check constraint ""valid_countries""
DETAIL:  Failing row contains (15572767, Shelby, French, Male, 29, 2, 0, 2, f, f, 124490, 0).
"
15590337,Golubov,French,Male,29.0,6,123192.12,1,Yes,Yes,56971.41,1,"new row for relation ""bank_churn"" violates check constraint ""valid_countries""
DETAIL:  Failing row contains (15590337, Golubov, French, Male, 29, 6, 123192, 1, t, t, 56971, 1).
"
15669290,Fan,FRA,Male,38.0,8,59360.77,1,Yes,Yes,191457.06,0,"new row for relation ""bank_churn"" violates check constraint ""valid_countries""
DETAIL:  Failing row contains (15669290, Fan, FRA, Male, 38, 8, 59361, 1, t, t, 191457, 0).
"
15777033,Chizoba,French,Male,29.0,7,0.0,2,Yes,Yes,105448.74,0,"new row for relation ""bank_churn"" violates check constraint ""valid_countries""
DETAIL:  Failing row contains (15777033, Chizoba, French, Male, 29, 7, 0, 2, t, t, 105449, 0).
"
15758513,McDonald,FRA,Male,43.0,7,0.0,2,No,No,52534.81,0,"new row for relation ""bank_churn"" violates check constraint ""valid_countries""
DETAIL:  Failing row contains (15758513, McDonald, FRA, Male, 43, 7, 0, 2, f, f, 52535, 0).
"
15721715,Fane,FRA,Female,40.0,9,133871.05,1,Yes,Yes,50568.02,0,"new row for relation ""bank_churn"" violates check constraint ""valid_countries""
DETAIL:  Failing row contains (15721715, Fane, FRA, Female, 40, 9, 133871, 1, t, t, 50568, 0).
"
15809585,H?,FRA,Male,38.0,7,0.0,2,No,No,1528.4,0,"new row for relation ""bank_churn"" violates check constraint ""valid_countries""
DETAIL:  Failing row contains (15809585, H?, FRA, Male, 38, 7, 0, 2, f, f, 1528, 0).
"
15593778,Craig,FRA,Female,29.0,3,46388.16,3,No,No,127939.26,1,"new row for relation ""bank_churn"" violates check constraint ""valid_countries""
DETAIL:  Failing row contains (15593778, Craig, FRA, Female, 29, 3, 46388, 3, f, f, 127939, 1).
"
15658409,Mao,French,Male,41.0,5,128876.71,3,Yes,Yes,106939.34,1,"new row for relation ""bank_churn"" violates check constraint ""valid_countries""
DETAIL:  Failing row contains (15658409, Mao, French, Male, 41, 5, 128877, 3, t, t, 106939, 1).
"
15627027,Shih,French,Male,39.0,5,0.0,2,Yes,Yes,114388.98,0,"new row for relation ""bank_churn"" violates check constraint ""valid_countries""
DETAIL:  Failing row contains (15627027, Shih, French, Male, 39, 5, 0, 2, t, t, 114389, 0).
"
15752294,Long,French,Female,38.0,9,135979.01,4,Yes,Yes,76582.95,1,"new row for relation ""bank_churn"" violates check constraint ""valid_countries""
DETAIL:  Failing row contains (15752294, Long, French, Female, 38, 9, 135979, 4, t, t, 76583, 1).
"
15696733,McKenzie,French,Male,29.0,4,0.0,1,No,No,8982.75,0,"new row for relation ""bank_churn"" violates check constraint ""valid_countries""
DETAIL:  Failing row contains (15696733, McKenzie, French, Male, 29, 4, 0, 1, f, f, 8983, 0).
"
15677522,Rossi,FRA,Male,33.0,1,0.0,2,No,No,9984.4,0,"new row for relation ""bank_churn"" violates check constraint ""valid_countries""
DETAIL:  Failing row contains (15677522, Rossi, FRA, Male, 33, 1, 0, 2, f, f, 9984, 0).
"
15624936,Yen,FRA,Male,35.0,8,129205.49,1,Yes,Yes,79146.36,0,"new row for relation ""bank_churn"" violates check constraint ""valid_countries""
DETAIL:  Failing row contains (15624936, Yen, FRA, Male, 35, 8, 129205, 1, t, t, 79146, 0).
"
15604732,Milani,French,Female,30.0,9,0.0,2,No,No,136356.97,0,"new row for relation ""bank_churn"" violates check constraint ""valid_countries""
DETAIL:  Failing row contains (15604732, Milani, French, Female, 30, 9, 0, 2, f, f, 136357, 0).
"
15810891,Lorenzo,French,Male,34.0,2,117731.79,2,Yes,Yes,55120.79,0,"new row for relation ""bank_churn"" violates check constraint ""valid_countries""
DETAIL:  Failing row contains (15810891, Lorenzo, French, Male, 34, 2, 117732, 2, t, t, 55121, 0).
"
15778838,Warren,FRA,Male,38.0,9,114135.17,1,No,No,153269.98,0,"new row for relation ""bank_churn"" violates check constraint ""valid_countries""
DETAIL:  Failing row contains (15778838, Warren, FRA, Male, 38, 9, 114135, 1, f, f, 153270, 0).
"
15669611,Mott,FRA,Male,71.0,3,83116.68,1,Yes,Yes,27597.76,0,"new row for relation ""bank_churn"" violates check constraint ""valid_countries""
DETAIL:  Failing row contains (15669611, Mott, FRA, Male, 71, 3, 83117, 1, t, t, 27598, 0).
"
15772216,Henry,French,Female,67.0,1,130652.52,1,Yes,Yes,22762.23,0,"new row for relation ""bank_churn"" violates check constraint ""valid_countries""
DETAIL:  Failing row contains (15772216, Henry, French, Female, 67, 1, 130653, 1, t, t, 22762, 0).
"
15619898,Chiefo,FRA,Male,55.0,5,0.0,2,Yes,Yes,7008.65,0,"new row for relation ""bank_churn"" violates check constraint ""valid_countries""
DETAIL:  Failing row contains (15619898, Chiefo, FRA, Male, 55, 5, 0, 2, t, t, 7009, 0).
"
15724543,Mao,French,Male,61.0,5,0.0,2,Yes,Yes,81299.17,0,"new row for relation ""bank_churn"" violates check constraint ""valid_countries""
DETAIL:  Failing row contains (15724543, Mao, French, Male, 61, 5, 0, 2, t, t, 81299, 0).
"
15755084,Bezrukova,French,Male,37.0,7,121854.45,1,No,No,147521.35,0,"new row for relation ""bank_churn"" violates check constraint ""valid_countries""
DETAIL:  Failing row contains (15755084, Bezrukova, French, Male, 37, 7, 121854, 1, f, f, 147521, 0).
"
15666767,Lori,French,Male,35.0,1,86893.28,1,No,No,59374.82,0,"new row for relation ""bank_churn"" violates check constraint ""valid_countries""
DETAIL:  Failing row contains (15666767, Lori, French, Male, 35, 1, 86893, 1, f, f, 59375, 0).
"
15698927,Ritchie,FRA,Male,39.0,7,0.0,2,Yes,Yes,36267.21,0,"new row for relation ""bank_churn"" violates check constraint ""valid_countries""
DETAIL:  Failing row contains (15698927, Ritchie, FRA, Male, 39, 7, 0, 2, t, t, 36267, 0).
"
15733444,Phillips,French,Female,29.0,9,0.0,2,No,No,176152.7,0,"new row for relation ""bank_churn"" violates check constraint ""valid_countries""
DETAIL:  Failing row contains (15733444, Phillips, French, Female, 29, 9, 0, 2, f, f, 176153, 0).
"
15812534,Chiemenam,FRA,Male,40.0,1,0.0,3,Yes,Yes,129975.34,0,"new row for relation ""bank_churn"" violates check constraint ""valid_countries""
DETAIL:  Failing row contains (15812534, Chiemenam, FRA, Male, 40, 1, 0, 3, t, t, 129975, 0).
"
15737025,Roberts,FRA,Male,33.0,1,0.0,3,No,No,178067.33,1,"new row for relation ""bank_churn"" violates check constraint ""valid_countries""
DETAIL:  Failing row contains (15737025, Roberts, FRA, Male, 33, 1, 0, 3, f, f, 178067, 1).
"
15615931,Aitken,French,Female,37.0,4,0.0,2,Yes,Yes,171039.56,0,"new row for relation ""bank_churn"" violates check constraint ""valid_countries""
DETAIL:  Failing row contains (15615931, Aitken, French, Female, 37, 4, 0, 2, t, t, 171040, 0).
"
15668309,Maslow,FRA,Female,40.0,0,111098.85,1,Yes,Yes,172321.21,1,"new row for relation ""bank_churn"" violates check constraint ""valid_countries""
DETAIL:  Failing row contains (15668309, Maslow, FRA, Female, 40, 0, 111099, 1, t, t, 172321, 1).
"
15801462,Yermakov,FRA,Male,31.0,8,109578.04,2,Yes,Yes,51503.51,0,"new row for relation ""bank_churn"" violates check constraint ""valid_countries""
DETAIL:  Failing row contains (15801462, Yermakov, FRA, Male, 31, 8, 109578, 2, t, t, 51504, 0).
"
15668057,K?,French,Female,31.0,6,113000.66,1,No,No,40467.82,0,"new row for relation ""bank_churn"" violates check constraint ""valid_countries""
DETAIL:  Failing row contains (15668057, K?, French, Female, 31, 6, 113001, 1, f, f, 40468, 0).
"
15803654,Wei,FRA,Female,31.0,2,151290.16,1,Yes,Yes,172437.12,0,"new row for relation ""bank_churn"" violates check constraint ""valid_countries""
DETAIL:  Failing row contains (15803654, Wei, FRA, Female, 31, 2, 151290, 1, t, t, 172437, 0).
"
15647203,Gebhart,French,Female,35.0,3,0.0,1,No,No,191520.5,0,"new row for relation ""bank_churn"" violates check constraint ""valid_countries""
DETAIL:  Failing row contains (15647203, Gebhart, French, Female, 35, 3, 0, 1, f, f, 191521, 0).
"
15682778,Fedorov,FRA,Male,34.0,9,0.0,2,Yes,Yes,95686.6,0,"new row for relation ""bank_churn"" violates check constraint ""valid_countries""
DETAIL:  Failing row contains (15682778, Fedorov, FRA, Male, 34, 9, 0, 2, t, t, 95687, 0).
"
15728480,Iloerika,French,Female,35.0,8,0.0,2,Yes,Yes,149614.81,0,"new row for relation ""bank_churn"" violates check constraint ""valid_countries""
DETAIL:  Failing row contains (15728480, Iloerika, French, Female, 35, 8, 0, 2, t, t, 149615, 0).
"
15679693,Walker,French,Male,31.0,5,0.0,2,Yes,Yes,90.07,0,"new row for relation ""bank_churn"" violates check constraint ""valid_countries""
DETAIL:  Failing row contains (15679693, Walker, French, Male, 31, 5, 0, 2, t, t, 90, 0).
"
15726720,Blinova,FRA,Female,40.0,7,0.0,1,No,No,170332.67,1,"new row for relation ""bank_churn"" violates check constraint ""valid_countries""
DETAIL:  Failing row contains (15726720, Blinova, FRA, Female, 40, 7, 0, 1, f, f, 170333, 1).
"
15668971,Nicholson,French,Female,40.0,4,55776.39,2,No,No,26920.43,0,"new row for relation ""bank_churn"" violates check constraint ""valid_countries""
DETAIL:  Failing row contains (15668971, Nicholson, French, Female, 40, 4, 55776, 2, f, f, 26920, 0).
"
15740043,Young,French,Male,32.0,5,83161.65,1,Yes,Yes,116885.59,0,"new row for relation ""bank_churn"" violates check constraint ""valid_countries""
DETAIL:  Failing row contains (15740043, Young, French, Male, 32, 5, 83162, 1, t, t, 116886, 0).
"
15712264,Plumb,FRA,Female,39.0,10,0.0,2,Yes,Yes,126263.97,0,"new row for relation ""bank_churn"" violates check constraint ""valid_countries""
DETAIL:  Failing row contains (15712264, Plumb, FRA, Female, 39, 10, 0, 2, t, t, 126264, 0).
"
15597739,Tu,FRA,Male,37.0,3,0.0,1,No,No,158049.9,0,"new row for relation ""bank_churn"" violates check constraint ""valid_countries""
DETAIL:  Failing row contains (15597739, Tu, FRA, Male, 37, 3, 0, 1, f, f, 158050, 0).
"
15605067,Nwachinemelu,FRA,Male,19.0,9,0.0,2,No,No,3453.4,0,"new row for relation ""bank_churn"" violates check constraint ""valid_countries""
DETAIL:  Failing row contains (15605067, Nwachinemelu, FRA, Male, 19, 9, 0, 2, f, f, 3453, 0).
"
15655335,Becher,FRA,Male,36.0,1,0.0,2,No,No,48876.84,0,"new row for relation ""bank_churn"" violates check constraint ""valid_countries""
DETAIL:  Failing row contains (15655335, Becher, FRA, Male, 36, 1, 0, 2, f, f, 48877, 0).
"
15607112,Chiawuotu,FRA,Male,32.0,6,0.0,2,Yes,Yes,36540.63,0,"new row for relation ""bank_churn"" violates check constraint ""valid_countries""
DETAIL:  Failing row contains (15607112, Chiawuotu, FRA, Male, 32, 6, 0, 2, t, t, 36541, 0).
"
15635775,Watt,FRA,Male,33.0,3,89276.48,1,No,No,6959.0,0,"new row for relation ""bank_churn"" violates check constraint ""valid_countries""
DETAIL:  Failing row contains (15635775, Watt, FRA, Male, 33, 3, 89276, 1, f, f, 6959, 0).
"
15708362,Watson,French,Male,63.0,4,103729.79,2,Yes,Yes,80272.06,0,"new row for relation ""bank_churn"" violates check constraint ""valid_countries""
DETAIL:  Failing row contains (15708362, Watson, French, Male, 63, 4, 103730, 2, t, t, 80272, 0).
"
15791674,Sutherland,FRA,Female,34.0,10,142388.61,2,Yes,Yes,68393.64,1,"new row for relation ""bank_churn"" violates check constraint ""valid_countries""
DETAIL:  Failing row contains (15791674, Sutherland, FRA, Female, 34, 10, 142389, 2, t, t, 68394, 1).
"
15659710,Lascelles,FRA,Male,25.0,5,77886.53,2,No,No,150319.49,0,"new row for relation ""bank_churn"" violates check constraint ""valid_countries""
DETAIL:  Failing row contains (15659710, Lascelles, FRA, Male, 25, 5, 77887, 2, f, f, 150319, 0).
"
15638788,Mack,French,Male,32.0,8,97514.07,1,Yes,Yes,199138.84,0,"new row for relation ""bank_churn"" violates check constraint ""valid_countries""
DETAIL:  Failing row contains (15638788, Mack, French, Male, 32, 8, 97514, 1, t, t, 199139, 0).
"
15570145,Long,French,Female,23.0,2,0.0,2,No,No,153983.99,0,"new row for relation ""bank_churn"" violates check constraint ""valid_countries""
DETAIL:  Failing row contains (15570145, Long, French, Female, 23, 2, 0, 2, f, f, 153984, 0).
"
15687431,Faria,French,Female,41.0,7,115171.71,1,Yes,Yes,37674.47,0,"new row for relation ""bank_churn"" violates check constraint ""valid_countries""
DETAIL:  Failing row contains (15687431, Faria, French, Female, 41, 7, 115172, 1, t, t, 37674, 0).
"
15701768,Tung,FRA,Male,32.0,3,0.0,2,Yes,Yes,197827.06,0,"new row for relation ""bank_churn"" violates check constraint ""valid_countries""
DETAIL:  Failing row contains (15701768, Tung, FRA, Male, 32, 3, 0, 2, t, t, 197827, 0).
"
15623566,Barnhill,FRA,Male,40.0,9,46520.69,1,Yes,Yes,96687.25,0,"new row for relation ""bank_churn"" violates check constraint ""valid_countries""
DETAIL:  Failing row contains (15623566, Barnhill, FRA, Male, 40, 9, 46521, 1, t, t, 96687, 0).
"
15621815,Obiajulu,FRA,Female,40.0,6,165526.71,1,No,No,12328.08,0,"new row for relation ""bank_churn"" violates check constraint ""valid_countries""
DETAIL:  Failing row contains (15621815, Obiajulu, FRA, Female, 40, 6, 165527, 1, f, f, 12328, 0).
"
15724876,McGregor,French,Female,38.0,5,83714.41,1,Yes,Yes,33245.97,0,"new row for relation ""bank_churn"" violates check constraint ""valid_countries""
DETAIL:  Failing row contains (15724876, McGregor, French, Female, 38, 5, 83714, 1, t, t, 33246, 0).
"
15696588,Lung,FRA,Female,36.0,3,0.0,2,Yes,Yes,2243.41,0,"new row for relation ""bank_churn"" violates check constraint ""valid_countries""
DETAIL:  Failing row contains (15696588, Lung, FRA, Female, 36, 3, 0, 2, t, t, 2243, 0).
"
15612832,Jamieson,French,Male,32.0,7,125540.05,1,No,No,86786.41,0,"new row for relation ""bank_churn"" violates check constraint ""valid_countries""
DETAIL:  Failing row contains (15612832, Jamieson, French, Male, 32, 7, 125540, 1, f, f, 86786, 0).
"
15712536,Fallaci,FRA,Female,36.0,3,0.0,2,No,No,41295.1,1,"new row for relation ""bank_churn"" violates check constraint ""valid_countries""
DETAIL:  Failing row contains (15712536, Fallaci, FRA, Female, 36, 3, 0, 2, f, f, 41295, 1).
"
15807728,Ferri,French,Female,45.0,1,0.0,1,Yes,Yes,190663.89,1,"new row for relation ""bank_churn"" violates check constraint ""valid_countries""
DETAIL:  Failing row contains (15807728, Ferri, French, Female, 45, 1, 0, 1, t, t, 190664, 1).
"
15615330,Tretiakova,FRA,Male,23.0,10,0.0,2,Yes,Yes,170099.23,0,"new row for relation ""bank_churn"" violates check constraint ""valid_countries""
DETAIL:  Failing row contains (15615330, Tretiakova, FRA, Male, 23, 10, 0, 2, t, t, 170099, 0).
"
15768495,Chidimma,FRA,Female,32.0,8,110923.15,2,Yes,Yes,161845.81,1,"new row for relation ""bank_churn"" violates check constraint ""valid_countries""
DETAIL:  Failing row contains (15768495, Chidimma, FRA, Female, 32, 8, 110923, 2, t, t, 161846, 1).
"
15767594,Azubuike,French,Female,35.0,8,0.0,2,Yes,Yes,187900.12,0,"new row for relation ""bank_churn"" violates check constraint ""valid_countries""
DETAIL:  Failing row contains (15767594, Azubuike, French, Female, 35, 8, 0, 2, t, t, 187900, 0).
"
15591985,Stewart,French,Female,51.0,8,70754.18,1,Yes,Yes,92920.04,1,"new row for relation ""bank_churn"" violates check constraint ""valid_countries""
DETAIL:  Failing row contains (15591985, Stewart, French, Female, 51, 8, 70754, 1, t, t, 92920, 1).
"
15781530,Hsieh,FRA,Male,21.0,8,0.0,2,Yes,Yes,155782.89,0,"new row for relation ""bank_churn"" violates check constraint ""valid_countries""
DETAIL:  Failing row contains (15781530, Hsieh, FRA, Male, 21, 8, 0, 2, t, t, 155783, 0).
"
15696047,Chimezie,FRA,Male,35.0,6,99760.84,1,Yes,Yes,13591.52,0,"new row for relation ""bank_churn"" violates check constraint ""valid_countries""
DETAIL:  Failing row contains (15696047, Chimezie, FRA, Male, 35, 6, 99761, 1, t, t, 13592, 0).
"
15790093,Aguirre,FRA,Female,27.0,2,0.0,2,No,No,125451.01,0,"new row for relation ""bank_churn"" violates check constraint ""valid_countries""
DETAIL:  Failing row contains (15790093, Aguirre, FRA, Female, 27, 2, 0, 2, f, f, 125451, 0).
"
15643903,Yao,French,Male,27.0,1,154483.98,1,No,No,156394.74,0,"new row for relation ""bank_churn"" violates check constraint ""valid_countries""
DETAIL:  Failing row contains (15643903, Yao, French, Male, 27, 1, 154484, 1, f, f, 156395, 0).
"
15569526,Morales,FRA,Male,40.0,10,98627.13,2,No,No,77977.69,0,"new row for relation ""bank_churn"" violates check constraint ""valid_countries""
DETAIL:  Failing row contains (15569526, Morales, FRA, Male, 40, 10, 98627, 2, f, f, 77978, 0).
"
15777067,Thomas,French,Male,64.0,2,136770.67,1,Yes,Yes,43678.06,0,"new row for relation ""bank_churn"" violates check constraint ""valid_countries""
DETAIL:  Failing row contains (15777067, Thomas, French, Male, 64, 2, 136771, 1, t, t, 43678, 0).
"
15610419,Chukwueloka,FRA,Male,33.0,3,117413.95,1,Yes,Yes,12766.74,0,"new row for relation ""bank_churn"" violates check constraint ""valid_countries""
DETAIL:  Failing row contains (15610419, Chukwueloka, FRA, Male, 33, 3, 117414, 1, t, t, 12767, 0).
"
15703707,Atkins,French,Male,44.0,10,143571.52,1,No,No,127444.14,0,"new row for relation ""bank_churn"" violates check constraint ""valid_countries""
DETAIL:  Failing row contains (15703707, Atkins, French, Male, 44, 10, 143572, 1, f, f, 127444, 0).
"
15659327,Moffitt,French,Male,49.0,5,121197.64,1,No,No,72577.33,1,"new row for relation ""bank_churn"" violates check constraint ""valid_countries""
DETAIL:  Failing row contains (15659327, Moffitt, French, Male, 49, 5, 121198, 1, f, f, 72577, 1).
"
15698462,Chiu,FRA,Male,36.0,4,0.0,2,Yes,Yes,132798.78,0,"new row for relation ""bank_churn"" violates check constraint ""valid_countries""
DETAIL:  Failing row contains (15698462, Chiu, FRA, Male, 36, 4, 0, 2, t, t, 132799, 0).
"
15739692,Tsui,FRA,Male,42.0,1,0.0,2,No,No,71823.15,0,"new row for relation ""bank_churn"" violates check constraint ""valid_countries""
DETAIL:  Failing row contains (15739692, Tsui, FRA, Male, 42, 1, 0, 2, f, f, 71823, 0).
"
15777743,Cattaneo,French,Female,39.0,3,92224.56,1,Yes,Yes,54517.25,0,"new row for relation ""bank_churn"" violates check constraint ""valid_countries""
DETAIL:  Failing row contains (15777743, Cattaneo, French, Female, 39, 3, 92225, 1, t, t, 54517, 0).
"
15623143,Lung,FRA,Female,43.0,9,0.0,2,No,No,183147.17,0,"new row for relation ""bank_churn"" violates check constraint ""valid_countries""
DETAIL:  Failing row contains (15623143, Lung, FRA, Female, 43, 9, 0, 2, f, f, 183147, 0).
"
15728829,Weigel,FRA,Male,18.0,7,102983.91,1,No,No,171770.58,0,"new row for relation ""bank_churn"" violates check constraint ""valid_countries""
DETAIL:  Failing row contains (15728829, Weigel, FRA, Male, 18, 7, 102984, 1, f, f, 171771, 0).
"
15687626,Zhirov,FRA,Male,39.0,4,0.0,2,No,No,167183.07,1,"new row for relation ""bank_churn"" violates check constraint ""valid_countries""
DETAIL:  Failing row contains (15687626, Zhirov, FRA, Male, 39, 4, 0, 2, f, f, 167183, 1).
"
15609187,Cox,FRA,Female,27.0,5,155879.09,2,No,No,70774.97,0,"new row for relation ""bank_churn"" violates check constraint ""valid_countries""
DETAIL:  Failing row contains (15609187, Cox, FRA, Female, 27, 5, 155879, 2, f, f, 70775, 0).
"
15752626,Genovese,French,Male,32.0,7,64082.09,1,Yes,Yes,109159.58,0,"new row for relation ""bank_churn"" violates check constraint ""valid_countries""
DETAIL:  Failing row contains (15752626, Genovese, French, Male, 32, 7, 64082, 1, t, t, 109160, 0).
"
15571756,Ohearn,FRA,Female,28.0,5,0.0,1,No,No,59351.68,0,"new row for relation ""bank_churn"" violates check constraint ""valid_countries""
DETAIL:  Failing row contains (15571756, Ohearn, FRA, Female, 28, 5, 0, 1, f, f, 59352, 0).
"
15738980,Yobanna,FRA,Male,43.0,2,0.0,2,No,No,105568.6,0,"new row for relation ""bank_churn"" violates check constraint ""valid_countries""
DETAIL:  Failing row contains (15738980, Yobanna, FRA, Male, 43, 2, 0, 2, f, f, 105569, 0).
"
15776558,Nicholls,French,Male,31.0,1,108345.22,1,Yes,Yes,38802.03,0,"new row for relation ""bank_churn"" violates check constraint ""valid_countries""
DETAIL:  Failing row contains (15776558, Nicholls, French, Male, 31, 1, 108345, 1, t, t, 38802, 0).
"
15704597,Trumbull,FRA,Male,33.0,7,174571.36,1,Yes,Yes,43943.09,0,"new row for relation ""bank_churn"" violates check constraint ""valid_countries""
DETAIL:  Failing row contains (15704597, Trumbull, FRA, Male, 33, 7, 174571, 1, t, t, 43943, 0).
"
15594915,Crist,French,Female,36.0,8,0.0,2,Yes,Yes,109179.89,0,"new row for relation ""bank_churn"" violates check constraint ""valid_countries""
DETAIL:  Failing row contains (15594915, Crist, French, Female, 36, 8, 0, 2, t, t, 109180, 0).
"
15600106,Wei,French,Male,36.0,1,0.0,2,No,No,133141.34,0,"new row for relation ""bank_churn"" violates check constraint ""valid_countries""
DETAIL:  Failing row contains (15600106, Wei, French, Male, 36, 1, 0, 2, f, f, 133141, 0).
"
15619699,Yeh,French,Male,31.0,7,0.0,1,No,No,198269.08,0,"new row for relation ""bank_churn"" violates check constraint ""valid_countries""
DETAIL:  Failing row contains (15619699, Yeh, French, Male, 31, 7, 0, 1, f, f, 198269, 0).
"
15724200,Cheng,French,Male,38.0,1,115341.55,1,Yes,Yes,173632.92,0,"new row for relation ""bank_churn"" violates check constraint ""valid_countries""
DETAIL:  Failing row contains (15724200, Cheng, French, Male, 38, 1, 115342, 1, t, t, 173633, 0).
"
15738224,Lin,French,Male,32.0,6,99162.29,1,No,No,128384.11,0,"new row for relation ""bank_churn"" violates check constraint ""valid_countries""
DETAIL:  Failing row contains (15738224, Lin, French, Male, 32, 6, 99162, 1, f, f, 128384, 0).
"
15799358,Vincent,French,Female,46.0,6,62212.29,1,Yes,Yes,171681.86,1,"new row for relation ""bank_churn"" violates check constraint ""valid_countries""
DETAIL:  Failing row contains (15799358, Vincent, French, Female, 46, 6, 62212, 1, t, t, 171682, 1).
"
15616172,Ubanwa,French,Male,31.0,2,0.0,2,No,No,8222.96,0,"new row for relation ""bank_churn"" violates check constraint ""valid_countries""
DETAIL:  Failing row contains (15616172, Ubanwa, French, Male, 31, 2, 0, 2, f, f, 8223, 0).
"
15809124,T'ien,FRA,Male,38.0,5,151532.4,1,Yes,Yes,46555.15,0,"new row for relation ""bank_churn"" violates check constraint ""valid_countries""
DETAIL:  Failing row contains (15809124, T'ien, FRA, Male, 38, 5, 151532, 1, t, t, 46555, 0).
"
15815097,Root,French,Female,34.0,9,0.0,2,No,No,167916.35,0,"new row for relation ""bank_churn"" violates check constraint ""valid_countries""
DETAIL:  Failing row contains (15815097, Root, French, Female, 34, 9, 0, 2, f, f, 167916, 0).
"
15716431,Brookes,French,Female,30.0,10,191091.74,2,Yes,Yes,96170.38,0,"new row for relation ""bank_churn"" violates check constraint ""valid_countries""
DETAIL:  Failing row contains (15716431, Brookes, French, Female, 30, 10, 191092, 2, t, t, 96170, 0).
"
15798341,Victor,FRA,Male,38.0,8,0.0,1,Yes,Yes,98208.62,0,"new row for relation ""bank_churn"" violates check constraint ""valid_countries""
DETAIL:  Failing row contains (15798341, Victor, FRA, Male, 38, 8, 0, 1, t, t, 98209, 0).
"
15651958,Giles,FRA,Male,27.0,8,0.0,2,Yes,Yes,157932.75,0,"new row for relation ""bank_churn"" violates check constraint ""valid_countries""
DETAIL:  Failing row contains (15651958, Giles, FRA, Male, 27, 8, 0, 2, t, t, 157933, 0).
"
15691950,Parry,French,Male,49.0,3,0.0,2,No,No,50123.44,0,"new row for relation ""bank_churn"" violates check constraint ""valid_countries""
DETAIL:  Failing row contains (15691950, Parry, French, Male, 49, 3, 0, 2, f, f, 50123, 0).
"
15632446,Allan,French,Male,24.0,4,0.0,2,No,No,180329.83,0,"new row for relation ""bank_churn"" violates check constraint ""valid_countries""
DETAIL:  Failing row contains (15632446, Allan, French, Male, 24, 4, 0, 2, f, f, 180330, 0).
"
15620936,Warren,FRA,Male,32.0,4,0.0,2,Yes,Yes,13238.93,0,"new row for relation ""bank_churn"" violates check constraint ""valid_countries""
DETAIL:  Failing row contains (15620936, Warren, FRA, Male, 32, 4, 0, 2, t, t, 13239, 0).
"
15587640,Rowntree,FRA,Female,43.0,0,93143.39,1,No,No,167554.86,0,"new row for relation ""bank_churn"" violates check constraint ""valid_countries""
DETAIL:  Failing row contains (15587640, Rowntree, FRA, Female, 43, 0, 93143, 1, f, f, 167555, 0).
"
15736371,Kennedy,French,Female,34.0,3,123034.43,2,Yes,Yes,38315.04,0,"new row for relation ""bank_churn"" violates check constraint ""valid_countries""
DETAIL:  Failing row contains (15736371, Kennedy, French, Female, 34, 3, 123034, 2, t, t, 38315, 0).
"
15747130,Tsao,FRA,Male,39.0,7,0.0,2,Yes,Yes,653.58,0,"new row for relation ""bank_churn"" violates check constraint ""valid_countries""
DETAIL:  Failing row contains (15747130, Tsao, FRA, Male, 39, 7, 0, 2, t, t, 654, 0).
"
15785490,Okeke,French,Male,50.0,3,105229.72,1,Yes,Yes,16281.68,1,"new row for relation ""bank_churn"" violates check constraint ""valid_countries""
DETAIL:  Failing row contains (15785490, Okeke, French, Male, 50, 3, 105230, 1, t, t, 16282, 1).
"
15686974,Sergeyeva,FRA,Female,48.0,4,0.0,1,Yes,Yes,30165.06,1,"new row for relation ""bank_churn"" violates check constraint ""valid_countries""
DETAIL:  Failing row contains (15686974, Sergeyeva, FRA, Female, 48, 4, 0, 1, t, t, 30165, 1).
"
15598331,Morgan,FRA,Female,40.0,9,100480.53,1,No,No,124095.69,0,"new row for relation ""bank_churn"" violates check constraint ""valid_countries""
DETAIL:  Failing row contains (15598331, Morgan, FRA, Female, 40, 9, 100481, 1, f, f, 124096, 0).
"
15704795,Vagin,French,Female,77.0,6,0.0,2,Yes,Yes,49054.1,0,"new row for relation ""bank_churn"" violates check constraint ""valid_countries""
DETAIL:  Failing row contains (15704795, Vagin, French, Female, 77, 6, 0, 2, t, t, 49054, 0).
"
15797665,Docherty,French,Female,27.0,7,0.0,2,No,No,144099.48,0,"new row for relation ""bank_churn"" violates check constraint ""valid_countries""
DETAIL:  Failing row contains (15797665, Docherty, French, Female, 27, 7, 0, 2, f, f, 144099, 0).
"
15778959,Brookes,French,Female,36.0,10,0.0,2,Yes,Yes,155641.46,0,"new row for relation ""bank_churn"" violates check constraint ""valid_countries""
DETAIL:  Failing row contains (15778959, Brookes, French, Female, 36, 10, 0, 2, t, t, 155641, 0).
"
15773338,Endrizzi,French,Male,58.0,2,101579.28,1,Yes,Yes,72168.53,0,"new row for relation ""bank_churn"" violates check constraint ""valid_countries""
DETAIL:  Failing row contains (15773338, Endrizzi, French, Male, 58, 2, 101579, 1, t, t, 72169, 0).
"
15776229,MacPherson,FRA,Male,44.0,3,115282.3,1,No,No,23766.4,0,"new row for relation ""bank_churn"" violates check constraint ""valid_countries""
DETAIL:  Failing row contains (15776229, MacPherson, FRA, Male, 44, 3, 115282, 1, f, f, 23766, 0).
"
15590177,Chiedozie,French,Female,44.0,1,133866.22,1,Yes,Yes,139049.24,0,"new row for relation ""bank_churn"" violates check constraint ""valid_countries""
DETAIL:  Failing row contains (15590177, Chiedozie, French, Female, 44, 1, 133866, 1, t, t, 139049, 0).
"
15568876,Hughes,French,Female,34.0,1,102723.35,2,No,No,180844.81,0,"new row for relation ""bank_churn"" violates check constraint ""valid_countries""
DETAIL:  Failing row contains (15568876, Hughes, French, Female, 34, 1, 102723, 2, f, f, 180845, 0).
"
15798084,Murray,FRA,Male,26.0,0,0.0,2,No,No,105784.85,0,"new row for relation ""bank_churn"" violates check constraint ""valid_countries""
DETAIL:  Failing row contains (15798084, Murray, FRA, Male, 26, 0, 0, 2, f, f, 105785, 0).
"
15673020,Smith,FRA,Female,49.0,3,204510.94,1,Yes,Yes,738.88,1,"new row for relation ""bank_churn"" violates check constraint ""valid_countries""
DETAIL:  Failing row contains (15673020, Smith, FRA, Female, 49, 3, 204511, 1, t, t, 739, 1).
"
15596811,Mitchell,French,Male,36.0,8,139753.35,1,No,No,79871.16,0,"new row for relation ""bank_churn"" violates check constraint ""valid_countries""
DETAIL:  Failing row contains (15596811, Mitchell, French, Male, 36, 8, 139753, 1, f, f, 79871, 0).
"
15786789,Ni,French,Female,29.0,6,0.0,2,Yes,Yes,190776.83,0,"new row for relation ""bank_churn"" violates check constraint ""valid_countries""
DETAIL:  Failing row contains (15786789, Ni, French, Female, 29, 6, 0, 2, t, t, 190777, 0).
"
15605672,Yuan,FRA,Female,38.0,5,195926.39,1,Yes,Yes,85522.84,0,"new row for relation ""bank_churn"" violates check constraint ""valid_countries""
DETAIL:  Failing row contains (15605672, Yuan, FRA, Female, 38, 5, 195926, 1, t, t, 85523, 0).
"
15603674,Knight,French,Male,36.0,1,0.0,2,Yes,Yes,149370.93,0,"new row for relation ""bank_churn"" violates check constraint ""valid_countries""
DETAIL:  Failing row contains (15603674, Knight, French, Male, 36, 1, 0, 2, t, t, 149371, 0).
"
15686219,Wan,French,Male,38.0,4,71018.6,2,No,No,2444.29,0,"new row for relation ""bank_churn"" violates check constraint ""valid_countries""
DETAIL:  Failing row contains (15686219, Wan, French, Male, 38, 4, 71019, 2, f, f, 2444, 0).
"
15765375,Butusov,FRA,Female,46.0,8,0.0,1,No,No,162668.33,0,"new row for relation ""bank_churn"" violates check constraint ""valid_countries""
DETAIL:  Failing row contains (15765375, Butusov, FRA, Female, 46, 8, 0, 1, f, f, 162668, 0).
"
15653037,Parks,FRA,Male,77.0,1,0.0,1,Yes,Yes,18708.76,0,"new row for relation ""bank_churn"" violates check constraint ""valid_countries""
DETAIL:  Failing row contains (15653037, Parks, FRA, Male, 77, 1, 0, 1, t, t, 18709, 0).
"
15791972,Bergamaschi,French,Female,20.0,7,0.0,2,No,No,10792.42,0,"new row for relation ""bank_churn"" violates check constraint ""valid_countries""
DETAIL:  Failing row contains (15791972, Bergamaschi, French, Female, 20, 7, 0, 2, f, f, 10792, 0).
"
15674000,Cattaneo,French,Male,44.0,10,0.0,2,Yes,Yes,166707.22,0,"new row for relation ""bank_churn"" violates check constraint ""valid_countries""
DETAIL:  Failing row contains (15674000, Cattaneo, French, Male, 44, 10, 0, 2, t, t, 166707, 0).
"
15618171,James,French,Female,33.0,9,0.0,2,Yes,Yes,107221.03,0,"new row for relation ""bank_churn"" violates check constraint ""valid_countries""
DETAIL:  Failing row contains (15618171, James, French, Female, 33, 9, 0, 2, t, t, 107221, 0).
"
15732202,Abramovich,French,Male,34.0,1,83503.11,2,Yes,Yes,73124.53,1,"new row for relation ""bank_churn"" violates check constraint ""valid_countries""
DETAIL:  Failing row contains (15732202, Abramovich, French, Male, 34, 1, 83503, 2, t, t, 73125, 1).
"
15798615,Wan,FRA,Female,47.0,9,137301.87,1,No,No,44351.77,0,"new row for relation ""bank_churn"" violates check constraint ""valid_countries""
DETAIL:  Failing row contains (15798615, Wan, FRA, Female, 47, 9, 137302, 1, f, f, 44352, 0).
"
15657771,Ts'ui,FRA,Male,37.0,6,0.0,1,Yes,Yes,17802.42,0,"new row for relation ""bank_churn"" violates check constraint ""valid_countries""
DETAIL:  Failing row contains (15657771, Ts'ui, FRA, Male, 37, 6, 0, 1, t, t, 17802, 0).
"
15642785,Douglas,French,Male,34.0,5,117593.48,2,No,No,113308.29,0,"new row for relation ""bank_churn"" violates check constraint ""valid_countries""
DETAIL:  Failing row contains (15642785, Douglas, French, Male, 34, 5, 117593, 2, f, f, 113308, 0).
"
15603794,Pugliesi,French,Male,48.0,5,118469.38,1,Yes,Yes,158590.25,0,"new row for relation ""bank_churn"" violates check constraint ""valid_countries""
DETAIL:  Failing row contains (15603794, Pugliesi, French, Male, 48, 5, 118469, 1, t, t, 158590, 0).
"
15806360,Hou,FRA,Male,41.0,6,0.0,1,Yes,Yes,112585.19,0,"new row for relation ""bank_churn"" violates check constraint ""valid_countries""
DETAIL:  Failing row contains (15806360, Hou, FRA, Male, 41, 6, 0, 1, t, t, 112585, 0).
"
15587133,Thompson,FRA,Male,42.0,7,151027.05,2,No,No,119377.36,0,"new row for relation ""bank_churn"" violates check constraint ""valid_countries""
DETAIL:  Failing row contains (15587133, Thompson, FRA, Male, 42, 7, 151027, 2, f, f, 119377, 0).
"
15721377,Chou,FRA,Female,34.0,3,144751.81,1,No,No,166472.81,0,"new row for relation ""bank_churn"" violates check constraint ""valid_countries""
DETAIL:  Failing row contains (15721377, Chou, FRA, Female, 34, 3, 144752, 1, f, f, 166473, 0).
"
15747927,Ch'in,FRA,Male,26.0,4,155739.76,1,No,No,171552.02,0,"new row for relation ""bank_churn"" violates check constraint ""valid_countries""
DETAIL:  Failing row contains (15747927, Ch'in, FRA, Male, 26, 4, 155740, 1, f, f, 171552, 0).
"
15806455,Miller,FRA,Male,27.0,7,0.0,2,Yes,Yes,157474.1,0,"new row for relation ""bank_churn"" violates check constraint ""valid_countries""
DETAIL:  Failing row contains (15806455, Miller, FRA, Male, 27, 7, 0, 2, t, t, 157474, 0).
"
15695474,Barker,FRA,Male,33.0,7,122531.86,1,No,No,13549.24,0,"new row for relation ""bank_churn"" violates check constraint ""valid_countries""
DETAIL:  Failing row contains (15695474, Barker, FRA, Male, 33, 7, 122532, 1, f, f, 13549, 0).
"
15579969,Mancini,FRA,Female,32.0,9,0.0,2,Yes,Yes,24991.92,0,"new row for relation ""bank_churn"" violates check constraint ""valid_countries""
DETAIL:  Failing row contains (15579969, Mancini, FRA, Female, 32, 9, 0, 2, t, t, 24992, 0).
"
15703563,P'eng,French,Male,40.0,9,93017.47,2,No,No,191608.97,0,"new row for relation ""bank_churn"" violates check constraint ""valid_countries""
DETAIL:  Failing row contains (15703563, P'eng, French, Male, 40, 9, 93017, 2, f, f, 191609, 0).
"
15656710,Cocci,FRA,Male,40.0,4,0.0,1,No,No,151325.24,0,"new row for relation ""bank_churn"" violates check constraint ""valid_countries""
DETAIL:  Failing row contains (15656710, Cocci, FRA, Male, 40, 4, 0, 1, f, f, 151325, 0).
"
15586914,Nepean,French,Male,36.0,6,123841.49,2,No,No,96833.0,0,"new row for relation ""bank_churn"" violates check constraint ""valid_countries""
DETAIL:  Failing row contains (15586914, Nepean, French, Male, 36, 6, 123841, 2, f, f, 96833, 0).
"
15569266,Rahman,FRA,Male,28.0,7,155060.41,1,No,No,29179.52,0,"new row for relation ""bank_churn"" violates check constraint ""valid_countries""
DETAIL:  Failing row contains (15569266, Rahman, FRA, Male, 28, 7, 155060, 1, f, f, 29180, 0).
"
15569892,Johnstone,French,Male,35.0,10,57369.61,1,Yes,Yes,101699.77,0,"new row for relation ""bank_churn"" violates check constraint ""valid_countries""
DETAIL:  Failing row contains (15569892, Johnstone, French, Male, 35, 10, 57370, 1, t, t, 101700, 0).
"
15584532,Liu,FRA,Female,36.0,7,0.0,1,Yes,Yes,42085.58,1,"new row for relation ""bank_churn"" violates check constraint ""valid_countries""
DETAIL:  Failing row contains (15584532, Liu, FRA, Female, 36, 7, 0, 1, t, t, 42086, 1).
"
15628319,Walker,French,Female,28.0,4,130142.79,1,No,No,38190.78,0,"new row for relation ""bank_churn"" violates check constraint ""valid_countries""
DETAIL:  Failing row contains (15628319, Walker, French, Female, 28, 4, 130143, 1, f, f, 38191, 0).
"
