CustomerId,Surname,Geography,Gender,Age,Tenure,Balance,NumOfProducts,HasCrCard,IsActiveMember,EstimatedSalary,Exited
15634602,Hargrave,FRA,Female,42.0,2,0.0,1,Yes,Yes,101348.88,1
15647311,Hill,Spain,Female,41.0,1,83807.86,1,Yes,Yes,112542.58,0
15619304,Onio,French,Female,42.0,8,159660.8,3,No,No,113931.57,1
15701354,Boni,FRA,Female,39.0,1,0.0,2,No,No,93826.63,0
15737888,Mitchell,Spain,Female,43.0,2,125510.82,1,Yes,Yes,79084.1,0
15574012,Chu,Spain,Male,44.0,8,113755.78,2,No,No,149756.71,1
15592531,Bartlett,France,Male,50.0,7,0.0,2,Yes,Yes,10062.8,0
15656148,Obinna,Germany,Female,29.0,4,115046.74,4,No,No,119346.88,1
15792365,He,French,Male,44.0,4,142051.07,2,Yes,Yes,74940.5,0
15592389,H?,France,Male,27.0,2,134603.88,1,Yes,Yes,71725.73,0
15767821,Bearce,French,Male,31.0,6,102016.72,2,No,No,80181.12,0
15737173,Andrews,Spain,Male,24.0,3,0.0,2,No,No,76390.01,0
15632264,Kay,FRA,Female,34.0,10,0.0,2,No,No,26260.98,0
15691483,Chin,France,Female,25.0,5,0.0,2,No,No,190857.79,0
15600882,Scott,Spain,Female,35.0,7,0.0,2,Yes,Yes,65951.65,0
15643966,Goforth,Germany,Male,45.0,3,143129.41,2,Yes,Yes,64327.26,0
15737452,Romeo,Germany,Male,58.0,1,132602.88,1,No,No,5097.67,1
15788218,Henderson,Spain,Female,24.0,9,0.0,2,Yes,Yes,14406.41,0
15661507,Muldrow,Spain,Male,45.0,6,0.0,1,No,No,158684.81,0
15568982,Hao,French,Female,24.0,6,0.0,2,Yes,Yes,54724.03,0
15577657,McDonald,French,Male,41.0,8,0.0,2,Yes,Yes,170886.17,0
15597945,Dellucci,Spain,Female,32.0,8,0.0,2,No,No,138555.46,0
15699309,Gerasimov,Spain,Female,38.0,4,0.0,1,No,No,118913.53,1
15725737,Mosman,France,Male,46.0,3,0.0,2,Yes,Yes,8487.75,0
15625047,Yen,FRA,Female,38.0,5,0.0,1,Yes,Yes,187616.16,0
15738191,Maclean,France,Male,25.0,3,0.0,2,Yes,Yes,124508.29,0
15736816,Young,Germany,Male,36.0,2,136815.64,1,Yes,Yes,170041.95,0
15700772,Nebechi,FRA,Male,44.0,9,0.0,2,No,No,38433.35,0
15728693,,Germany,Female,,3,141349.43,1,Yes,Yes,-999999.0,0
15656300,Lucciano,French,Male,29.0,0,59697.17,2,Yes,Yes,53483.21,0
15589475,Azikiwe,Spain,Female,39.0,3,0.0,3,No,No,140469.38,1
15706552,Odinakachukwu,France,Male,36.0,7,85311.7,1,Yes,Yes,156731.91,0
15750181,Sanderson,Germany,Male,41.0,9,110112.54,2,No,No,81898.81,0
15659428,Maggard,Spain,Female,42.0,6,0.0,2,Yes,Yes,34410.55,0
15732963,Clements,Spain,Female,29.0,9,0.0,2,Yes,Yes,142033.07,0
15794171,Lombardo,France,Female,45.0,0,134264.04,1,No,No,27822.99,1
15788448,Watson,Spain,Male,31.0,3,145260.23,1,Yes,Yes,114066.77,0
15729599,Lorenzo,Spain,Male,33.0,7,76548.6,1,Yes,Yes,98453.45,0
15717426,Armstrong,French,Male,36.0,7,0.0,1,Yes,Yes,40812.9,0
15585768,Cameron,Germany,Male,41.0,6,70349.48,2,Yes,Yes,178074.04,0
15619360,Hsiao,Spain,Male,40.0,4,0.0,1,No,No,70154.22,0
15738148,Clarke,FRA,Female,51.0,8,122522.32,1,No,No,181297.65,1
15687946,Osborne,FRA,Female,61.0,2,117419.35,1,Yes,Yes,94153.83,0
15755196,Lavine,FRA,Female,49.0,2,131394.56,1,No,No,194365.76,1
15684171,Bianchi,Spain,Female,61.0,5,155931.11,1,Yes,Yes,158338.39,0
15754849,Tyler,Germany,Female,32.0,4,109421.13,2,Yes,Yes,126517.46,0
15602280,Martin,Germany,Female,27.0,9,112045.67,1,Yes,Yes,119708.21,1
15771573,Okagbue,Germany,Female,39.0,9,137843.8,1,Yes,Yes,117622.8,1
15766205,Yin,Germany,Male,38.0,2,103391.38,1,Yes,Yes,90878.13,0
15771873,Buccho,Germany,Female,37.0,2,103769.22,2,No,No,194099.12,0
15616550,Chidiebele,Germany,Male,44.0,10,116363.37,2,No,No,198059.16,0
15768193,Trevisani,Germany,Male,36.0,5,146050.97,2,No,No,86424.57,0
15683553,O'Brien,FRA,Female,33.0,5,0.0,2,No,No,116978.19,0
15702298,Parkhill,Germany,Male,41.0,8,125561.97,1,No,No,164040.94,1
15569590,Yoo,Germany,Male,42.0,1,98495.72,1,No,No,40014.76,1
15760861,Phillipps,French,Male,43.0,1,125211.92,1,Yes,Yes,113410.49,0
15630053,Tsao,France,Male,45.0,5,127864.4,1,No,No,87107.57,0
15647091,Endrizzi,Germany,Male,19.0,0,75888.2,1,No,No,45613.75,0
15623944,T'ien,Spain,Female,66.0,4,0.0,1,No,No,1643.11,1
15804771,Velazquez,FRA,Male,51.0,4,40685.92,1,Yes,Yes,46775.28,0
15651280,Hunter,Germany,Male,35.0,5,136857.0,1,No,No,84509.57,0
15773469,Clark,Germany,Female,27.0,9,152328.88,2,No,No,126494.82,0
15702014,Jeffrey,Spain,Male,33.0,1,56084.69,2,No,No,178798.13,0
15751208,Pirozzi,Spain,Male,56.0,8,78707.16,1,Yes,Yes,99398.36,0
15592461,Jackson,Germany,Male,26.0,4,109166.37,1,Yes,Yes,92840.67,0
15789484,Hammond,Germany,Female,36.0,6,169831.46,2,Yes,Yes,27758.36,0
15696061,Brownless,Germany,Female,34.0,1,101633.04,1,No,No,110431.51,0
15641582,Chibugo,Germany,Male,43.0,10,123180.01,2,Yes,Yes,196673.28,0
15638424,Glauert,Germany,Female,35.0,5,150725.53,2,Yes,Yes,113656.85,0
15755648,Pisano,FRA,Female,21.0,8,98373.26,1,No,No,18203.0,0
15703793,Konovalova,Germany,Male,58.0,2,133745.44,4,No,No,28373.86,1
15620344,McKee,France,Male,29.0,6,0.0,1,No,No,33953.87,0
15812518,Palermo,Spain,Female,37.0,0,163607.18,1,Yes,Yes,44203.55,0
15779052,Ballard,Germany,Female,25.0,5,157780.84,2,Yes,Yes,58426.81,0
15770811,Wallace,FRA,Male,36.0,9,0.0,2,Yes,Yes,145562.4,0
15780961,Cavenagh,France,Female,21.0,1,178718.19,2,No,No,22388.0,0
15614049,Hu,FRA,Male,55.0,8,0.0,2,Yes,Yes,139161.64,0
15662085,Read,FRA,Female,32.0,9,0.0,1,Yes,Yes,148210.64,0
15575185,Bushell,Spain,Male,33.0,5,77253.22,1,Yes,Yes,194239.63,0
15803136,Postle,Germany,Female,41.0,10,122189.66,2,No,No,98301.61,0
15706021,Buley,France,Female,34.0,1,96645.54,2,No,No,171413.66,0
15663706,Leonard,France,Female,32.0,2,0.0,1,No,No,136458.19,1
15641732,Mills,France,Female,36.0,3,0.0,2,No,No,26019.59,0
15701164,Onyeorulu,FRA,Female,34.0,4,90307.62,1,Yes,Yes,159235.29,0
15738751,Beit,France,Female,46.0,4,0.0,2,No,No,1907.66,0
15805254,Ndukaku,Spain,Female,75.0,10,0.0,2,Yes,Yes,114675.75,0
15762418,Gant,Spain,Male,22.0,3,121681.82,1,No,No,128643.35,1
15625759,Rowley,France,Male,30.0,9,0.0,2,No,No,151869.35,0
15622897,Sharpe,French,Female,46.0,4,0.0,3,No,No,93251.42,1
15767954,Osborne,Germany,Female,28.0,3,81623.67,2,Yes,Yes,156791.36,0
15757535,Heap,Spain,Female,44.0,5,0.0,3,Yes,Yes,174205.22,1
15731511,Ritchie,France,Male,45.0,7,118626.55,2,No,No,147132.46,0
15809248,Cole,FRA,Female,36.0,10,0.0,2,No,No,109614.57,0
15640635,Capon,FRA,Male,29.0,8,0.0,2,Yes,Yes,172290.61,0
15676966,Capon,Spain,Male,42.0,4,0.0,2,Yes,Yes,85982.47,0
15699461,Fiorentini,Spain,Male,35.0,10,176273.95,1,Yes,Yes,121277.78,0
15738721,Graham,Spain,Male,41.0,9,102827.44,1,Yes,Yes,64595.25,0
15693683,Yuille,Germany,Male,29.0,8,97086.4,2,Yes,Yes,197276.13,0
15604348,Allard,Spain,Male,22.0,8,0.0,2,No,No,99645.04,0
15633059,Fanucci,France,Male,34.0,9,0.0,2,No,No,6534.18,0
15808582,Fu,FRA,Female,40.0,6,0.0,1,Yes,Yes,161848.03,0
15743192,Hung,French,Female,44.0,6,0.0,2,No,No,167162.43,0
15580146,Hung,France,Male,31.0,9,82674.15,1,No,No,41970.72,0
15776605,Bradley,Spain,Male,36.0,7,0.0,2,No,No,60536.56,0
15804919,Dunbabin,Spain,Female,65.0,1,0.0,1,Yes,Yes,177655.68,1
15613854,Mauldon,Spain,Female,46.0,4,107073.27,2,Yes,Yes,30984.59,1
15599195,Stiger,Germany,Male,32.0,1,88938.62,1,Yes,Yes,10054.53,0
15812878,Parsons,Germany,Female,36.0,2,99806.85,1,Yes,Yes,36976.52,0
15602312,Walkom,Spain,Male,33.0,5,150092.8,1,No,No,71862.79,0
15744689,T'ang,Germany,Male,35.0,9,92833.89,1,No,No,99449.86,1
15803526,Eremenko,Germany,Male,30.0,3,90536.81,1,Yes,Yes,63082.88,0
15665790,Rowntree,Germany,Male,39.0,7,108055.1,2,No,No,27231.26,0
15715951,Thorpe,France,Male,42.0,2,100238.35,1,No,No,86797.41,0
15591100,Chiemela,Spain,Male,36.0,9,106190.55,1,Yes,Yes,22994.32,0
15609618,Fanucci,Germany,Male,28.0,9,154475.54,2,Yes,Yes,101300.94,1
15675522,Ko,Germany,Female,30.0,9,132351.29,2,Yes,Yes,74169.13,0
15705512,Welch,Germany,Female,37.0,6,167864.4,1,No,No,115638.29,0
15698028,Duncan,France,Female,41.0,1,0.0,2,No,No,31766.3,0
15661670,Chidozie,Germany,Female,31.0,8,107818.63,1,No,No,199725.39,1
15600781,Wu,Germany,Male,34.0,4,185173.81,2,No,No,120834.48,0
15682472,Culbreth,French,Male,34.0,8,129433.34,2,No,No,38131.77,0
15580203,,Spain,Male,,6,120193.42,1,No,No,-999999.0,0
15690673,Cameron,French,Female,39.0,6,0.0,2,No,No,141069.88,0
15760085,Calabresi,Germany,Female,48.0,10,126384.42,1,Yes,Yes,198129.36,0
15779659,Zetticci,FRA,Female,28.0,3,0.0,1,No,No,183646.41,0
15627360,Fuller,France,Male,42.0,9,152603.45,1,No,No,110265.24,1
15671137,MacDonald,France,Female,52.0,1,0.0,1,Yes,Yes,8636.05,1
15782688,Piccio,Germany,Male,56.0,0,148507.24,1,No,No,46824.08,1
15575492,Kennedy,FRA,Female,41.0,7,0.0,2,No,No,171378.77,0
15591607,Fernie,FRA,Male,24.0,9,101827.07,1,No,No,167256.35,0
15740404,He,FRA,Female,34.0,3,0.0,2,Yes,Yes,124226.16,0
15718369,Kaodilinakachukwu,Germany,Female,33.0,9,130862.43,1,Yes,Yes,114935.21,0
15677871,Cocci,France,Male,38.0,9,122570.87,1,Yes,Yes,35608.88,0
15642004,Alekseeva,French,Male,25.0,1,0.0,2,Yes,Yes,16459.37,0
15712543,Chinweike,Germany,Male,39.0,7,124828.46,2,Yes,Yes,124411.08,0
15584518,Arthur,Germany,Female,50.0,5,144895.05,2,Yes,Yes,34941.23,0
15802381,Li,Germany,Female,34.0,5,63663.93,1,Yes,Yes,167784.28,0
15610156,Ma,FRA,Male,40.0,2,133463.1,1,Yes,Yes,93165.34,0
15594408,Chia,Spain,Female,48.0,2,213146.2,1,No,No,75161.25,1
15640905,Vasin,Spain,Female,35.0,1,129490.36,2,Yes,Yes,8590.83,1
15698932,Groves,Germany,Male,44.0,10,137452.09,1,No,No,189543.9,0
15724944,Tien,France,Male,34.0,7,0.0,2,Yes,Yes,180427.24,0
15628145,Forwood,FRA,Female,43.0,5,125851.93,1,Yes,Yes,193318.33,0
15713483,Greeves,Spain,Male,52.0,2,0.0,1,No,No,159123.82,1
15612350,Taylor,FRA,Female,31.0,5,40915.55,1,No,No,126213.84,1
15800703,Madukwe,Spain,Female,21.0,5,113157.22,1,Yes,Yes,54141.5,0
15705707,Bennelong,Spain,Female,29.0,8,138296.94,2,No,No,141075.51,0
15754105,Olisanugo,French,Male,37.0,5,106967.18,1,No,No,24495.03,0
15703264,Chukwufumnanya,France,Male,44.0,9,120681.63,1,No,No,74836.34,0
15794413,Harris,France,Male,32.0,0,0.0,2,Yes,Yes,878.87,0
15650237,Morgan,Spain,Female,32.0,7,0.0,2,No,No,89520.75,0
15759618,Alexeeva,French,Female,48.0,9,0.0,1,No,No,149892.79,1
15811589,Metcalfe,Spain,Male,42.0,8,0.0,2,No,No,180800.42,0
15689044,Humphries,France,Male,37.0,2,127609.59,1,No,No,98646.22,0
15709368,Milne,French,Female,43.0,6,0.0,2,Yes,Yes,109041.53,0
15679145,Chou,Spain,Male,57.0,7,0.0,1,No,No,17941.16,1
15655007,Li,French,Female,33.0,7,0.0,2,No,No,82996.47,0
15623595,Clayton,Spain,Female,28.0,2,0.0,2,Yes,Yes,92067.35,0
15589975,Maclean,French,Female,73.0,6,97259.25,1,Yes,Yes,104719.66,0
15804017,Chigolum,Germany,Female,33.0,4,123246.7,1,No,No,112687.57,0
15692132,Wilkinson,Spain,Female,22.0,6,101060.25,1,Yes,Yes,84699.56,0
15641122,Wei,French,Male,30.0,2,0.0,2,No,No,83473.82,0
15630910,Treacy,FRA,Female,49.0,7,108007.36,1,No,No,47125.11,0
15680772,Hu,Spain,Female,36.0,2,0.0,2,Yes,Yes,106977.8,0
15658929,Taverner,Spain,Male,29.0,0,133702.89,1,No,No,55582.54,1
15585388,Sherman,Germany,Male,31.0,9,125189.75,2,Yes,Yes,139874.43,0
15724623,Taubman,Germany,Female,24.0,7,113034.22,1,No,No,162503.48,1
15588537,Robinson,Spain,Female,41.0,9,109013.23,1,No,No,196499.96,0
15574692,Pinto,Spain,Female,39.0,2,0.0,2,No,No,40721.24,1
15611325,Wood,Germany,Male,24.0,9,57929.81,2,No,No,53134.3,0
15587562,Hawkins,French,Female,29.0,4,130114.39,1,No,No,164017.89,0
15613172,Sun,Germany,Male,27.0,5,95826.49,2,No,No,155996.96,0
15651022,Yost,Germany,Male,44.0,10,129608.57,1,No,No,5472.7,1
15586310,Ting,French,Male,30.0,4,169462.09,1,No,No,112187.11,0
15625524,Rowe,France,Male,40.0,5,0.0,2,Yes,Yes,146457.83,0
15755209,Fu,Spain,Female,35.0,7,133868.21,1,Yes,Yes,27286.1,0
15645248,Ho,French,Female,30.0,0,0.0,2,Yes,Yes,130553.47,0
15790355,Okechukwu,Germany,Male,36.0,5,190479.48,2,No,No,179351.89,0
15762615,Campbell,Spain,Female,40.0,8,101993.12,1,Yes,Yes,94774.12,0
15625426,Ashbolt,Germany,Female,55.0,3,161608.81,1,No,No,8080.85,1
15716334,Rozier,Spain,Female,45.0,2,122311.21,1,Yes,Yes,19482.5,0
15789669,Hsia,FRA,Male,65.0,2,0.0,2,Yes,Yes,48071.61,0
15621075,Ogbonnaya,Germany,Female,45.0,1,162150.42,2,No,No,174531.27,0
15810845,T'ang,FRA,Male,42.0,2,0.0,2,Yes,Yes,55470.78,0
15719377,Cocci,French,Female,50.0,4,0.0,1,Yes,Yes,8546.87,1
15654506,Chang,France,Male,32.0,8,0.0,2,No,No,95857.18,0
15771977,T'ao,FRA,Female,39.0,1,99010.67,1,No,No,194945.8,0
15708710,Ford,Spain,Female,37.0,0,0.0,1,Yes,Yes,131521.72,0
15726676,Marshall,Spain,Male,30.0,5,0.0,2,Yes,Yes,196108.51,0
15587421,Tsai,Germany,Female,34.0,7,111388.18,2,No,No,148564.76,0
15726931,Onwumelu,FRA,Female,41.0,8,56214.85,2,No,No,92982.61,1
15771086,Graham,French,Female,36.0,3,84327.77,2,No,No,17675.36,0
15756850,Golovanov,French,Male,40.0,1,0.0,2,No,No,114996.43,0
15702741,Potts,French,Male,32.0,8,93012.89,1,No,No,86957.42,0
15679200,Crawford,Spain,Male,29.0,9,61710.44,2,No,No,128077.8,0
15594815,Aleshire,France,Male,35.0,3,174790.15,1,Yes,Yes,600.36,0
15635905,Moran,Spain,Female,32.0,6,0.0,2,Yes,Yes,43001.46,0
15777892,Samsonova,Germany,Male,37.0,3,107720.64,1,Yes,Yes,158591.12,0
15656176,Jenkins,France,Male,57.0,10,0.0,2,Yes,Yes,47847.19,0
15811127,Volkov,FRA,Male,35.0,6,96423.84,1,No,No,10488.44,0
15604482,Chiemezie,Spain,Male,30.0,2,141040.01,1,Yes,Yes,5978.2,0
15622911,Jude,FRA,Male,42.0,4,105420.18,1,Yes,Yes,121409.06,0
15600974,He,Spain,Male,50.0,5,0.0,1,Yes,Yes,146145.93,1
15727868,Onuora,France,Female,38.0,2,129022.06,2,Yes,Yes,14374.86,1
15627801,Ginikanwa,Spain,Male,33.0,3,176666.62,1,No,No,94670.77,0
15773039,Ku,France,Male,37.0,3,0.0,1,Yes,Yes,179670.31,0
15755262,McDonald,Spain,Female,41.0,3,89763.84,1,No,No,199304.74,1
15679531,Collins,France,Male,34.0,5,134954.53,1,Yes,Yes,151954.39,0
15684181,Hackett,French,Male,45.0,5,0.0,1,No,No,142513.5,1
15612087,Dike,France,Male,45.0,2,106376.85,1,Yes,Yes,158264.62,0
15752047,Trevisano,Germany,Male,33.0,2,161814.64,2,No,No,169381.9,0
15624592,Tan,French,Male,31.0,8,0.0,2,Yes,Yes,169915.02,0
15573152,Glassman,French,Female,41.0,9,0.0,2,No,No,88852.47,0
15594917,Miller,French,Female,34.0,1,63095.01,1,Yes,Yes,40645.81,0
15785542,Kornilova,Germany,Male,26.0,4,118287.01,2,No,No,60427.3,0
15723488,Watson,Germany,Male,47.0,7,106854.21,1,Yes,Yes,157959.02,1
15680920,Marchesi,French,Male,46.0,7,49512.55,1,No,No,133007.34,0
15786308,Millar,Spain,Female,33.0,9,0.0,2,No,No,176576.62,0
15659366,Shih,FRA,Male,43.0,1,105799.32,2,No,No,34888.04,1
15774854,Fuller,FRA,Male,54.0,8,0.0,1,Yes,Yes,28737.71,1
15725311,Hay,France,Female,31.0,9,114722.05,2,Yes,Yes,98178.57,0
15787155,Yang,Spain,Male,30.0,7,0.0,1,Yes,Yes,125010.24,0
15727829,McIntyre,FRA,Male,42.0,2,0.0,2,Yes,Yes,167984.61,0
15733247,Stevenson,France,Male,33.0,10,0.0,1,No,No,4861.72,1
15568748,Poole,Germany,Male,45.0,6,99564.22,1,Yes,Yes,108872.45,1
15699029,Bagley,FRA,Male,37.0,4,170557.91,2,No,No,198252.88,0
15774393,Ch'ien,French,Female,30.0,9,0.0,2,Yes,Yes,26960.31,0
15676895,Cattaneo,Germany,Female,39.0,6,74596.15,3,Yes,Yes,85746.52,1
15637753,O'Sullivan,Germany,Male,50.0,2,96888.39,1,No,No,77206.25,1
15605461,Lucas,Germany,Female,29.0,3,130830.22,1,No,No,61048.53,0
15808473,Ringrose,France,Male,72.0,1,0.0,2,Yes,Yes,111981.19,0
15627000,Freeman,FRA,Male,40.0,0,0.0,2,No,No,62232.6,0
15787174,Sergeyev,French,Female,37.0,1,0.0,2,Yes,Yes,156105.03,0
15723886,Fiore,Germany,Male,20.0,3,119714.25,2,Yes,Yes,150135.38,0
15704769,Smith,French,Female,67.0,5,113978.97,2,Yes,Yes,93146.11,0
15772896,Dumetochukwu,Germany,Male,42.0,6,100160.75,1,No,No,33462.94,1
15711540,Pacheco,France,Female,29.0,2,0.0,1,Yes,Yes,144375.0,0
15764866,Synnot,Germany,Female,43.0,3,116220.5,3,No,No,55803.96,1
15794056,Johnston,France,Female,46.0,2,0.0,3,No,No,89048.46,1
15795149,Stevens,FRA,Male,28.0,2,81173.83,2,Yes,Yes,162812.16,0
15812009,Grant,Spain,Male,38.0,4,0.0,2,No,No,136259.65,0
15651001,Tsao,Germany,Female,39.0,5,116803.8,1,No,No,124052.97,0
15813844,Barnes,FRA,Male,37.0,8,105961.68,2,Yes,Yes,74158.8,0
15596175,McIntosh,Germany,Male,67.0,6,117411.6,1,Yes,Yes,45071.09,1
15576269,Madison,Spain,Male,34.0,7,0.0,2,No,No,62030.06,0
15797219,Ifesinachi,France,Female,40.0,10,123497.58,1,No,No,131953.23,1
15685500,Glazkov,Germany,Male,26.0,7,152400.51,2,No,No,79414.0,0
15599792,Dimauro,FRA,Female,26.0,1,0.0,2,Yes,Yes,199638.56,0
15657566,Wieck,Germany,Male,24.0,8,103097.85,1,Yes,Yes,157577.29,0
15772423,Liao,Germany,Male,54.0,8,126418.14,1,No,No,134420.75,1
15628112,Hughes,Germany,Female,36.0,5,77846.9,1,No,No,99805.99,0
15753754,Morrison,Spain,Female,34.0,1,0.0,2,Yes,Yes,97932.68,0
15793726,Matveyeva,France,Female,79.0,0,0.0,2,Yes,Yes,170968.99,0
15694717,Ku,Germany,Male,37.0,2,79731.91,1,Yes,Yes,57558.95,0
15665834,Cheatham,Spain,Male,28.0,8,0.0,1,No,No,176713.47,0
15765297,Yao,Spain,Male,41.0,0,0.0,2,Yes,Yes,34283.23,0
15636684,Kirkland,FRA,Male,34.0,10,0.0,2,Yes,Yes,198637.34,0
15592979,Rose,Germany,Female,34.0,6,37266.67,2,No,No,156917.12,0
15750803,Jess,FRA,Female,30.0,6,127992.25,1,Yes,Yes,50457.2,0
15607178,Welch,Germany,Male,38.0,3,54901.01,1,Yes,Yes,140075.55,0
15713853,Ifeajuna,Germany,Male,42.0,9,108748.08,2,Yes,Yes,65323.11,0
15673481,Morton,Spain,Female,48.0,6,99906.19,1,No,No,64323.24,0
15686776,Rossi,FRA,Female,32.0,6,184686.41,2,No,No,14956.44,0
15673693,Reppert,France,Female,26.0,0,110654.02,1,Yes,Yes,111879.21,0
15700696,Kang,Spain,Male,31.0,9,79019.8,1,Yes,Yes,18606.23,0
15813163,Ch'iu,Spain,Female,36.0,9,99240.51,1,No,No,123137.01,0
15653857,Wallis,French,Male,34.0,2,0.0,2,Yes,Yes,148528.24,0
15777076,Clark,France,Male,36.0,7,0.0,2,No,No,13898.31,0
15717398,Fielding,Spain,Female,39.0,7,0.0,1,No,No,81259.25,1
15799217,Zetticci,Germany,Female,35.0,7,52436.2,1,No,No,161051.75,0
15787071,Dulhunty,Spain,Male,41.0,9,0.0,2,Yes,Yes,191599.67,0
15619955,Bevington,Germany,Male,34.0,3,100337.96,3,No,No,48559.19,1
15796505,Boyle,Germany,Female,34.0,1,149297.19,2,Yes,Yes,186339.74,0
15725166,Newton,French,Male,30.0,8,0.0,2,No,No,33159.37,0
15800116,Bowman,Germany,Male,28.0,4,145605.44,1,Yes,Yes,93883.53,0
15758685,Dubinina,Spain,Female,37.0,7,0.0,2,Yes,Yes,110899.3,0
15694456,Toscani,French,Male,62.0,3,0.0,1,Yes,Yes,11199.04,1
15767339,Chiazagomekpere,French,Female,53.0,10,0.0,2,No,No,189992.97,0
15683562,Allen,French,Male,35.0,6,84026.86,1,Yes,Yes,164255.69,0
15782210,K'ung,French,Male,46.0,1,0.0,1,No,No,152167.79,1
15668893,Wilsmore,France,Male,39.0,8,0.0,2,Yes,Yes,33949.67,0
15669169,Hargreaves,Spain,Male,29.0,10,0.0,2,Yes,Yes,68143.93,0
15643024,Huang,Germany,Male,35.0,4,138718.92,1,Yes,Yes,47251.79,1
15699389,Ch'ien,French,Male,42.0,7,118274.71,1,Yes,Yes,25885.72,0
15708608,Wallwork,FRA,Female,22.0,8,174185.98,2,Yes,Yes,192633.85,0
15626144,Chu,French,Male,40.0,7,113208.86,2,No,No,34577.36,0
15573112,Kang,Spain,Male,29.0,5,103907.28,1,No,No,161229.84,0
15790678,Davidson,FRA,Female,32.0,8,119023.28,1,No,No,100816.29,0
15727556,O'Donnell,Spain,Female,26.0,5,166297.89,1,Yes,Yes,181694.44,0
15697307,Nnachetam,Spain,Male,34.0,10,0.0,2,No,No,79078.91,0
15652266,Chidiebele,Germany,Male,42.0,9,63227.0,1,Yes,Yes,137316.32,0
15607098,Ahmed,Spain,Female,41.0,5,94521.17,2,No,No,194926.86,0
15655774,Booth,French,Male,27.0,7,0.0,2,No,No,51285.49,0
15590241,Chuang,Spain,Female,34.0,9,112822.26,1,No,No,150401.53,1
15785819,Shao,FRA,Male,38.0,3,0.0,2,Yes,Yes,112491.96,0
15723654,Tsao,French,Male,25.0,2,135903.33,1,No,No,73656.38,0
15774510,Tien,FRA,Female,31.0,4,125169.26,1,Yes,Yes,106636.89,0
15684173,Chang,Spain,Female,44.0,7,0.0,3,No,No,155853.52,1
15650068,Johnson,French,Male,58.0,0,149117.31,1,Yes,Yes,162599.51,0
15811490,French,France,Male,33.0,5,0.0,2,Yes,Yes,103737.82,0
15803976,Efremov,FRA,Female,31.0,10,0.0,2,No,No,160990.27,0
15682541,Hartley,Spain,Female,36.0,6,132311.71,1,No,No,15462.84,0
15695699,Calabrese,FRA,Male,35.0,8,0.0,2,No,No,10334.05,0
15624188,Chiu,FRA,Female,33.0,6,0.0,2,Yes,Yes,190686.16,0
15812191,Brennan,French,Male,33.0,4,118082.89,1,No,No,94440.45,0
15636673,Onwuatuegwu,France,Male,31.0,1,119266.69,1,Yes,Yes,28257.63,0
15594898,Hewitt,French,Male,43.0,2,0.0,1,Yes,Yes,170034.95,1
15660211,Shih,Germany,Male,35.0,7,156847.29,2,No,No,31824.29,0
15773972,Balashov,FRA,Male,50.0,4,137104.47,1,No,No,127166.49,1
15746726,Doyle,Germany,Male,31.0,8,78398.69,1,No,No,44937.01,0
15712287,Pokrovskii,FRA,Female,80.0,4,0.0,2,Yes,Yes,188603.07,0
15702919,Collins,Germany,Male,30.0,6,63669.42,1,No,No,145111.37,0
15674398,Russo,French,Male,38.0,3,0.0,2,No,No,171463.83,0
15797960,Skinner,Germany,Female,59.0,0,135296.33,1,No,No,182822.5,0
15631868,Robertson,Spain,Male,36.0,2,153804.44,1,Yes,Yes,87213.33,0
15581539,Atkinson,Spain,Male,37.0,3,0.0,2,No,No,57175.32,0
15662736,Doyle,FRA,Male,49.0,2,147069.78,1,No,No,120540.83,1
15666252,Ritchie,Spain,Male,42.0,9,0.0,2,Yes,Yes,28714.34,0
15677512,McEncroe,Spain,Female,22.0,3,0.0,1,No,No,85426.28,0
15626114,Pearson,France,Male,24.0,4,95741.75,1,No,No,46170.75,0
15810834,Gordon,Spain,Female,57.0,2,145965.33,1,Yes,Yes,64448.36,0
15678910,Ts'ai,FRA,Female,30.0,8,141441.75,1,Yes,Yes,16278.97,0
15694408,Lung,France,Male,40.0,1,139290.41,1,No,No,182855.42,1
15585215,Yuan,France,Female,31.0,4,0.0,2,No,No,50404.72,0
15682757,Pardey,FRA,Male,30.0,3,0.0,2,No,No,107640.25,0
15736601,Tai,FRA,Male,35.0,4,144428.87,1,No,No,134132.65,0
15601848,Scott,FRA,Male,35.0,2,0.0,2,No,No,103480.69,0
15736008,Hunter,French,Female,46.0,9,95441.27,1,No,No,108761.05,1
15669064,Mazzanti,Germany,Male,35.0,1,144848.74,1,Yes,Yes,179012.3,0
15624528,L?,Germany,Male,26.0,7,116244.14,2,Yes,Yes,95145.14,0
15598493,Beach,FRA,Male,50.0,7,0.0,2,Yes,Yes,72143.44,0
15601274,Hsieh,Spain,Female,40.0,1,146502.07,1,No,No,19162.89,0
15702669,Faulkner,Germany,Male,44.0,2,117028.6,2,Yes,Yes,144680.18,0
15728669,Knowles,Germany,Female,30.0,8,112013.81,1,No,No,177772.03,1
15742668,Day,Spain,Female,37.0,6,108269.37,1,No,No,5597.94,0
15697441,Hsueh,French,Male,29.0,7,182123.79,1,No,No,116828.51,1
15740476,Tsao,Germany,Female,32.0,3,150923.74,2,Yes,Yes,174652.51,0
15648064,Kennedy,FRA,Male,33.0,2,0.0,2,No,No,2010.98,0
15636624,Nwabugwu,Spain,Female,39.0,5,165272.13,1,No,No,14109.85,1
15807923,Young,Germany,Female,39.0,10,115301.31,1,No,No,43527.4,1
15745844,Kerr,Germany,Female,40.0,6,129502.49,2,Yes,Yes,86099.23,1
15786170,Tien,FRA,Male,31.0,4,118342.26,1,No,No,161574.19,0
15681081,Marrero,Spain,Female,47.0,5,0.0,2,Yes,Yes,38970.14,0
15684484,White,French,Male,22.0,8,0.0,2,No,No,127587.22,0
15785869,Pisano,FRA,Female,25.0,7,0.0,2,No,No,30380.12,0
15763859,Brown,French,Female,43.0,7,0.0,2,No,No,90908.95,0
15658935,Freeman,Germany,Female,34.0,9,106937.05,2,No,No,138275.01,0
15747358,Russell,Germany,Male,59.0,3,170331.37,1,Yes,Yes,32171.79,0
15735203,Seleznyov,Germany,Female,32.0,1,114510.85,1,Yes,Yes,126143.23,0
15576256,Yusupova,French,Male,39.0,5,0.0,2,Yes,Yes,129892.93,0
15659420,Foley,Spain,Male,32.0,3,107594.11,2,Yes,Yes,102416.84,0
15593365,Shih,Spain,Male,39.0,2,81273.13,1,Yes,Yes,18719.67,0
15777352,Ikedinachukwu,Spain,Female,32.0,7,169399.6,1,No,No,61936.22,0
15812007,Power,Spain,Male,25.0,6,0.0,2,Yes,Yes,78358.94,0
15625461,Amos,French,Female,45.0,1,187841.99,2,Yes,Yes,147224.27,0
15739438,Reed,FRA,Male,30.0,0,0.0,2,No,No,160979.66,0
15611759,Simmons,Spain,Female,57.0,8,126776.3,2,Yes,Yes,132298.49,0
15661629,Ricci,Spain,Male,34.0,9,126436.29,1,No,No,174248.52,1
15633950,Yen,FRA,Male,41.0,1,101960.74,1,Yes,Yes,123547.28,0
15592386,Campbell,France,Male,58.0,3,0.0,2,Yes,Yes,32790.02,0
15803716,West,Spain,Male,28.0,3,0.0,2,Yes,Yes,181543.67,0
15696674,Robinson,Germany,Female,45.0,2,150842.93,1,Yes,Yes,2319.96,1
15706365,Bianchi,French,Female,50.0,9,102535.57,1,Yes,Yes,189543.19,0
15745088,Chen,Germany,Female,29.0,9,99027.61,2,No,No,10940.4,0
15676715,Madukaego,FRA,Male,68.0,9,0.0,2,Yes,Yes,199493.38,0
15613085,Ibrahimova,Spain,Female,33.0,3,0.0,1,Yes,Yes,188193.25,0
15633537,Nolan,Germany,Female,42.0,9,87271.41,2,No,No,172572.64,0
15594720,Scott,Germany,Female,35.0,8,102742.91,2,Yes,Yes,189339.6,0
15684042,Blair,Germany,Male,34.0,2,40105.51,2,Yes,Yes,53512.16,0
15583303,Monaldo,FRA,Female,29.0,2,152265.43,1,No,No,34004.44,0
15611579,Sutherland,Spain,Male,42.0,4,141947.67,1,Yes,Yes,10598.29,0
15774696,Cole,Germany,Female,75.0,1,106307.91,2,Yes,Yes,113428.77,0
15694506,Briggs,Germany,Male,31.0,0,107884.81,2,Yes,Yes,183487.98,0
15688074,Gregory,Germany,Male,31.0,1,125013.72,1,Yes,Yes,187658.09,0
15759537,Bianchi,Germany,Male,35.0,7,58469.37,2,Yes,Yes,172459.39,0
15758449,Angelo,FRA,Female,39.0,8,0.0,1,Yes,Yes,21016.0,0
15583456,Gardiner,Germany,Male,45.0,10,117231.63,3,Yes,Yes,122381.02,1
15667871,Kerr,Spain,Male,35.0,4,152390.26,1,No,No,128123.66,0
15677371,Ko,Spain,Female,30.0,2,34013.63,1,No,No,19570.63,0
15629677,Distefano,Spain,Female,39.0,2,0.0,3,No,No,188150.6,1
15713578,Farrell,France,Female,50.0,9,0.0,2,Yes,Yes,111020.24,0
15591509,Milano,FRA,Male,36.0,7,101583.11,2,No,No,123775.15,0
15568240,Ting,Germany,Female,30.0,10,77168.87,2,Yes,Yes,146700.22,0
15622993,Boyd,Germany,Male,28.0,8,124695.72,2,No,No,145251.35,0
15689294,Onyemaechi,Germany,Male,44.0,3,105934.96,1,No,No,82463.69,0
15720910,Black,FRA,Female,66.0,9,0.0,1,Yes,Yes,15928.49,0
15721181,Oliver,Spain,Male,46.0,6,0.0,2,No,No,45886.33,0
15776433,Greco,Spain,Male,62.0,2,0.0,2,Yes,Yes,186489.95,0
15748936,Whitehead,Spain,Female,45.0,2,0.0,2,Yes,Yes,162922.65,0
15717225,Ikemefuna,France,Female,21.0,10,161525.96,2,No,No,9262.77,0
15685226,Morrison,Germany,Female,29.0,7,147199.07,1,Yes,Yes,84932.4,0
15785611,Onyeoruru,Germany,Male,38.0,3,183102.29,1,Yes,Yes,71557.12,0
15573456,Cunningham,Spain,Male,46.0,9,127209.0,2,No,No,77405.95,1
15684548,Demidov,Spain,Male,38.0,8,0.0,2,No,No,417.41,1
15620505,Celis,Spain,Female,24.0,0,97378.54,1,Yes,Yes,71405.17,0
15807432,Cheng,Germany,Female,37.0,2,136925.09,2,Yes,Yes,153400.24,0
15584766,Knight,France,Male,33.0,3,54503.55,1,Yes,Yes,371.05,0
15612187,Morin,Germany,Male,32.0,8,155726.85,1,No,No,67789.99,0
15762218,Mills,FRA,Female,39.0,9,0.0,2,Yes,Yes,145894.9,0
15646372,Outhwaite,France,Female,66.0,1,135842.41,1,No,No,183840.51,1
15690452,Tung,French,Male,52.0,1,63349.75,1,No,No,108887.44,0
15747795,Pai,Germany,Female,38.0,4,129499.42,1,Yes,Yes,154071.27,0
15781589,Carpenter,Spain,Male,52.0,8,0.0,2,Yes,Yes,179291.85,0
15732674,Fennell,Spain,Male,36.0,6,70438.01,2,Yes,Yes,56937.43,0
15642291,Fontaine,France,Male,23.0,8,0.0,2,Yes,Yes,112239.03,0
15692761,Pratt,French,Male,36.0,9,0.0,1,No,No,45909.87,0
15578045,Mitchell,Spain,Female,49.0,9,141434.04,1,No,No,173779.25,1
15745354,Franklin,Spain,Female,37.0,4,0.0,2,No,No,125696.26,0
15701376,K'ung,Germany,Male,37.0,10,152958.29,2,Yes,Yes,159585.61,0
15691625,Ko,Germany,Female,41.0,3,138306.34,1,No,No,106761.47,0
15566594,McKenzie,Spain,Male,23.0,10,0.0,2,No,No,129590.18,0
15760431,Pino,French,Male,38.0,1,0.0,2,Yes,Yes,80006.65,0
15686302,Fisk,Spain,Female,31.0,3,124328.84,1,Yes,Yes,140451.52,0
15801559,Chiang,Germany,Female,41.0,9,181461.48,3,Yes,Yes,187929.43,1
15810432,Moseley,Spain,Male,35.0,8,0.0,2,No,No,167155.36,0
15809616,Hsiung,Spain,Male,26.0,8,0.0,2,No,No,191420.71,0
15720559,Heath,Germany,Female,61.0,5,110368.03,1,No,No,11384.45,1
15695632,Dellucci,France,Female,39.0,9,89588.35,1,Yes,Yes,94898.1,0
15659843,Li,FRA,Female,46.0,6,0.0,2,No,No,106781.59,0
15615624,De Salis,FRA,Female,28.0,6,0.0,2,No,No,159508.52,0
15810418,T'ang,Germany,Female,60.0,3,115924.89,1,No,No,93524.19,1
15716186,Richardson,FRA,Female,38.0,2,0.0,2,No,No,87168.46,0
15674551,Fitch,Germany,Male,40.0,7,111756.5,1,No,No,8128.32,1
15622834,Stevenson,France,Female,35.0,4,0.0,1,No,No,125518.32,0
15566111,Estes,FRA,Male,39.0,9,0.0,1,No,No,48963.59,0
15784597,Lattimore,France,Male,26.0,9,162923.85,1,No,No,98368.24,0
15652883,Chung,Germany,Male,39.0,10,124576.65,2,No,No,148584.61,0
15806964,Utz,FRA,Male,45.0,0,80793.58,1,Yes,Yes,27474.81,0
15576313,Wei,Germany,Female,40.0,9,71340.09,1,No,No,76192.21,0
15806467,Boyle,Germany,Male,40.0,1,99282.63,1,No,No,134600.94,1
15597602,Nwachinemelu,Germany,Male,57.0,3,137946.39,1,Yes,Yes,72467.99,1
15743040,Kuznetsova,Germany,Male,41.0,2,127892.57,2,Yes,Yes,199645.45,0
15705521,Pisani,Germany,Female,33.0,0,101084.36,1,No,No,42749.85,0
15595039,Manna,Germany,Female,37.0,8,114754.08,1,No,No,136050.44,1
15799384,Collier,French,Male,33.0,8,0.0,1,No,No,73564.44,0
15581197,Ricci,FRA,Female,51.0,3,99286.98,1,Yes,Yes,85578.63,0
15693737,Carr,Germany,Female,30.0,4,79871.02,2,No,No,129826.89,0
15624623,Hs?,FRA,Male,35.0,10,104088.59,2,No,No,119666.0,0
15783501,Findlay,France,Female,38.0,2,168190.33,2,No,No,68052.08,0
15690134,Hughes,Germany,Female,42.0,3,85679.25,1,Yes,Yes,164104.74,0
15782735,Chukwuemeka,French,Female,35.0,3,0.0,1,No,No,80190.36,0
15611088,Genovese,FRA,Female,31.0,9,0.0,2,No,No,84126.75,0
15672145,Swift,French,Female,34.0,7,121551.58,2,Yes,Yes,70179.0,0
15732628,Ugoji,France,Male,46.0,2,122220.19,1,Yes,Yes,118024.1,0
15787470,Parkinson,Spain,Male,47.0,3,116528.15,1,No,No,145704.19,1
15803406,Ross,French,Female,26.0,1,77780.29,1,Yes,Yes,183049.41,0
15730460,Oleary,French,Male,37.0,2,0.0,1,No,No,120906.83,0
15644572,Turnbull,FRA,Male,40.0,4,125832.2,1,Yes,Yes,100433.83,0
15694860,Uspensky,French,Female,38.0,6,68065.8,1,No,No,138777.0,1
15658169,Cook,Spain,Female,47.0,6,127299.34,2,No,No,124694.99,0
15794396,Newbold,Germany,Female,38.0,7,174937.64,1,No,No,40084.32,0
15785798,Uchechukwu,FRA,Male,40.0,9,0.0,2,Yes,Yes,119232.33,0
15710825,Ch'en,Spain,Male,31.0,7,110071.1,1,No,No,43921.36,0
15668444,He,Spain,Female,44.0,3,139432.37,1,No,No,62222.81,0
15726631,Hilton,French,Female,39.0,6,127357.76,1,Yes,Yes,56577.0,0
15733797,Sal,French,Male,36.0,5,0.0,2,No,No,164253.35,0
15747960,Eluemuno,France,Male,33.0,3,0.0,1,Yes,Yes,7666.73,0
15634632,Titus,FRA,Male,38.0,3,0.0,2,No,No,68487.51,0
15707362,Yin,Germany,Male,43.0,1,95556.31,1,Yes,Yes,199273.98,1
15662976,Lettiere,Spain,Male,37.0,8,0.0,1,Yes,Yes,186062.36,0
15732778,Templeman,Germany,Male,29.0,1,111681.98,2,Yes,Yes,195711.16,0
15718443,Chibuzo,France,Male,39.0,3,0.0,2,No,No,36692.17,0
15670039,Sun,Spain,Female,25.0,3,108738.71,2,No,No,106920.57,0
15773792,Evans,French,Female,32.0,4,133950.37,1,Yes,Yes,48725.68,1
15613786,Ogbonnaya,Spain,Male,26.0,4,0.0,2,Yes,Yes,167036.94,0
15726032,Enyinnaya,France,Male,33.0,9,89968.69,1,No,No,68777.26,0
15663252,Olisanugo,Spain,Female,32.0,9,0.0,2,Yes,Yes,18924.92,0
15593782,Brookes,Germany,Female,38.0,5,130878.75,3,No,No,71905.77,1
15633283,Padovano,French,Male,35.0,8,0.0,2,No,No,64833.28,0
15749167,Fisk,FRA,Male,35.0,3,0.0,2,Yes,Yes,184843.77,0
15759298,Shih,Spain,Male,27.0,10,134169.62,1,Yes,Yes,176730.02,0
15683625,Hare,FRA,Male,37.0,1,149762.08,1,No,No,20629.4,1
15635367,Muir,French,Male,26.0,2,93844.69,1,No,No,28415.36,0
15681705,Fanucci,French,Male,28.0,8,0.0,2,No,No,77231.27,0
15603156,Elewechi,French,Female,33.0,1,0.0,2,No,No,102750.7,0
15591986,Johnston,Germany,Male,46.0,6,141078.37,1,No,No,34580.8,1
15798888,Pisano,Germany,Female,31.0,1,117992.59,1,Yes,Yes,183598.77,0
15809722,Ankudinov,FRA,Female,40.0,8,100812.33,2,No,No,147358.27,0
15677538,Nwokike,French,Male,38.0,7,0.0,1,Yes,Yes,108469.2,0
15797736,Smith,France,Male,29.0,4,80262.6,1,Yes,Yes,20612.82,0
15695585,Atkins,Spain,Male,34.0,6,156478.62,1,Yes,Yes,181196.76,0
15744398,Burns,FRA,Female,23.0,5,0.0,2,No,No,160249.1,0
15750658,Obiuto,France,Male,37.0,8,0.0,3,No,No,110783.28,0
15578186,Pirozzi,Germany,Male,37.0,9,115217.99,2,No,No,144995.33,0
15676519,George,Spain,Male,61.0,9,0.0,2,No,No,150227.85,1
15637954,Lewis,French,Female,35.0,0,155470.55,1,Yes,Yes,53718.28,0
15758639,Moran,French,Male,37.0,7,0.0,2,No,No,75248.3,0
15613772,Dalrymple,France,Male,39.0,3,135096.77,1,Yes,Yes,14353.43,1
15731744,Carslaw,FRA,Male,30.0,2,0.0,2,Yes,Yes,130486.57,0
15807709,Kirby,Germany,Female,55.0,9,180075.22,1,Yes,Yes,100127.71,0
15714689,Houghton,Spain,Male,29.0,1,97541.24,1,Yes,Yes,196356.17,0
15699005,Martin,French,Female,41.0,2,156067.05,1,Yes,Yes,9983.88,0
15624170,Tan,FRA,Female,38.0,4,81550.94,2,Yes,Yes,118974.77,0
15725679,Hsia,France,Female,47.0,6,0.0,1,No,No,194998.34,1
15585865,Westerberg,France,Female,38.0,2,170061.92,2,No,No,134901.34,1
15804256,Hale,Germany,Male,36.0,8,92310.54,2,Yes,Yes,72924.56,0
15662403,Kryukova,French,Female,32.0,6,169089.38,2,No,No,101057.95,0
15733616,Sopuluchukwu,French,Male,40.0,5,80613.93,1,Yes,Yes,142838.64,0
15591995,Barry,Germany,Male,26.0,8,121581.56,2,Yes,Yes,127059.04,0
15677020,Selezneva,France,Female,58.0,8,0.0,1,Yes,Yes,116503.92,1
15727688,Chizuoke,Spain,Male,32.0,4,0.0,2,Yes,Yes,54405.79,0
15715941,Lueck,France,Male,54.0,5,0.0,2,Yes,Yes,88721.84,0
15714485,Udinese,France,Male,60.0,5,85891.55,1,No,No,74135.48,1
15730059,Udobata,Spain,Male,44.0,9,77637.35,2,Yes,Yes,111346.22,0
15715527,Freeman,Spain,Female,41.0,4,0.0,1,No,No,194902.16,0
15576623,Outlaw,French,Male,31.0,5,0.0,2,No,No,31474.27,0
15805565,Obiuto,Germany,Male,30.0,7,116927.89,1,No,No,21198.39,0
15677307,Lo,Germany,Female,40.0,6,137326.65,1,No,No,186976.6,0
15773890,Okechukwu,FRA,Male,22.0,5,0.0,2,Yes,Yes,117202.19,0
15598883,King,Spain,Female,37.0,2,0.0,2,Yes,Yes,143739.29,0
15568506,Forbes,Germany,Female,31.0,10,67238.98,2,Yes,Yes,161811.23,0
15761043,Macleod,Germany,Female,38.0,6,86569.76,2,No,No,98090.91,0
15782236,Gibbs,Spain,Male,34.0,5,0.0,2,No,No,71095.41,0
15593601,Isayev,French,Male,34.0,6,133598.4,1,Yes,Yes,13107.24,0
15682048,Pisano,FRA,Female,51.0,3,136188.78,1,Yes,Yes,67110.59,1
15746902,Belstead,Spain,Male,38.0,9,0.0,2,No,No,88225.02,0
15752081,Vassiliev,France,Female,56.0,10,0.0,3,Yes,Yes,62256.87,1
15781307,Schneider,Germany,Male,37.0,7,120092.52,2,No,No,135925.72,0
15775912,Mazzanti,France,Male,48.0,4,101238.24,2,Yes,Yes,177815.87,1
15745417,Knipe,FRA,Male,58.0,6,89685.92,1,Yes,Yes,126471.13,0
15671256,Macartney,French,Female,35.0,1,211774.31,1,No,No,188574.12,1
15653547,Madukwe,FRA,Male,56.0,7,131317.48,1,Yes,Yes,119175.45,0
15595766,Watts,Spain,Male,37.0,5,93722.73,2,Yes,Yes,139093.73,0
15742358,Humphreys,Germany,Male,32.0,8,101160.99,1,Yes,Yes,115916.55,0
15763274,Wu,FRA,Male,48.0,3,120320.54,1,No,No,96463.25,0
15786063,Chin,FRA,Female,31.0,2,0.0,2,Yes,Yes,112349.51,0
15600258,Chesnokova,FRA,Male,43.0,2,0.0,2,Yes,Yes,165303.79,0
15573318,Kung,FRA,Male,26.0,8,0.0,2,No,No,166031.08,0
15653849,Lu,Germany,Female,48.0,3,152827.99,1,No,No,38411.79,1
15694272,Nkemakolam,French,Male,30.0,1,64097.75,1,Yes,Yes,77783.35,0
15736112,Walton,Spain,Female,57.0,2,119035.35,2,Yes,Yes,29871.79,0
15749851,Brookes,Spain,Female,26.0,4,135219.57,1,Yes,Yes,59747.63,0
15663478,Baldwin,French,Male,32.0,6,93694.42,1,Yes,Yes,79919.13,0
15592300,Mai,Spain,Male,35.0,10,59408.63,1,No,No,76773.53,0
15567832,Shih,French,Female,40.0,7,114354.95,1,No,No,54018.93,0
15776780,He,French,Male,59.0,1,0.0,1,No,No,70649.64,1
15592846,Fiorentini,Germany,Male,35.0,10,128173.9,2,No,No,59093.39,0
15739803,Lucciano,Spain,Male,34.0,9,0.0,2,No,No,127569.8,0
15794142,Ferreira,Germany,Female,62.0,5,114931.35,3,Yes,Yes,18260.98,1
15762729,Ukaegbunam,Germany,Female,28.0,1,111071.36,1,No,No,73275.96,1
15667896,De Luca,France,Male,37.0,8,151226.18,2,Yes,Yes,136129.49,0
15626578,Milne,FRA,Male,26.0,9,0.0,2,Yes,Yes,153237.59,0
15776223,Davide,French,Female,42.0,4,64740.12,1,Yes,Yes,106841.12,0
15705953,Kodilinyechukwu,Spain,Male,51.0,0,169312.13,1,No,No,109078.35,1
15802593,Little,France,Female,49.0,7,0.0,3,Yes,Yes,87822.14,1
15615457,Burns,Spain,Female,44.0,2,112652.08,2,No,No,126644.98,0
15708916,Paterson,France,Male,38.0,0,0.0,2,No,No,47414.15,0
15720187,Han,Germany,Female,30.0,7,143964.36,2,No,No,41879.99,0
15595440,Kryukova,French,Male,49.0,7,122451.46,2,Yes,Yes,75808.1,0
15600651,Ijendu,FRA,Male,24.0,1,0.0,3,Yes,Yes,47911.03,0
15750141,Reichard,Germany,Female,36.0,3,65253.07,2,No,No,28737.78,0
15657284,Day,Germany,Male,47.0,6,106901.94,1,Yes,Yes,2079.2,1
15763063,Price,Spain,Female,25.0,10,128509.63,1,No,No,121562.33,0
15709324,Bruce,French,Male,34.0,7,0.0,2,No,No,55003.79,0
15711309,Sumrall,Germany,Male,33.0,3,129834.67,1,No,No,193131.42,0
15775318,Lu,Spain,Female,51.0,3,154962.99,3,Yes,Yes,191932.27,1
15705515,Lazarev,Germany,Male,40.0,5,138241.9,2,No,No,159418.1,0
15634844,Miller,Germany,Male,41.0,3,91536.93,1,No,No,191468.78,1
15717046,Wentworth-Shields,Spain,Male,53.0,3,0.0,2,Yes,Yes,38913.68,0
15571816,Ritchie,Spain,Female,70.0,5,0.0,1,Yes,Yes,705.18,0
15670080,Mackenzie,Germany,Female,29.0,7,105204.01,1,Yes,Yes,138490.03,0
15800440,Power,Spain,Male,61.0,1,152968.73,1,Yes,Yes,82970.69,0
15665678,Tan,Spain,Male,36.0,8,158261.68,1,Yes,Yes,76744.72,0
15665956,Pendergrass,FRA,Female,46.0,1,0.0,1,No,No,71244.59,1
15788126,Evans,Spain,Female,38.0,6,121021.05,1,Yes,Yes,12182.15,0
15811773,Hsia,France,Male,36.0,4,0.0,2,Yes,Yes,141210.5,0
15651674,Billson,Spain,Female,54.0,2,0.0,1,No,No,191763.07,1
15689614,Teng,Spain,Female,63.0,1,137715.66,1,Yes,Yes,37938.74,0
15795564,Moretti,Germany,Male,31.0,5,121192.22,2,Yes,Yes,74890.58,0
15706647,Jordan,French,Male,31.0,7,0.0,3,Yes,Yes,166698.18,0
15728505,Ts'ao,France,Male,44.0,1,100486.18,2,Yes,Yes,62678.53,0
15730076,Osborne,France,Male,45.0,1,0.0,1,No,No,67740.08,1
15622003,Carslaw,French,Male,35.0,9,92566.53,2,No,No,161519.77,0
15607312,Ch'ang,Spain,Female,49.0,10,0.0,2,Yes,Yes,159835.78,1
15644753,Hung,Spain,Male,40.0,3,110929.96,1,Yes,Yes,30876.84,0
15653620,Gordon,FRA,Female,27.0,8,0.0,2,Yes,Yes,14858.1,0
15761986,Obialo,Spain,Female,32.0,3,138901.61,1,No,No,75685.97,0
15633922,Gray,FRA,Male,30.0,4,123217.66,2,Yes,Yes,144183.1,0
15734674,Lin,FRA,Female,41.0,6,0.0,1,No,No,65170.66,0
15658032,Hopkins,France,Male,39.0,2,0.0,2,Yes,Yes,82526.92,0
15692671,Dobson,Spain,Male,36.0,8,0.0,2,No,No,169161.46,0
15737741,McKay,Spain,Female,33.0,2,108431.87,2,Yes,Yes,109291.39,1
15576352,Revell,Spain,Female,57.0,3,0.0,2,Yes,Yes,6057.81,0
15753719,Rickards,Germany,Female,30.0,9,72392.41,1,No,No,77077.14,0
15803689,Begum,Germany,Female,51.0,1,119741.77,2,No,No,54954.51,1
15718057,Onyinyechukwuka,FRA,Female,51.0,2,100946.71,1,No,No,179614.8,1
15722010,Zuyev,Spain,Male,53.0,9,170491.84,1,No,No,35588.07,1
15680998,Nwankwo,French,Male,44.0,5,0.0,1,Yes,Yes,117356.14,0
15614782,Hao,France,Male,36.0,1,0.0,1,No,No,160696.72,0
15591047,Ma,Spain,Female,47.0,6,157296.02,2,No,No,147278.43,1
15788291,Okwuadigbo,Germany,Female,38.0,7,144606.22,1,Yes,Yes,56594.36,1
15604044,Mitchell,FRA,Male,38.0,8,134811.3,1,No,No,1299.75,0
15679587,Chan,France,Female,34.0,9,115897.12,1,Yes,Yes,25095.03,0
15775153,Buchi,Spain,Male,32.0,4,82034.0,1,No,No,146326.45,0
15603925,Greco,Spain,Female,26.0,4,174318.13,2,Yes,Yes,38296.21,0
15680970,Lombardi,Germany,Female,41.0,2,114206.84,1,No,No,164061.6,0
15697183,Uchenna,Spain,Male,43.0,9,0.0,2,No,No,107811.28,0
15567446,Coffman,Germany,Male,39.0,9,111574.41,1,Yes,Yes,30838.51,0
15637476,Alexandrova,Germany,Female,57.0,5,162448.69,1,No,No,9221.78,1
15714939,Fallaci,Germany,Female,34.0,4,148249.54,1,Yes,Yes,33738.27,0
15683503,Hudson,France,Female,43.0,8,0.0,3,Yes,Yes,110916.15,1
15645569,Mai,Spain,Female,26.0,7,123709.46,2,Yes,Yes,169654.57,0
15782569,Stout,France,Female,72.0,9,0.0,1,Yes,Yes,69829.4,0
15592387,Burke,FRA,Male,30.0,5,0.0,1,No,No,54926.51,1
15609286,Chadwick,FRA,Male,37.0,10,150525.8,1,Yes,Yes,94728.49,0
15814035,Lawrence,France,Male,29.0,9,0.0,1,Yes,Yes,80393.27,0
15661249,Bellucci,French,Male,53.0,4,0.0,2,Yes,Yes,111307.98,0
15629117,Harper,French,Male,28.0,10,0.0,2,No,No,19834.32,0
15607170,Boyle,FRA,Male,35.0,5,0.0,2,Yes,Yes,78397.24,0
15586585,Duncan,Germany,Female,51.0,2,111018.98,1,No,No,86410.28,0
15686611,Moss,France,Male,30.0,10,129755.99,1,No,No,172749.65,0
15603203,Avdeyeva,FRA,Female,27.0,6,0.0,2,No,No,1002.39,0
15619857,Crawford,French,Female,64.0,2,129555.7,1,Yes,Yes,13601.79,0
15805062,Lynton,Spain,Male,38.0,1,87202.38,1,Yes,Yes,77866.91,0
15660271,Duncan,Germany,Male,26.0,8,146133.39,1,Yes,Yes,175296.76,0
15745295,Gether,Spain,Female,31.0,0,0.0,1,No,No,121751.04,1
15719352,Davidson,Spain,Male,39.0,6,170184.99,2,No,No,89593.26,0
15766575,Larionova,Germany,Female,62.0,8,140745.33,1,No,No,193437.89,1
15594594,Loggia,Spain,Male,42.0,7,139070.51,1,Yes,Yes,86945.0,0
15646161,Steinhoff,Spain,Female,37.0,8,0.0,2,Yes,Yes,183318.79,0
15682585,Guerra,France,Male,35.0,9,114193.24,1,No,No,71154.1,0
15603134,Pai,Spain,Female,40.0,10,167878.5,1,Yes,Yes,151887.16,0
15636444,Craig,Germany,Female,53.0,5,141616.55,2,Yes,Yes,75888.65,0
15773456,Lazareva,Germany,Male,36.0,3,145747.67,2,Yes,Yes,89566.74,0
15745307,Ch'iu,Spain,Female,48.0,2,129120.64,1,Yes,Yes,26475.79,0
15604119,Alderete,Spain,Male,35.0,7,110349.82,1,No,No,126355.8,0
15626900,Kung,French,Male,29.0,1,141325.56,1,Yes,Yes,93839.3,0
15605447,Palermo,French,Male,49.0,2,78653.84,1,No,No,7698.6,0
15589030,Ts'ai,French,Male,47.0,1,0.0,2,Yes,Yes,145593.85,0
15692463,Rahman,Spain,Female,28.0,3,142253.65,1,No,No,45042.56,0
15712403,McMillan,FRA,Female,61.0,1,0.0,1,No,No,61108.56,1
15811762,Pickering,Germany,Female,54.0,6,115988.86,1,No,No,57553.98,1
15718673,Mirams,Spain,Female,33.0,10,75592.43,1,No,No,62674.42,0
15724282,Tsao,Germany,Male,44.0,3,164113.04,2,Yes,Yes,12120.79,0
15738181,Douglas,French,Male,31.0,6,67996.23,2,No,No,50129.87,1
15633648,Jideofor,Spain,Female,51.0,5,0.0,2,No,No,55022.43,0
15603323,Bell,Spain,Female,33.0,1,0.0,2,No,No,117834.91,0
15583725,Mairinger,France,Male,48.0,1,138778.15,1,Yes,Yes,168840.23,0
15588350,McIntyre,French,Female,43.0,10,147832.15,1,Yes,Yes,24234.11,0
15798398,Pagnotto,FRA,Female,36.0,4,135438.4,1,No,No,190627.01,0
15784844,K'ung,Spain,Male,48.0,5,116060.08,1,No,No,156618.38,1
15580684,Feng,French,Female,29.0,5,112564.62,1,No,No,42334.38,0
15809663,Donaldson,FRA,Female,27.0,1,125406.58,1,Yes,Yes,110784.42,0
15640078,Chambers,Germany,Female,39.0,5,135134.99,1,No,No,173683.0,1
15698786,Marcelo,France,Female,39.0,9,133102.92,1,No,No,27046.46,1
15569807,Ejimofor,French,Female,34.0,8,42157.08,1,No,No,20598.59,1
15730830,Dale,France,Female,30.0,3,0.0,2,Yes,Yes,104991.28,0
15805112,Pokrovsky,FRA,Male,38.0,7,82259.29,1,No,No,8996.97,0
15633064,Stonebraker,FRA,Female,36.0,4,0.0,2,No,No,64420.5,0
15703119,Liang,French,Male,38.0,6,0.0,2,Yes,Yes,145700.22,0
15730447,Anderson,French,Female,49.0,4,0.0,2,Yes,Yes,196335.48,0
15813850,Christian,French,Male,52.0,7,0.0,1,Yes,Yes,14781.12,0
15711889,Mao,France,Male,42.0,3,150461.07,1,No,No,108139.23,0
15664610,Campbell,Germany,Male,48.0,4,133994.52,1,Yes,Yes,19287.06,1
15751710,Ginikanwa,Spain,Male,31.0,8,164870.81,2,Yes,Yes,9567.39,0
15692926,Toscani,Germany,Male,25.0,8,121702.73,1,Yes,Yes,132210.49,0
15813741,Nnachetam,Spain,Male,25.0,6,193858.2,1,Yes,Yes,21600.11,0
15698474,Sagese,Germany,Female,54.0,1,131039.97,2,Yes,Yes,199661.5,0
15568595,Fleming,France,Male,64.0,9,113829.45,1,Yes,Yes,124341.49,0
15603065,Grubb,France,Female,30.0,6,0.0,2,No,No,15766.1,0
15592937,Napolitani,Germany,Female,41.0,3,81877.38,1,Yes,Yes,33642.21,0
15699637,Anenechi,Spain,Male,57.0,8,116326.07,1,Yes,Yes,117704.65,0
15667215,Chandler,FRA,Male,31.0,2,0.0,2,Yes,Yes,58803.28,0
15788659,Howells,French,Male,46.0,4,0.0,2,Yes,Yes,137537.22,0
15763218,Akeroyd,France,Female,41.0,1,0.0,2,Yes,Yes,131300.68,0
15645772,Onwumelu,France,Male,33.0,9,0.0,2,Yes,Yes,84174.81,0
15725511,Wallace,FRA,Female,31.0,3,127070.73,1,Yes,Yes,160941.78,0
15575024,Uwaezuoke,FRA,Male,29.0,3,0.0,2,Yes,Yes,143954.99,0
15640825,Loyau,Spain,Male,46.0,3,122549.64,1,Yes,Yes,56297.85,0
15662397,Small,French,Female,42.0,5,176099.13,1,Yes,Yes,8404.73,0
15576368,Bledsoe,Germany,Female,48.0,3,122388.38,2,No,No,30020.09,0
15674991,Kao,France,Male,42.0,9,0.0,2,Yes,Yes,58137.42,0
15721024,Wickens,French,Male,26.0,0,0.0,1,No,No,47472.68,0
15745621,Wertheim,Spain,Female,32.0,6,118879.35,2,Yes,Yes,19131.71,0
15642394,He,Spain,Male,35.0,5,0.0,2,Yes,Yes,187288.5,0
15754605,Jarvis,FRA,Female,39.0,5,0.0,2,Yes,Yes,17603.81,0
15607040,P'an,Spain,Female,38.0,4,88736.44,2,No,No,67020.03,0
15715142,Repina,Germany,Male,45.0,7,102703.62,1,Yes,Yes,147802.94,1
15810978,Pugliesi,Spain,Female,70.0,1,0.0,2,Yes,Yes,41610.62,0
15668886,Blakey,Spain,Female,38.0,3,0.0,2,No,No,44255.65,0
15780804,Nucci,FRA,Male,55.0,5,97318.25,1,Yes,Yes,78416.14,0
15613880,Higinbotham,Spain,Male,58.0,5,128468.69,1,Yes,Yes,137254.55,0
15775238,Achebe,Germany,Female,41.0,4,133432.59,1,Yes,Yes,151303.48,0
15786905,Russo,Germany,Female,40.0,8,141782.57,2,No,No,86333.63,0
15747867,Trevisani,France,Male,24.0,9,135125.28,1,No,No,89801.9,0
15600337,Dobie,Spain,Male,42.0,2,178820.91,1,No,No,29358.57,1
15801277,Maccallum,French,Female,31.0,2,112212.14,2,Yes,Yes,181600.72,0
15579334,Watkins,Germany,Female,45.0,5,126674.81,1,No,No,124118.71,1
15802741,Mitchel,FRA,Female,51.0,7,136294.97,1,No,No,38867.46,1
15720649,Ferdinand,France,Female,36.0,5,66392.64,1,No,No,31106.67,0
15589493,Otitodilinna,Germany,Male,27.0,1,122552.34,2,No,No,67611.36,0
15688251,Mamelu,France,Male,43.0,1,76408.85,2,No,No,77837.63,0
15665238,Beneventi,Germany,Male,36.0,8,145071.24,1,No,No,6078.46,0
15740900,Perrodin,French,Male,34.0,6,0.0,2,Yes,Yes,177896.92,0
15681068,Chinagorom,France,Female,45.0,2,109730.22,1,Yes,Yes,123882.73,0
15748625,Napolitano,French,Male,57.0,6,0.0,2,Yes,Yes,15304.08,0
15727299,Edgar,Spain,Male,62.0,1,64119.38,1,Yes,Yes,76569.64,1
15620204,Walker,Germany,Female,57.0,1,106138.33,2,Yes,Yes,120657.32,1
15669516,Steele,Spain,Male,36.0,2,0.0,2,Yes,Yes,16436.56,0
15736534,Elkins,Germany,Male,33.0,0,181656.51,1,Yes,Yes,107667.91,0
15803457,Hao,French,Female,32.0,5,0.0,2,No,No,95611.47,0
15659098,Toscano,FRA,Male,30.0,7,95128.86,1,No,No,19799.26,0
15603436,Savage,Spain,Female,49.0,2,126615.94,2,Yes,Yes,123214.74,0
15566292,Okwuadigbo,Spain,Male,36.0,1,0.0,2,Yes,Yes,71709.12,0
15808621,Mordvinova,Germany,Male,36.0,2,76190.48,2,Yes,Yes,149066.14,0
15580148,Welch,Germany,Male,40.0,5,168286.81,3,No,No,20451.99,1
15776231,Kent,Germany,Male,35.0,4,88109.81,1,Yes,Yes,32825.5,0
15773809,Campbell,France,Male,42.0,4,0.0,2,No,No,6232.31,0
15649423,Cooper,French,Female,35.0,8,0.0,2,Yes,Yes,10357.03,0
15734886,Mazzi,FRA,Female,34.0,3,123971.51,2,No,No,147794.63,0
15722548,Fisher,French,Male,48.0,0,148116.48,1,No,No,116973.48,0
15650288,Summers,Germany,Male,35.0,6,116269.01,1,No,No,129964.94,0
15629448,Brady,Spain,Male,38.0,1,120599.21,1,No,No,92816.86,0
15716164,Nicholls,France,Female,41.0,3,144260.5,1,No,No,172114.67,0
15807609,Yuan,Spain,Female,25.0,3,86605.5,3,No,No,16649.31,1
15578977,Robinson,France,Male,34.0,9,0.0,2,No,No,144517.19,0
15677369,Golubov,Germany,Female,37.0,4,58629.97,1,No,No,182038.6,0
15804072,Chen,Spain,Female,42.0,5,0.0,2,No,No,24210.56,0
15696859,Oldham,France,Male,45.0,10,0.0,2,No,No,172175.9,0
15653780,Kambinachi,France,Female,43.0,5,0.0,1,Yes,Yes,47578.45,0
15721658,Fleming,Spain,Female,56.0,2,209767.31,2,Yes,Yes,150694.42,1
15578761,Cunningham,Spain,Female,42.0,6,129634.25,2,Yes,Yes,177683.02,1
15736879,Obinna,French,Male,23.0,1,0.0,2,No,No,66088.83,0
15571973,Chinwemma,French,Female,38.0,2,169824.46,1,No,No,169291.7,0
15626742,Carpenter,FRA,Male,36.0,3,97530.25,1,Yes,Yes,117140.41,0
15672692,Yin,French,Female,42.0,10,145988.65,2,Yes,Yes,79510.37,0
15673570,Olsen,France,Male,37.0,9,0.0,2,Yes,Yes,77108.66,0
15767432,Ts'ai,FRA,Female,25.0,7,0.0,3,Yes,Yes,9679.28,0
15654238,Jen,French,Female,40.0,5,137494.28,1,No,No,81753.92,0
15612525,Preston,French,Female,57.0,1,0.0,1,No,No,131372.38,1
15812750,Ozioma,France,Male,24.0,6,147360.0,1,Yes,Yes,25310.82,0
15790757,Cody,FRA,Female,25.0,10,0.0,2,No,No,187925.75,0
15723873,Ponomarev,Spain,Male,31.0,3,125167.02,1,No,No,98820.39,0
15744607,Martin,Germany,Male,43.0,9,121152.05,2,No,No,64166.7,1
15612966,Milani,Germany,Female,60.0,7,128981.07,1,Yes,Yes,176924.21,1
15784209,Tang,FRA,Male,47.0,6,0.0,1,Yes,Yes,90055.08,0
15794278,Romani,Spain,Male,67.0,6,151858.98,1,Yes,Yes,72814.31,0
15766741,McIntyre,France,Male,36.0,2,114628.4,1,Yes,Yes,168290.06,0
15661036,Davis,France,Male,46.0,6,0.0,2,No,No,161767.38,0
15705639,Onyemauchechukwu,France,Female,28.0,8,95059.02,2,No,No,44420.18,0
15637414,Gell,French,Female,24.0,7,128736.39,1,Yes,Yes,37147.61,0
15716835,Rossi,France,Male,24.0,8,156325.38,1,Yes,Yes,125381.02,0
15696231,Chiwetelu,French,Male,29.0,7,105405.97,1,Yes,Yes,149853.89,0
15641675,Kirillova,FRA,Female,49.0,2,88915.37,3,No,No,161435.02,1
15670755,Shaw,France,Male,60.0,8,0.0,2,Yes,Yes,102925.76,0
15640059,Smith,France,Male,40.0,5,0.0,2,Yes,Yes,70899.27,0
15787619,Hsieh,FRA,Male,18.0,2,160980.03,1,No,No,145936.28,0
15587535,Onyemauchechukwu,Spain,Female,46.0,5,177619.71,1,No,No,54227.06,0
15813034,Martin,Spain,Male,38.0,2,62276.99,1,Yes,Yes,59280.79,0
15698839,Okwudilichukwu,Germany,Male,46.0,4,127559.97,2,Yes,Yes,126952.5,0
15790314,Onuoha,France,Male,41.0,0,0.0,2,Yes,Yes,130567.02,0
15634245,Muecke,Germany,Female,47.0,9,95523.16,1,No,No,73294.48,0
15677305,Hsieh,FRA,Female,35.0,7,107749.03,1,Yes,Yes,3937.37,0
15661526,Anderson,Germany,Male,37.0,2,110777.26,2,No,No,2383.59,0
15685997,Azubuike,Spain,Female,39.0,5,166733.92,2,No,No,14279.44,0
15660101,Nnonso,France,Male,31.0,9,157120.86,2,No,No,141300.53,0
15637979,Fuller,Germany,Female,36.0,2,127160.78,2,No,No,78140.75,0
15815364,Ashley,Spain,Female,28.0,2,0.0,2,Yes,Yes,117431.1,0
15647099,Ts'ui,FRA,Female,37.0,9,156091.97,1,No,No,72008.61,0
15625944,Buccho,France,Male,58.0,5,98668.18,1,Yes,Yes,60887.58,0
15583212,Chidozie,France,Female,43.0,5,134022.06,1,No,No,194764.83,0
15582741,Maclean,FRA,Female,35.0,5,124151.09,1,No,No,88705.14,1
15637876,Burns,Germany,Female,36.0,6,77253.5,1,No,No,35817.97,1
15622750,Chu,Germany,Female,21.0,1,114292.48,1,No,No,31520.4,0
15672056,Kenenna,Germany,Male,43.0,2,140080.32,3,Yes,Yes,157908.19,1
15812351,Beluchi,Spain,Female,27.0,2,135277.96,1,No,No,142200.15,0
15810864,Williamson,France,Female,82.0,2,0.0,2,Yes,Yes,182055.36,0
15677921,Bobrov,Germany,Male,60.0,9,115920.62,2,No,No,157552.08,1
15724296,Kerr,Spain,Male,41.0,2,119782.72,2,No,No,120284.67,0
15685329,McKenzie,FRA,Female,63.0,1,114715.71,1,Yes,Yes,24506.95,1
15584091,Pitts,Germany,Female,36.0,2,129748.54,2,No,No,47271.61,1
15640442,Standish,France,Male,31.0,4,129722.57,1,No,No,41176.6,0
15639314,Cartwright,French,Male,32.0,2,0.0,2,Yes,Yes,9468.64,0
15685320,Johnstone,FRA,Male,36.0,3,139180.2,1,No,No,123880.19,0
15789158,Nikitina,Germany,Male,49.0,6,113599.74,2,No,No,158887.09,1
15752137,McElroy,France,Male,33.0,7,134944.0,1,Yes,Yes,117036.38,0
15712551,Shen,Germany,Female,58.0,7,116922.25,1,No,No,120415.61,1
15628936,Archer,Spain,Male,28.0,9,118945.09,1,No,No,16064.25,1
15797227,Otutodilinna,French,Male,28.0,8,0.0,2,Yes,Yes,52615.62,0
15769974,Shih,Spain,Female,35.0,8,119182.73,1,No,No,121210.09,0
15737051,Denisov,FRA,Male,27.0,8,0.0,2,No,No,192247.35,0
15585595,Owens,FRA,Female,28.0,1,71264.02,2,Yes,Yes,68759.57,0
15654060,P'eng,France,Male,41.0,2,0.0,2,Yes,Yes,75937.47,0
15745196,Verco,France,Female,35.0,8,0.0,2,No,No,84569.13,0
15571221,Bergamaschi,Germany,Male,58.0,7,116313.57,1,Yes,Yes,190696.35,1
15660155,Lorenzo,Spain,Male,36.0,5,92140.15,1,Yes,Yes,67468.67,0
15605284,Outtrim,France,Male,26.0,1,0.0,2,Yes,Yes,104435.94,0
15694366,Hou,Germany,Male,42.0,2,177640.09,1,Yes,Yes,47166.55,0
15600739,Galkin,Spain,Female,35.0,0,0.0,2,No,No,119899.52,0
15653253,Pagnotto,Spain,Male,48.0,8,167997.6,1,Yes,Yes,173498.45,0
15763431,Echezonachukwu,FRA,Male,36.0,2,82275.35,2,Yes,Yes,93249.26,0
15643696,Young,France,Male,49.0,3,0.0,2,Yes,Yes,142917.54,0
15707473,Summers,Germany,Female,48.0,6,111962.99,1,No,No,111755.8,0
15769504,Munro,Germany,Female,34.0,1,131736.88,1,Yes,Yes,108543.21,0
15776807,Brennan,French,Male,29.0,1,0.0,1,No,No,180345.44,0
15686870,Ball,Germany,Male,36.0,8,108239.11,2,No,No,99444.02,0
15668747,Virgo,FRA,Female,46.0,9,98444.19,1,Yes,Yes,109563.28,0
15766908,Trevisani,Germany,Male,32.0,3,114540.38,1,No,No,92568.07,0
15570134,Padovano,France,Female,35.0,6,187530.66,2,Yes,Yes,37976.36,0
15567367,Tao,Germany,Female,42.0,9,133636.16,1,Yes,Yes,103315.74,0
15747542,Perez,French,Male,52.0,7,0.0,2,Yes,Yes,173952.5,0
15762238,Fraser,Germany,Female,44.0,0,84745.03,2,Yes,Yes,34673.98,0
15681554,Alley,Germany,Female,31.0,7,120599.38,2,Yes,Yes,46163.44,0
15712825,Howells,Spain,Female,29.0,9,0.0,2,Yes,Yes,140676.98,0
15640280,Cameron,France,Male,39.0,4,127771.35,2,Yes,Yes,151738.54,0
15756026,Hooper,Spain,Female,46.0,9,0.0,1,No,No,14679.81,1
15613319,Rice,France,Female,33.0,0,0.0,1,No,No,175544.02,0
15798906,Cox,France,Male,69.0,5,0.0,2,Yes,Yes,181964.6,0
15708917,Martin,Germany,Male,53.0,10,167772.96,1,Yes,Yes,136886.86,0
15778463,Ikenna,French,Female,37.0,6,95845.6,1,No,No,122218.23,0
15699430,Davide,France,Female,35.0,10,0.0,2,No,No,180439.75,0
15649992,Alexander,Spain,Male,65.0,7,134714.7,2,Yes,Yes,190419.81,0
15578980,Piazza,Spain,Female,33.0,3,0.0,2,Yes,Yes,58685.59,0
15775306,Ni,Germany,Male,28.0,8,122384.22,3,Yes,Yes,89017.38,1
15641655,Black,French,Female,26.0,2,0.0,2,No,No,50051.42,0
15619708,Harker,French,Male,25.0,5,157993.15,2,No,No,146041.45,0
15734565,Hughes,France,Male,29.0,8,0.0,2,No,No,191166.09,0
15806438,Chiabuotu,Germany,Female,42.0,2,123331.36,1,No,No,103516.08,1
15591969,Kuo,Spain,Male,27.0,9,75263.16,1,Yes,Yes,164825.04,0
15747807,Gallagher,FRA,Female,43.0,6,137824.03,2,No,No,172557.77,0
15596939,Calabresi,Germany,Male,36.0,4,132578.92,2,No,No,84320.94,0
15716155,Shaw,France,Female,36.0,5,156021.31,1,No,No,122662.98,0
15765311,Zhirov,Spain,Male,34.0,8,0.0,1,No,No,72085.1,0
15757811,Lloyd,Spain,Female,69.0,9,137453.43,1,Yes,Yes,110932.24,1
15603830,Palmer,Spain,Male,36.0,4,0.0,2,No,No,143635.36,0
15660602,Ch'eng,Germany,Male,33.0,8,164284.72,2,Yes,Yes,3710.34,0
15660535,Avent,France,Female,47.0,5,0.0,2,Yes,Yes,179843.33,0
15666633,Huang,Spain,Male,56.0,1,0.0,2,Yes,Yes,10643.38,0
15596914,Shaw,Germany,Female,31.0,2,112373.49,2,Yes,Yes,131167.98,0
15639788,Yuan,France,Female,39.0,10,0.0,2,No,No,10553.31,0
15695846,Hawkins,France,Female,34.0,6,0.0,2,Yes,Yes,130928.22,0
15726234,Trentini,Spain,Female,41.0,5,0.0,1,Yes,Yes,157003.99,0
15797964,Cameron,Germany,Female,29.0,1,154333.82,1,Yes,Yes,138527.56,0
15625881,Koehler,Germany,Male,37.0,3,111432.77,2,Yes,Yes,167032.49,0
15780628,Wu,French,Female,30.0,6,0.0,2,No,No,41642.29,0
15575883,Manna,French,Male,34.0,2,137390.11,2,No,No,9677.0,0
15585036,Okoli,Spain,Female,37.0,3,0.0,2,Yes,Yes,147012.22,0
15589488,Ch'eng,Germany,Female,56.0,5,111642.08,1,Yes,Yes,80553.87,0
15585888,Nwokezuike,Spain,Female,48.0,3,0.0,1,Yes,Yes,30730.95,1
15727915,Artemiev,FRA,Male,36.0,4,83543.37,1,No,No,140134.43,0
15707567,Esposito,Germany,Male,50.0,6,145338.76,1,No,No,91936.1,1
15737792,Abbie,FRA,Female,31.0,1,186796.37,1,No,No,178252.63,0
15599433,Fanucci,Germany,Male,35.0,8,58641.43,1,Yes,Yes,198674.08,0
15672012,Jen,Spain,Female,41.0,5,0.0,1,No,No,28266.9,1
15806983,Moss,FRA,Male,44.0,3,137148.68,1,No,No,92381.01,0
15592222,Lo,French,Male,49.0,7,80001.23,1,No,No,135180.11,0
15608968,Averyanov,Germany,Male,21.0,6,86402.52,2,No,No,27330.59,0
15586959,Unaipon,France,Female,42.0,5,0.0,2,No,No,125305.34,0
15646558,Clamp,Spain,Male,51.0,1,122874.74,1,Yes,Yes,149648.45,0
15725811,Lim,FRA,Male,25.0,0,97544.29,1,Yes,Yes,59887.15,0
15572265,Wu,Germany,Male,46.0,1,170826.55,2,No,No,45041.32,0
15794048,Wan,Germany,Female,48.0,1,97133.92,2,No,No,113316.77,1
15677610,Chambers,Germany,Female,41.0,8,153895.65,1,Yes,Yes,39087.42,0
15745012,Pettit,France,Female,43.0,6,0.0,2,Yes,Yes,7330.59,0
15601589,Baresi,France,Female,57.0,8,0.0,2,Yes,Yes,95463.29,0
15686436,Newbery,Spain,Male,32.0,4,0.0,2,No,No,167848.02,0
15693864,Iheanacho,Germany,Female,49.0,5,134956.02,1,No,No,93953.84,1
15760550,Duncan,Spain,Male,39.0,7,143637.58,2,Yes,Yes,174227.66,0
15686137,Barry,Spain,Male,32.0,9,147506.25,1,Yes,Yes,135399.21,0
15809087,Landry,FRA,Male,64.0,1,0.0,2,No,No,195635.3,1
15807663,McGregor,France,Male,43.0,8,190227.46,1,No,No,97508.04,1
15809100,Nucci,FRA,Female,32.0,2,172448.77,1,No,No,188083.77,1
15794916,Pirogov,France,Male,41.0,7,113980.21,1,Yes,Yes,116704.25,0
15614215,Oguejiofor,French,Male,53.0,6,0.0,2,Yes,Yes,97614.87,0
15805449,Ugochukwu,FRA,Male,38.0,4,0.0,2,No,No,186884.04,0
15686983,Rohu,Germany,Female,25.0,10,76968.12,2,Yes,Yes,131501.72,0
15808017,Cary,France,Male,38.0,1,88293.13,2,Yes,Yes,24302.95,0
15756804,O'Loghlen,French,Female,48.0,1,170833.46,1,No,No,110510.28,1
15646810,Quinn,Germany,Male,44.0,6,108122.39,2,No,No,108488.33,1
15710424,Page,French,Male,36.0,4,0.0,1,Yes,Yes,197015.2,0
15799422,Evans,French,Female,40.0,8,0.0,1,Yes,Yes,27689.77,0
15692750,McGregor,Germany,Female,45.0,7,129818.39,3,No,No,9217.55,1
15794549,Andrews,French,Female,35.0,2,163943.89,2,Yes,Yes,15068.18,0
15803764,Stanley,France,Male,28.0,7,0.0,2,No,No,7797.01,0
15674840,Chiazagomekpere,FRA,Female,38.0,5,101430.3,2,Yes,Yes,4400.32,0
15653762,Chidiebele,French,Female,39.0,9,117301.66,1,No,No,182025.95,0
15581229,Gregory,Germany,Female,32.0,1,173340.83,1,Yes,Yes,122763.95,0
15800228,Bednall,Spain,Female,42.0,4,0.0,2,Yes,Yes,38152.01,0
15656333,Jen,FRA,Female,33.0,3,134348.57,1,No,No,63163.99,0
15697497,She,FRA,Female,45.0,9,105525.65,2,Yes,Yes,73418.29,0
15585362,Simmons,French,Female,60.0,6,0.0,1,No,No,17978.68,1
15571928,Fraser,France,Female,43.0,4,0.0,3,No,No,115136.51,1
15785519,May,France,Male,36.0,6,106192.1,1,No,No,149575.59,0
15743007,Seabrook,France,Female,45.0,4,45144.43,1,No,No,60917.24,1
15777211,Herrera,France,Male,65.0,7,92113.61,1,Yes,Yes,142548.33,0
15721935,Kincaid,France,Male,25.0,7,0.0,2,Yes,Yes,157878.67,0
15591711,Sleeman,Spain,Male,38.0,0,128366.44,1,No,No,12796.43,0
15625021,Hung,French,Male,42.0,2,0.0,2,Yes,Yes,18657.77,0
15702968,Artemieva,Germany,Male,74.0,3,106545.53,1,Yes,Yes,134589.58,0
15600462,Barwell,FRA,Female,43.0,8,145618.37,1,Yes,Yes,10350.74,0
15768104,Wright,Spain,Male,37.0,8,141541.25,1,No,No,66013.27,0
15780140,Bellucci,Germany,Male,32.0,2,57017.06,2,Yes,Yes,5907.11,0
15585255,Moore,France,Male,42.0,9,0.0,1,No,No,74077.91,0
15772781,Ball,France,Female,51.0,3,0.0,3,Yes,Yes,77294.56,1
15669987,Sung,Germany,Female,35.0,8,125884.95,2,No,No,54359.02,1
15697000,Mello,Germany,Male,32.0,5,61825.5,1,Yes,Yes,156124.93,0
15733119,Mistry,French,Male,35.0,8,0.0,2,No,No,94820.85,0
15782390,T'ien,FRA,Female,40.0,6,0.0,1,No,No,155155.25,0
15654700,Fallaci,FRA,Female,40.0,2,102967.41,1,No,No,128702.1,1
15632210,Hill,Germany,Male,25.0,2,171770.55,1,No,No,22745.5,0
15642041,Burns,Germany,Male,40.0,1,93051.64,2,No,No,71865.31,1
15709737,Hunter,French,Male,36.0,7,161064.64,2,Yes,Yes,84294.82,0
15792388,Li,France,Female,48.0,7,90612.34,1,Yes,Yes,149139.13,0
15786014,Ku,French,Male,28.0,5,145105.64,2,No,No,185489.11,0
15794580,Ch'en,France,Male,58.0,4,0.0,1,No,No,176407.15,1
15675964,Chukwukadibia,FRA,Female,45.0,9,0.0,1,Yes,Yes,92027.69,1
15814275,Zikoranachidimma,French,Male,33.0,6,174912.72,1,Yes,Yes,43932.54,0
15724848,Oluchukwu,French,Female,46.0,1,104947.72,1,No,No,115789.25,1
15754713,Rivera,Spain,Male,31.0,10,135213.71,1,Yes,Yes,125777.28,0
15693814,Niu,Spain,Male,25.0,7,0.0,2,No,No,18461.9,0
15599660,Bennett,FRA,Male,36.0,6,116229.85,2,Yes,Yes,79633.38,0
15746490,Wollstonecraft,Spain,Female,53.0,6,111201.41,1,Yes,Yes,121542.29,0
15566091,Thomsen,Spain,Female,32.0,4,0.0,1,No,No,94739.2,0
15655961,Palermo,Germany,Male,27.0,1,131899.0,1,No,No,93302.29,0
15710404,Chinwendu,France,Male,35.0,10,124525.52,1,Yes,Yes,193793.78,0
15775625,McKenzie,French,Male,47.0,6,0.0,1,No,No,74835.65,0
15792328,James,French,Male,39.0,6,0.0,1,Yes,Yes,56999.9,1
15719856,Lamb,French,Female,45.0,3,47134.75,1,Yes,Yes,57236.44,0
15593773,Olejuru,Spain,Male,35.0,3,0.0,2,No,No,81483.64,0
15733114,Hay,Spain,Male,45.0,9,0.0,2,No,No,26752.56,0
15797748,Lu,French,Male,44.0,5,0.0,2,Yes,Yes,9200.54,0
15743411,Chiawuotu,Spain,Male,61.0,1,0.0,1,No,No,22447.85,1
15753337,Yeates,France,Male,51.0,5,0.0,3,No,No,189122.89,1
15601026,Gallagher,Germany,Female,19.0,1,138657.08,1,Yes,Yes,16161.82,0
15658485,Heath,France,Female,34.0,9,70302.48,1,Yes,Yes,68600.36,0
15636731,Ts'ai,Germany,Female,36.0,1,101609.01,2,Yes,Yes,447.73,0
15628303,Thurgood,Spain,Male,35.0,3,0.0,1,Yes,Yes,15650.73,0
15633461,Pai,Germany,Male,38.0,5,130170.82,1,Yes,Yes,149599.62,0
15677135,Lorenzo,Germany,Male,61.0,8,133802.29,2,Yes,Yes,90304.01,0
15590876,Knupp,France,Female,24.0,7,106234.02,1,No,No,115676.38,0
15790782,Baryshnikov,Spain,Male,39.0,6,132628.98,1,No,No,38812.67,0
15700476,Azubuike,Germany,Male,41.0,9,103522.75,2,Yes,Yes,34338.21,0
15634141,Shephard,Germany,Female,42.0,8,192390.52,2,No,No,823.36,0
15737795,Scott,Spain,Male,36.0,1,0.0,1,Yes,Yes,135482.26,1
15790299,Williamson,Spain,Male,37.0,9,0.0,3,Yes,Yes,10656.89,0
15675316,Avdeeva,French,Female,38.0,3,0.0,2,Yes,Yes,116467.35,0
15613630,Tang,France,Male,52.0,8,109922.61,1,Yes,Yes,96823.32,1
15662100,Hsu,Germany,Female,44.0,5,128605.32,1,Yes,Yes,171096.2,0
15668032,Buchanan,FRA,Female,37.0,4,0.0,1,Yes,Yes,79881.39,0
15599289,Yeh,France,Female,37.0,10,68598.56,1,No,No,157862.82,0
15754084,Palazzi,Spain,Male,35.0,1,106518.52,1,Yes,Yes,127951.81,0
15676521,Y?an,French,Female,31.0,8,0.0,2,No,No,191074.11,0
15804586,Lin,French,Female,46.0,6,0.0,1,No,No,157333.69,1
15781465,Schofield,Germany,Female,29.0,8,121326.42,1,No,No,133457.52,0
15729362,Lombardi,France,Male,36.0,8,67226.37,1,No,No,130789.6,0
15709295,Wall,Spain,Female,25.0,5,82931.85,2,Yes,Yes,128373.88,0
15745324,Milani,Spain,Female,39.0,4,0.0,1,No,No,194273.2,1
15741336,Ejimofor,FRA,Female,38.0,5,118590.41,1,Yes,Yes,5684.17,1
15783659,Blackburn,France,Male,67.0,4,145981.87,1,Yes,Yes,131043.2,0
15620981,Wickham,FRA,Female,48.0,3,73309.38,1,No,No,21228.34,1
15630328,Bird,France,Female,48.0,8,130796.33,2,Yes,Yes,43250.3,0
15785899,Ch'en,Germany,Male,33.0,8,151607.56,1,No,No,4389.4,0
15606149,Wood,Germany,Female,66.0,9,111577.01,1,Yes,Yes,189271.9,0
15671139,Brizendine,Spain,Male,39.0,0,107042.74,1,Yes,Yes,102284.2,0
15660429,Ch'in,Spain,Female,42.0,2,156371.61,2,Yes,Yes,156774.94,1
15571002,Yusupov,French,Female,44.0,4,129605.99,1,No,No,69865.49,0
15631681,Jibunoh,Spain,Female,43.0,0,0.0,2,Yes,Yes,85523.24,0
15731522,Ts'ui,Spain,Female,67.0,8,0.0,2,Yes,Yes,51219.8,0
15619529,Ndukaku,Spain,Male,27.0,8,132576.25,1,No,No,7222.92,0
15628034,Wilder,FRA,Female,37.0,6,129101.3,1,Yes,Yes,23971.33,0
15686164,Maclean,Germany,Female,31.0,1,108822.4,1,Yes,Yes,132173.31,0
15582797,Ch'iu,Spain,Male,35.0,4,137948.51,1,No,No,113639.64,0
15753831,Cox,Spain,Male,32.0,7,100433.8,1,Yes,Yes,39768.59,0
15731815,Nepean,Spain,Male,63.0,4,96134.11,3,No,No,108732.96,1
15580956,McNess,Germany,Female,43.0,4,115888.04,1,Yes,Yes,117349.19,1
15602084,Coles,France,Female,42.0,5,124626.07,1,Yes,Yes,78004.5,0
15589805,Benson,France,Female,34.0,6,139810.34,1,Yes,Yes,152417.79,0
15720893,Gilbert,Spain,Female,34.0,9,0.0,2,No,No,26057.08,0
15641009,Wilhelm,France,Male,37.0,3,84496.71,1,No,No,79972.09,0
15605926,Sinclair,Germany,Male,70.0,9,116854.71,2,Yes,Yes,107125.79,0
15805955,L?,FRA,Female,48.0,10,138333.03,1,Yes,Yes,47679.14,0
15801488,Buckner,FRA,Male,25.0,3,0.0,2,Yes,Yes,134509.47,0
15605918,Padovesi,Germany,Male,43.0,5,78992.75,2,No,No,153265.31,0
15779711,Gray,Spain,Female,38.0,7,97257.41,2,Yes,Yes,179883.04,0
15705620,Lu,France,Male,34.0,5,122453.37,2,No,No,138882.98,0
15685357,Wright,Spain,Female,36.0,8,112940.07,1,Yes,Yes,9855.81,0
15570060,Palerma,FRA,Female,43.0,8,132558.26,1,No,No,67046.83,1
15582616,Y?an,FRA,Female,38.0,4,0.0,2,No,No,56388.63,0
15799515,Wei,France,Female,48.0,8,133297.24,1,No,No,77764.37,0
15642937,Padovesi,France,Female,46.0,7,0.0,2,No,No,130590.35,0
15624729,Tsao,France,Male,27.0,0,197041.8,1,No,No,151912.49,0
15566156,Franklin,Germany,Female,44.0,0,71497.79,2,No,No,151083.8,0
15792360,Clark,French,Male,32.0,7,0.0,2,Yes,Yes,777.37,0
15807008,McGregor,Germany,Female,35.0,6,128100.28,1,No,No,69454.24,1
15704770,Pan,France,Male,25.0,1,124532.78,2,Yes,Yes,11723.57,0
15756475,Kenniff,Germany,Male,31.0,9,82293.82,2,Yes,Yes,91565.25,0
15655339,Spencer,France,Male,36.0,1,142120.91,1,No,No,79616.37,0
15613749,Lees,Spain,Male,34.0,0,151839.26,1,No,No,102299.81,1
15664521,David,Spain,Male,31.0,7,149620.88,2,Yes,Yes,104533.51,0
15681206,Hsing,France,Female,49.0,3,168197.66,1,No,No,140765.57,1
15745527,Burke,FRA,Male,37.0,5,93147.0,2,No,No,66214.13,0
15806926,Watson,French,Female,35.0,2,97440.02,2,Yes,Yes,139816.1,0
15724563,Hawkins,Germany,Female,42.0,3,65046.08,2,Yes,Yes,140139.28,0
15782899,Ginn,Spain,Female,28.0,7,95357.49,1,No,No,102297.15,0
15623521,Sozonov,Spain,Male,43.0,9,123105.88,2,No,No,145765.83,0
15810218,Sun,Spain,Male,29.0,9,0.0,3,Yes,Yes,83912.24,0
15645621,Hunter,Spain,Male,44.0,3,0.0,2,Yes,Yes,78439.73,0
15608114,Manfrin,Spain,Male,62.0,7,121286.27,1,Yes,Yes,6776.92,0
15659557,Artamonova,Germany,Female,28.0,4,167738.82,2,Yes,Yes,9903.42,0
15787772,Hansen,France,Female,38.0,1,104091.29,1,No,No,91561.91,0
15691111,Pai,Germany,Female,42.0,8,121980.56,2,No,No,4027.02,0
15592089,Larsen,France,Female,43.0,10,0.0,2,Yes,Yes,116111.51,0
15633897,Owen,Germany,Male,39.0,1,50880.98,2,Yes,Yes,184023.54,0
15701301,Murphy,French,Female,42.0,3,175159.9,2,No,No,67124.48,1
15723685,Ekechukwu,Germany,Female,26.0,7,105514.69,2,No,No,50070.59,0
15701602,Ayers,Germany,Male,52.0,5,116497.31,3,No,No,53793.1,1
15739189,Johnson,Spain,Female,33.0,6,0.0,2,No,No,45261.47,0
15573086,Millar,FRA,Male,42.0,7,99824.45,1,Yes,Yes,36721.4,0
15569050,Farrell,FRA,Male,45.0,6,0.0,1,No,No,130009.85,1
15750765,Sanders,Spain,Male,71.0,0,0.0,1,Yes,Yes,175380.77,0
15799811,Herrera,FRA,Male,40.0,10,0.0,1,No,No,127847.25,1
15698442,Eberechukwu,Spain,Male,35.0,3,122964.88,1,Yes,Yes,138231.7,0
15655274,Bardin,FRA,Female,29.0,4,0.0,2,Yes,Yes,48673.18,0
15603594,Nwankwo,Spain,Male,24.0,4,0.0,2,Yes,Yes,70668.77,0
15585961,Talbot,Spain,Female,43.0,3,0.0,2,Yes,Yes,199505.53,0
15686936,McGregor,FRA,Female,37.0,5,89634.69,1,Yes,Yes,169583.18,1
15770424,Onyeorulu,Germany,Male,40.0,7,95710.11,2,No,No,49063.42,0
15587451,Goold,Germany,Male,41.0,7,139706.31,1,No,No,63337.19,0
15602010,Zikoranaudodimma,Germany,Female,45.0,5,103909.86,1,No,No,60083.11,1
15600583,Garner,France,Male,31.0,1,0.0,1,No,No,48606.71,0
15654673,Onyinyechukwuka,France,Male,49.0,6,173434.9,1,No,No,165580.93,1
15717164,Genovese,Spain,Male,32.0,6,102238.01,2,Yes,Yes,194010.12,0
15765014,Mai,France,Female,48.0,1,179380.74,2,Yes,Yes,69263.1,0
15682639,Marshall,France,Male,32.0,3,0.0,2,Yes,Yes,88698.83,0
15729279,Naylor,French,Female,25.0,4,108691.95,1,No,No,63030.97,0
15759805,Pinto,French,Female,32.0,4,0.0,2,No,No,59668.81,0
15767864,Fulton,France,Male,33.0,6,0.0,2,No,No,184230.23,0
15769948,Palerma,Germany,Male,35.0,0,133377.8,1,Yes,Yes,64050.19,0
15686345,McCaffrey,Spain,Male,34.0,9,0.0,2,Yes,Yes,81853.98,0
15688071,Collins,Spain,Male,53.0,10,0.0,1,Yes,Yes,154642.91,0
15681174,Zuev,French,Male,39.0,1,116537.6,1,No,No,145679.6,0
15667521,Crawford,French,Female,22.0,3,0.0,2,No,No,30781.77,0
15750243,Genovese,Spain,Male,40.0,4,0.0,2,Yes,Yes,81622.52,0
15695475,Maclean,FRA,Male,29.0,1,130131.08,2,Yes,Yes,196474.35,0
15689176,Fabro,FRA,Male,46.0,3,0.0,2,Yes,Yes,176276.1,0
15652955,Price,Spain,Male,30.0,0,0.0,1,No,No,35113.08,0
15668958,Chatfield,France,Male,30.0,2,107316.09,1,No,No,64299.82,0
15631054,Volkova,FRA,Female,24.0,1,0.0,2,Yes,Yes,180969.55,0
15581479,Archer,FRA,Male,30.0,1,83181.29,1,Yes,Yes,138176.78,0
15577478,Ch'iu,France,Female,72.0,3,0.0,1,Yes,Yes,86733.61,0
15780870,McKay,Spain,Male,67.0,3,153946.14,1,Yes,Yes,7418.92,0
15692317,Craig,France,Male,30.0,5,0.0,2,No,No,166376.54,0
15593969,Abramovich,Spain,Female,39.0,7,135483.17,1,No,No,140881.2,1
15570417,Chien,France,Male,35.0,1,0.0,2,No,No,4460.2,0
15779059,Timms,French,Female,38.0,4,119624.54,2,Yes,Yes,110472.12,0
15785980,Williford,Spain,Male,34.0,6,121132.26,2,No,No,86460.28,0
15644200,Hamilton,Spain,Female,42.0,1,0.0,1,No,No,16500.66,1
15793949,Cheng,France,Female,48.0,4,0.0,1,No,No,114020.06,1
15645103,Su,Germany,Male,25.0,5,54817.55,1,No,No,131660.31,0
15705860,McKenzie,Germany,Male,40.0,3,107949.45,1,No,No,52449.62,1
15623828,Akobundu,France,Male,30.0,4,0.0,1,Yes,Yes,161465.31,0
15715003,Ko,Spain,Female,49.0,2,80816.45,1,Yes,Yes,20018.79,0
15623471,Marcelo,Germany,Male,38.0,3,98205.77,1,No,No,176318.27,0
15798348,Chukwuebuka,Spain,Female,50.0,6,94684.27,1,Yes,Yes,50488.91,0
15743016,MacDonald,Spain,Female,22.0,7,141604.76,1,No,No,30379.6,0
15769499,Lampungmeiua,Spain,Female,74.0,3,0.0,2,Yes,Yes,161326.73,0
15798521,Tai,Spain,Male,33.0,3,0.0,2,No,No,45348.08,0
15706534,Enyinnaya,FRA,Female,47.0,1,122949.14,1,No,No,180251.68,1
15706186,McKenzie,Germany,Male,33.0,8,81677.22,2,No,No,34925.56,0
15812197,Kline,France,Male,38.0,7,80293.98,1,No,No,126555.74,0
15650933,Ma,Spain,Female,48.0,8,155413.06,1,No,No,187921.3,0
15692991,Wood,Spain,Female,38.0,4,0.0,2,Yes,Yes,136390.88,0
15631189,Riggs,Germany,Male,38.0,9,67111.65,1,No,No,78566.64,1
15762198,Capon,French,Male,34.0,5,103818.43,1,Yes,Yes,166038.27,0
15699598,Smith,French,Female,20.0,4,0.0,2,Yes,Yes,140385.33,0
15692744,Davison,French,Male,36.0,4,152169.12,2,No,No,38629.3,1
15688963,Ingram,France,Female,52.0,10,0.0,1,Yes,Yes,24998.75,1
15599131,Dilke,Germany,Male,26.0,4,214346.96,2,No,No,128815.33,0
15680303,Gibson,FRA,Male,57.0,6,0.0,1,No,No,19376.56,1
15628674,Iadanza,France,Male,40.0,7,113348.14,1,No,No,31904.31,1
15648075,Hebert,Germany,Female,47.0,5,170935.94,1,No,No,173179.79,1
15586970,Pinto,Germany,Male,52.0,8,103023.26,1,Yes,Yes,22485.64,0
15625698,Dumetochukwu,Spain,Female,23.0,6,0.0,2,Yes,Yes,196668.51,0
15790497,Ross,Spain,Male,37.0,6,0.0,2,No,No,136506.86,0
15682618,Jamieson,French,Female,31.0,7,111855.04,2,Yes,Yes,36278.89,0
15762937,Chiganu,Germany,Female,32.0,6,140348.56,2,Yes,Yes,163254.39,0
15750929,Burgess,Spain,Male,39.0,8,0.0,2,No,No,99654.13,0
15729832,Cheng,French,Male,29.0,3,145512.84,1,No,No,20207.02,0
15633650,Woods,Germany,Female,41.0,8,146720.98,2,Yes,Yes,4195.84,0
15748856,Liang,France,Male,32.0,10,107209.73,1,Yes,Yes,112340.2,0
15589195,Bluett,Germany,Female,38.0,7,130933.74,1,Yes,Yes,2035.94,0
15699911,Chapman,Spain,Female,35.0,8,0.0,1,No,No,132295.95,0
15663438,Andrejew,Spain,Male,36.0,0,89772.3,1,No,No,177383.68,1
15692583,Udobata,France,Female,32.0,5,0.0,2,No,No,90284.47,0
15591257,Ejimofor,France,Male,24.0,8,0.0,2,No,No,61349.37,0
15646513,Spyer,FRA,Male,42.0,5,0.0,1,No,No,196466.83,1
15708063,Walker,French,Male,36.0,2,100749.5,3,No,No,70758.37,1
15696098,Palermo,France,Female,31.0,10,0.0,2,No,No,13892.57,0
15645517,Philip,Spain,Male,22.0,2,0.0,2,Yes,Yes,9684.52,0
15649744,Fallaci,French,Female,51.0,3,123981.31,2,Yes,Yes,40546.15,0
15604304,Perry,Germany,Female,34.0,4,91622.42,1,Yes,Yes,136603.42,0
15784092,Henderson,French,Male,36.0,7,126195.81,1,Yes,Yes,133172.48,0
15585198,Bergamaschi,FRA,Male,41.0,4,94267.9,1,Yes,Yes,152821.12,1
15624347,Fokine,FRA,Male,40.0,4,0.0,2,Yes,Yes,147715.83,0
15621687,Mackay,French,Male,34.0,0,0.0,2,No,No,43169.15,0
15689081,Wu,FRA,Male,29.0,4,0.0,1,No,No,76755.99,1
15813168,Maslova,Germany,Female,39.0,3,100717.85,3,Yes,Yes,73406.04,1
15604295,Wei,French,Male,36.0,6,0.0,2,No,No,176728.28,0
15724127,McLean,French,Female,26.0,4,141581.71,2,No,No,98309.27,0
15673055,Sung,Spain,Male,38.0,7,0.0,2,Yes,Yes,6203.66,0
15768201,Paterson,France,Female,39.0,2,148586.64,1,Yes,Yes,176791.27,0
15782219,Fanucci,Spain,Male,29.0,9,0.0,2,No,No,50679.48,0
15746410,Thompson,Spain,Male,38.0,7,0.0,2,No,No,150580.88,0
15780144,Tisdall,Germany,Female,32.0,2,123403.85,2,No,No,80120.19,0
15590476,Onochie,French,Male,28.0,7,0.0,2,No,No,151645.96,0
15624293,Mironova,FRA,Female,46.0,3,106511.85,1,No,No,55072.32,0
15618182,Ndubueze,FRA,Female,38.0,2,0.0,2,No,No,115068.99,0
15660316,Stephenson,Germany,Female,34.0,1,135549.9,1,No,No,149471.13,1
15678886,Golubev,Germany,Male,38.0,7,110555.37,2,No,No,46522.68,0
15616330,Liao,French,Male,31.0,4,0.0,2,No,No,189995.86,0
15592229,Mullan,French,Female,52.0,0,185891.54,1,Yes,Yes,46369.57,1
15798424,Glover,Germany,Male,59.0,1,130854.59,1,Yes,Yes,30722.52,1
15714750,Northey,French,Female,42.0,3,92578.14,2,No,No,70810.6,0
15648800,Paterson,Germany,Female,21.0,8,132312.06,1,No,No,106663.46,1
15626147,Maclean,FRA,Female,62.0,8,144976.5,1,No,No,175836.03,1
15626608,Howarde,Spain,Male,48.0,5,87070.23,1,Yes,Yes,85646.41,0
15723250,Teng,French,Male,42.0,8,0.0,2,Yes,Yes,101485.72,0
15592583,Colman,French,Female,47.0,1,115414.19,3,No,No,191734.67,1
15759381,Johnson,Spain,Male,61.0,7,91070.43,1,Yes,Yes,101839.77,0
15585241,Butcher,Spain,Male,29.0,2,117412.19,2,No,No,4888.91,0
15589358,Stanley,Germany,Male,31.0,4,90018.45,2,No,No,193132.98,0
15672704,Jackson,France,Female,24.0,4,0.0,2,No,No,193518.76,0
15789955,Hu,Germany,Male,56.0,1,112414.81,2,No,No,93982.02,1
15596800,Hill,Germany,Male,33.0,1,158456.76,1,Yes,Yes,197000.92,1
15627305,Pan,Spain,Male,35.0,7,0.0,1,No,No,106837.06,1
15645316,Han,Germany,Female,58.0,1,149641.53,1,Yes,Yes,115161.28,0
15593973,Wilkie,Spain,Female,33.0,8,122528.18,1,No,No,196260.3,0
15647301,Bray,Germany,Female,45.0,3,143734.01,2,Yes,Yes,96404.38,0
15750258,Ann,France,Female,32.0,2,155663.31,1,No,No,97658.66,0
15685309,Souter,French,Female,35.0,7,0.0,1,Yes,Yes,49108.23,1
15628205,Greco,Germany,Female,34.0,1,101736.66,1,Yes,Yes,195651.66,0
15733974,Mao,Spain,Male,37.0,9,125822.21,1,No,No,111698.0,0
15762110,Anderson,French,Male,37.0,0,0.0,2,Yes,Yes,171707.93,0
15706899,Ma,FRA,Male,34.0,4,0.0,2,Yes,Yes,66721.98,0
15732660,Black,French,Female,27.0,2,0.0,1,Yes,Yes,57876.05,0
15656121,Medvedeva,Germany,Male,31.0,6,157791.07,2,No,No,177994.81,0
15614220,Benson,France,Male,22.0,5,0.0,2,Yes,Yes,105125.65,0
15645269,Duncan,France,Female,42.0,4,0.0,2,No,No,17439.66,0
15698510,Onwudiwe,Germany,Male,42.0,9,181627.14,2,No,No,172668.39,0
15569247,Mitchell,Spain,Female,57.0,1,109679.72,1,Yes,Yes,753.37,0
15566251,Ferrari,France,Female,37.0,5,96652.86,1,No,No,98686.4,1
15716134,Russo,France,Male,40.0,5,190008.32,2,Yes,Yes,107047.92,0
15763625,Hazon,Spain,Male,41.0,9,0.0,2,No,No,152153.74,0
15605965,Henderson,FRA,Male,43.0,9,0.0,2,Yes,Yes,34338.04,0
15694821,Hardy,Germany,Male,43.0,4,148962.76,1,Yes,Yes,173878.87,1
15601688,Piccio,French,Male,28.0,8,0.0,1,No,No,159254.29,0
15575581,Dickson,Germany,Female,30.0,3,131344.52,2,No,No,54776.64,0
15671209,Holden,Germany,Female,29.0,5,101713.84,3,No,No,134594.99,0
15616529,Hsieh,Spain,Male,34.0,3,0.0,1,Yes,Yes,41724.72,0
15773906,Doherty,France,Male,38.0,4,0.0,2,No,No,110527.71,0
15722993,Page,France,Female,27.0,6,137963.07,1,No,No,8996.79,0
15752463,Samuel,Spain,Female,29.0,4,129938.07,1,Yes,Yes,190200.53,0
15589754,Malloy,Germany,Male,45.0,2,151421.44,1,Yes,Yes,115333.43,0
15669899,Fitts,Germany,Female,45.0,7,135643.0,1,No,No,143619.52,1
15766887,Iadanza,Spain,Male,39.0,2,122773.5,2,Yes,Yes,58467.08,0
15768006,Wu,FRA,Male,34.0,3,152303.8,1,No,No,12128.69,0
15741295,Yefimova,France,Male,49.0,3,0.0,2,Yes,Yes,49872.33,0
15811327,Pan,Spain,Male,54.0,1,79415.67,1,Yes,Yes,139735.54,0
15690007,Ts'ui,Germany,Female,58.0,9,125801.03,2,No,No,60891.8,1
15690664,Liang,Spain,Male,37.0,10,0.0,2,No,No,100862.54,0
15719348,Tsao,France,Male,35.0,8,0.0,1,No,No,76640.29,1
15781802,Abramov,FRA,Male,41.0,6,104817.41,1,No,No,126013.58,1
15752731,Millar,France,Female,30.0,9,0.0,1,No,No,87347.82,0
15600997,Demuth,Germany,Female,32.0,5,67495.04,2,Yes,Yes,77370.37,0
15750776,Genovese,FRA,Female,36.0,0,164850.54,1,Yes,Yes,62722.44,0
15723907,Lawless,Germany,Female,49.0,5,154776.42,2,No,No,196257.68,0
15633419,Brooks,Germany,Female,28.0,1,143124.63,2,No,No,81723.8,0
15702430,Ignatyeva,FRA,Female,35.0,10,0.0,1,Yes,Yes,31299.71,0
15710456,Balmain,French,Female,27.0,2,0.0,2,No,No,63495.86,0
15650351,Millar,FRA,Female,38.0,8,102133.38,1,Yes,Yes,166520.96,0
15590820,Ecuyer,Spain,Male,26.0,6,79932.41,1,No,No,150242.44,0
15640454,Parkhill,Germany,Male,40.0,0,120711.73,1,No,No,27345.18,1
15697789,Li Fonti,Germany,Female,43.0,3,122717.53,2,Yes,Yes,87000.39,0
15808182,Beneventi,Spain,Female,36.0,3,92363.3,2,No,No,44912.7,0
15588670,Despeissis,Spain,Female,40.0,5,203715.15,1,No,No,179978.68,1
15721292,Atkins,Spain,Male,39.0,5,0.0,2,No,No,145759.7,0
15604217,Williams,French,Male,34.0,9,0.0,2,No,No,14121.61,0
15651369,Wright,France,Male,21.0,1,0.0,2,No,No,66232.23,0
15782454,Hancock,France,Male,49.0,4,0.0,1,Yes,Yes,190296.76,1
15814032,Hsieh,Germany,Female,31.0,1,93460.47,2,No,No,172782.69,0
15570326,Wilkins,FRA,Male,34.0,6,0.0,2,Yes,Yes,99128.13,0
15624428,Longo,Germany,Female,24.0,7,40224.7,1,Yes,Yes,178341.33,0
15755638,Mancini,France,Female,43.0,5,168069.73,1,Yes,Yes,146992.24,1
15600992,Madukaego,FRA,Male,36.0,1,0.0,2,Yes,Yes,151314.98,0
15755649,Winter-Irving,Germany,Male,47.0,7,130538.77,1,No,No,92915.84,0
15795228,Stewart,FRA,Male,37.0,3,132623.6,1,Yes,Yes,58974.0,0
15589257,Grant,France,Female,35.0,3,103465.02,2,Yes,Yes,174627.06,0
15719302,Brennan,French,Female,50.0,9,126547.8,1,Yes,Yes,79579.94,1
15639882,She,French,Male,30.0,2,128262.72,2,No,No,50771.16,0
15791279,Murray,FRA,Male,40.0,5,169742.64,1,Yes,Yes,153537.55,1
15636935,Rischbieth,France,Female,29.0,1,0.0,2,Yes,Yes,132975.39,0
15686909,Lung,Germany,Male,27.0,3,150795.81,1,Yes,Yes,85208.93,0
15589572,Otutodilichukwu,Spain,Female,61.0,4,129855.72,2,No,No,170214.82,1
15779947,Thomas,Spain,Female,28.0,6,146098.43,3,No,No,100615.14,1
15573769,Fiorentini,FRA,Female,24.0,7,0.0,2,No,No,186105.99,0
15578866,Hughes,FRA,Female,43.0,2,0.0,1,Yes,Yes,55119.53,0
15739131,Whitworth,Germany,Male,28.0,4,65643.3,1,No,No,28760.99,0
15813444,McIntosh,Spain,Female,34.0,6,0.0,2,No,No,171021.44,0
15678058,Ayers,France,Male,38.0,9,104584.16,1,No,No,176678.72,0
15769169,Trentino,France,Male,41.0,7,0.0,1,Yes,Yes,28667.56,0
15804602,Boyd,Germany,Male,30.0,6,99785.28,2,No,No,197238.03,0
15651052,McMasters,Germany,Male,46.0,2,127655.22,1,No,No,139994.68,1
15724334,Alekseyeva,FRA,Male,22.0,5,0.0,1,No,No,151169.83,0
15569451,Miller,FRA,Male,35.0,2,101257.16,1,Yes,Yes,118113.64,0
15650098,Baranova,France,Female,40.0,7,0.0,2,Yes,Yes,34453.17,0
15724307,Mitchell,France,Male,76.0,10,121313.88,1,Yes,Yes,64872.33,0
15599268,Yobachi,Spain,Male,32.0,5,0.0,2,No,No,10956.82,0
15594864,Huang,Germany,Male,30.0,4,81523.38,1,Yes,Yes,36885.85,0
15616451,Genovese,FRA,Female,47.0,6,128252.66,1,Yes,Yes,168053.4,0
15715667,Sorokina,FRA,Female,32.0,7,0.0,2,No,No,155227.0,0
15658969,Gray,French,Male,51.0,7,0.0,3,No,No,38409.79,1
15738174,Ervin,France,Female,32.0,5,0.0,2,Yes,Yes,75279.39,0
15813590,Vance,Spain,Male,42.0,6,0.0,2,No,No,158302.59,1
15624229,Noble,FRA,Female,22.0,4,0.0,2,Yes,Yes,11525.72,0
15674148,Milanesi,Spain,Male,33.0,6,0.0,1,No,No,94993.04,1
15625080,Parkin,Spain,Female,54.0,8,0.0,1,No,No,173912.29,1
15682528,Cremonesi,France,Male,33.0,5,0.0,1,Yes,Yes,41139.05,0
15696900,Burns,Germany,Male,29.0,3,145541.56,2,Yes,Yes,58019.95,0
15730038,Docherty,French,Female,23.0,5,0.0,1,No,No,164128.41,1
15812272,Ugonna,Germany,Male,44.0,5,124601.58,2,Yes,Yes,46998.13,1
15654654,L?,Germany,Female,33.0,7,115182.84,2,Yes,Yes,177279.41,0
15697625,Bevan,FRA,Male,37.0,2,163789.49,2,No,No,75832.53,0
15616280,Hsia,FRA,Male,46.0,1,65733.41,1,No,No,61094.53,0
15654229,O'Neill,Spain,Male,47.0,1,0.0,2,Yes,Yes,30117.44,0
15628298,Johnstone,Spain,Female,47.0,8,128486.11,1,No,No,179227.12,0
15733387,Pham,Spain,Female,53.0,6,109663.47,1,Yes,Yes,52110.45,0
15775572,Bergamaschi,Germany,Female,42.0,6,88324.31,2,No,No,75248.75,0
15613844,Murphy,FRA,Female,28.0,7,146445.24,2,No,No,184317.74,0
15578515,Osinachi,FRA,Female,38.0,3,0.0,2,No,No,158553.1,0
15607598,Muravyov,Spain,Female,31.0,6,0.0,2,Yes,Yes,95686.42,0
15742480,Igwebuike,Germany,Male,36.0,2,109949.05,2,Yes,Yes,71682.54,0
15749482,Zack,Spain,Male,30.0,4,78653.05,1,No,No,1790.48,0
15607537,Crawford,Germany,Male,46.0,9,107850.82,1,No,No,139431.0,1
15575410,Chidiegwu,Germany,Female,39.0,4,83765.35,2,No,No,118358.54,0
15684865,Lucchesi,FRA,Female,66.0,7,143773.07,1,Yes,Yes,130827.88,0
15600700,Pan,Germany,Male,63.0,6,116227.27,1,Yes,Yes,119404.63,0
15774155,Trevisani,Germany,Male,33.0,0,103471.52,1,Yes,Yes,162703.0,0
15634267,Yudin,French,Male,42.0,5,0.0,2,No,No,172665.21,0
15619626,Wade,FRA,Male,24.0,3,137492.35,2,Yes,Yes,170142.09,0
15660422,Chung,French,Male,28.0,7,0.0,2,No,No,73977.23,0
15617934,Septimus,FRA,Male,36.0,9,129829.59,1,Yes,Yes,60906.12,0
15760774,Hargraves,France,Female,21.0,1,146329.57,2,Yes,Yes,194867.27,0
15813132,Chukwukadibia,Germany,Male,30.0,4,114027.7,1,Yes,Yes,193716.56,0
15593331,Sidorov,Germany,Male,25.0,6,146580.69,1,Yes,Yes,14633.35,0
15616709,Bunton,Germany,Female,38.0,0,132122.42,2,No,No,31730.32,0
15658052,Cameron,French,Female,44.0,10,81553.93,1,No,No,20063.63,1
15721189,Kung,FRA,Female,66.0,7,0.0,2,Yes,Yes,99792.82,0
15711288,Hay,FRA,Male,24.0,6,0.0,2,No,No,37654.31,0
15770030,Conti,Spain,Female,28.0,3,0.0,2,Yes,Yes,192449.02,0
15803681,Sims,France,Female,26.0,4,0.0,2,Yes,Yes,181208.47,0
15702789,Carter,Germany,Male,32.0,5,175214.71,1,Yes,Yes,155165.61,0
15814930,McGregor,Germany,Female,40.0,10,125534.51,1,No,No,121504.18,1
15658306,Lo,FRA,Male,68.0,4,97705.99,1,Yes,Yes,61569.07,0
15699523,Chu,Germany,Female,55.0,4,126817.65,2,No,No,123269.71,0
15610383,Dumetolisa,France,Female,46.0,1,46870.43,4,No,No,31272.14,1
15615032,Peng,Spain,Male,46.0,3,0.0,2,Yes,Yes,62825.03,0
15781989,Drake-Brockman,France,Male,42.0,9,120094.93,1,No,No,184056.45,0
15647402,Wan,French,Female,38.0,3,0.0,2,Yes,Yes,48924.73,0
15740494,Cameron,FRA,Female,33.0,3,0.0,2,No,No,191111.02,0
15701265,Tretiakov,Germany,Female,36.0,1,104356.94,2,Yes,Yes,54184.06,0
15743532,Ball,Germany,Male,27.0,5,147004.34,1,No,No,64381.33,1
15794870,Sal,Germany,Male,38.0,6,73023.17,2,No,No,78770.86,0
15747591,Chung,Spain,Female,40.0,1,173432.55,1,Yes,Yes,116766.79,0
15726557,Lai,FRA,Female,42.0,7,165679.92,1,No,No,32916.29,0
15732199,Gether,Spain,Male,31.0,9,104678.62,1,Yes,Yes,50972.6,0
15662291,Davidson,FRA,Female,55.0,8,116973.26,3,No,No,122066.5,1
15749050,Justice,French,Female,36.0,3,0.0,1,No,No,65996.9,0
15781586,Osonduagwuike,Germany,Male,38.0,2,126732.85,1,Yes,Yes,79577.38,0
15617078,Ewing,France,Female,44.0,6,148481.09,1,No,No,130529.13,0
15723339,Chin,France,Female,38.0,4,137654.05,2,Yes,Yes,172629.67,0
15671322,Chiang,Germany,Male,30.0,7,115315.04,1,No,No,15216.53,0
15793854,Ahmed,FRA,Male,42.0,2,99095.73,1,Yes,Yes,17512.53,0
15756539,Marshall,Germany,Female,39.0,7,165610.41,2,No,No,131852.01,0
15612064,Tsou,FRA,Male,33.0,5,0.0,2,No,No,181945.52,1
15625916,Chien,Spain,Male,32.0,6,161628.66,1,No,No,91482.5,0
15683195,Ubanwa,FRA,Male,32.0,9,146605.27,1,Yes,Yes,77119.45,0
15690182,Kapustin,Germany,Male,37.0,5,113488.68,1,No,No,95611.74,1
15721719,Calabresi,France,Male,42.0,7,77002.2,2,Yes,Yes,80428.42,0
15641690,Hsiao,Spain,Male,67.0,7,0.0,2,Yes,Yes,163714.92,0
15634896,Grant,France,Female,39.0,6,0.0,2,Yes,Yes,27375.15,0
15671590,H?,Spain,Male,25.0,4,0.0,2,Yes,Yes,73873.65,0
15779182,Chia,Spain,Male,46.0,8,182364.53,1,No,No,139266.48,1
15778287,Ugoji,French,Male,35.0,8,0.0,2,Yes,Yes,131772.51,0
15609510,Gregory,FRA,Male,45.0,7,149364.58,1,Yes,Yes,173454.07,0
15742229,Mackay,French,Male,59.0,7,127450.14,1,Yes,Yes,67552.71,0
15658532,Nnamutaezinwa,Spain,Female,63.0,5,162278.32,1,Yes,Yes,34765.33,0
15590993,Findlay,Spain,Male,37.0,5,152212.88,2,No,No,120219.14,0
15565701,Ferri,Spain,Female,39.0,9,161993.89,1,No,No,90212.38,0
15597239,Ku,Spain,Male,39.0,7,131468.44,1,No,No,164975.82,0
15688880,Amechi,Germany,Male,40.0,10,102980.44,1,No,No,1285.81,1
15813917,Kirk,Germany,Male,31.0,9,143321.97,1,No,No,83679.46,0
15679611,Andrews,Spain,Female,37.0,2,130404.92,1,No,No,34548.74,0
15636589,Murray,FRA,Female,41.0,7,0.0,2,Yes,Yes,74275.08,0
15687752,Griffin,FRA,Male,30.0,2,87505.47,2,Yes,Yes,7278.57,0
15584363,Longstaff,France,Male,30.0,0,133634.02,1,Yes,Yes,162053.92,0
15737748,McWilliam,Spain,Female,33.0,3,151233.62,1,No,No,199336.63,0
15803365,Coffee,Spain,Male,55.0,2,70263.83,1,Yes,Yes,62347.71,0
15793247,Hancock,FRA,Male,34.0,5,0.0,2,Yes,Yes,91711.66,0
15572360,Clark,French,Male,30.0,10,57657.49,1,No,No,79240.9,0
15795166,Creswell,Germany,Male,42.0,8,153572.31,2,Yes,Yes,76679.6,0
15724620,Dodds,FRA,Male,37.0,1,134752.08,1,No,No,162511.55,0
15800856,Ewen,Spain,Male,34.0,3,83132.09,1,Yes,Yes,21360.88,0
15671097,Carter,France,Female,31.0,2,0.0,2,No,No,54487.43,0
15683930,Ch'iu,Germany,Female,32.0,9,134096.53,2,No,No,53931.05,1
15749004,Tsao,FRA,Female,31.0,0,118100.59,2,No,No,103165.15,0
15800434,Burgess,Germany,Male,52.0,10,76915.4,1,No,No,146359.81,1
15709117,Fanucci,Spain,Female,46.0,3,81576.75,1,Yes,Yes,28370.95,1
15638806,Blackburn,Spain,Male,49.0,2,0.0,2,No,No,10023.15,0
15662294,Bennett,French,Male,33.0,10,118327.17,2,Yes,Yes,192928.82,0
15690079,Boniwell,Spain,Male,30.0,8,124857.69,2,No,No,50485.7,0
15759317,Vasilieva,Germany,Female,27.0,2,90971.85,1,Yes,Yes,131662.47,0
15750497,Longo,French,Female,37.0,7,153147.75,1,Yes,Yes,152235.3,0
15596181,Kwemto,French,Male,38.0,8,65942.26,1,Yes,Yes,68093.23,1
15576602,Lawrence,French,Male,38.0,3,0.0,2,Yes,Yes,80061.31,0
15644833,Duncan,French,Male,54.0,2,0.0,1,No,No,149583.67,1
15734634,Bocharova,Spain,Female,27.0,5,100912.19,1,No,No,7631.27,0
15808689,Morres,French,Female,31.0,4,0.0,2,Yes,Yes,33082.81,0
15720702,Shih,French,Male,37.0,3,0.0,1,No,No,121883.87,1
15665077,Vogel,FRA,Female,43.0,5,0.0,3,Yes,Yes,100722.72,1
15763612,T'an,Germany,Male,41.0,2,124439.49,2,Yes,Yes,47093.11,0
15596493,Wisdom,FRA,Female,47.0,7,0.0,2,Yes,Yes,177624.01,0
15704483,Lorenzo,FRA,Male,40.0,6,0.0,2,No,No,106149.48,0
15598846,Shahan,FRA,Female,44.0,2,58781.76,1,No,No,16874.92,0
15629244,Bryant,Spain,Male,50.0,7,159453.64,2,No,No,54560.79,1
15765537,Liang,Germany,Male,26.0,2,142721.52,1,Yes,Yes,153605.75,0
15729975,Chidozie,France,Female,46.0,8,167795.6,1,Yes,Yes,44390.38,0
15682773,Hayward,FRA,Female,38.0,3,128345.69,2,No,No,63218.85,0
15688007,Liu,Spain,Male,20.0,3,165260.98,1,Yes,Yes,41626.78,0
15574331,Alexeeva,Germany,Female,62.0,3,118233.81,1,Yes,Yes,24765.53,1
15645572,Calabresi,France,Female,40.0,6,0.0,1,No,No,28280.8,1
15742854,Lettiere,Spain,Female,46.0,8,0.0,2,No,No,89043.19,0
15575417,Chou,Germany,Male,37.0,7,143452.74,2,Yes,Yes,17294.12,0
15796721,Nnamutaezinwa,French,Male,38.0,3,145018.49,2,Yes,Yes,126702.41,0
15734942,Nnamutaezinwa,Germany,Female,38.0,8,82407.51,1,No,No,13123.41,0
15664772,Greece,Germany,Male,28.0,1,79460.98,2,Yes,Yes,167973.63,0
15576683,Yin,Spain,Female,43.0,9,0.0,1,No,No,125870.79,1
15682563,Larionova,Spain,Male,38.0,5,126473.99,1,No,No,91972.49,0
15650889,Golubev,Germany,Female,30.0,10,133537.1,2,No,No,155593.74,0
15612108,Norman,France,Male,52.0,5,164978.01,1,Yes,Yes,67788.49,0
15761132,Capon,Spain,Male,46.0,7,128029.72,1,Yes,Yes,62615.35,0
15645511,Chukwudi,Spain,Male,43.0,2,97403.18,1,Yes,Yes,107415.02,1
15609824,Fedorov,FRA,Female,41.0,7,176845.41,3,No,No,166526.26,1
15640268,Avdeeva,Spain,Male,71.0,4,0.0,1,Yes,Yes,120107.1,0
15645778,Reid,Spain,Male,42.0,3,81589.04,1,No,No,188227.8,0
15691104,Kennedy,Germany,Female,40.0,6,119507.58,2,No,No,91560.63,1
15714567,Chan,Spain,Female,26.0,6,0.0,2,No,No,166495.2,0
15777826,Wofford,FRA,Male,30.0,5,94443.77,1,Yes,Yes,165614.4,0
15668445,Mai,French,Male,37.0,2,0.0,2,Yes,Yes,86372.24,0
15576162,King,FRA,Male,32.0,7,92199.84,1,Yes,Yes,2755.53,0
15778135,T'ao,Spain,Male,43.0,3,0.0,1,No,No,83594.51,0
15613141,Hsu,FRA,Female,41.0,3,135756.96,1,Yes,Yes,103706.41,0
15635435,White,France,Female,54.0,9,120633.42,1,No,No,5924.38,1
15596552,Stephens,Germany,Male,48.0,5,134542.73,1,Yes,Yes,58203.67,1
15623644,Frolov,Spain,Male,29.0,7,0.0,2,No,No,49361.84,0
15683403,Lombardi,Spain,Male,52.0,7,0.0,1,Yes,Yes,73585.18,1
15615029,Munro,Spain,Male,39.0,6,0.0,1,Yes,Yes,95135.27,0
15769005,Hayward,France,Male,49.0,4,154344.49,2,Yes,Yes,38794.57,0
15746326,Fields,France,Male,43.0,3,0.0,2,Yes,Yes,198926.36,0
15722364,Onwumelu,France,Male,43.0,9,189026.53,2,Yes,Yes,56099.86,0
15704954,Suffolk,France,Male,37.0,0,120764.08,1,Yes,Yes,117023.08,0
15694409,Tsao,Germany,Female,22.0,3,97975.82,2,Yes,Yes,62083.0,0
15754068,Judd,FRA,Male,32.0,4,0.0,2,Yes,Yes,141822.8,0
15683841,Hamilton,Germany,Male,41.0,10,113270.2,2,Yes,Yes,185387.14,0
15789095,T'ang,Spain,Male,30.0,4,0.0,2,Yes,Yes,57461.13,0
15719958,Degtyarev,Germany,Male,39.0,3,124548.99,2,Yes,Yes,120380.12,0
15689514,Kang,France,Male,43.0,8,201696.07,1,No,No,133020.9,1
15621353,Hudson,Spain,Female,37.0,7,0.0,2,No,No,13589.93,0
15627232,Jibunoh,Germany,Male,44.0,7,114203.47,1,Yes,Yes,77830.36,1
15745843,Kinlaw,Spain,Female,31.0,4,0.0,2,Yes,Yes,136610.02,0
15722902,Chizuoke,Germany,Male,50.0,8,125437.64,1,Yes,Yes,17160.94,1
15791767,Lucciano,French,Female,26.0,7,0.0,2,No,No,176843.53,0
15792722,Omeokachie,France,Female,43.0,8,64897.75,1,No,No,114996.33,0
15723006,Gorbunova,France,Male,38.0,8,0.0,2,Yes,Yes,196990.79,0
15771942,Tikhonov,Germany,Female,46.0,9,135555.66,1,No,No,133146.03,1
15774738,Campa,FRA,Male,44.0,3,107764.75,1,No,No,185667.72,0
15574004,Mancini,FRA,Female,27.0,6,117307.44,2,Yes,Yes,24020.49,0
15587233,Donoghue,French,Male,41.0,8,73700.12,3,Yes,Yes,185750.02,1
15808228,Tuan,Spain,Female,44.0,6,60603.4,1,Yes,Yes,178045.97,0
15682834,Johnstone,Spain,Female,35.0,4,40169.88,2,Yes,Yes,199857.47,0
15571752,Romani,Germany,Female,32.0,10,92041.87,1,Yes,Yes,43595.9,0
15743067,Fuller,Germany,Male,26.0,3,130483.95,1,No,No,122810.53,0
15714466,Baxter,FRA,Female,41.0,5,0.0,3,No,No,3440.47,1
15617982,Pirozzi,Spain,Female,42.0,3,0.0,2,No,No,35989.41,0
15696637,Sung,FRA,Female,23.0,10,151097.28,1,Yes,Yes,17163.75,0
15690647,Rogers,Spain,Female,46.0,8,67563.31,1,No,No,44506.09,1
15672756,Mills,FRA,Female,35.0,8,112808.18,1,Yes,Yes,17848.3,0
15704586,Osonduagwuike,FRA,Female,42.0,7,0.0,2,Yes,Yes,76209.56,0
15674526,Byrne,FRA,Male,66.0,4,86459.8,1,Yes,Yes,141476.56,0
15775295,McIntyre,France,Female,40.0,0,118633.08,1,Yes,Yes,60032.46,1
15684196,Aitken,France,Female,55.0,2,159441.27,1,No,No,100686.11,1
15727281,Macintyre,FRA,Female,27.0,9,0.0,2,No,No,96429.29,0
15787835,Simpson,Germany,Female,38.0,4,125212.65,2,Yes,Yes,15795.88,1
15730540,Simpson,Spain,Male,45.0,8,88656.37,2,No,No,116547.31,0
15646276,Metcalfe,France,Female,32.0,2,146033.62,1,No,No,191260.74,0
15582180,Lees,FRA,Male,29.0,9,120268.13,1,Yes,Yes,173870.39,0
15697095,Zetticci,Spain,Male,46.0,7,0.0,2,No,No,117273.35,0
15748797,Dale,Spain,Female,33.0,0,0.0,1,No,No,92277.47,1
15754796,Byrne,Germany,Female,46.0,4,135070.58,2,Yes,Yes,44244.49,1
15628947,Praed,French,Female,38.0,3,0.0,2,No,No,78133.48,1
15775546,Laurens,Spain,Female,29.0,5,0.0,2,No,No,103402.88,0
15670481,Woods,France,Female,27.0,9,122550.05,2,Yes,Yes,137835.82,0
15619029,Bykov,Spain,Female,43.0,2,0.0,2,No,No,20670.1,0
15613282,Vorobyova,France,Male,29.0,8,130306.49,1,No,No,77469.38,0
15721487,Pirogova,FRA,Female,27.0,6,0.0,1,Yes,Yes,57572.38,0
15797276,Sturt,Spain,Female,41.0,4,90350.77,1,No,No,75884.65,1
15612494,Panicucci,FRA,Female,44.0,6,128747.69,1,No,No,146955.71,1
15629617,Cook,Spain,Male,23.0,2,126873.52,1,Yes,Yes,67040.12,0
15600821,Hardy,France,Male,69.0,2,108424.19,1,Yes,Yes,178418.35,0
15579062,Chu,FRA,Male,32.0,9,0.0,2,No,No,30807.02,0
15814268,Franklin,FRA,Female,40.0,5,84350.07,1,No,No,143835.76,0
15710164,P'eng,FRA,Female,73.0,7,0.0,2,No,No,130883.9,1
15693904,Chiang,Germany,Female,30.0,4,84958.6,2,Yes,Yes,194343.72,0
15588986,Grant,Germany,Female,29.0,4,99097.36,1,Yes,Yes,9796.69,0
15797733,Udobata,Germany,Male,30.0,10,136622.55,2,No,No,47310.24,0
15620507,Siciliani,Germany,Female,30.0,5,156771.68,1,Yes,Yes,141148.21,0
15685150,Evans,Germany,Male,28.0,7,167658.33,2,Yes,Yes,111138.25,0
15667651,Young,Spain,Female,33.0,8,0.0,2,No,No,114182.07,0
15774166,Mitchell,Germany,Female,24.0,2,109483.54,2,Yes,Yes,127560.77,0
15649280,Lucchese,Germany,Female,40.0,9,134504.78,1,No,No,18082.06,0
15705657,Hewitt,FRA,Female,44.0,2,114427.86,1,Yes,Yes,136330.26,0
15753969,K'ung,Spain,Male,45.0,5,83888.54,1,Yes,Yes,34121.81,0
15742378,Swaim,Germany,Male,32.0,5,110029.77,1,No,No,56246.69,0
15794874,Quinones,Spain,Male,41.0,9,127523.75,1,Yes,Yes,191417.42,0
15589221,Kennedy,Germany,Male,30.0,1,139762.13,2,Yes,Yes,23317.88,0
15596671,Endrizzi,Spain,Female,42.0,8,91611.12,1,No,No,144675.3,1
15583668,Ludowici,French,Female,42.0,2,109471.79,1,Yes,Yes,175161.05,0
15710206,Larson,FRA,Female,39.0,4,150500.64,1,No,No,14928.8,0
15799966,Chigolum,Germany,Female,59.0,9,101609.77,1,No,No,161479.19,1
15794560,Maclean,FRA,Male,57.0,5,0.0,1,Yes,Yes,133501.94,0
15626485,Lu,FRA,Female,26.0,8,78892.23,1,Yes,Yes,23703.52,0
15703143,Tuan,France,Female,29.0,3,82344.84,1,Yes,Yes,115985.38,0
15809772,Glover,France,Male,48.0,2,0.0,1,No,No,43229.2,0
15687959,Landman,Spain,Female,44.0,4,0.0,1,Yes,Yes,94862.93,0
15585282,Trevisano,French,Male,62.0,1,127706.33,2,Yes,Yes,142377.69,0
15714993,Longo,French,Female,41.0,9,124349.34,1,No,No,135635.25,0
15596021,K?,Spain,Male,44.0,8,0.0,2,No,No,148487.9,0
15646615,Muir,Germany,Male,28.0,1,119336.29,2,Yes,Yes,58976.85,0
15742632,Alexeyeva,FRA,Female,31.0,9,0.0,1,Yes,Yes,76254.83,0
15574068,Norman,Germany,Male,56.0,9,104217.3,1,No,No,55857.48,1
15806967,Simmons,France,Female,65.0,7,0.0,1,Yes,Yes,77867.23,0
15796334,Chukwualuka,Germany,Male,39.0,10,144757.02,1,No,No,22878.16,1
15688713,McCall,Spain,Male,44.0,6,0.0,1,Yes,Yes,114469.55,0
15796179,Moore,French,Male,43.0,8,0.0,1,No,No,96754.8,0
15598751,Ingram,French,Female,43.0,6,0.0,3,No,No,125154.57,1
15703019,Okeke,FRA,Female,38.0,10,0.0,2,Yes,Yes,113597.64,0
15646302,Shao,FRA,Female,24.0,7,100169.51,1,No,No,121408.55,0
15680855,Iloabuchi,France,Male,33.0,2,145731.83,1,Yes,Yes,109219.43,0
15697311,Nebechukwu,Spain,Male,56.0,5,110802.03,1,Yes,Yes,50230.31,1
15585367,Diribe,Germany,Female,46.0,4,120392.99,1,No,No,177719.88,1
15726556,Macgroarty,Germany,Female,26.0,6,135067.52,2,No,No,131211.86,0
15676242,Artemova,Spain,Male,31.0,3,136556.44,1,No,No,82152.83,1
15684198,McDonald,FRA,Female,38.0,10,0.0,2,Yes,Yes,216.27,0
15774882,Mazzanti,France,Female,35.0,3,99587.43,1,Yes,Yes,1713.1,1
15714227,Kelly,FRA,Female,53.0,7,0.0,1,Yes,Yes,136910.18,0
15608653,Davison,Spain,Female,34.0,7,70731.07,1,Yes,Yes,20243.97,1
15784280,Reilly,Germany,Male,35.0,2,109342.82,2,Yes,Yes,86043.27,0
15789546,Ojiofor,Spain,Male,28.0,8,0.0,2,No,No,126561.07,0
15590320,Shelton,France,Male,66.0,4,0.0,2,Yes,Yes,64350.8,0
15678385,Lange,FRA,Male,25.0,2,78247.31,2,Yes,Yes,10472.31,0
15571778,Trentini,French,Female,55.0,10,117561.49,1,No,No,95941.55,1
15657085,Gardiner,French,Male,23.0,10,88980.32,1,Yes,Yes,125222.36,0
15640627,Wan,Spain,Male,34.0,4,0.0,2,No,No,170950.58,0
15566211,Hsu,Germany,Female,41.0,1,103560.57,1,No,No,236.45,1
15669293,Hovell,France,Male,37.0,5,113308.84,1,Yes,Yes,31517.16,0
15595067,Zhirov,Spain,Female,40.0,6,0.0,2,Yes,Yes,181610.6,0
15753566,Espinosa,French,Female,32.0,3,63763.49,1,No,No,156593.09,0
15650391,Wallace,France,Female,29.0,7,169988.35,1,No,No,4272.0,0
15681843,Barbour,Germany,Female,35.0,0,180303.24,2,No,No,163587.9,0
15814846,Ozerova,French,Male,52.0,3,0.0,1,No,No,175843.68,1
15670374,Wright,Germany,Female,49.0,1,120656.86,4,No,No,166164.3,1
15762332,Ulyanova,Germany,Female,31.0,1,61592.14,2,Yes,Yes,61796.64,0
15700223,Steiner,France,Male,48.0,4,164701.68,1,Yes,Yes,21439.49,0
15729956,Akabueze,Spain,Female,26.0,1,80780.16,1,Yes,Yes,19225.85,0
15594862,Aleksandrova,France,Male,36.0,8,0.0,2,No,No,132547.02,0
15598782,Pinto,Germany,Female,30.0,6,154221.37,2,Yes,Yes,62688.55,0
15745080,Griffiths,FRA,Male,26.0,8,0.0,1,No,No,21760.96,0
15703399,McNeil,French,Female,26.0,5,101641.14,2,Yes,Yes,154460.68,0
15732175,Bruno,French,Male,37.0,2,0.0,1,Yes,Yes,8065.0,0
15630725,Johnson,French,Female,45.0,5,92786.66,1,No,No,173365.9,1
15640260,Okorie,Germany,Male,32.0,8,131081.66,2,Yes,Yes,69428.79,0
15716822,Moen,FRA,Male,30.0,5,98014.74,1,Yes,Yes,12757.14,0
15583748,McGuigan,Spain,Male,38.0,8,0.0,2,No,No,180426.2,0
15605968,Fancher,France,Male,26.0,8,97460.1,1,Yes,Yes,43093.67,0
15790683,Matthews,French,Male,36.0,1,104077.19,2,Yes,Yes,68594.0,0
15607713,Kaeppel,Spain,Female,29.0,1,0.0,2,Yes,Yes,197996.65,0
15700212,Shih,FRA,Female,46.0,10,0.0,2,No,No,122953.0,1
15626710,Yudina,France,Female,39.0,4,0.0,1,Yes,Yes,76821.24,0
15716491,Akabueze,Spain,Female,51.0,4,93656.95,1,Yes,Yes,141400.51,1
15625824,Kornilova,Spain,Male,30.0,6,121345.88,4,No,No,41921.75,1
15617705,Ozioma,France,Female,39.0,8,141675.23,1,Yes,Yes,175664.25,0
15761976,Su,Spain,Female,31.0,8,0.0,2,No,No,117916.63,0
15634891,Jamison,Germany,Female,43.0,7,102365.49,1,No,No,194690.77,1
15744517,Esposito,Spain,Male,50.0,9,0.0,1,No,No,166677.35,1
15686963,Hardiman,Spain,Female,30.0,3,0.0,1,No,No,160131.58,0
15808189,Woodard,French,Male,52.0,6,0.0,2,Yes,Yes,123622.0,0
15580845,Chienezie,Germany,Male,57.0,7,101868.51,1,Yes,Yes,113483.96,0
15799156,Okwuadigbo,Spain,Male,38.0,8,0.0,2,No,No,79618.79,0
15694296,Chineze,France,Male,35.0,9,112392.45,2,No,No,24472.23,0
15677049,O'Brien,Germany,Female,25.0,7,106570.34,2,Yes,Yes,177025.79,0
15583595,Tao,French,Female,28.0,8,0.0,1,Yes,Yes,103349.74,0
15590146,Mao,French,Male,50.0,1,81947.76,1,Yes,Yes,63606.22,1
15801548,Buckland,FRA,Female,31.0,7,144162.3,2,Yes,Yes,14490.79,0
15660833,Flannery,Germany,Male,39.0,5,86350.87,2,No,No,105080.53,0
15762277,Jamieson,French,Male,47.0,5,158623.14,1,No,No,83499.89,1
15791302,Swift,France,Male,32.0,8,0.0,2,No,No,143598.7,0
15798975,Doherty,Germany,Male,48.0,4,132403.56,1,No,No,36091.91,1
15599956,Payne,French,Male,27.0,10,0.0,2,No,No,13007.89,0
15577274,Genovese,Germany,Female,43.0,3,134985.66,1,No,No,6101.41,0
15701200,Lucciano,France,Male,36.0,6,0.0,2,Yes,Yes,48314.0,0
15638149,Rowley,FRA,Male,37.0,6,103772.45,1,No,No,197111.99,0
15786199,Hsing,French,Male,33.0,2,133040.32,1,Yes,Yes,110299.78,0
15701765,Vincent,Spain,Female,37.0,0,0.0,2,No,No,30114.32,0
15586974,Pearce,FRA,Male,39.0,10,0.0,2,Yes,Yes,98894.64,0
15729040,Lamb,France,Male,42.0,2,0.0,2,No,No,49826.68,0
15788676,Riley,Spain,Male,38.0,8,71460.67,2,Yes,Yes,10074.05,0
15602497,Honore,Spain,Male,39.0,6,133214.13,1,Yes,Yes,20769.88,0
15701333,Blackburn,French,Female,37.0,7,96558.66,1,No,No,163427.18,0
15812071,Endrizzi,French,Male,54.0,6,93806.31,2,Yes,Yes,140068.77,0
15634375,Duncan,Spain,Female,36.0,8,0.0,2,No,No,83206.19,0
15738267,Macarthur,FRA,Female,64.0,3,124043.8,1,Yes,Yes,111402.97,1
15786800,Gould,Germany,Male,52.0,5,131694.97,1,Yes,Yes,92873.5,1
15591130,Medvedev,Spain,Female,29.0,6,0.0,2,Yes,Yes,94780.9,0
15720662,Sholes,French,Female,35.0,1,106266.8,1,Yes,Yes,16607.15,0
15751531,Shaw,Spain,Male,41.0,8,0.0,2,Yes,Yes,161954.43,0
15653595,Ts'ai,French,Male,51.0,6,0.0,2,Yes,Yes,194733.28,0
15568360,Rolon,Spain,Female,41.0,4,139840.36,1,Yes,Yes,163524.7,0
15781210,Reid,France,Male,34.0,8,0.0,2,No,No,48260.19,0
15668058,Chinwendu,Germany,Male,35.0,8,124098.54,1,No,No,86678.48,0
15597131,Fu,France,Male,32.0,5,145807.59,1,Yes,Yes,3064.65,0
15697283,Mackenzie,Spain,Male,23.0,8,0.0,2,No,No,112124.98,0
15640953,Bligh,FRA,Female,26.0,2,107508.93,2,Yes,Yes,120801.65,0
15715031,Davidson,France,Female,28.0,6,0.0,2,Yes,Yes,52193.23,0
15589660,Lamble,Germany,Female,32.0,1,145980.23,1,Yes,Yes,56636.28,0
15769818,Moore,French,Female,37.0,3,212778.2,1,Yes,Yes,69372.88,0
15782736,Jose,Germany,Female,47.0,4,152522.47,1,Yes,Yes,164038.07,1
15614818,Trevisani,Spain,Female,33.0,9,168964.77,1,Yes,Yes,118982.51,0
15794014,Schofield,FRA,Female,34.0,8,0.0,2,No,No,27472.07,0
15732448,Stewart,French,Female,28.0,8,0.0,1,Yes,Yes,36754.13,0
15723411,Jamieson,Spain,Female,36.0,4,98266.3,1,Yes,Yes,46416.36,0
15797686,Howard,FRA,Male,38.0,8,113000.92,1,Yes,Yes,152872.39,0
15605950,Onwuamaeze,Germany,Male,23.0,1,137060.88,2,Yes,Yes,165227.23,0
15812497,D'Albertis,Germany,Male,37.0,5,112146.12,1,No,No,75927.35,0
15690678,Brooks,FRA,Female,33.0,4,129307.32,1,Yes,Yes,172930.28,0
15747677,Gordon,Spain,Male,69.0,6,163975.09,1,Yes,Yes,36108.5,0
15618926,Nwachukwu,Spain,Male,43.0,7,0.0,2,Yes,Yes,36202.74,0
15673908,Chinweike,Germany,Female,42.0,6,158414.85,1,Yes,Yes,131886.46,0
15727944,Simpkinson,Germany,Female,48.0,1,92072.68,1,Yes,Yes,133992.36,0
15807294,Walker,Spain,Female,30.0,2,88243.29,2,Yes,Yes,96658.26,0
15618581,Diribe,Spain,Male,25.0,8,0.0,2,Yes,Yes,135112.09,0
15584364,Trentini,FRA,Male,48.0,4,59486.31,1,No,No,163944.18,1
15599552,Conway,Spain,Female,54.0,2,0.0,2,Yes,Yes,53843.71,0
15749177,Maslow,Spain,Female,52.0,7,0.0,2,Yes,Yes,122398.84,0
15718779,Clark,FRA,Male,34.0,1,0.0,1,Yes,Yes,64804.04,0
15568106,L?,FRA,Female,38.0,8,119278.01,2,Yes,Yes,19370.73,0
15779481,Swadling,France,Male,34.0,4,158741.43,2,Yes,Yes,126192.54,0
15709994,Gallo,French,Female,40.0,7,140596.95,1,Yes,Yes,135459.02,1
15772777,Onyemachukwu,Spain,Female,29.0,10,0.0,2,Yes,Yes,94815.04,0
15706815,Samoylova,Germany,Male,37.0,2,90432.92,1,Yes,Yes,188366.04,1
15618018,Dickson,French,Female,35.0,1,104783.81,2,Yes,Yes,178512.52,0
15671032,He,Germany,Male,42.0,0,77992.97,2,Yes,Yes,97906.38,0
15634281,P'an,Germany,Female,43.0,10,110822.9,1,No,No,72861.94,0
15766374,Leak,Germany,Male,42.0,4,119624.6,2,Yes,Yes,195978.86,0
15600991,Artemieva,Germany,Male,31.0,6,109052.59,2,Yes,Yes,19448.93,1
15777576,Frost,Spain,Female,40.0,5,139129.44,1,Yes,Yes,32635.54,0
15742613,Warner,Germany,Female,42.0,8,152324.66,2,No,No,171733.22,0
15649523,Kennedy,French,Male,38.0,1,0.0,2,No,No,46176.22,0
15651063,Ifeatu,Germany,Female,37.0,9,127480.58,2,No,No,179634.69,0
15683124,Evans,FRA,Male,53.0,6,115029.4,1,No,No,191521.32,1
15618314,Chu,FRA,Male,40.0,8,114005.78,1,Yes,Yes,67998.45,0
15670823,Hsueh,Germany,Female,42.0,1,116646.76,1,No,No,44731.8,1
15607133,Shih,Spain,Female,49.0,1,110864.38,2,Yes,Yes,124532.9,1
15615012,Fan,French,Male,23.0,5,156267.59,1,No,No,160968.44,0
15725141,Whiddon,France,Female,44.0,3,109528.28,1,No,No,27341.63,1
15623560,Onyekachukwu,FRA,Female,35.0,6,102482.76,1,Yes,Yes,53994.64,0
15693018,Ermakova,Germany,Male,23.0,10,115563.71,1,Yes,Yes,91633.53,0
15636756,Marino,French,Male,23.0,2,0.0,2,No,No,189613.12,0
15647474,Niu,French,Female,40.0,9,95624.36,2,Yes,Yes,60706.33,0
15576714,Manna,Spain,Female,21.0,8,0.0,2,Yes,Yes,154767.34,0
15585047,Onyemere,French,Male,28.0,7,160376.61,1,No,No,196853.11,0
15743976,Archer,Germany,Male,41.0,8,37702.79,1,Yes,Yes,195775.48,0
15793881,Mitchell,France,Female,35.0,6,118273.83,1,Yes,Yes,3086.89,0
15576517,Everingham,Germany,Female,34.0,7,131082.17,2,Yes,Yes,70618.0,0
15631072,Huie,France,Male,38.0,1,94456.0,2,Yes,Yes,55034.02,0
15730394,Crowther,France,Female,43.0,8,0.0,2,No,No,168035.62,1
15631460,Swift,Spain,Female,42.0,3,0.0,2,Yes,Yes,128449.33,0
15692002,Skelton,French,Male,33.0,6,93791.38,1,Yes,Yes,199249.29,0
15595282,White,France,Female,33.0,4,0.0,2,No,No,149474.69,0
15789548,Giordano,FRA,Female,37.0,7,0.0,2,Yes,Yes,126726.33,0
15758035,Bateson,FRA,Male,61.0,7,155973.13,1,Yes,Yes,147554.26,0
15617518,Hu,Germany,Male,36.0,7,89409.95,1,Yes,Yes,149399.7,0
15651802,Day,Spain,Female,39.0,5,97854.37,2,No,No,93536.38,0
15631813,Beneventi,France,Male,39.0,6,0.0,2,Yes,Yes,58883.91,0
15729668,Elizabeth,Spain,Male,29.0,3,60280.62,1,No,No,154271.41,0
15741728,Atkins,Spain,Male,36.0,7,135216.8,1,Yes,Yes,122022.89,0
15576676,Serrano,Germany,Female,28.0,6,124923.35,2,Yes,Yes,50299.14,0
15711378,Willis,France,Male,38.0,4,0.0,2,No,No,187800.63,0
15765520,Stevenson,Germany,Male,27.0,7,188614.07,1,No,No,171344.09,0
15656726,Ch'ien,France,Male,32.0,5,62321.62,1,Yes,Yes,40920.59,0
15647842,Cunningham,Germany,Female,48.0,8,120782.7,1,No,No,63940.68,1
15719309,Stephens,FRA,Female,42.0,1,115961.58,2,Yes,Yes,29483.87,0
15748718,Gordon,FRA,Male,28.0,2,115062.61,1,No,No,179056.23,0
15594404,Bevan,France,Female,49.0,8,160602.25,2,No,No,129273.94,0
15751158,Mashman,FRA,Female,42.0,4,108825.34,3,No,No,55558.51,1
15593470,Tu,Germany,Female,36.0,8,166287.85,1,Yes,Yes,23305.85,0
15695129,Milanesi,French,Female,31.0,1,152663.77,1,Yes,Yes,17128.64,0
15640865,Romano,Germany,Female,31.0,9,80844.69,2,Yes,Yes,74641.9,0
15714080,Goliwe,Germany,Female,40.0,2,97001.36,2,No,No,154486.01,0
15648721,Hsueh,France,Male,64.0,4,0.0,2,Yes,Yes,3185.67,0
15801466,Gray,France,Female,39.0,2,122524.61,2,No,No,88463.63,0
15750248,Wright,French,Female,35.0,8,132292.63,1,No,No,65682.93,0
15758726,Chiemeka,French,Female,24.0,0,0.0,2,Yes,Yes,140586.08,0
15781553,Chung,Germany,Female,49.0,9,91502.99,1,No,No,117232.9,1
15649121,Pinto,French,Male,52.0,3,0.0,1,No,No,116137.01,1
15674811,Kellway,Germany,Male,29.0,3,59385.98,2,Yes,Yes,105533.96,0
15646037,Sopuluchi,FRA,Male,77.0,9,0.0,3,Yes,Yes,81514.06,0
15722578,Spitzer,Germany,Female,21.0,6,97956.5,1,Yes,Yes,164966.27,0
15665695,Potter,France,Female,49.0,4,0.0,2,Yes,Yes,23631.55,0
15801062,Matthews,Spain,Female,40.0,4,0.0,2,Yes,Yes,105433.53,0
15662955,Nicholls,FRA,Male,27.0,8,141223.68,2,No,No,90591.15,0
15770309,McDonald,France,Male,18.0,10,151762.74,1,Yes,Yes,127014.32,0
15657386,Fiorentini,Germany,Male,43.0,1,141749.74,2,Yes,Yes,90905.26,0
15777797,Kovalyova,Spain,Male,38.0,5,75075.14,1,Yes,Yes,8651.92,1
15783955,Miah,French,Female,25.0,4,165686.11,2,No,No,15467.98,0
15804516,Builder,French,Male,38.0,2,0.0,1,No,No,79915.28,0
15681758,Baddeley,Spain,Female,25.0,10,0.0,2,No,No,69361.95,0
15630321,Hu,FRA,Male,44.0,3,0.0,2,No,No,86935.08,0
15588248,Hs?,FRA,Female,28.0,0,0.0,2,Yes,Yes,7597.83,1
15591932,Ford,FRA,Male,32.0,5,92961.61,1,No,No,116957.6,0
15810347,Todd,Spain,Female,30.0,9,0.0,2,Yes,Yes,157884.83,0
15595303,Johnston,Germany,Male,46.0,5,130812.91,1,Yes,Yes,77981.54,1
15634950,Obiajulu,Germany,Male,57.0,8,107174.58,1,Yes,Yes,126369.55,1
15685372,Azubuike,Spain,Male,54.0,1,152677.48,1,Yes,Yes,191973.49,1
15745827,Padovesi,French,Male,30.0,3,132005.77,1,No,No,142940.39,0
15755868,Farmer,FRA,Male,35.0,7,0.0,1,No,No,48869.67,0
15735222,Ignatieff,Spain,Female,23.0,5,0.0,2,Yes,Yes,73131.73,0
15604804,Lu,FRA,Female,33.0,7,127305.5,1,Yes,Yes,120037.36,0
15718944,Artemiev,FRA,Female,37.0,6,0.0,2,No,No,193995.37,0
15678626,Okonkwo,Spain,Female,31.0,0,0.0,2,No,No,179453.66,0
15571550,Dore,France,Male,39.0,9,0.0,1,No,No,80963.92,0
15723053,T'ang,Germany,Male,32.0,8,170291.22,2,Yes,Yes,15658.99,0
15661528,Ashbolt,Spain,Male,47.0,5,102562.23,1,No,No,92708.1,0
15754177,Bazarova,Spain,Male,53.0,2,111061.01,2,No,No,26542.17,0
15683544,Buccho,Spain,Male,62.0,3,0.0,1,Yes,Yes,65010.74,0
15708048,Burn,France,Female,34.0,4,124379.14,1,No,No,106892.91,0
15701109,Andreyev,FRA,Female,37.0,7,0.0,1,Yes,Yes,185210.63,0
15600110,Endrizzi,Germany,Female,41.0,3,57745.76,1,No,No,4035.46,0
15651533,Brown,Germany,Female,50.0,5,129293.74,1,No,No,177805.44,1
15777904,Nock,France,Female,45.0,7,0.0,2,Yes,Yes,68831.72,0
15655574,Okeke,Germany,Female,40.0,8,150777.1,1,No,No,114732.62,0
15569423,Cunningham,Spain,Male,41.0,4,0.0,2,No,No,22299.27,0
15718106,Kelley,France,Male,34.0,6,0.0,2,No,No,197283.2,0
15585067,Wilson,Spain,Male,31.0,9,108632.48,1,Yes,Yes,179485.96,1
15675501,Woods,French,Male,59.0,5,153861.1,1,Yes,Yes,17699.48,0
15633233,McFarland,France,Male,56.0,1,100374.58,1,No,No,118490.8,1
15667134,Cisneros,France,Male,32.0,8,0.0,2,No,No,133292.94,0
15659105,Borchgrevink,France,Female,47.0,9,61196.54,1,No,No,58170.24,0
15575409,Rozhkova,Germany,Male,31.0,6,116891.72,1,No,No,107137.3,0
15752342,Bradley,Germany,Female,54.0,6,133656.91,3,No,No,145071.33,1
15654851,Obialo,FRA,Male,44.0,2,92911.52,1,Yes,Yes,85495.24,0
15741429,Hudson,Spain,Female,31.0,9,119825.75,2,Yes,Yes,101139.3,0
15682356,Veltri,FRA,Female,37.0,7,111852.84,2,No,No,10511.13,0
15806447,Mazzanti,Germany,Male,32.0,0,106683.52,2,Yes,Yes,137916.49,0
15800229,Thorpe,Germany,Male,40.0,7,139022.24,1,Yes,Yes,193383.13,0
15663441,Golibe,Germany,Female,40.0,4,148571.07,1,No,No,189826.96,1
15791991,Udinesi,French,Male,52.0,4,0.0,1,Yes,Yes,144113.42,0
15775082,Stewart,French,Male,42.0,1,129776.72,2,Yes,Yes,143538.51,0
15579706,Curtis,French,Female,46.0,5,0.0,1,No,No,77677.14,1
15718247,Hayden,Spain,Female,46.0,8,0.0,2,Yes,Yes,183717.94,0
15755722,H?,French,Male,24.0,10,0.0,1,No,No,92180.62,0
15582259,Campbell,FRA,Female,37.0,7,0.0,2,Yes,Yes,28690.9,0
15716994,Green,Spain,Male,24.0,3,114739.92,1,No,No,85891.02,1
15586880,P'eng,Germany,Male,41.0,2,122545.65,2,Yes,Yes,42050.24,0
15713854,Cremonesi,French,Female,37.0,6,0.0,2,No,No,110142.34,0
15780835,Liang,Germany,Female,26.0,1,131908.35,1,Yes,Yes,179269.79,0
15675896,Gough,Germany,Female,42.0,7,105722.69,1,Yes,Yes,90558.24,1
15658459,Bates,Spain,Male,33.0,10,0.0,2,No,No,162022.47,0
15658057,Padovesi,Spain,Female,44.0,8,0.0,3,No,No,66926.83,1
15801767,Yin,Spain,Female,40.0,8,0.0,2,No,No,108891.3,0
15569178,Kharlamov,FRA,Female,18.0,4,82767.42,1,No,No,71811.9,0
15731478,Nicholls,France,Female,42.0,1,87842.98,1,No,No,92223.59,0
15811236,Burns,Spain,Male,39.0,6,133261.13,1,Yes,Yes,78065.9,0
15746749,Fleming,Spain,Female,32.0,3,0.0,2,Yes,Yes,59679.9,0
15662758,Watson,French,Male,41.0,0,97925.11,1,No,No,85000.32,0
15709387,Obiajulu,France,Male,52.0,5,0.0,1,Yes,Yes,159808.95,0
15572093,Han,France,Female,24.0,7,140453.91,1,No,No,129001.3,0
15713826,Ferguson,Germany,Female,20.0,0,117356.19,1,No,No,113557.7,1
15570205,Tao,Spain,Male,36.0,5,0.0,2,Yes,Yes,147758.51,0
15589348,Le Grand,Spain,Male,37.0,4,137204.77,1,Yes,Yes,28865.59,0
15804610,Valdez,France,Female,41.0,1,0.0,2,Yes,Yes,160607.06,0
15700854,Cunningham,Spain,Male,35.0,8,0.0,1,No,No,100015.79,1
15758836,Godfrey,Spain,Male,36.0,3,54098.18,2,Yes,Yes,54478.52,0
15772933,Mai,Spain,Male,31.0,8,0.0,1,Yes,Yes,141677.33,0
15809006,Walker,France,Male,23.0,7,113758.48,2,No,No,84077.6,0
15689612,Pirozzi,Spain,Female,34.0,8,0.0,1,Yes,Yes,106981.03,0
15744614,Feng,FRA,Male,37.0,9,118636.92,1,Yes,Yes,73551.44,0
15704250,Akabueze,French,Male,34.0,7,0.0,2,No,No,115842.1,0
15700255,Robson,Germany,Male,44.0,8,95488.82,2,No,No,107013.59,0
15669410,Yevdokimova,French,Male,30.0,8,110829.52,2,No,No,24938.84,0
15807595,Ijendu,Germany,Male,51.0,7,144244.59,2,No,No,51113.14,0
15664523,Colombo,Germany,Female,31.0,8,122021.92,2,No,No,33828.64,0
15642833,Akubundu,FRA,Female,30.0,8,0.0,2,No,No,128875.86,0
15605279,Francis,FRA,Male,50.0,9,0.0,4,Yes,Yes,194700.81,1
15713644,Marshall,Spain,Male,22.0,5,0.0,2,No,No,158974.45,0
15750466,Rhodes,Germany,Male,42.0,1,85839.62,1,No,No,198182.73,0
15739054,Y?,France,Female,29.0,4,96974.97,1,Yes,Yes,141404.07,0
15612771,Bell,French,Male,35.0,4,148172.44,1,Yes,Yes,4175.68,0
15788483,Kerr,Spain,Male,38.0,0,0.0,1,No,No,126876.47,0
15732832,Jideofor,FRA,Female,40.0,5,0.0,2,No,No,41052.82,0
15772892,Robertson,French,Female,49.0,2,0.0,1,No,No,105760.01,0
15713843,Kao,Spain,Male,30.0,2,0.0,2,Yes,Yes,27937.12,0
15567993,Palmer,Spain,Male,28.0,8,134766.85,1,No,No,79355.87,0
15617603,Mackay,Germany,Male,30.0,5,123210.56,2,Yes,Yes,102180.27,0
15744983,Burgmann,Spain,Male,47.0,1,139887.01,1,Yes,Yes,95719.73,0
15630419,Davis,France,Male,44.0,9,149961.11,1,No,No,57121.51,0
15738828,Milano,Germany,Male,45.0,6,152880.97,1,No,No,162478.11,0
15778025,Dellucci,Germany,Male,43.0,9,108589.47,2,Yes,Yes,194808.51,0
15799479,Coles,Spain,Male,33.0,9,0.0,1,Yes,Yes,124045.65,0
15684269,Gray,Spain,Female,35.0,3,56674.48,1,No,No,17987.4,1
15762745,Macvitie,Spain,Male,32.0,8,0.0,1,No,No,133653.38,0
15746970,Townsend,Spain,Female,57.0,1,0.0,2,Yes,Yes,25101.17,0
15725024,Pope,Germany,Female,33.0,3,105663.56,2,Yes,Yes,33330.89,0
15592116,Jensen,French,Female,39.0,7,0.0,2,No,No,2401.26,0
15624391,Thomson,Spain,Female,30.0,5,100683.54,1,Yes,Yes,178361.04,0
15567422,Chiazagomekpele,FRA,Male,42.0,6,0.0,2,No,No,162697.93,0
15612627,Ozuluonye,Germany,Male,29.0,5,139541.58,2,No,No,80607.33,0
15574879,Wright,Germany,Female,37.0,2,121801.72,2,Yes,Yes,23146.62,0
15745107,Lung,Germany,Male,38.0,5,112281.7,1,Yes,Yes,89893.6,0
15734491,Lombardo,Spain,Female,36.0,4,0.0,2,Yes,Yes,3173.31,0
15675320,Leonard,Spain,Female,40.0,5,93499.82,2,No,No,123218.81,0
15643824,Johnston,French,Male,33.0,0,132255.99,2,Yes,Yes,74588.41,0
15643438,P'eng,FRA,Male,20.0,7,0.0,2,No,No,31288.77,0
15721730,Amechi,Spain,Female,44.0,4,0.0,2,No,No,58561.31,0
15680727,Fang,France,Male,49.0,5,121973.28,1,No,No,148804.36,0
15752508,Docherty,Germany,Male,32.0,7,99462.8,2,Yes,Yes,51117.06,0
15808846,Horton,Germany,Female,21.0,3,165878.76,2,Yes,Yes,164537.17,0
15727251,Vincent,French,Male,30.0,8,117494.27,1,No,No,61977.82,0
15663489,Onio,Germany,Female,29.0,0,138577.34,1,No,No,193362.99,0
15683677,Schiavone,Spain,Male,39.0,9,0.0,1,Yes,Yes,47722.79,0
15596414,Chandler,Spain,Male,41.0,8,107525.07,1,No,No,18510.41,0
15730639,Fiorentino,French,Male,23.0,7,139224.92,2,No,No,65057.71,0
15672132,Butusov,France,Female,42.0,7,121453.63,1,No,No,46374.64,0
15742638,Wang,French,Female,25.0,4,0.0,2,Yes,Yes,42039.67,0
15578603,Alexeieva,Germany,Female,54.0,1,77354.37,1,No,No,138192.98,1
15726088,Vinogradova,French,Male,40.0,6,0.0,1,Yes,Yes,22735.45,0
15682533,Hughes,French,Female,39.0,7,79259.99,1,Yes,Yes,186910.74,0
15772995,Ts'ao,FRA,Male,30.0,2,116295.29,1,No,No,75285.47,0
15765694,Bage,Spain,Female,59.0,1,0.0,1,Yes,Yes,130260.11,1
15659486,Yudina,Germany,Male,34.0,9,74309.81,1,No,No,15034.93,0
15568963,Naquin,Germany,Male,34.0,2,152797.9,1,No,No,175709.4,1
15703820,Endrizzi,FRA,Male,42.0,9,133701.07,2,No,No,101069.71,1
15569410,Tang,Germany,Female,33.0,7,114430.18,2,Yes,Yes,153012.13,0
15632256,Schroeder,French,Male,29.0,7,127504.57,1,No,No,86173.92,0
15724466,Swearingen,Germany,Female,41.0,2,84113.41,1,No,No,197548.63,0
15777639,McGregor,Spain,Female,23.0,10,101126.66,2,No,No,37042.8,0
15802501,Onyeorulu,Germany,Male,33.0,5,103564.83,2,No,No,121085.72,0
15778410,Clarke,Spain,Female,52.0,7,0.0,1,Yes,Yes,194113.99,1
15670702,Smith,France,Male,37.0,2,168178.21,2,Yes,Yes,101273.23,0
15704763,Kozlova,Germany,Female,39.0,1,143903.11,1,Yes,Yes,118711.75,1
15645544,Nekrasov,Germany,Female,30.0,5,129753.69,1,No,No,582.53,0
15757646,Olague,French,Male,35.0,9,0.0,2,No,No,192381.21,0
15701121,Holt,France,Male,38.0,5,110641.18,1,Yes,Yes,136507.69,1
15796313,Olsen,FRA,Female,36.0,4,166909.2,2,No,No,138871.12,1
15815660,Mazzi,FRA,Female,34.0,1,154139.45,1,Yes,Yes,60728.89,0
15602844,Niu,French,Male,38.0,7,97459.06,1,No,No,189175.71,0
15636238,Graham,French,Male,40.0,1,0.0,2,Yes,Yes,102547.56,0
15770101,Millar,Germany,Male,43.0,6,112088.04,2,Yes,Yes,36706.56,0
15645543,Bell,France,Female,34.0,3,0.0,2,Yes,Yes,44756.25,0
15596397,Kelly,France,Female,48.0,7,0.0,2,Yes,Yes,132870.15,0
15770525,T'an,Spain,Male,28.0,1,141038.57,2,No,No,16287.38,0
15684267,Davila,Germany,Male,39.0,2,84468.67,2,Yes,Yes,121945.42,0
15689980,Willis,Spain,Female,36.0,4,118520.26,1,No,No,131173.9,1
15633260,Dumetochukwu,France,Male,37.0,1,142663.46,1,Yes,Yes,88669.89,0
15756471,Giles,Germany,Male,27.0,4,118627.16,2,Yes,Yes,160835.3,0
15721303,O'Meara,Spain,Male,34.0,1,137523.02,1,No,No,24761.36,0
15802256,Yao,FRA,Male,28.0,7,110976.23,2,No,No,138526.96,0
15725664,Wallace,FRA,Female,38.0,8,107283.4,1,No,No,157442.75,0
15674851,T'ien,France,Male,38.0,5,0.0,2,No,No,105295.77,0
15701946,Ndubueze,French,Male,34.0,4,124314.45,1,No,No,97782.92,0
15748947,Chukwuraenye,French,Female,41.0,5,95858.37,1,Yes,Yes,68255.88,0
15673342,K'ung,France,Male,36.0,2,0.0,2,No,No,108790.95,0
15601008,Stevenson,FRA,Male,33.0,8,0.0,2,No,No,143706.18,0
15771636,Marshall,Spain,Female,36.0,0,0.0,1,No,No,148993.47,0
15642002,Hayward,FRA,Female,35.0,6,117707.18,2,No,No,95277.15,1
15693381,Tipton,Spain,Male,38.0,1,135289.33,2,Yes,Yes,152956.33,0
15607691,Gibson,France,Male,36.0,8,174060.46,1,Yes,Yes,94925.62,0
15589380,Fraser,Germany,Male,40.0,3,114446.84,2,Yes,Yes,87308.18,0
15603846,Fang,Spain,Male,37.0,2,0.0,2,No,No,83978.86,1
15753549,Dubinina,French,Male,25.0,1,157848.53,1,No,No,37543.93,1
15725355,Morey,FRA,Female,43.0,8,0.0,1,Yes,Yes,104889.3,0
15773017,Todd,Spain,Female,37.0,6,0.0,2,Yes,Yes,149705.25,0
15625641,Forbes,Germany,Female,74.0,3,108071.36,2,Yes,Yes,16445.79,0
15776467,De Salis,Spain,Female,35.0,8,14262.8,2,No,No,54689.16,0
15746451,Barry,Spain,Male,41.0,7,102749.72,1,Yes,Yes,194913.86,0
15777922,Afamefuna,Spain,Male,36.0,1,161757.87,2,Yes,Yes,146371.72,0
15606841,Ibbott,FRA,Male,38.0,1,0.0,2,No,No,156603.7,0
15757648,Marshall,Germany,Female,35.0,5,95698.79,1,Yes,Yes,182566.76,0
15677173,Law,French,Male,37.0,9,124969.13,1,No,No,60194.05,0
15764170,Pinto,Germany,Male,44.0,4,93960.35,1,No,No,36579.53,1
15610446,Chinedum,FRA,Female,51.0,4,88308.87,3,No,No,5862.53,1
15612776,McKay,Spain,Female,39.0,10,0.0,2,Yes,Yes,143030.09,0
15794122,Otutodilinna,France,Female,59.0,3,0.0,2,Yes,Yes,62700.08,0
15774931,She,France,Male,30.0,7,112935.87,1,Yes,Yes,99017.34,0
15779247,Pai,Spain,Female,24.0,8,98567.1,1,No,No,187987.01,0
15707078,Kruglov,FRA,Female,26.0,1,180530.51,1,No,No,123454.62,0
15605263,Chin,FRA,Male,33.0,5,140931.57,1,Yes,Yes,10921.5,0
15607381,King,Germany,Female,31.0,7,148913.72,2,No,No,53817.23,0
15683471,Hansen,FRA,Male,38.0,7,0.0,2,No,No,81617.4,0
15605037,Ting,FRA,Female,49.0,2,0.0,1,Yes,Yes,192298.84,1
15576085,Stone,France,Male,41.0,5,0.0,2,No,No,143882.25,0
15770435,McLean,French,Female,50.0,6,115335.32,2,Yes,Yes,53130.41,0
15592994,Zikoranachidimma,French,Female,65.0,0,0.0,2,Yes,Yes,190454.04,0
15624068,Fu,France,Female,26.0,0,0.0,2,Yes,Yes,111906.0,0
15595221,Trevisano,Germany,Female,33.0,7,134678.13,1,No,No,113177.95,0
15637131,Fallaci,France,Male,38.0,9,0.0,2,No,No,30529.88,0
15613471,Wiley,Germany,Male,31.0,2,90547.48,2,Yes,Yes,18800.13,0
15583499,Chiagoziem,France,Male,32.0,9,103324.78,1,Yes,Yes,46127.7,0
15752816,Murray,French,Male,29.0,3,114590.58,1,No,No,75585.48,0
15804075,Chuang,Germany,Female,36.0,3,91286.51,1,No,No,63085.94,0
15800517,Huang,Spain,Male,32.0,5,163340.12,2,Yes,Yes,74415.2,0
15712319,Chukwukere,Spain,Male,45.0,8,150900.29,2,Yes,Yes,139889.15,0
15797389,Hsia,Spain,Male,23.0,9,124577.33,1,Yes,Yes,7267.25,0
15621432,Lee,Spain,Male,35.0,1,0.0,2,No,No,186826.22,0
15779390,Theus,Spain,Female,31.0,4,91292.7,1,Yes,Yes,162149.07,0
15711219,Jennings,Germany,Female,57.0,8,93716.72,1,Yes,Yes,180150.49,1
15770498,Parker,French,Female,37.0,4,111723.08,1,Yes,Yes,83478.12,0
15678727,Tan,Germany,Male,45.0,4,110765.68,1,No,No,26163.74,1
15573893,Barry,Germany,Male,25.0,9,173459.45,2,Yes,Yes,44381.06,0
15740104,Tuan,Spain,Female,22.0,7,169649.73,2,Yes,Yes,136365.0,1
15792649,Patterson,Spain,Female,31.0,9,0.0,2,No,No,99294.22,0
15605275,Ofodile,Germany,Male,45.0,8,116917.07,1,No,No,173464.43,1
15572467,Chandler,FRA,Male,37.0,5,0.0,2,Yes,Yes,127543.81,0
15738219,Nash,FRA,Female,36.0,7,0.0,2,Yes,Yes,52526.65,0
15600710,Atkinson,FRA,Male,22.0,0,0.0,1,No,No,32589.45,0
15804394,Brenan,Germany,Male,32.0,8,130627.66,1,No,No,47161.25,1
15694188,Obidimkpa,Spain,Female,46.0,5,56580.95,2,Yes,Yes,45424.13,0
15583718,Terry,Germany,Male,38.0,6,142316.14,1,Yes,Yes,8018.49,0
15802478,Spring,Spain,Male,31.0,6,0.0,2,Yes,Yes,195668.0,0
15619343,Mahmood,French,Male,56.0,7,152759.0,2,No,No,133167.11,1
15758813,Campbell,Germany,Male,39.0,0,109733.2,2,No,No,123602.11,1
15761374,Bellucci,French,Male,54.0,9,117444.51,1,Yes,Yes,186238.85,0
15569209,Amaechi,Spain,Female,34.0,5,76001.57,1,Yes,Yes,158668.87,0
15788539,Foxall,French,Female,34.0,3,107747.57,1,No,No,9249.36,0
15747222,Bentley,Spain,Female,35.0,8,0.0,2,Yes,Yes,116581.1,0
15769346,Baird,French,Female,36.0,1,134997.49,2,No,No,44688.08,0
15699634,Howard,French,Female,48.0,2,0.0,2,Yes,Yes,148608.39,0
15589076,Henry,French,Male,36.0,9,0.0,1,Yes,Yes,188670.9,1
15812338,Sopuluchukwu,Spain,Female,30.0,7,0.0,1,No,No,107067.37,0
15758845,Rocher,Spain,Female,37.0,0,64345.21,1,Yes,Yes,61759.33,1
15685844,White,Germany,Female,35.0,8,141665.63,1,Yes,Yes,192776.64,0
15583090,Komar,Spain,Female,29.0,8,0.0,2,No,No,46735.19,0
15587581,Russo,Germany,Female,33.0,5,136624.6,2,Yes,Yes,169117.74,0
15633640,Loewenthal,French,Female,52.0,4,161209.66,1,Yes,Yes,89081.41,0
15573741,Aliyeva,Spain,Male,38.0,10,95010.92,1,Yes,Yes,105227.86,0
15633574,Montes,French,Female,41.0,4,167545.32,1,No,No,128246.81,0
15711455,Kuo,Germany,Female,36.0,4,109044.6,1,No,No,94554.74,1
15570601,Cheng,FRA,Female,47.0,9,122031.55,1,Yes,Yes,33823.5,1
15690925,McIntosh,Spain,Female,29.0,2,27755.97,1,No,No,97468.44,1
15709338,T'ao,French,Female,29.0,1,118560.55,1,Yes,Yes,164137.36,0
15780746,Tyndall,FRA,Male,61.0,4,0.0,2,Yes,Yes,191313.7,0
15681956,Bailey,French,Male,34.0,9,0.0,2,Yes,Yes,65257.57,0
15778190,Onyekaozulu,Spain,Female,28.0,8,97840.72,1,Yes,Yes,178222.77,0
15786852,Nwachukwu,Germany,Female,38.0,2,158651.29,2,Yes,Yes,179445.28,0
15726494,Romani,France,Male,44.0,9,175303.06,1,No,No,65500.53,1
15641183,Chin,Spain,Male,25.0,8,96950.21,1,No,No,97877.92,0
15805312,Bellucci,France,Male,45.0,7,123859.6,1,Yes,Yes,113051.57,0
15636572,Christmas,France,Female,32.0,7,0.0,2,Yes,Yes,105969.05,0
15632575,Moore,France,Female,70.0,9,0.0,1,Yes,Yes,122996.76,0
15740164,Genovesi,French,Female,33.0,3,85227.84,1,Yes,Yes,68087.15,0
15574947,Cartwright,French,Male,36.0,8,97786.08,2,Yes,Yes,21478.36,0
15597909,Johnstone,Germany,Male,33.0,7,128135.99,1,No,No,158437.73,0
15782574,Warner,Spain,Male,33.0,6,0.0,2,No,No,76551.7,0
15734999,Stephenson,Spain,Male,36.0,2,85996.19,1,No,No,15887.68,0
15706593,Ellis,Spain,Female,50.0,10,0.0,2,Yes,Yes,33741.84,0
15766686,Nebechi,Germany,Female,39.0,1,104502.11,1,No,No,20652.69,0
15590268,Chu,Spain,Male,35.0,5,95772.97,1,Yes,Yes,112781.5,0
15763055,Onuchukwu,Spain,Male,31.0,5,98108.79,1,Yes,Yes,119996.95,0
15664754,Steele,Germany,Male,39.0,9,131607.28,4,Yes,Yes,6981.43,1
15643630,Quaife,Spain,Male,55.0,9,63127.41,2,No,No,185211.28,1
15641043,Scott,Spain,Male,35.0,7,0.0,2,Yes,Yes,78436.36,0
15768095,Yeh,FRA,Male,31.0,9,0.0,1,Yes,Yes,139048.0,0
15811314,Y?,Germany,Female,36.0,9,140355.56,2,No,No,136329.96,0
15669922,Conti,Spain,Female,36.0,2,0.0,2,Yes,Yes,14721.8,0
15707114,Holder,France,Male,30.0,2,0.0,2,Yes,Yes,3430.38,0
15670602,Burgess,Germany,Male,24.0,7,107418.27,1,Yes,Yes,160450.21,0
15713479,Ozuluonye,French,Male,35.0,6,0.0,2,No,No,1485.27,0
15663830,De Luca,Spain,Male,32.0,6,0.0,2,Yes,Yes,19720.08,0
15566958,Li Fonti,Spain,Male,39.0,7,167557.12,1,Yes,Yes,41183.02,0
15680918,Freeman,Spain,Male,34.0,8,117300.02,1,No,No,139410.08,0
15663921,Pisani,FRA,Male,60.0,7,0.0,2,Yes,Yes,163691.48,0
15716324,Ignatieff,France,Female,23.0,9,143672.9,1,Yes,Yes,115147.33,0
15796969,Lahti,France,Male,33.0,4,0.0,2,Yes,Yes,74945.11,0
15574783,Perkins,France,Female,37.0,1,0.0,2,Yes,Yes,180363.56,0
15773487,Conway,Germany,Female,31.0,8,76798.92,1,No,No,196021.73,0
15802486,Hayes,FRA,Male,34.0,3,0.0,2,Yes,Yes,125979.36,0
15783398,Rizzo,Spain,Female,49.0,7,115309.75,1,No,No,111421.77,0
15649418,Krylov,French,Female,29.0,7,178171.04,2,Yes,Yes,115818.51,0
15604588,Li Fonti,Spain,Female,38.0,3,0.0,2,Yes,Yes,179360.76,0
15735428,Talbot,Spain,Female,37.0,0,0.0,2,No,No,82351.06,0
15629078,Matthias,Germany,Female,45.0,5,127258.79,1,Yes,Yes,192744.23,1
15806880,Boyle,Spain,Female,30.0,6,0.0,1,Yes,Yes,113408.47,0
15754999,Ch'eng,France,Female,33.0,8,0.0,1,Yes,Yes,124641.42,0
15781034,Mason,Spain,Male,67.0,5,0.0,2,Yes,Yes,54871.02,0
15622017,Bruno,Spain,Female,33.0,10,0.0,1,Yes,Yes,98820.09,0
15705885,Smeaton,Spain,Male,36.0,2,0.0,2,Yes,Yes,45570.84,0
15677382,Miller,Spain,Female,69.0,1,107569.96,1,Yes,Yes,182336.45,0
15566843,Gotch,Germany,Male,20.0,9,134874.4,1,Yes,Yes,118825.56,0
15608387,Fu,FRA,Female,29.0,4,0.0,2,No,No,103372.79,0
15810786,O'Toole,France,Female,67.0,3,0.0,2,Yes,Yes,43486.73,0
15626983,Ledford,Spain,Female,48.0,6,0.0,2,Yes,Yes,40062.99,0
15773605,Iadanza,Spain,Female,32.0,3,0.0,2,No,No,46175.7,0
15811261,Alaniz,Spain,Male,42.0,0,70105.87,1,Yes,Yes,120830.73,0
15590606,Saunders,French,Male,41.0,9,0.0,2,No,No,5967.09,0
15576644,Lin,Germany,Female,29.0,4,78939.15,1,No,No,122134.56,1
15750264,Pinto,Germany,Male,30.0,6,105128.85,2,Yes,Yes,62972.13,0
15741554,Streeter,Spain,Male,31.0,2,113836.27,1,Yes,Yes,174815.54,0
15769051,Shaw,Spain,Male,25.0,7,0.0,1,Yes,Yes,192841.13,0
15812198,Chen,Germany,Male,48.0,1,100900.5,1,No,No,33310.72,1
15699772,Barclay,Germany,Female,40.0,3,129248.11,2,No,No,72876.43,1
15744105,Kodilinyechukwu,French,Female,28.0,3,109118.05,2,Yes,Yes,50911.41,0
15739858,Otitodilichukwu,FRA,Male,56.0,7,0.0,1,Yes,Yes,142400.27,1
15723720,McKenzie,FRA,Female,31.0,7,0.0,2,Yes,Yes,48778.46,0
15638355,Woods,French,Female,35.0,5,126397.66,1,No,No,156361.58,1
15805637,Hsing,France,Male,36.0,9,108546.16,3,No,No,133807.77,1
15629575,Wheare,French,Male,36.0,2,148061.89,1,No,No,179128.69,1
15586243,Yobachi,France,Male,44.0,8,122277.87,1,Yes,Yes,91810.71,0
15757931,Fang,French,Male,24.0,3,0.0,2,No,No,173195.33,0
15716023,Pearson,France,Male,31.0,1,0.0,2,Yes,Yes,182270.88,0
15647782,Brown,Germany,Male,36.0,8,152899.24,2,No,No,177130.33,0
15716609,L?,Germany,Male,54.0,3,134388.11,1,No,No,49954.79,1
15623791,Padovesi,Spain,Female,40.0,3,109740.62,1,No,No,141896.74,0
15627262,Soto,Germany,Male,23.0,6,92366.72,2,No,No,120661.71,0
15652693,Greco,French,Female,26.0,4,129109.02,1,No,No,149814.68,1
15586993,Giordano,Spain,Female,56.0,5,0.0,2,Yes,Yes,41782.7,0
15815560,Bogle,Germany,Male,74.0,7,105102.5,1,Yes,Yes,46172.47,0
15584930,Grimmett,Germany,Male,30.0,5,111375.32,2,No,No,2704.09,0
15799031,Ayers,France,Male,39.0,3,0.0,2,No,No,6726.53,0
15810457,Miller,Germany,Female,33.0,9,150412.14,2,No,No,170764.08,0
15697879,Webb,France,Male,30.0,3,156660.72,2,No,No,45742.42,0
15594902,Lombardi,French,Male,38.0,3,90957.81,1,Yes,Yes,162304.59,0
15799710,Wei,France,Male,37.0,7,104960.46,1,Yes,Yes,80883.82,0
15659651,Ross,Germany,Female,31.0,7,117052.82,1,No,No,118508.09,1
15645956,Jideofor,Spain,Male,44.0,3,88915.85,1,No,No,69697.74,0
15651713,King,French,Male,45.0,6,148071.39,1,No,No,183575.01,0
15737265,Nwokeocha,Germany,Male,39.0,6,152182.83,1,No,No,161203.6,0
15687310,Humphries,Spain,Male,39.0,9,0.0,2,No,No,143752.77,0
15607347,Olisaemeka,French,Male,22.0,5,130056.23,1,No,No,121894.31,1
15698321,Yobanna,Germany,Male,34.0,3,95039.73,2,Yes,Yes,147055.87,0
15657812,Ch'iu,French,Male,52.0,1,0.0,2,Yes,Yes,172033.57,0
15569187,Fleming,Spain,Male,35.0,9,0.0,2,No,No,143774.06,0
15681562,Trevisan,French,Female,43.0,2,112773.73,2,Yes,Yes,139366.58,0
15615456,Aleksandrova,FRA,Female,37.0,10,123806.28,1,No,No,81776.84,1
15589793,Onwuamaeze,French,Male,53.0,8,144453.75,1,No,No,190998.96,1
15781884,Knox,Germany,Male,27.0,9,94667.29,2,Yes,Yes,4470.52,0
15675190,Chia,France,Male,21.0,10,0.0,2,Yes,Yes,135851.3,0
15600734,Townsend,Spain,Male,51.0,5,174397.21,2,Yes,Yes,172372.63,0
15779176,Dike,Germany,Female,58.0,3,108888.24,3,Yes,Yes,135875.51,1
15605286,Moyes,French,Male,55.0,4,118803.35,2,Yes,Yes,128124.7,1
15674922,Beavers,France,Male,54.0,6,171137.62,1,Yes,Yes,167023.95,1
15737506,Tretiakova,French,Male,42.0,6,0.0,1,No,No,149807.01,0
15780514,Fuller,French,Male,33.0,8,136678.52,1,No,No,54290.62,0
15623647,Dellucci,Spain,Female,36.0,1,135515.76,1,No,No,86013.96,0
15668472,Ritchie,Spain,Female,24.0,5,177799.83,2,No,No,79886.06,0
15692416,Aikenhead,Spain,Female,52.0,8,143542.36,3,No,No,141959.11,1
15771139,Douglas,Germany,Male,34.0,8,147487.23,2,No,No,66680.77,0
15738318,Kung,French,Female,40.0,5,97764.41,1,No,No,98640.15,1
15772243,MacDonald,FRA,Female,33.0,9,0.0,1,No,No,142797.5,1
15638463,Okwudilichukwu,Germany,Female,48.0,8,139480.18,1,Yes,Yes,163581.67,0
15598088,Ni,Spain,Male,25.0,5,0.0,2,Yes,Yes,163221.22,0
15693468,Simmons,Spain,Female,39.0,9,140553.46,1,No,No,12440.44,0
15671930,H?,French,Female,36.0,5,0.0,2,Yes,Yes,145551.6,0
15762268,Hancock,France,Female,41.0,10,141162.08,1,No,No,50908.48,0
15780954,Cran,Spain,Male,26.0,4,65848.36,2,No,No,30149.21,0
15700174,McKay,Spain,Female,30.0,0,83319.28,1,No,No,57769.2,0
15635728,P'an,FRA,Male,41.0,4,0.0,2,No,No,156381.47,0
15679283,Parkhill,FRA,Female,33.0,4,129731.64,2,No,No,178123.86,0
15591386,Golubova,French,Female,35.0,5,0.0,2,No,No,51112.8,0
15694192,Nwankwo,Spain,Female,38.0,6,0.0,2,No,No,173783.38,0
15585901,Johnson,Spain,Male,35.0,1,0.0,3,No,No,174770.14,1
15792329,Mao,Germany,Male,37.0,5,107106.33,2,No,No,172063.09,0
15635597,Echezonachukwu,FRA,Male,33.0,8,0.0,2,Yes,Yes,155294.17,0
15775880,McElyea,France,Female,30.0,9,0.0,2,Yes,Yes,40320.3,0
15630913,Rosas,Spain,Female,69.0,1,105303.73,1,Yes,Yes,134260.34,0
15756680,Phillips,France,Male,28.0,6,165798.1,1,No,No,147090.9,0
15587913,Palerma,Spain,Female,40.0,4,0.0,2,No,No,132368.47,0
15737605,Morris,Spain,Female,45.0,1,126495.57,2,Yes,Yes,164741.5,0
15627876,Pavlova,Spain,Female,47.0,9,116393.59,1,No,No,63051.32,1
15772601,Lu,Germany,Female,41.0,2,81733.74,2,No,No,199761.29,0
15758606,Yamamoto,FRA,Male,54.0,4,0.0,1,Yes,Yes,55725.04,1
15657107,Angelo,Spain,Female,46.0,8,106171.68,1,No,No,163145.5,1
15622454,Zaitsev,Spain,Male,28.0,0,96020.86,1,Yes,Yes,57992.49,0
15775803,Cawker,Spain,Male,41.0,1,0.0,2,Yes,Yes,193093.77,0
15570859,Froggatt,Germany,Male,36.0,2,181671.16,2,Yes,Yes,57531.14,0
15748381,Gorbunov,FRA,Female,29.0,6,185709.28,2,Yes,Yes,77242.19,0
15787189,Tai,Germany,Male,60.0,8,134250.17,3,No,No,153046.16,1
15666055,Rowe,French,Female,49.0,7,0.0,1,No,No,63405.2,1
15617648,Mikkelsen,France,Female,44.0,5,95671.75,2,Yes,Yes,106564.88,0
15755678,Kovalyov,French,Male,62.0,2,0.0,2,No,No,42763.12,1
15624781,Mbanefo,France,Female,34.0,1,142151.75,2,Yes,Yes,168753.34,0
15779497,Ts'ai,FRA,Male,43.0,5,127823.93,1,Yes,Yes,19483.35,0
15567399,Enderby,Germany,Male,43.0,3,144164.29,1,Yes,Yes,158646.46,0
15613656,Lombardi,French,Male,58.0,1,63492.94,1,Yes,Yes,83172.19,0
15734311,Hamilton,France,Female,27.0,3,0.0,2,Yes,Yes,76889.79,0
15657214,Hsia,FRA,Male,74.0,2,0.0,2,Yes,Yes,51554.58,0
15799350,Mao,FRA,Male,41.0,0,106134.46,1,Yes,Yes,105570.39,0
15729970,Ugochukwu,Germany,Male,29.0,8,127269.75,1,Yes,Yes,79495.01,0
15725835,West,Germany,Female,32.0,3,124493.03,2,Yes,Yes,52583.79,1
15745543,Hughes,France,Male,39.0,7,0.0,2,No,No,26848.25,0
15727384,Chukwuemeka,Germany,Female,43.0,10,146547.78,1,Yes,Yes,10072.55,1
15666916,Lira,France,Male,43.0,6,99610.92,2,No,No,187296.78,0
15732917,Li,Germany,Male,46.0,5,117837.43,1,No,No,104016.61,1
15612050,Castiglione,Spain,Female,48.0,8,168522.37,1,Yes,Yes,151310.16,0
15726267,Paterson,France,Male,32.0,9,117337.54,2,Yes,Yes,62810.91,0
15780124,Blair,French,Male,74.0,9,108131.53,1,Yes,Yes,60830.38,0
15742238,Dellucci,Germany,Male,35.0,4,136496.12,2,No,No,116672.02,0
15679024,Udinesi,France,Male,32.0,3,116324.53,1,No,No,77304.49,0
15715297,Yuan,Germany,Female,40.0,2,75470.23,1,Yes,Yes,52894.01,0
15633612,Yuryeva,French,Male,28.0,4,172646.82,1,Yes,Yes,116471.43,0
15602929,Wilson,Spain,Female,37.0,4,0.0,1,No,No,4539.38,0
15696703,Dean,Germany,Male,27.0,3,160358.68,2,No,No,142367.72,0
15756668,Ross,FRA,Male,30.0,3,98415.37,1,Yes,Yes,110520.48,0
15565779,Kent,Germany,Female,30.0,6,57809.32,1,No,No,188258.49,0
15795519,Vasiliev,Germany,Female,18.0,3,128743.8,1,No,No,197322.13,0
15761477,Golibe,Germany,Male,24.0,4,130806.42,2,No,No,80241.14,0
15731890,Chukwukere,France,Male,41.0,1,123971.16,1,Yes,Yes,172814.99,0
15633043,Fedorova,Spain,Female,39.0,6,0.0,1,No,No,38410.74,1
15752953,Chien,FRA,Male,45.0,9,0.0,2,No,No,17622.82,0
15603088,Rossi,Spain,Female,23.0,9,0.0,2,Yes,Yes,48021.71,0
15606613,Samson,France,Female,59.0,7,0.0,1,No,No,88958.49,1
15635939,Fenton,FRA,Female,39.0,9,0.0,2,No,No,116343.09,0
15666043,Mackey,FRA,Male,33.0,4,156297.58,2,Yes,Yes,166102.61,0
15746190,Payton,Spain,Female,28.0,2,0.0,2,Yes,Yes,104353.26,0
15591357,Cowger,France,Male,51.0,3,123372.3,1,Yes,Yes,115429.32,0
15658716,Banks,Germany,Female,37.0,5,92171.35,3,No,No,178106.34,1
15679909,Pugliesi,Spain,Male,41.0,8,0.0,2,No,No,132152.32,0
15634262,Fantin,Germany,Male,34.0,4,148375.19,2,Yes,Yes,21521.38,0
15799825,Bentley,French,Female,44.0,8,0.0,2,Yes,Yes,27431.62,0
15756875,Freeman,Spain,Male,34.0,6,147422.44,1,Yes,Yes,42143.61,0
15678146,Wong,Spain,Female,24.0,7,173962.32,1,No,No,106457.11,1
15710743,Onwuamaeze,FRA,Male,47.0,0,0.0,1,Yes,Yes,133831.37,1
15595831,Shen,Germany,Female,64.0,6,145215.43,1,Yes,Yes,164083.72,0
15626684,Huang,French,Female,38.0,5,167539.97,1,Yes,Yes,159207.34,0
15709846,Yeh,French,Female,39.0,1,94968.97,1,No,No,84487.62,0
15635459,Shih,Germany,Female,27.0,3,106116.5,2,No,No,3674.71,0
15642544,Henderson,FRA,Male,34.0,5,0.0,2,Yes,Yes,12092.03,0
15566494,Fang,French,Male,45.0,2,0.0,2,No,No,77475.73,0
15655238,Dellucci,French,Female,31.0,9,0.0,2,No,No,41291.73,0
15733429,Chou,Germany,Male,34.0,8,120018.86,2,Yes,Yes,343.38,0
15814536,Conti,French,Male,37.0,2,112541.54,2,No,No,47432.43,0
15771702,Roberts,France,Female,35.0,5,166118.45,2,No,No,127827.18,0
15723008,Lo Duca,FRA,Female,45.0,1,102882.4,2,Yes,Yes,35633.15,1
15797160,Glover,French,Female,49.0,8,0.0,1,Yes,Yes,182865.09,1
15792222,Johnstone,France,Female,37.0,1,106881.5,2,No,No,169386.81,0
15644765,Ashton,Germany,Male,26.0,4,120727.97,1,Yes,Yes,149073.88,0
15610686,Melton,French,Male,63.0,8,169832.57,1,No,No,184107.26,1
15730868,Marshall,France,Male,41.0,5,0.0,2,Yes,Yes,22750.17,0
15705991,Kenenna,Germany,Male,38.0,9,113599.42,1,No,No,11950.29,0
15577078,Zakharov,Spain,Male,38.0,6,0.0,1,Yes,Yes,152880.07,1
15679550,Chukwualuka,French,Male,32.0,9,0.0,2,No,No,175252.78,0
15787655,Chu,FRA,Male,47.0,3,0.0,2,No,No,174303.29,0
15668081,Capon,Spain,Female,50.0,4,0.0,2,Yes,Yes,80701.72,0
15747980,Cattaneo,Spain,Male,38.0,6,146282.79,2,No,No,198516.2,0
15710295,Patrick,Germany,Female,38.0,6,119413.62,2,No,No,175756.36,0
15724443,Taylor,Germany,Female,29.0,3,122084.63,1,Yes,Yes,82824.08,0
15571305,Stephenson,Germany,Female,35.0,1,103060.63,1,No,No,179866.01,1
15569503,Yeh,FRA,Male,44.0,6,0.0,2,Yes,Yes,159899.97,0
15581840,DeRose,French,Male,33.0,8,0.0,2,No,No,138504.28,0
15772262,Vavilov,Germany,Male,37.0,9,110483.86,1,Yes,Yes,127394.67,0
15767794,Browne,French,Male,31.0,9,120718.28,1,Yes,Yes,58961.49,0
15629338,Collingridge de Tourcey,Spain,Female,31.0,2,36566.96,1,No,No,103644.98,1
15790379,Rowe,Germany,Male,28.0,8,108601.0,1,Yes,Yes,119647.7,0
15750684,Jibunoh,FRA,Female,42.0,4,0.0,1,No,No,28465.86,1
15697214,Korovin,Spain,Female,36.0,5,0.0,2,Yes,Yes,152979.14,0
15711015,Hammonds,FRA,Male,36.0,4,0.0,2,Yes,Yes,190911.02,0
15573309,Ward,Spain,Female,48.0,2,0.0,2,Yes,Yes,95794.98,0
15805303,Olisanugo,Germany,Male,44.0,1,141136.62,1,No,No,189742.78,1
15741385,Gallop,Germany,Male,45.0,9,108231.37,1,Yes,Yes,188574.08,0
15780254,Gartrell,French,Male,40.0,6,0.0,1,No,No,183872.88,1
15744843,K'ung,Spain,Female,34.0,6,144855.34,1,No,No,196555.32,0
15815626,Oluchi,FRA,Male,63.0,2,68432.45,2,Yes,Yes,112503.24,1
15784736,Jamieson,FRA,Male,45.0,6,136855.24,1,No,No,46864.0,0
15813412,Barlow,France,Female,55.0,3,44020.89,1,No,No,65864.4,1
15809143,White,Germany,Male,32.0,9,133060.63,1,Yes,Yes,125167.92,0
15617617,Stewart,Spain,Male,39.0,7,0.0,2,Yes,Yes,177519.39,0
15779738,Buccho,France,Male,24.0,1,0.0,1,Yes,Yes,169653.32,0
15668669,Benson,France,Female,36.0,5,97665.61,1,No,No,118372.55,1
15687477,Thompson,Germany,Male,28.0,5,185013.02,1,No,No,16481.12,0
15578908,Todd,Spain,Female,32.0,0,0.0,2,Yes,Yes,138525.19,0
15687658,Burgin,FRA,Female,52.0,7,65971.61,2,No,No,14608.0,1
15615020,Nnaife,Germany,Female,41.0,9,150463.11,2,Yes,Yes,81548.38,0
15608886,Okwudiliolisa,FRA,Female,33.0,1,0.0,2,No,No,69608.48,0
15602551,Johnson,Spain,Male,39.0,9,0.0,2,No,No,68873.8,0
15672945,Parkes,FRA,Female,37.0,5,136425.18,1,No,No,81102.81,0
15757408,Lo,Spain,Male,38.0,3,250898.09,3,Yes,Yes,81054.0,1
15806132,Martin,French,Male,55.0,4,146798.81,1,Yes,Yes,74149.77,0
15813022,Kapustina,Spain,Male,70.0,1,0.0,2,No,No,99503.19,0
15673578,Page,Germany,Female,40.0,7,128486.91,2,No,No,10109.47,0
15757916,Amaechi,FRA,Female,38.0,9,0.0,2,Yes,Yes,58855.85,0
15689168,Munro,Spain,Male,37.0,1,143407.29,2,Yes,Yes,84402.46,0
15769216,Panicucci,French,Female,43.0,2,0.0,1,No,No,49713.87,1
15593295,Greathouse,French,Male,57.0,6,76165.65,1,Yes,Yes,133537.53,0
15804814,Ts'ui,France,Male,40.0,4,0.0,2,No,No,124615.59,0
15778934,Napolitani,Spain,Female,49.0,8,0.0,2,Yes,Yes,98090.69,0
15802351,Beers,Germany,Female,33.0,6,90560.3,2,Yes,Yes,42607.69,0
15630241,Tretyakova,France,Male,61.0,3,62391.22,1,Yes,Yes,192434.11,0
15719561,Lin,French,Male,42.0,5,0.0,3,No,No,60686.4,0
15615096,Costa,FRA,Female,31.0,7,0.0,2,Yes,Yes,49463.44,0
15659931,Ibezimako,Germany,Female,55.0,1,123378.2,1,No,No,81431.99,1
15714586,Marcelo,Spain,Female,42.0,3,99836.47,1,Yes,Yes,22909.56,0
15634949,Hay,Germany,Male,74.0,5,161434.36,2,Yes,Yes,65532.17,0
15589224,Moore,Spain,Male,41.0,5,0.0,2,Yes,Yes,141053.85,0
15795990,Lumholtz,Germany,Female,48.0,10,138311.76,1,Yes,Yes,3472.63,1
15603216,Simpson,France,Male,25.0,7,0.0,2,No,No,102083.78,0
15631201,Hill,Spain,Female,28.0,4,0.0,2,No,No,1801.77,0
15686255,Mouzon,Germany,Male,35.0,6,101744.84,1,No,No,85185.44,0
15746594,Wu,Spain,Male,33.0,8,0.0,1,No,No,119882.7,0
15718893,Pirozzi,Germany,Female,54.0,4,125456.07,1,No,No,83715.66,1
15671609,Ibeabuchi,FRA,Male,44.0,7,0.0,2,No,No,23425.78,0
15652540,Garnsey,France,Male,31.0,2,0.0,2,Yes,Yes,77326.78,0
15774857,Synnot,French,Female,27.0,7,0.0,2,No,No,156150.08,1
15791836,Wildman,France,Male,29.0,5,0.0,2,No,No,108577.97,0
15651554,Anenechukwu,Germany,Female,54.0,4,118449.21,1,Yes,Yes,133573.29,1
15583576,Tai,France,Male,30.0,2,0.0,1,Yes,Yes,102057.86,0
15732740,Plant,Spain,Female,32.0,9,178095.55,1,No,No,47247.56,0
15723320,Azubuike,Germany,Female,25.0,2,109175.14,2,No,No,114566.47,0
15603851,Galkin,France,Male,32.0,7,127785.17,4,No,No,184464.7,1
15777923,Johnston,French,Female,45.0,6,0.0,2,Yes,Yes,151401.33,0
15735719,Babbage,French,Female,40.0,9,0.0,2,Yes,Yes,70607.1,0
15703482,Walker,Germany,Male,34.0,9,134260.36,2,No,No,147074.67,0
15605835,Rice,French,Male,37.0,8,69143.91,2,Yes,Yes,105780.18,0
15664881,Norton,French,Male,34.0,4,100054.77,1,No,No,109496.45,0
15757568,Bogolyubov,France,Female,45.0,6,0.0,1,Yes,Yes,137739.45,0
15792660,Gibbons,French,Male,38.0,2,116248.88,1,No,No,105140.92,0
15599722,Chia,Spain,Female,43.0,6,86053.52,2,Yes,Yes,113276.46,1
15726354,Smith,FRA,Female,32.0,6,123157.95,1,No,No,172531.23,0
15610355,Hunter,French,Male,44.0,1,63438.91,1,No,No,64375.4,0
15704284,Ekechukwu,Germany,Male,57.0,9,95295.39,1,No,No,28434.44,1
15621893,Bellucci,French,Male,18.0,4,133550.67,1,Yes,Yes,46941.41,0
15588219,Ford,French,Female,38.0,1,106871.81,2,No,No,29333.01,0
15688619,Scott,Spain,Male,45.0,3,105266.32,2,Yes,Yes,193724.51,0
15765518,Gregson,France,Female,51.0,2,105229.53,1,No,No,34967.75,1
15616931,Moore,FRA,Male,41.0,8,102768.42,1,No,No,55663.85,0
15758372,Wallace,French,Male,18.0,7,0.0,2,Yes,Yes,55753.12,1
15782591,Cook,FRA,Male,35.0,6,112689.95,1,No,No,176962.31,0
15612109,Speth,FRA,Male,38.0,9,122334.26,2,Yes,Yes,181507.44,0
15613712,Boag,Spain,Male,34.0,1,0.0,2,No,No,61995.57,0
15639322,Grave,Spain,Male,33.0,4,137847.41,2,No,No,98349.13,0
15594349,Streeten,FRA,Male,49.0,5,122486.47,1,Yes,Yes,59748.19,0
15574167,Fox,French,Male,33.0,2,101286.11,1,Yes,Yes,159840.51,0
15811842,Artemyeva,Spain,Male,26.0,7,0.0,2,Yes,Yes,6656.64,0
15648794,Giordano,Spain,Male,57.0,4,101247.06,1,No,No,37141.62,1
15771211,Perkins,French,Male,38.0,10,86977.96,1,Yes,Yes,37094.75,0
15588614,Walton,French,Male,57.0,7,0.0,1,No,No,159475.08,1
15630698,Hay,France,Female,55.0,9,110123.59,1,Yes,Yes,51548.14,1
15694200,Gardner,French,Male,36.0,8,178111.82,1,No,No,58719.63,1
15721426,Milne,Germany,Male,65.0,10,126306.64,3,No,No,7861.68,1
15725997,She,French,Female,35.0,6,100768.77,1,No,No,19199.61,0
15762138,Hu,France,Male,42.0,5,0.0,2,No,No,178504.29,0
15750649,Uwakwe,French,Female,44.0,3,0.0,2,Yes,Yes,189016.14,0
15685706,Bird,France,Female,40.0,7,118991.79,1,Yes,Yes,156048.64,0
15641835,Anderson,French,Male,72.0,3,140997.26,1,Yes,Yes,52876.41,0
15586821,Bellew,French,Male,28.0,5,0.0,2,Yes,Yes,19653.08,0
15569678,Cocci,Germany,Male,32.0,6,166824.59,1,No,No,139451.98,0
15793842,Krichauff,FRA,Female,34.0,2,76322.69,1,No,No,128136.29,0
15667554,Cameron,France,Male,35.0,6,0.0,2,Yes,Yes,45206.57,0
15794479,Becker,Spain,Male,77.0,8,149083.7,1,Yes,Yes,190146.83,0
15585041,Ainsworth,French,Male,33.0,7,0.0,2,Yes,Yes,158313.87,0
15780650,Biryukov,France,Male,40.0,9,0.0,1,Yes,Yes,96670.2,0
15780846,Redding,French,Male,33.0,1,126588.81,2,Yes,Yes,62163.53,0
15805260,Wood,Germany,Female,56.0,2,143249.67,1,No,No,88428.41,1
15621629,Scott,Germany,Male,43.0,8,81844.91,2,Yes,Yes,35908.46,0
15662151,Gould,FRA,Male,40.0,4,0.0,1,Yes,Yes,168780.04,0
15747174,Hao,Germany,Male,58.0,9,190298.89,2,Yes,Yes,191263.76,0
15651585,Power,Germany,Male,35.0,2,117212.18,1,Yes,Yes,83052.03,0
15649738,White,FRA,Female,46.0,0,0.0,2,Yes,Yes,125962.02,0
15633108,Thorpe,French,Male,26.0,4,139848.17,1,No,No,164696.27,0
15769254,Tuan,Germany,Female,34.0,9,101861.36,2,No,No,187011.96,0
15704746,Inman,Spain,Male,35.0,2,167455.66,2,Yes,Yes,55324.49,0
15637644,Hanson,France,Female,24.0,4,0.0,2,Yes,Yes,34335.55,0
15609562,MacDonald,Spain,Female,43.0,1,116360.07,1,No,No,17004.14,0
15787459,Parkes,Spain,Male,40.0,3,88466.82,1,No,No,116331.42,0
15762902,Stanley,France,Female,42.0,7,0.0,2,Yes,Yes,22974.01,0
15738605,Fischer,Germany,Female,46.0,5,123642.36,1,Yes,Yes,49725.16,1
15724889,Chinweuba,Spain,Male,38.0,9,0.0,1,Yes,Yes,87412.74,0
15730735,Henning,France,Male,38.0,9,72286.84,2,Yes,Yes,26136.89,0
15689147,Ogochukwu,FRA,Female,40.0,1,0.0,2,No,No,126554.96,0
15730397,Narelle,Spain,Male,40.0,1,109681.61,1,Yes,Yes,193321.3,0
15762169,Bergman,Germany,Male,37.0,9,145018.64,2,No,No,90928.02,1
15589320,Sagese,Spain,Male,34.0,8,0.0,1,Yes,Yes,76510.46,0
15799211,Anenechi,Spain,Female,32.0,8,187487.63,1,Yes,Yes,120115.5,0
15798310,Palerma,French,Male,35.0,2,165692.91,1,Yes,Yes,197984.58,0
15609998,Okwudilichukwu,Germany,Female,59.0,5,137648.41,1,No,No,142977.05,1
15583548,Harrison,Spain,Female,47.0,6,118560.0,1,No,No,82522.61,1
15761763,Jamieson,FRA,Male,33.0,8,164385.53,1,No,No,150664.97,0
15764409,Goodman,France,Male,37.0,9,108286.5,1,Yes,Yes,114153.44,0
15710161,Ko,FRA,Female,34.0,2,0.0,2,Yes,Yes,171706.66,0
15735246,Norman,Spain,Female,58.0,9,0.0,2,No,No,119071.56,1
15791700,Ugochukwutubelum,Germany,Male,47.0,2,118079.47,4,Yes,Yes,143007.49,1
15670753,Uvarova,Spain,Male,35.0,2,127283.78,1,Yes,Yes,31302.35,0
15573876,Chia,Spain,Male,48.0,8,0.0,2,No,No,71139.8,0
15770174,Piazza,FRA,Male,29.0,6,141389.06,1,No,No,54122.89,0
15641114,Power,FRA,Male,37.0,8,130091.5,1,Yes,Yes,120031.29,0
15682435,P'eng,France,Male,35.0,4,143744.77,2,No,No,104076.51,0
15751788,Johnson,Spain,Male,28.0,9,97408.03,1,Yes,Yes,175853.64,0
15672598,Walker,Spain,Male,30.0,9,111927.45,1,Yes,Yes,175795.87,0
15762803,Innes,FRA,Male,31.0,3,0.0,2,No,No,15360.91,0
15812982,Francis,Spain,Male,38.0,2,0.0,1,No,No,168460.12,0
15597901,Chidozie,French,Male,34.0,1,0.0,1,Yes,Yes,181177.9,0
15731507,Mackenzie,France,Female,33.0,1,188285.68,1,No,No,58363.94,0
15809826,Craigie,France,Female,46.0,2,109705.52,1,No,No,20276.87,1
15764237,Manfrin,Spain,Male,33.0,9,0.0,2,No,No,91514.62,0
15769917,Onyekachi,Germany,Female,34.0,1,127122.79,3,Yes,Yes,76703.1,0
15641850,Pethard,French,Male,40.0,0,98241.04,1,No,No,110887.14,0
15770974,Nwabugwu,Germany,Female,37.0,8,170840.08,2,No,No,109843.16,0
15803749,DeRose,Germany,Female,41.0,4,87541.06,2,Yes,Yes,12577.21,1
15684999,Ch'eng,French,Female,26.0,4,62610.96,2,Yes,Yes,179365.1,0
15770225,Padovesi,France,Male,36.0,9,0.0,2,Yes,Yes,65816.53,0
15627484,Obielumani,French,Female,47.0,5,113328.93,1,No,No,124170.9,0
15610337,Stephens,Spain,Male,35.0,2,104832.49,1,No,No,175015.12,0
15752488,Emery,Spain,Female,31.0,9,102289.85,1,Yes,Yes,115441.66,0
15610056,Dufresne,Germany,Female,34.0,6,125227.82,2,Yes,Yes,128247.03,0
15806049,Lee,Germany,Female,49.0,5,140510.89,1,No,No,141914.94,0
15736069,Hsing,Germany,Female,35.0,6,132253.22,1,No,No,115566.57,1
15763662,Longo,Germany,Male,43.0,2,39043.29,2,Yes,Yes,175423.69,0
15615575,Vial,French,Male,34.0,8,0.0,2,Yes,Yes,133447.49,0
15691723,Chukwudi,Spain,Male,55.0,9,99685.06,1,No,No,114474.98,0
15774098,Grant,Germany,Male,38.0,3,125385.49,2,Yes,Yes,52044.66,0
15750808,Ma,Spain,Male,46.0,2,131365.37,2,Yes,Yes,180290.68,0
15744368,Sun,Spain,Male,58.0,6,98308.51,1,Yes,Yes,132034.13,0
15610594,Moss,FRA,Female,37.0,8,0.0,2,No,No,20968.88,0
15756125,Booth,Spain,Male,44.0,5,140856.16,2,No,No,158735.1,0
15623277,Ross,France,Female,30.0,8,0.0,2,Yes,Yes,196134.44,0
15795954,Ndukaku,France,Male,35.0,2,172274.01,1,No,No,22374.97,0
15671969,Pruneda,Spain,Male,36.0,8,0.0,2,No,No,161668.15,0
15791268,Neumann,Spain,Male,38.0,0,122447.76,1,No,No,67339.34,0
15713655,Calabrese,French,Female,38.0,10,0.0,2,Yes,Yes,56229.72,1
15633930,Yobachukwu,Spain,Female,56.0,6,157559.59,2,No,No,140991.23,1
15712849,Tung,Germany,Male,41.0,3,126550.7,1,No,No,177644.52,1
15639077,Marchesi,FRA,Female,30.0,2,158584.82,3,No,No,142342.55,1
15808784,Hess,France,Male,28.0,2,163569.61,2,Yes,Yes,154559.28,0
15648577,Pickering,France,Female,31.0,3,0.0,1,Yes,Yes,176570.28,1
15670345,Mazzi,Germany,Female,33.0,6,127211.45,1,No,No,191961.83,0
15633112,Madukaego,Germany,Male,42.0,3,118199.97,2,No,No,9452.88,1
15714397,Trentino,Germany,Female,30.0,2,101014.08,2,Yes,Yes,165257.31,0
15780038,Paterson,Spain,Male,38.0,6,119208.85,1,No,No,169763.89,1
15756305,Marchesi,French,Female,66.0,6,0.0,2,Yes,Yes,160663.11,0
15578799,Anayolisa,FRA,Female,58.0,10,53772.73,1,Yes,Yes,192072.1,1
15800326,Poole,Spain,Female,39.0,6,0.0,2,No,No,93275.61,0
15785485,Zhou,Germany,Female,41.0,2,138878.81,1,Yes,Yes,112269.67,0
15783958,Bates,Spain,Female,37.0,1,130922.81,2,No,No,2186.83,0
15727546,Olejuru,French,Male,35.0,9,0.0,2,Yes,Yes,43075.7,0
15739576,Bustard,Spain,Male,20.0,8,0.0,2,Yes,Yes,12368.11,0
15631333,Wade,Spain,Female,25.0,8,130866.19,1,No,No,42410.21,0
15604782,Tan,Germany,Female,33.0,7,187257.94,1,Yes,Yes,190430.81,0
15589643,Ngozichukwuka,Spain,Female,41.0,7,0.0,1,Yes,Yes,138394.37,0
15585533,Calabrese,FRA,Male,36.0,6,147733.64,1,Yes,Yes,172501.38,0
15681506,Lane,Spain,Male,43.0,1,0.0,2,Yes,Yes,197916.43,0
15630551,Forbes,FRA,Male,33.0,2,163139.27,1,Yes,Yes,7035.36,0
15698349,Davy,Spain,Female,35.0,4,0.0,2,Yes,Yes,159676.55,0
15776631,Ma,France,Female,36.0,5,119540.15,1,Yes,Yes,80603.99,0
15762216,Barrera,FRA,Female,41.0,4,129553.76,2,No,No,187599.8,0
15623927,Alexander,France,Male,55.0,9,0.0,2,Yes,Yes,94450.97,0
15681402,Ngozichukwuka,Germany,Female,61.0,1,66101.89,1,Yes,Yes,143981.27,0
15586264,Murray,France,Male,43.0,2,140431.98,1,No,No,26450.57,1
15594685,Hall,French,Female,49.0,2,0.0,2,No,No,164482.92,0
15812945,Padovesi,France,Female,29.0,0,0.0,1,Yes,Yes,84012.81,0
15734628,Lysaght,France,Female,35.0,5,0.0,2,No,No,101192.08,0
15629323,Kelechi,Germany,Female,37.0,4,116471.43,2,No,No,175324.74,1
15666823,Nebechi,France,Male,39.0,4,0.0,2,No,No,197226.32,0
15777553,Hanson,FRA,Female,56.0,9,123785.24,1,No,No,99504.03,1
15613097,Kao,French,Female,33.0,4,0.0,2,Yes,Yes,83700.66,0
15622217,Tu,French,Female,38.0,8,88758.95,2,No,No,28226.15,1
15703588,Palerma,Germany,Male,25.0,5,153611.83,2,No,No,35321.65,0
15570835,Fallaci,Germany,Female,57.0,4,112044.72,1,Yes,Yes,41229.73,1
15679299,Shen,Spain,Female,27.0,7,123826.07,1,Yes,Yes,78970.58,0
15808044,Ts'ui,France,Female,65.0,9,106804.26,3,No,No,107890.69,1
15579208,Chikezie,France,Female,48.0,6,0.0,2,Yes,Yes,191870.28,0
15684951,He,French,Female,59.0,2,68892.77,2,No,No,7905.06,1
15667620,Dreyer,France,Female,43.0,6,0.0,2,No,No,65731.53,0
15582960,Short,FRA,Female,33.0,5,125827.43,1,Yes,Yes,145698.73,0
15590730,Hunt,Spain,Male,34.0,9,0.0,2,No,No,50046.25,0
15763747,Ricci,French,Male,36.0,7,0.0,2,Yes,Yes,60830.24,0
15778320,Teng,Germany,Female,40.0,5,148495.64,1,No,No,158853.98,0
15642787,Ijendu,French,Male,37.0,1,133043.66,1,No,No,111243.09,0
15624633,Kibby,FRA,Male,45.0,9,74989.58,1,Yes,Yes,171014.69,0
15766765,Obiuto,Germany,Male,39.0,7,60263.23,1,No,No,170835.32,0
15783615,Ramos,Germany,Male,50.0,3,129370.91,4,Yes,Yes,47775.34,1
15640161,Calabrese,Germany,Male,44.0,5,157955.83,2,No,No,139297.71,0
15619889,Vasin,FRA,Male,26.0,4,0.0,1,No,No,195167.38,0
15579166,Munro,French,Female,30.0,7,70729.17,1,Yes,Yes,160948.87,0
15789097,Keeley,French,Male,48.0,8,0.0,2,Yes,Yes,44965.54,1
15674880,Archer,Spain,Male,50.0,2,0.0,2,No,No,52137.73,0
15778157,Murray,Spain,Male,27.0,8,90721.52,2,No,No,109296.18,0
15779064,Chidiegwu,French,Male,27.0,2,0.0,2,Yes,Yes,20092.89,0
15801265,Tang,Spain,Female,45.0,0,57784.22,1,No,No,197804.0,1
15589204,Farrar,France,Male,33.0,9,131765.72,1,No,No,118782.06,0
15664543,Shaw,France,Male,40.0,7,0.0,1,Yes,Yes,152876.13,1
15582714,Napolitani,Germany,Male,47.0,9,110022.74,1,Yes,Yes,135655.29,1
15797595,Greenhalgh,France,Female,40.0,9,131569.63,1,Yes,Yes,103970.58,0
15614034,Martin,Germany,Male,61.0,2,164523.5,2,Yes,Yes,35786.76,0
15763171,Hu,Germany,Female,25.0,2,114330.95,1,Yes,Yes,25325.07,0
15647266,Y?an,Spain,Female,45.0,10,135923.16,1,No,No,18732.84,0
15757577,Odili,French,Female,61.0,8,0.0,2,Yes,Yes,118522.73,0
15736656,H?,FRA,Female,49.0,4,0.0,2,Yes,Yes,89972.25,0
15635078,Chiemela,Spain,Male,45.0,0,124693.48,1,Yes,Yes,187194.15,0
15680141,Yuan,Spain,Female,35.0,7,147936.42,1,Yes,Yes,106785.7,0
15576945,Clements,France,Male,29.0,0,0.0,1,No,No,142516.35,0
15602034,Kolesnikov,French,Female,34.0,2,126558.92,1,No,No,73334.43,0
15732020,Rutherford,Germany,Male,57.0,6,106938.11,2,Yes,Yes,186612.47,0
15611029,Hsiung,Germany,Female,33.0,4,140002.35,1,No,No,123613.81,0
15621210,Angelo,Germany,Male,46.0,9,123444.72,1,Yes,Yes,31368.08,1
15569222,Mendes,French,Male,32.0,6,147107.91,1,Yes,Yes,40066.95,0
15664639,McGregor,French,Male,19.0,9,128514.84,1,No,No,175969.19,0
15724223,Bronner,France,Female,55.0,5,0.0,1,No,No,10034.77,1
15644621,Mironova,Germany,Female,40.0,9,106756.01,2,No,No,151167.94,0
15756056,Ku,Spain,Female,28.0,3,0.0,2,No,No,191387.76,0
15700353,Evans,FRA,Female,37.0,6,0.0,2,No,No,51229.17,0
15624388,Henderson,Germany,Female,50.0,5,155393.32,1,Yes,Yes,87351.42,1
15627212,Smith,France,Female,36.0,2,110414.48,1,Yes,Yes,48984.95,0
15648005,Russell,Spain,Male,33.0,2,0.0,2,Yes,Yes,182738.0,0
15681446,Sun,Germany,Female,37.0,9,157098.52,1,Yes,Yes,153535.27,0
15775888,McDonald,Germany,Female,38.0,5,85626.6,1,Yes,Yes,125079.65,0
15749019,Wong,Germany,Male,45.0,6,93796.42,2,Yes,Yes,162321.26,0
15709928,Niu,Spain,Female,41.0,1,0.0,2,No,No,3414.72,0
15784676,Fanucci,FRA,Male,51.0,6,125268.03,2,No,No,165082.25,0
15748116,Zetticci,French,Female,29.0,2,148143.84,1,Yes,Yes,52021.39,0
15612193,Hsia,Spain,Male,29.0,10,115545.33,2,No,No,148256.43,0
15762984,McIntosh,Spain,Male,35.0,7,0.0,2,No,No,122899.01,0
15613713,Kozlova,FRA,Male,30.0,5,44928.88,1,Yes,Yes,10771.46,0
15664204,Meany,Spain,Male,29.0,2,0.0,2,Yes,Yes,18255.51,0
15639415,Thompson,FRA,Male,35.0,3,162442.35,1,No,No,183566.78,0
15806332,Le Gallienne,Spain,Female,39.0,5,0.0,2,Yes,Yes,175224.12,0
15614929,Cheng,Germany,Male,28.0,0,96213.82,2,No,No,147913.56,0
15695492,P'eng,French,Female,29.0,6,156569.43,1,No,No,180598.66,0
15635972,Lloyd,Spain,Male,36.0,8,0.0,2,No,No,186136.48,0
15616380,Wheeler,Spain,Female,37.0,1,0.0,2,No,No,7455.2,0
15581440,Christie,Germany,Female,48.0,6,110463.25,2,Yes,Yes,80552.11,1
15654390,He,French,Male,33.0,7,154575.76,1,No,No,25722.28,1
15660688,King,Spain,Female,35.0,9,0.0,2,No,No,170996.86,0
15806307,Favors,French,Male,37.0,3,0.0,2,Yes,Yes,20603.32,0
15647975,Vida,Germany,Male,26.0,5,147037.32,1,No,No,141763.26,0
15595728,Thomas,Germany,Male,41.0,0,119276.31,1,No,No,122284.38,1
15735388,Wayn,French,Female,25.0,7,108664.85,2,No,No,190011.85,0
15788535,Tan,Spain,Male,44.0,5,0.0,1,No,No,128046.98,0
15765902,Gibson,Germany,Male,38.0,5,163034.82,2,Yes,Yes,135662.17,0
15642345,Y?,Germany,Female,49.0,4,93059.34,1,No,No,7571.51,1
15641250,Calabresi,Spain,Male,38.0,9,179581.31,1,No,No,23596.24,0
15706163,Enyinnaya,Germany,Male,46.0,4,113625.93,1,No,No,92727.42,1
15746708,Ritchie,Germany,Male,55.0,7,119961.48,1,No,No,65156.83,1
15775203,Chia,FRA,Male,45.0,3,129209.48,1,No,No,60151.77,0
15787907,Wang,Germany,Female,42.0,5,137227.04,3,No,No,149097.38,1
15646764,Lorenzo,Germany,Female,58.0,3,119024.75,2,No,No,35199.24,1
15678284,Pai,France,Male,35.0,7,74623.5,3,No,No,129451.29,1
15726791,Nuttall,Spain,Female,45.0,2,157929.45,1,Yes,Yes,145134.49,1
15813144,Osborne,FRA,Female,26.0,7,92606.86,2,No,No,192709.69,0
15669342,Ferri,Germany,Male,35.0,2,127862.93,2,No,No,139083.7,0
15710366,Hamilton,Spain,Female,42.0,1,0.0,1,Yes,Yes,83629.6,1
15614934,McEwan,Germany,Female,37.0,4,142711.81,1,No,No,35625.41,0
15588701,Lai,France,Female,38.0,4,0.0,2,No,No,35338.96,0
15665438,Hs?,FRA,Male,43.0,1,163159.85,1,Yes,Yes,15602.8,0
15644896,Thompson,Germany,Male,32.0,3,108586.86,1,Yes,Yes,182355.21,0
15670205,Boyd,Germany,Female,41.0,5,110624.99,1,No,No,89327.67,0
15635776,Trevisani,Germany,Female,43.0,5,154846.24,2,Yes,Yes,151903.6,0
15791053,Lucciano,Germany,Male,45.0,4,122917.71,1,Yes,Yes,11.58,1
15644005,Holman,France,Female,33.0,9,0.0,2,Yes,Yes,77519.62,0
15796343,Bazhenov,French,Female,31.0,2,82787.93,2,No,No,91423.69,0
15751057,Douglas,Germany,Male,32.0,5,102500.34,1,No,No,106287.77,0
15623430,Hill,French,Male,34.0,9,0.0,2,No,No,161800.77,0
15682600,Lo,Germany,Male,39.0,9,159492.79,1,No,No,80582.34,1
15769312,Forbes,Spain,Male,48.0,10,0.0,2,Yes,Yes,185094.48,0
15708212,Lin,Spain,Female,54.0,7,118241.02,1,No,No,172586.89,1
15650258,Sinclair,France,Female,35.0,2,113090.4,1,No,No,195649.79,0
15604345,Kemp,French,Female,22.0,9,65763.57,1,Yes,Yes,145792.01,0
15578297,Ebelegbulam,Germany,Female,43.0,1,125537.38,1,No,No,138510.01,1
15671789,Woods,French,Male,31.0,3,94263.91,2,No,No,168895.06,0
15726186,Genovese,Spain,Male,29.0,4,133434.57,2,No,No,97983.44,0
15764618,Tseng,Spain,Female,39.0,6,0.0,1,Yes,Yes,85167.88,0
15730738,Chiang,Spain,Male,31.0,9,0.0,2,Yes,Yes,18210.36,0
15637650,Williams,FRA,Male,50.0,9,94748.76,2,Yes,Yes,13608.18,0
15606267,Wilson,FRA,Female,38.0,4,98640.74,1,Yes,Yes,110457.99,0
15625904,Wang,French,Male,26.0,9,74681.9,2,No,No,31231.35,0
15654463,Moore,France,Male,34.0,4,0.0,2,No,No,141582.66,0
15774151,Iadanza,Spain,Female,41.0,7,179915.85,1,No,No,14666.35,1
15693259,Wallace,French,Male,30.0,1,128207.23,1,Yes,Yes,55400.17,0
15642468,Clark,France,Male,42.0,9,132739.26,2,No,No,174667.65,0
15758531,Y?,French,Female,40.0,10,0.0,2,No,No,154189.08,0
15728352,Yermakov,France,Male,27.0,4,120509.81,1,No,No,142170.44,0
15637240,Wei,FRA,Male,46.0,4,124547.13,2,No,No,94499.06,0
15595588,Chukwunonso,Spain,Female,39.0,4,0.0,2,Yes,Yes,182081.45,0
15778395,McIntyre,Germany,Male,34.0,4,88815.56,2,No,No,68562.26,1
15711825,Ts'ai,Spain,Female,35.0,1,82231.51,2,No,No,88798.02,0
15599251,Chung,Germany,Male,32.0,7,184715.86,2,No,No,113781.99,0
15570004,Tsou,FRA,Male,31.0,3,0.0,2,No,No,121866.87,0
15656912,Aitken,Spain,Male,51.0,4,0.0,1,Yes,Yes,150390.57,0
15657342,Dawson,Germany,Male,28.0,4,147972.19,1,No,No,60708.72,1
15716284,Ward,French,Male,43.0,9,0.0,2,Yes,Yes,78858.07,0
15672374,Pai,France,Male,52.0,8,170008.84,1,No,No,56407.42,1
15732476,Ifeanyichukwu,France,Female,27.0,3,0.0,2,Yes,Yes,125698.97,0
15747724,Briggs,Spain,Female,34.0,10,0.0,1,No,No,23235.38,0
15633877,Morrison,Spain,Female,42.0,8,95386.82,1,Yes,Yes,75732.25,0
15672516,Wall,Germany,Male,51.0,7,90373.28,2,No,No,179861.79,0
15607827,Nebechukwu,Germany,Male,34.0,4,133467.77,2,Yes,Yes,42976.64,0
15751336,Yao,Spain,Male,30.0,3,0.0,2,Yes,Yes,10486.69,0
15646539,Liao,French,Male,31.0,3,96288.26,1,No,No,56794.73,0
15756901,Ch'ang,FRA,Female,26.0,4,91547.84,2,Yes,Yes,28157.34,0
15809286,Burke,Germany,Male,37.0,8,138292.64,2,No,No,152422.91,1
15759021,Kay,French,Male,35.0,9,0.0,1,No,No,167033.83,0
15725039,McIntyre,Spain,Male,32.0,8,71667.74,1,Yes,Yes,126082.18,0
15579130,Chidiegwu,Germany,Female,43.0,0,118994.84,1,No,No,181499.77,1
15754112,Musgrove,Spain,Male,55.0,7,0.0,2,Yes,Yes,41967.03,0
15735522,Boulger,Germany,Male,37.0,2,145610.07,2,No,No,186300.59,0
15613326,Gow,FRA,Female,33.0,1,138162.81,1,No,No,85412.54,0
15739502,Amaechi,Germany,Female,31.0,9,135020.21,2,Yes,Yes,23343.18,0
15670914,Robe,FRA,Male,38.0,2,0.0,2,No,No,180698.32,0
15604073,Bibi,Germany,Female,25.0,8,135161.67,1,Yes,Yes,136071.05,0
15806027,Niu,France,Female,52.0,9,0.0,1,No,No,175149.2,1
15574886,Palerma,French,Male,32.0,6,94486.47,1,Yes,Yes,146949.74,0
15707120,Cocci,FRA,Male,46.0,9,117640.39,1,No,No,88920.68,0
15800845,Artemieva,Spain,Female,33.0,8,111379.55,1,Yes,Yes,45098.62,0
15603914,Arcuri,France,Male,40.0,6,0.0,1,Yes,Yes,20339.79,1
15722765,Owen,Spain,Female,57.0,0,136820.99,1,Yes,Yes,108528.74,0
15783305,Franklin,France,Female,46.0,7,98752.51,1,No,No,145560.38,0
15574842,Lorenzo,Germany,Female,25.0,2,158266.42,3,Yes,Yes,199357.24,0
15607837,Muriel,French,Female,29.0,4,105599.67,1,Yes,Yes,43106.17,0
15714877,MacDevitt,France,Female,29.0,10,0.0,2,No,No,137508.31,0
15782941,Chijindum,France,Male,31.0,2,0.0,2,Yes,Yes,91957.39,0
15630167,Gibson,Spain,Female,39.0,4,139723.9,1,Yes,Yes,120612.11,0
15759038,Whitehead,France,Female,41.0,3,141806.46,1,No,No,102921.17,0
15661821,Johnstone,Germany,Female,49.0,5,132571.67,1,Yes,Yes,31686.33,1
15728006,Endrizzi,FRA,Male,40.0,2,180516.9,1,No,No,180002.42,0
15712176,Burke,FRA,Male,31.0,8,0.0,2,Yes,Yes,28407.4,0
15689351,Johnson,Germany,Female,41.0,4,92805.72,1,Yes,Yes,73743.95,1
15782247,Yeh,FRA,Male,22.0,4,0.0,3,Yes,Yes,186233.26,1
15769064,Marshall,Germany,Male,39.0,3,135309.36,1,No,No,31728.86,1
15718153,Kao,Spain,Female,74.0,6,128917.84,1,Yes,Yes,48244.64,0
15613189,Browne,France,Female,52.0,2,56580.93,1,No,No,113266.28,1
15661734,Taylor,Germany,Male,42.0,8,131390.75,2,No,No,71178.09,0
15592645,Gibbons,Spain,Male,37.0,4,0.0,2,No,No,25684.93,0
15768387,Nott,FRA,Male,41.0,8,0.0,2,No,No,29737.14,0
15792525,Lei,Germany,Female,61.0,1,97361.66,1,Yes,Yes,149922.38,1
15586976,Alexeeva,France,Female,42.0,6,0.0,1,No,No,180702.12,1
15790659,Sheets,Spain,Male,59.0,7,0.0,2,Yes,Yes,27597.59,0
15691446,Tokaryev,Spain,Male,29.0,10,0.0,2,Yes,Yes,95025.27,0
15772632,Ts'ui,FRA,Female,34.0,1,0.0,2,No,No,167035.07,0
15706587,Johnston,French,Male,57.0,0,0.0,2,Yes,Yes,116781.71,0
15572461,Kung,Germany,Female,29.0,4,102714.65,2,No,No,21170.81,0
15654409,Unwin,France,Female,34.0,5,67816.72,1,Yes,Yes,29641.58,0
15568025,Hsueh,France,Male,51.0,8,81710.46,1,Yes,Yes,116520.07,0
15715769,Hao,French,Male,26.0,2,75237.54,1,Yes,Yes,44220.4,0
15667458,L?,Germany,Male,28.0,10,124023.18,1,No,No,166188.28,0
15567980,Frater,Germany,Female,46.0,5,100727.5,1,Yes,Yes,140857.76,1
15679294,Brennan,French,Female,46.0,10,107238.85,2,No,No,37024.28,0
15606507,Pisani,France,Male,24.0,5,0.0,2,No,No,27513.47,0
15578825,Golubev,France,Female,29.0,0,139994.66,1,No,No,17744.72,0
15619935,Vanmeter,Spain,Female,59.0,9,126224.87,1,Yes,Yes,4423.63,0
15636089,Hs?,Germany,Female,51.0,1,145751.03,1,No,No,109718.44,1
15727490,Scott,France,Male,47.0,5,0.0,1,Yes,Yes,107243.31,1
15591766,Crawford,Spain,Female,25.0,4,121166.89,1,Yes,Yes,115288.24,0
15641629,P'eng,Spain,Female,38.0,1,0.0,2,Yes,Yes,41233.97,0
15813303,Rearick,Spain,Male,88.0,10,0.0,2,Yes,Yes,52952.24,0
15756920,Genovesi,FRA,Male,63.0,9,70655.48,1,No,No,78955.8,1
15726403,Glenny,Germany,Male,41.0,1,129901.21,1,No,No,26025.6,1
15592765,Marks,French,Male,40.0,8,125470.81,1,Yes,Yes,174536.17,0
15704442,Fleming,FRA,Female,53.0,9,169406.33,4,Yes,Yes,147311.47,1
15641136,Davison,FRA,Male,32.0,2,0.0,2,Yes,Yes,77965.44,0
15725818,Chibuzo,Germany,Male,40.0,4,107041.3,1,Yes,Yes,5635.63,0
15612071,Wilson,Spain,Female,32.0,10,95153.77,1,Yes,Yes,81310.1,0
15719809,Endrizzi,Germany,Male,32.0,3,145166.09,2,No,No,111421.45,0
15716518,Yuryeva,France,Female,27.0,4,0.0,2,No,No,190269.21,0
15742210,Ugochukwu,France,Male,38.0,9,65962.63,1,Yes,Yes,100950.48,0
15630617,Lo Duca,Germany,Male,36.0,6,140418.81,1,Yes,Yes,113033.73,1
15720838,Gallo,Spain,Female,31.0,3,139799.63,1,Yes,Yes,120663.57,0
15595537,Trout,Germany,Male,49.0,9,171787.84,2,No,No,187192.23,0
15623196,Morley,FRA,Male,38.0,6,149238.97,1,Yes,Yes,97825.23,0
15679249,Chou,Germany,Female,57.0,4,163146.46,1,No,No,169621.69,1
15693199,Shao,FRA,Female,37.0,8,0.0,2,No,No,191557.1,1
15661219,Trentino,French,Male,32.0,10,0.0,2,No,No,103287.62,0
15617136,Mazzanti,Germany,Female,38.0,9,61482.47,1,Yes,Yes,167538.66,0
15760294,Endrizzi,French,Female,41.0,8,145150.28,1,No,No,64869.32,1
15652808,Monaldo,French,Female,41.0,5,126670.37,1,No,No,102426.06,0
15657139,Otutodilinna,France,Female,40.0,8,84390.8,2,Yes,Yes,107876.2,0
15803790,Allen,Germany,Male,37.0,2,89728.86,2,Yes,Yes,37294.88,0
15764105,Milne,France,Female,57.0,1,0.0,2,No,No,89248.99,0
15672610,Somadina,Spain,Male,40.0,4,118628.8,1,No,No,91973.63,0
15766896,Chieloka,French,Male,37.0,3,0.0,2,No,No,16870.2,0
15587735,Chukwuebuka,FRA,Male,39.0,6,96863.13,1,Yes,Yes,121681.19,0
15659501,Chioke,French,Female,38.0,6,142263.45,1,Yes,Yes,33730.43,0
15745001,Kovalev,Spain,Female,36.0,7,0.0,2,No,No,104786.59,0
15651140,Doherty,FRA,Female,32.0,3,0.0,1,No,No,94790.34,0
15571148,Baranov,Spain,Female,21.0,1,0.0,2,No,No,28726.07,0
15776824,Rossi,French,Male,28.0,6,122724.37,1,Yes,Yes,67057.27,0
15633141,Robinson,Germany,Female,35.0,4,174902.26,1,No,No,69079.85,0
15764174,Bidencope,Spain,Female,26.0,4,0.0,2,Yes,Yes,179780.74,0
15778155,T'ien,Germany,Female,31.0,3,108914.17,1,Yes,Yes,183572.39,1
15715920,De Bernales,Spain,Male,23.0,10,98052.66,1,Yes,Yes,142587.32,0
15671917,Wade,French,Male,46.0,5,123873.19,1,Yes,Yes,177844.06,0
15666548,Chung,Germany,Female,56.0,2,111920.13,3,No,No,197634.11,1
15625623,Stevenson,FRA,Female,45.0,4,0.0,2,Yes,Yes,121053.19,0
15748123,Chienezie,French,Male,20.0,3,0.0,2,Yes,Yes,149613.77,0
15648735,Cashin,France,Male,37.0,8,0.0,2,Yes,Yes,142.81,0
15634974,Seppelt,France,Female,37.0,8,75150.34,4,Yes,Yes,131766.67,1
15713378,Brownless,French,Male,38.0,10,0.0,2,No,No,53311.78,0
15753370,McDonald,Germany,Female,38.0,5,114753.76,1,No,No,107665.02,0
15782659,Mamelu,French,Male,32.0,0,0.0,1,No,No,109523.88,0
15583364,McGregor,French,Female,32.0,6,111871.93,1,No,No,112132.86,0
15625942,McDonald,Spain,Female,45.0,0,0.0,2,No,No,113645.4,0
15720284,Crawford,Germany,Female,37.0,4,135927.06,1,No,No,180890.4,0
15679642,Feng,Spain,Male,44.0,8,0.0,2,Yes,Yes,70974.13,0
15628007,Genovese,France,Male,33.0,1,0.0,2,No,No,53379.52,0
15661974,Pirozzi,FRA,Male,46.0,2,57037.74,1,Yes,Yes,158531.01,0
15689341,Gibbs,French,Female,50.0,10,0.0,4,No,No,179267.94,1
15607993,Milne,FRA,Female,52.0,2,79468.96,1,Yes,Yes,84606.03,0
15693267,Dickson,Germany,Female,34.0,7,121063.85,1,No,No,56984.58,0
15769522,O'Connor,FRA,Male,51.0,1,118537.47,1,Yes,Yes,116912.45,0
15755825,McGuirk,FRA,Male,39.0,10,0.0,2,No,No,102999.33,0
15598175,Toscani,Germany,Female,26.0,4,105082.07,2,No,No,132801.57,0
15744327,Ruth,FRA,Male,40.0,4,0.0,1,No,No,85455.62,1
15798666,Hughes,FRA,Female,36.0,6,0.0,2,Yes,Yes,98657.01,0
15577064,Onyekaozulu,Germany,Male,36.0,2,104702.65,2,No,No,107948.72,0
15759436,Aksenov,FRA,Female,50.0,2,95813.76,3,Yes,Yes,67944.09,1
15690231,K'ung,Spain,Female,62.0,0,167026.61,2,Yes,Yes,192892.05,0
15751561,Meng,Germany,Male,61.0,7,102453.26,1,No,No,187247.56,1
15739068,Nwoye,Germany,Male,25.0,4,148045.45,2,Yes,Yes,114722.42,0
15758056,Calabresi,French,Male,35.0,1,0.0,2,No,No,111687.57,0
15742269,Milano,French,Female,24.0,1,0.0,2,No,No,184182.25,0
15726490,Kirby,Spain,Male,52.0,4,0.0,1,Yes,Yes,52759.82,1
15738411,Ho,FRA,Male,34.0,10,104498.79,1,Yes,Yes,126451.14,0
15727919,Chukwuemeka,Spain,Female,29.0,6,0.0,2,No,No,12048.67,0
15709396,Hale,FRA,Male,42.0,6,0.0,2,Yes,Yes,95804.33,0
15654106,K?,France,Male,26.0,8,149542.52,2,Yes,Yes,197911.52,0
15621653,Rice,FRA,Female,29.0,10,87946.39,1,Yes,Yes,182531.74,0
15598086,Brown,France,Female,45.0,3,68639.57,1,No,No,168002.31,1
15752300,Sagese,Germany,Male,47.0,4,148826.32,1,Yes,Yes,79450.61,0
15658693,Aksyonova,FRA,Female,60.0,2,0.0,2,Yes,Yes,60615.83,0
15631838,Findlay,France,Male,61.0,5,108166.09,2,Yes,Yes,8643.21,0
15803804,Walker,Germany,Female,35.0,5,103214.71,1,No,No,172172.7,0
15578809,Hao,Germany,Male,40.0,1,134760.21,2,No,No,174434.06,1
15752026,Hammer,FRA,Male,58.0,3,0.0,1,Yes,Yes,194930.3,1
15723706,Abbott,France,Female,33.0,0,90124.64,1,No,No,137476.71,0
15752838,Lucas,Spain,Male,38.0,6,0.0,2,Yes,Yes,94415.6,0
15569571,Davydova,Germany,Female,46.0,6,87361.02,2,No,No,120376.87,1
15769703,West,Germany,Female,45.0,8,111257.59,1,No,No,97623.42,1
15679770,Smith,France,Female,61.0,3,131583.59,4,Yes,Yes,66238.23,1
15791102,Mai,Germany,Male,41.0,9,95020.8,3,Yes,Yes,131710.59,1
15655192,Fiorentino,Spain,Female,24.0,1,0.0,2,Yes,Yes,69052.87,0
15709487,Freeman,Germany,Male,34.0,5,80242.37,2,No,No,56780.97,0
15687130,Nkemjika,France,Female,43.0,0,0.0,1,Yes,Yes,170072.9,0
15755178,Ramos,France,Male,50.0,1,0.0,3,Yes,Yes,191849.15,1
15634772,Mario,Spain,Female,59.0,0,122661.39,1,Yes,Yes,84803.76,0
15617197,Chien,French,Male,50.0,4,0.0,2,Yes,Yes,31840.59,1
15631240,Dubinina,French,Female,36.0,8,0.0,2,Yes,Yes,12096.61,1
15784301,Wang,France,Male,42.0,0,0.0,2,No,No,44165.84,0
15631310,Hsieh,French,Female,53.0,3,0.0,1,Yes,Yes,91406.62,0
15756560,Moran,Spain,Female,46.0,7,81742.84,2,No,No,83282.21,0
15732270,Hung,Spain,Male,71.0,8,0.0,1,Yes,Yes,198446.91,1
15739357,Moss,Spain,Male,30.0,2,145127.85,1,No,No,7554.68,0
15771540,Fedorova,French,Male,38.0,9,148912.44,1,No,No,80416.16,0
15567486,Li,Spain,Female,41.0,4,0.0,2,Yes,Yes,164549.74,0
15714634,Nebechi,France,Male,26.0,4,89900.24,2,No,No,175477.03,0
15727021,Obialo,Germany,Female,30.0,8,119027.28,2,Yes,Yes,137903.54,0
15650670,Bateson,Germany,Female,40.0,2,105222.86,2,No,No,93795.86,0
15711834,Long,Spain,Female,30.0,6,0.0,1,No,No,67997.13,1
15729763,Nelson,Spain,Male,34.0,1,116114.93,1,Yes,Yes,49492.15,0
15646566,Bell,French,Female,58.0,9,187911.55,1,Yes,Yes,35825.18,0
15645463,Udinese,FRA,Female,27.0,5,0.0,2,Yes,Yes,67494.23,0
15672144,Mao,France,Female,38.0,6,144432.04,1,Yes,Yes,73963.17,1
15596088,Fanucci,FRA,Female,50.0,4,77065.9,2,Yes,Yes,145159.26,0
15614878,Yeh,Germany,Female,29.0,6,180520.29,1,Yes,Yes,123850.58,0
15635240,Onuoha,French,Male,42.0,1,0.0,2,No,No,23822.04,0
15775905,Moore,Germany,Female,47.0,6,130024.87,1,Yes,Yes,45750.21,1
15700657,Thornton,Germany,Female,40.0,2,110086.69,1,No,No,159773.14,0
15611905,Warlow-Davies,Spain,Female,31.0,5,174853.46,1,No,No,84238.63,0
15652527,Champion,French,Male,44.0,7,108724.98,1,Yes,Yes,72330.46,0
15785865,Mazzanti,French,Male,58.0,9,91285.13,2,Yes,Yes,26767.85,0
15645942,Macleod,Spain,Male,40.0,2,0.0,2,Yes,Yes,164768.82,0
15688691,Lei,Germany,Female,51.0,9,110610.41,2,Yes,Yes,1112.76,1
15592736,Lucchese,Germany,Male,54.0,5,102994.04,1,No,No,176680.16,1
15673529,Lombardo,Spain,Male,36.0,4,59893.85,2,No,No,43999.64,0
15724145,William,Germany,Male,29.0,8,149318.55,1,No,No,140746.13,0
15704629,Wright,FRA,Female,32.0,1,116409.55,1,Yes,Yes,152790.92,0
15597896,Ozoemena,Germany,Male,30.0,0,127760.07,1,No,No,81537.85,1
15731790,Boyle,Germany,Female,38.0,6,132591.36,1,Yes,Yes,7387.8,1
15634719,Chinwendu,FRA,Male,31.0,0,0.0,2,No,No,183038.33,0
15703205,Uwaezuoke,French,Female,46.0,5,113402.14,2,Yes,Yes,138849.06,0
15567333,Archambault,France,Female,31.0,7,0.0,2,No,No,170333.38,0
15754537,Ko,France,Male,40.0,0,0.0,1,No,No,60416.76,0
15612030,Udegbulam,France,Male,28.0,9,0.0,2,Yes,Yes,100240.2,0
15573242,Greene,French,Male,50.0,6,136953.47,1,Yes,Yes,2704.98,0
15601892,Hunter,FRA,Male,33.0,8,0.0,2,Yes,Yes,68815.05,0
15663885,Blinova,FRA,Male,32.0,5,0.0,1,Yes,Yes,64839.23,0
15701096,De Garis,FRA,Male,44.0,8,123863.64,1,No,No,144494.94,0
15710450,Okwudiliolisa,Spain,Male,22.0,7,120811.89,1,Yes,Yes,185510.34,0
15790846,Ts'ai,Germany,Male,38.0,2,148430.55,1,Yes,Yes,56055.72,0
15658956,Tuan,Germany,Male,40.0,6,47869.69,2,Yes,Yes,155061.97,0
15755223,Tseng,Germany,Male,53.0,7,150926.99,2,No,No,119817.19,0
15787318,Holmwood,Germany,Female,47.0,6,103163.35,1,No,No,16259.64,1
15737310,Thompson,France,Male,29.0,10,130206.28,1,No,No,184654.87,0
15763665,Y?,France,Female,28.0,4,136674.51,2,No,No,5278.78,0
15668818,Chidubem,Spain,Female,40.0,2,200322.45,1,Yes,Yes,113244.73,0
15765812,Trevisani,Spain,Male,48.0,1,0.0,2,Yes,Yes,8908.0,0
15704844,Hsiung,Spain,Male,62.0,7,80927.56,1,Yes,Yes,64490.67,0
15744582,Randall,FRA,Female,24.0,10,0.0,3,No,No,154971.63,1
15616700,Leach,Spain,Female,41.0,9,0.0,2,Yes,Yes,155786.39,0
15683521,Godfrey,Germany,Male,28.0,0,142574.71,2,No,No,129084.82,0
15583049,Wallace,Germany,Female,34.0,7,160426.07,1,Yes,Yes,188533.11,0
15643752,Wei,France,Male,25.0,5,116160.23,1,No,No,13411.67,0
15620398,Mitchell,Spain,Female,34.0,5,98683.47,2,No,No,15733.19,0
15715707,Light,France,Male,32.0,3,118829.03,2,Yes,Yes,73127.61,0
15814209,Capon,FRA,Male,31.0,1,118870.92,1,No,No,101704.19,0
15733768,Hou,France,Male,32.0,1,0.0,1,Yes,Yes,101986.16,0
15755242,Rowe,French,Female,46.0,2,0.0,1,Yes,Yes,114442.66,0
15729412,Holloway,France,Male,38.0,4,107192.38,1,Yes,Yes,15669.17,0
15746564,O'Sullivan,France,Male,42.0,3,108010.78,1,Yes,Yes,157486.1,0
15588446,Udinesi,Spain,Male,34.0,3,0.0,2,No,No,131281.28,0
15665221,Nwebube,France,Male,26.0,7,129837.72,2,Yes,Yes,197001.15,0
15640846,Chibueze,Germany,Female,58.0,3,106458.31,4,No,No,128881.87,1
15700209,Walker,French,Male,63.0,9,97009.15,1,Yes,Yes,85101.0,0
15658360,Gregory,Spain,Male,35.0,9,122929.42,2,No,No,149822.04,0
15602735,Kuo,Germany,Male,45.0,6,152296.83,4,Yes,Yes,108040.86,1
15724834,Wilson,France,Female,30.0,1,0.0,2,No,No,135795.53,0
15800062,Lanford,Spain,Male,49.0,8,0.0,1,No,No,25867.67,1
15685300,Meng,FRA,Male,35.0,6,128993.76,2,No,No,130483.56,0
15760102,Yeh,French,Female,36.0,5,0.0,1,No,No,183479.12,0
15787026,Onwuatuegwu,Germany,Male,27.0,0,185267.45,2,Yes,Yes,77027.34,0
15653696,Goliwe,French,Female,28.0,9,0.0,2,No,No,94141.75,0
15788946,Anthony,Spain,Female,29.0,3,116805.82,1,No,No,4092.75,0
15600724,Scott,Germany,Male,29.0,5,129750.68,1,No,No,109257.59,0
15574324,Genovese,Germany,Female,29.0,2,129177.01,2,Yes,Yes,104617.99,0
15707144,Onyeorulu,Germany,Male,25.0,6,82506.72,2,No,No,167705.07,0
15775891,Myers,Germany,Male,48.0,2,107247.69,1,Yes,Yes,103712.05,1
15711789,Davey,Spain,Female,42.0,3,0.0,1,No,No,161242.99,1
15600879,Parsons,Germany,Female,36.0,3,157780.93,2,No,No,6089.13,0
15681196,Chikere,FRA,Male,35.0,1,172170.36,1,Yes,Yes,159777.37,0
15716000,Hs?eh,Spain,Male,48.0,2,0.0,2,Yes,Yes,7919.08,0
15766776,Sal,France,Male,41.0,1,0.0,1,Yes,Yes,188274.6,0
15680278,Ts'ai,Spain,Female,42.0,9,75361.44,1,No,No,27608.12,1
15688637,Witt,France,Female,27.0,4,0.0,2,Yes,Yes,183569.25,0
15591179,Skelton,Spain,Male,30.0,2,0.0,2,Yes,Yes,145537.32,0
15677435,Kazantseva,France,Female,29.0,0,98263.46,2,No,No,164717.95,0
15698619,Bowhay,FRA,Male,43.0,9,0.0,2,Yes,Yes,76357.43,0
15581036,Beyer,Germany,Female,40.0,3,109308.79,2,No,No,120158.72,1
15622117,Fries,Spain,Female,31.0,8,0.0,2,No,No,151843.54,0
15599301,Tao,Germany,Female,28.0,6,164365.44,1,Yes,Yes,5698.97,0
15581548,Kaodilinakachukwu,Spain,Female,22.0,5,98800.0,1,No,No,122865.55,0
15586870,Ni,FRA,Male,27.0,4,193125.85,1,Yes,Yes,152665.85,0
15735263,Hsueh,FRA,Male,27.0,5,51522.75,1,Yes,Yes,192131.77,0
15765322,Connely,France,Male,23.0,5,84284.48,2,Yes,Yes,62851.6,0
15582944,Becker,Spain,Female,39.0,5,0.0,2,No,No,140941.47,0
15687162,Clayton,France,Male,51.0,9,119889.84,1,No,No,56767.67,1
15644962,Connolly,France,Male,21.0,4,137910.45,1,Yes,Yes,177235.23,0
15612615,Graham,FRA,Female,37.0,6,0.0,2,No,No,86242.18,0
15813439,Ch'ien,FRA,Male,33.0,5,100116.82,1,No,No,34215.58,0
15604544,Manfrin,Germany,Male,40.0,4,166082.15,2,Yes,Yes,44406.17,0
15761348,Kuo,France,Female,38.0,0,0.0,2,No,No,165196.65,0
15785078,Fomin,Spain,Male,26.0,3,0.0,1,No,No,34542.41,0
15759874,Chamberlain,FRA,Male,44.0,3,148595.55,1,No,No,74838.64,1
15643658,Barber,Germany,Male,53.0,2,94078.97,2,No,No,36980.54,0
15713267,Zimmer,Spain,Female,34.0,5,0.0,2,Yes,Yes,111676.63,0
15737782,Brazenor,France,Male,29.0,9,0.0,1,Yes,Yes,25858.68,0
15815490,Cocci,Germany,Male,40.0,2,164948.98,3,No,No,177028.0,1
15679410,Caldwell,France,Female,62.0,4,140549.4,1,No,No,30990.16,1
15756241,Yirawala,FRA,Female,44.0,2,152509.25,1,Yes,Yes,136915.15,0
15688409,Donaldson,FRA,Female,28.0,2,191864.51,1,No,No,108457.99,1
15742272,Ozerova,FRA,Female,44.0,8,96418.09,1,No,No,131609.48,1
15717898,Bruce,Spain,Male,32.0,2,131945.94,1,Yes,Yes,159737.56,0
15769582,Kang,French,Male,29.0,3,0.0,2,Yes,Yes,142238.54,0
15635660,Rossi,Germany,Male,30.0,9,142910.15,1,No,No,105890.55,1
15576723,Ts'ai,FRA,Female,37.0,7,0.0,2,Yes,Yes,194270.91,0
15591577,Moran,French,Male,35.0,3,146311.58,1,Yes,Yes,105443.47,0
15582325,Jennings,FRA,Male,52.0,2,87894.26,1,No,No,173899.42,1
15693947,Tokareva,FRA,Female,19.0,5,97445.49,2,No,No,122823.34,0
15760446,Pagnotto,French,Female,64.0,9,0.0,1,Yes,Yes,13181.37,1
15611105,Castella,Spain,Male,35.0,7,0.0,2,Yes,Yes,140780.8,0
15630920,Du Cane,France,Male,34.0,2,154485.74,2,No,No,78560.64,0
15574910,Ferguson,France,Male,50.0,2,115625.07,1,No,No,185855.21,0
15756472,Odinakachukwu,FRA,Male,25.0,7,108396.67,1,No,No,128276.95,0
15682890,Woronoff,Germany,Male,38.0,5,65095.41,2,Yes,Yes,140197.42,0
15641994,Meng,Germany,Male,43.0,1,103018.45,1,No,No,32462.39,1
15733297,Sinclair,French,Female,38.0,10,84764.79,1,Yes,Yes,162253.9,0
15767793,Hsu,France,Female,38.0,10,0.0,2,No,No,30498.7,0
15725698,Panicucci,Spain,Female,35.0,4,115680.81,1,Yes,Yes,90280.7,0
15813532,Burns,France,Female,39.0,5,0.0,2,No,No,32615.21,0
15576760,Onodugoadiegbemma,Germany,Male,36.0,5,73088.06,2,No,No,196142.26,0
15732102,Darling,Germany,Female,27.0,3,150905.03,2,No,No,16998.72,0
15739046,Maggard,Spain,Female,23.0,9,143054.85,1,Yes,Yes,62980.96,0
15631927,Thomas,Spain,Female,28.0,7,0.0,2,No,No,185660.3,0
15672115,Lettiere,French,Male,60.0,6,0.0,2,Yes,Yes,77331.77,0
15618765,Ponomaryov,Germany,Female,42.0,0,99948.45,1,Yes,Yes,97338.62,0
15679148,Oliver,French,Male,44.0,3,115451.05,2,No,No,67234.33,0
15728474,Chienezie,Germany,Male,32.0,4,108235.91,1,Yes,Yes,143783.28,0
15636999,Mao,France,Male,38.0,8,0.0,1,Yes,Yes,77661.12,1
15754261,Ho,Spain,Male,42.0,2,98795.61,2,No,No,89123.99,0
15629150,Lucchese,France,Female,37.0,1,0.0,2,No,No,70810.8,0
15736274,Prokhorova,France,Male,31.0,8,0.0,2,No,No,17550.49,0
15627697,Alekseyeva,FRA,Male,34.0,2,0.0,2,Yes,Yes,21497.27,0
15721585,Blacklock,Germany,Male,29.0,3,113146.98,2,Yes,Yes,124749.08,0
15639946,Sazonova,Germany,Female,39.0,8,162532.14,3,No,No,36051.46,1
15792176,Henty,Spain,Female,40.0,0,92053.44,1,Yes,Yes,143681.83,0
15699450,Li,France,Male,48.0,7,0.0,2,Yes,Yes,150694.58,0
15729954,Azuka,FRA,Female,28.0,5,0.0,3,No,No,170487.4,1
15600103,Alexander,Germany,Female,29.0,8,104944.1,1,Yes,Yes,97684.46,0
15786200,Brock,French,Male,31.0,4,0.0,2,No,No,53520.03,0
15797010,Shen,FRA,Female,31.0,2,0.0,2,No,No,15200.61,0
15670172,Padovesi,FRA,Female,30.0,4,107879.04,1,Yes,Yes,196894.62,0
15627352,Bulgakov,Germany,Male,46.0,7,110356.42,1,No,No,4969.13,1
15622494,Mazzanti,France,Male,27.0,2,0.0,2,No,No,26229.24,0
15585835,Lord,Spain,Female,34.0,4,109783.69,2,No,No,134034.32,0
15595071,Ramos,FRA,Male,22.0,9,149777.0,1,Yes,Yes,198032.93,0
15628203,Pai,France,Female,38.0,3,104339.56,1,No,No,119882.86,0
15667190,Yuan,Spain,Female,21.0,1,85818.18,1,Yes,Yes,133102.3,0
15780212,Mao,FRA,Male,37.0,4,212692.97,1,No,No,176395.02,0
15766869,Uspenskaya,Germany,Male,37.0,1,89696.84,2,Yes,Yes,193179.88,0
15775741,Powell,French,Female,28.0,9,0.0,2,Yes,Yes,125062.02,0
15628170,Brown,Germany,Female,32.0,9,68067.24,1,No,No,143287.58,0
15701318,Poole,Spain,Male,67.0,9,148564.66,1,Yes,Yes,87236.4,0
15710928,McChesney,FRA,Female,55.0,8,136354.16,1,Yes,Yes,93769.89,0
15682547,Lucchese,FRA,Male,38.0,1,122214.0,1,Yes,Yes,88965.46,0
15631170,Clements,FRA,Male,45.0,3,0.0,2,Yes,Yes,30793.61,0
15648702,Yuriev,Germany,Male,70.0,6,119684.88,2,Yes,Yes,74532.02,0
15783444,Endrizzi,French,Female,39.0,3,135139.33,1,Yes,Yes,113086.08,0
15809178,Pan,Germany,Female,42.0,9,146100.75,1,No,No,32574.01,1
15806688,Manfrin,Spain,Female,56.0,8,123110.9,3,Yes,Yes,130113.78,1
15576824,Kennedy,Germany,Female,44.0,3,111760.4,3,Yes,Yes,104722.47,1
15675422,Conway,French,Female,32.0,9,110728.39,1,Yes,Yes,14559.62,0
15681550,Lablanc,France,Female,41.0,8,121558.46,1,Yes,Yes,598.8,0
15812628,Dodd,Germany,Female,38.0,8,120623.21,1,No,No,129697.99,0
15597951,Muir,France,Female,58.0,4,114713.57,1,Yes,Yes,36315.03,0
15807045,Milanesi,Germany,Female,37.0,3,103457.76,1,No,No,1114.12,0
15581748,Shen,Germany,Male,57.0,2,101134.87,2,Yes,Yes,70954.41,0
15770420,Dillon,Germany,Male,46.0,10,78136.36,2,Yes,Yes,73470.98,0
15608230,Hoelscher,FRA,Male,23.0,1,0.0,2,No,No,91573.19,0
15730339,Bell,Spain,Male,30.0,3,133446.34,1,No,No,3154.95,0
15712584,Liao,French,Female,33.0,7,0.0,2,Yes,Yes,88187.81,0
15592816,Udokamma,Germany,Female,48.0,1,108076.33,1,No,No,118855.26,1
15641480,Sinnett,France,Male,32.0,5,131354.25,1,No,No,125256.53,0
15708505,Palerma,Germany,Female,37.0,7,62974.64,2,Yes,Yes,39016.43,0
15791131,Chimaijem,Germany,Female,30.0,2,143340.44,1,No,No,145796.49,0
15618225,Porter,Germany,Male,36.0,8,116993.43,2,No,No,168816.22,0
15644724,Fan,FRA,Male,31.0,4,58662.92,2,Yes,Yes,73322.0,0
15662098,Palmer,Spain,Male,41.0,3,128808.65,3,No,No,113677.53,1
15723894,Younger,France,Male,45.0,7,137555.44,1,No,No,124607.7,0
15787699,Burke,Germany,Male,34.0,4,142393.11,1,Yes,Yes,11276.48,0
15687738,Nwagugheuzo,French,Female,38.0,8,0.0,2,No,No,136620.64,0
15576126,Young,FRA,Female,41.0,2,125785.23,1,Yes,Yes,70523.92,0
15658889,Watson,France,Male,22.0,4,136444.25,1,No,No,51980.25,1
15667046,Tseng,Spain,Male,38.0,7,121527.4,1,No,No,113481.02,0
15669957,Drake,Germany,Male,52.0,9,144696.75,1,Yes,Yes,49025.79,0
15655794,Hanna,French,Male,36.0,8,0.0,2,Yes,Yes,145937.99,0
15599829,Padovesi,French,Female,35.0,10,0.0,2,Yes,Yes,25161.61,0
15753332,Loftus,Germany,Male,48.0,8,128140.17,1,No,No,175753.55,1
15671124,Buccho,FRA,Male,25.0,6,120383.41,1,Yes,Yes,24903.09,0
15767474,Lorenzo,France,Female,57.0,9,0.0,3,Yes,Yes,169719.35,1
15720671,Ibezimako,French,Male,42.0,8,129735.3,2,Yes,Yes,179565.57,0
15626787,Wei,Spain,Female,31.0,8,185078.26,1,No,No,115337.74,1
15774491,Ross,FRA,Female,28.0,6,0.0,2,No,No,48131.92,0
15579647,Oluchukwu,France,Male,42.0,0,0.0,1,Yes,Yes,160828.98,0
15625522,Walker,Spain,Male,31.0,7,0.0,2,Yes,Yes,145151.96,0
15765806,Wu,FRA,Male,29.0,1,144591.96,1,Yes,Yes,196293.76,0
15566708,Chidalu,French,Female,45.0,4,0.0,2,No,No,161653.5,1
15668347,Ingram,FRA,Male,36.0,6,0.0,2,No,No,84635.64,0
15575214,Ch'en,France,Male,37.0,7,0.0,1,No,No,159486.76,0
15591123,Iredale,Germany,Male,68.0,2,100194.44,1,Yes,Yes,38596.34,0
15573280,Gallagher,Germany,Male,50.0,6,145295.31,2,Yes,Yes,27814.74,0
15589018,Padilla,Germany,Male,28.0,3,106070.29,2,Yes,Yes,183893.31,0
15654495,Potter,Germany,Female,47.0,6,120621.89,1,Yes,Yes,140803.7,0
15597265,Mao,French,Male,38.0,7,0.0,2,Yes,Yes,146585.53,0
15733876,Schneider,French,Male,36.0,9,0.0,2,Yes,Yes,40062.29,0
15677217,Ibragimova,France,Male,30.0,1,0.0,1,Yes,Yes,181300.32,0
15747265,Huang,Germany,Female,27.0,10,171283.91,1,Yes,Yes,84136.12,0
15713379,Anderson,FRA,Male,26.0,4,0.0,2,Yes,Yes,197594.34,0
15730433,Nakayama,Germany,Female,38.0,1,128218.47,1,No,No,125953.83,1
15693347,Gardener,French,Female,32.0,5,0.0,2,Yes,Yes,75465.41,0
15715465,Aksenova,Germany,Male,28.0,7,77776.39,1,No,No,177737.07,0
15680736,Milne,Germany,Female,72.0,6,124978.19,2,Yes,Yes,7144.46,0
15610765,Onwumelu,France,Male,29.0,1,0.0,2,No,No,155639.76,0
15650034,Kudryashova,French,Female,28.0,1,0.0,1,Yes,Yes,162428.05,0
15782468,Hart,Spain,Male,51.0,3,109799.55,2,Yes,Yes,12457.76,1
15685109,Teng,France,Male,39.0,7,0.0,2,No,No,14917.09,0
15776233,Kruglova,Germany,Female,61.0,8,125397.21,1,No,No,182184.09,1
15761141,Palerma,Spain,Female,71.0,10,0.0,2,Yes,Yes,129984.2,0
15781702,Brookes,Germany,Male,38.0,9,111347.37,2,Yes,Yes,194872.97,0
15790235,Hsing,Spain,Male,40.0,8,104291.41,2,Yes,Yes,117507.11,0
15641416,Shaffer,Germany,Female,61.0,9,94867.18,2,Yes,Yes,157527.6,1
15775234,Laurie,France,Male,24.0,8,0.0,2,No,No,92612.88,0
15659475,Chung,France,Female,33.0,6,135703.59,2,No,No,74850.84,0
15642202,Whitfield,Germany,Female,37.0,5,106453.53,2,Yes,Yes,127413.0,0
15771417,Thomas,French,Male,43.0,7,132412.38,1,No,No,69584.3,1
15585100,Rioux,Germany,Female,40.0,9,124401.6,1,No,No,198814.24,1
15700487,Osonduagwuike,FRA,Male,46.0,6,118022.06,3,No,No,162643.15,1
15726589,Matveyev,Germany,Male,39.0,1,82531.11,1,No,No,114092.52,0
15747503,Hayward,Spain,Male,44.0,0,184552.12,1,No,No,68860.3,1
15595883,Nkemdirim,Germany,Male,39.0,4,127278.31,1,Yes,Yes,16150.34,0
15663826,Brim,Spain,Female,66.0,3,0.0,1,Yes,Yes,115227.02,0
15742820,Trevisano,French,Female,45.0,2,0.0,2,Yes,Yes,170621.55,0
15624793,Soubeiran,Germany,Male,23.0,5,184244.86,1,No,No,103099.22,0
15597930,Wilson,French,Male,52.0,8,59669.43,1,No,No,172495.81,1
15665110,Helena,France,Female,25.0,7,79543.59,1,Yes,Yes,38772.82,0
15770719,Duncan,France,Female,39.0,6,151553.19,1,Yes,Yes,44946.29,0
15731327,Hale,Germany,Male,27.0,2,166527.88,2,Yes,Yes,146007.7,0
15576044,Macdonald,Germany,Male,28.0,6,150329.15,1,No,No,145558.42,0
15775662,McKay,FRA,Male,43.0,8,121911.59,1,No,No,193312.33,0
15646817,Chiekwugo,FRA,Male,51.0,9,156773.78,2,No,No,40257.79,0
15596060,Skinner,Spain,Male,29.0,8,127864.26,1,Yes,Yes,46677.9,0
15723299,Sorokina,France,Male,53.0,4,113709.28,1,Yes,Yes,153887.93,1
15636982,Weller,Germany,Female,43.0,7,79974.55,1,Yes,Yes,103108.33,0
15751175,Bess,French,Female,44.0,2,0.0,2,Yes,Yes,58652.23,0
15618936,MacDonald,French,Female,51.0,5,0.0,1,No,No,91624.11,1
15787529,Gray,Spain,Male,38.0,0,0.0,1,No,No,65986.48,1
15780128,Ogbonnaya,FRA,Male,33.0,3,144427.96,2,No,No,113845.19,0
15615991,Udegbulam,FRA,Male,42.0,7,99263.09,1,Yes,Yes,67607.9,0
15757001,Mai,FRA,Female,32.0,2,79368.87,2,Yes,Yes,145471.94,0
15595388,Yeh,France,Female,30.0,10,0.0,2,Yes,Yes,124071.71,0
15699550,Babbage,Spain,Female,34.0,9,0.0,2,Yes,Yes,67502.12,0
15581620,Franklin,FRA,Male,28.0,2,0.0,3,Yes,Yes,78707.97,0
15600934,Randell,France,Female,52.0,7,125095.94,1,No,No,171189.83,1
15738672,Paterson,Germany,Female,40.0,2,162485.8,2,No,No,149381.32,0
15721307,Pickering,Germany,Male,37.0,1,95668.82,2,No,No,100335.55,0
15619280,Uspensky,France,Male,25.0,4,0.0,2,No,No,152698.24,0
15768244,Macleod,Spain,Female,30.0,8,0.0,2,Yes,Yes,41192.95,0
15806837,Nnaife,France,Male,37.0,4,0.0,1,No,No,132540.33,0
15643496,Randolph,French,Female,34.0,5,74197.38,2,No,No,96875.52,0
15813916,Kudryashova,FRA,Female,31.0,1,89688.94,1,Yes,Yes,152305.47,0
15626385,George,Spain,Female,33.0,10,103121.33,2,Yes,Yes,49672.01,0
15603582,Robertson,Spain,Female,34.0,3,0.0,1,No,No,133997.53,0
15764351,Yuryeva,Germany,Female,59.0,5,120170.07,1,Yes,Yes,50454.8,0
15667938,Hurst,FRA,Male,32.0,9,149136.31,2,Yes,Yes,16402.11,0
15576360,Ch'iu,French,Male,40.0,1,141136.79,1,Yes,Yes,67803.83,0
15628813,King,French,Female,43.0,4,152341.55,1,No,No,9241.78,0
15584190,Esposito,France,Male,36.0,7,120026.98,2,Yes,Yes,100601.73,0
15716449,Fraser,Spain,Male,33.0,9,132168.28,1,No,No,98734.15,0
15759913,Trentini,Germany,Male,43.0,6,85200.82,2,Yes,Yes,160574.09,0
15701555,Nicholls,Spain,Male,53.0,1,84903.33,2,Yes,Yes,26015.8,0
15758482,Montalvo,France,Female,32.0,0,0.0,2,No,No,187172.54,0
15758171,Tien,French,Male,20.0,4,0.0,1,Yes,Yes,55763.66,0
15680346,Chuang,Spain,Male,40.0,8,0.0,1,No,No,75848.22,0
15649124,Fang,France,Male,30.0,9,121535.18,1,No,No,40313.47,0
15812917,Kosisochukwu,Spain,Male,35.0,6,116662.96,2,Yes,Yes,23864.21,0
15768455,Young,FRA,Male,60.0,8,0.0,2,Yes,Yes,51380.9,0
15703059,Scott,Germany,Female,49.0,6,124829.16,1,Yes,Yes,93551.36,0
15646196,Yeh,Spain,Female,36.0,2,155180.56,2,No,No,169415.54,0
15585451,Vigano,Germany,Female,32.0,1,108262.87,1,Yes,Yes,6935.31,0
15714057,Windradyne,Spain,Male,40.0,4,0.0,2,No,No,25399.7,0
15748473,Curnow,French,Male,38.0,5,0.0,2,No,No,66256.27,0
15785782,Ugonna,Spain,Male,48.0,2,0.0,1,Yes,Yes,114709.13,1
15693233,De Neeve,Germany,Male,38.0,6,99812.88,2,Yes,Yes,158357.97,0
15757521,Ricci,France,Male,35.0,2,132164.26,1,Yes,Yes,164815.59,0
15812513,Nnaife,Germany,Male,45.0,10,103583.05,1,No,No,132127.69,1
15674950,Ebelechukwu,Germany,Male,39.0,4,142406.43,2,No,No,146637.45,0
15678572,Keating,Spain,Male,38.0,7,99842.5,2,No,No,90256.06,1
15713608,Tuan,FRA,Female,41.0,5,0.0,2,Yes,Yes,34827.43,0
15579262,Shearston,French,Male,41.0,9,0.0,1,No,No,22074.48,0
15610426,Tien,FRA,Female,39.0,5,81042.42,1,Yes,Yes,109805.17,0
15776454,Hamilton,FRA,Female,48.0,5,0.0,1,No,No,100478.6,1
15771483,Arnold,France,Male,40.0,6,0.0,2,Yes,Yes,97416.34,0
15648489,Ting,FRA,Male,53.0,4,199689.49,1,Yes,Yes,24207.86,1
15646609,Chao,France,Male,33.0,1,142645.43,1,No,No,69132.66,0
15693203,Powell,Spain,Female,75.0,5,0.0,2,Yes,Yes,9376.89,0
15813067,Williams,Germany,Female,45.0,3,110219.14,1,No,No,43046.7,1
15769829,Cheng,Spain,Male,51.0,3,0.0,2,Yes,Yes,20856.31,0
15662434,Zhdanova,French,Male,25.0,3,0.0,2,No,No,187048.72,0
15773503,Tsai,Spain,Male,32.0,4,0.0,2,No,No,53420.53,0
15705890,Nebechukwu,French,Male,45.0,7,142072.02,1,No,No,37013.29,0
15711398,Fetherstonhaugh,French,Female,25.0,6,0.0,2,No,No,89566.64,0
15752375,Ojiofor,Germany,Male,33.0,8,149564.61,1,No,No,149913.84,0
15659175,Severson,French,Female,43.0,9,0.0,2,No,No,18066.69,0
15597033,Speight,Germany,Male,37.0,8,153366.13,1,Yes,Yes,26912.34,0
15590228,Greenwalt,FRA,Male,21.0,6,76467.16,1,Yes,Yes,173511.72,0
15631848,Grover,France,Female,26.0,9,121508.28,1,Yes,Yes,146785.44,0
15654211,Milani,Spain,Female,27.0,1,0.0,1,Yes,Yes,1050.33,0
15707968,Akobundu,Spain,Male,36.0,8,73211.12,2,No,No,89587.34,1
15594084,Anderson,French,Male,22.0,9,0.0,2,No,No,74405.34,0
15651093,Chien,France,Female,55.0,1,0.0,2,Yes,Yes,54409.48,0
15798824,Kennedy,Spain,Male,38.0,0,92674.94,2,No,No,3647.57,0
15671591,Castiglione,Spain,Male,52.0,3,96196.24,4,No,No,198874.52,1
15707189,Marshall,Germany,Female,36.0,1,114391.62,1,Yes,Yes,53412.54,0
15733581,Duncan,Germany,Male,32.0,9,80262.66,1,No,No,194867.78,0
15641640,Uspenskaya,Spain,Female,33.0,7,173331.52,1,No,No,150452.88,0
15585284,Thomson,Spain,Female,35.0,7,147285.52,1,Yes,Yes,57807.05,0
15617866,Calabrese,Spain,Male,67.0,5,119785.47,2,Yes,Yes,107534.32,0
15667751,Herrera,Spain,Female,36.0,1,140137.15,1,No,No,194073.33,0
15669411,Muse,Germany,Female,52.0,6,107467.56,1,No,No,126233.18,1
15789425,Marsden,Germany,Female,37.0,8,98218.04,2,No,No,182354.46,1
15570943,Artemyeva,Germany,Female,35.0,2,133607.75,1,Yes,Yes,120586.32,0
15685829,McKay,France,Male,37.0,3,0.0,2,Yes,Yes,50578.4,0
15721917,Chuang,French,Female,38.0,8,95139.41,1,Yes,Yes,86575.46,0
15776047,Nicholls,French,Female,29.0,3,0.0,2,Yes,Yes,153392.28,0
15716024,Dennis,Spain,Male,42.0,5,0.0,2,No,No,115509.59,0
15675328,Knight,France,Female,37.0,6,0.0,2,No,No,82176.48,0
15604314,Webb,Germany,Female,26.0,1,97331.19,1,No,No,63717.49,0
15658339,Pugliesi,Germany,Male,37.0,2,139265.63,2,Yes,Yes,198745.94,0
15630402,Nebechukwu,FRA,Female,31.0,9,0.0,1,Yes,Yes,5719.11,0
15689616,Ward,Spain,Male,34.0,5,168094.01,1,No,No,20058.61,0
15774224,Nixon,Germany,Female,30.0,5,131563.88,2,No,No,170638.98,0
15701291,Chidubem,FRA,Male,44.0,3,0.0,2,No,No,30607.11,0
15719606,Rivers,France,Male,50.0,9,0.0,2,No,No,37171.46,0
15644119,Sochima,France,Male,31.0,3,0.0,1,Yes,Yes,42589.33,0
15646859,Heydon,Germany,Male,47.0,7,107363.29,1,Yes,Yes,66799.28,0
15606836,Lombardo,FRA,Female,33.0,2,94493.03,1,Yes,Yes,101866.39,0
15664150,Holland,Germany,Female,29.0,9,170214.23,2,No,No,49284.0,0
15624510,Tien,FRA,Male,52.0,6,139781.06,1,No,No,27445.4,1
15810944,Bryant,French,Female,35.0,7,0.0,2,No,No,70760.69,0
15668575,Hao,Spain,Female,26.0,8,148610.41,3,Yes,Yes,104502.02,1
15603246,Genovesi,FRA,Male,73.0,2,170241.7,2,Yes,Yes,165407.96,0
15804002,Kovalev,France,Female,33.0,1,128306.83,1,Yes,Yes,113580.79,0
15728773,Hsieh,FRA,Female,47.0,7,0.0,2,Yes,Yes,45978.39,0
15598044,Debellis,French,Female,35.0,3,0.0,1,Yes,Yes,152012.36,0
15694829,Chibueze,Germany,Male,32.0,7,175454.0,1,Yes,Yes,77349.92,0
15600575,Padovano,Spain,Male,41.0,6,0.0,2,No,No,47322.05,0
15727311,Yen,France,Female,22.0,0,100885.93,2,Yes,Yes,38772.65,0
15570769,Kibble,FRA,Male,69.0,9,93320.8,1,Yes,Yes,24489.44,0
15606274,Lori,Germany,Male,38.0,6,63176.44,2,Yes,Yes,14466.08,0
15746139,Enemuo,French,Male,33.0,2,139451.67,1,No,No,63142.12,0
15704987,Lu,French,Female,52.0,8,49113.75,1,No,No,41858.43,0
15628972,Nebeolisa,Germany,Male,32.0,1,123906.22,3,Yes,Yes,127443.82,1
15697686,Stewart,FRA,Female,40.0,6,0.0,2,Yes,Yes,84151.98,0
15733883,Ward,French,Male,28.0,7,0.0,2,No,No,58595.64,0
15617482,Milanesi,Germany,Female,52.0,1,131441.51,1,No,No,37240.11,1
15704583,Chikwado,French,Male,56.0,2,0.0,1,No,No,114522.68,1
15621083,Douglas,France,Male,57.0,6,136325.48,2,Yes,Yes,72549.27,1
15649487,Sal,Germany,Female,38.0,4,113150.44,2,No,No,176712.59,1
15736760,Douglas,Spain,Female,42.0,9,0.0,1,No,No,152855.96,0
15714658,Yates,FRA,Female,33.0,4,0.0,2,Yes,Yes,73371.65,0
15599081,Watt,Germany,Female,46.0,8,102785.16,1,Yes,Yes,70323.68,0
15705113,P'an,Spain,Male,34.0,6,83264.28,1,No,No,9663.28,0
15631159,H?,Germany,Male,41.0,4,72252.64,2,Yes,Yes,142514.66,0
15792818,Perry,Germany,Female,29.0,6,148051.52,1,No,No,118623.94,0
15633531,Lavrov,French,Female,76.0,9,138489.66,1,Yes,Yes,68400.14,0
15744529,Chiekwugo,France,Male,63.0,8,0.0,2,Yes,Yes,115291.86,0
15669656,Macdonald,French,Male,32.0,6,111589.33,1,Yes,Yes,170382.99,0
15581198,Jenkins,Germany,Female,39.0,0,122104.79,1,No,No,112946.67,1
15729054,Korovina,Germany,Male,32.0,4,96106.83,1,Yes,Yes,79812.77,0
15573452,Manning,Germany,Male,42.0,7,115930.87,1,No,No,19862.78,0
15776733,Wilson,Germany,Female,37.0,7,124513.66,2,No,No,158610.89,0
15724858,Begum,French,Female,54.0,9,0.0,1,No,No,191212.63,1
15713144,Ingrassia,Spain,Male,46.0,8,0.0,1,No,No,61931.21,0
15690188,Maclean,FRA,Male,33.0,7,0.0,1,Yes,Yes,58043.02,1
15689425,Olejuru,Spain,Male,35.0,8,100988.39,2,No,No,22247.27,0
15671766,Enyinnaya,French,Male,44.0,10,118577.24,1,Yes,Yes,31448.52,0
15782806,Watson,Spain,Male,28.0,6,0.0,2,No,No,146875.86,0
15764419,Langdon,FRA,Male,27.0,5,0.0,2,Yes,Yes,116081.93,0
15591915,Frolov,French,Female,39.0,2,0.0,1,Yes,Yes,73669.94,1
15772798,Chikezie,Spain,Female,28.0,5,0.0,2,Yes,Yes,93959.96,0
15792008,Zetticci,Spain,Female,26.0,9,0.0,2,Yes,Yes,158918.03,0
15715541,Yang,France,Female,42.0,9,113311.11,1,Yes,Yes,198193.75,0
15639277,Lin,FRA,Female,41.0,9,0.0,1,No,No,13160.03,0
15798850,Goddard,France,Male,32.0,7,0.0,2,No,No,4660.91,0
15776348,Rogers,Germany,Male,20.0,4,124365.42,1,No,No,180197.74,1
15727696,Zubareva,France,Male,42.0,1,147249.29,2,Yes,Yes,63023.02,0
15793813,Onochie,FRA,Male,36.0,7,103688.19,1,Yes,Yes,118971.74,0
15694395,Ts'ui,French,Female,29.0,1,138740.24,2,No,No,154700.61,0
15764195,Newsom,Spain,Male,39.0,4,111900.14,1,Yes,Yes,97577.17,0
15744919,Genovese,Spain,Female,37.0,0,152760.24,1,Yes,Yes,48990.5,0
15671655,Thorpe,Germany,Male,31.0,7,143966.3,2,Yes,Yes,140262.96,1
15654901,Horton,France,Male,51.0,10,141556.96,1,No,No,130189.53,0
15649136,Williamson,FRA,Female,43.0,6,0.0,2,Yes,Yes,16301.91,0
15775562,Shoobridge,FRA,Female,33.0,5,0.0,2,No,No,126962.41,0
15807481,Peng,France,Female,46.0,1,0.0,1,Yes,Yes,158750.53,0
15642885,Gray,FRA,Male,30.0,8,0.0,2,No,No,199644.2,0
15789109,Watson,FRA,Female,41.0,10,0.0,1,Yes,Yes,144272.71,1
15814004,Fyodorova,French,Male,29.0,2,0.0,2,Yes,Yes,98320.27,0
15673619,Bazhenov,French,Male,25.0,9,162560.32,1,No,No,64129.03,0
15595135,Solomon,Germany,Female,29.0,7,123229.46,1,No,No,181221.09,0
15583681,Layh,Spain,Male,31.0,7,76665.71,2,Yes,Yes,163809.08,0
15605000,John,French,Male,38.0,9,140278.99,3,Yes,Yes,171457.06,1
15718071,Tuan,French,Female,51.0,3,0.0,2,Yes,Yes,15801.02,0
15679760,Slattery,France,Male,46.0,1,115764.32,2,No,No,102950.79,0
15654574,Onyekachi,Germany,Male,36.0,5,131142.53,2,No,No,174918.46,0
15577178,Genovese,French,Male,45.0,5,68375.27,1,No,No,193160.25,1
15595324,Daniels,Germany,Female,39.0,5,117833.3,3,No,No,5831.0,1
15756932,Caldwell,Spain,Female,36.0,7,0.0,2,Yes,Yes,82298.59,0
15726358,Chiemenam,France,Male,34.0,7,0.0,2,No,No,130686.59,0
15595228,Wanliss,FRA,Male,45.0,7,0.0,1,Yes,Yes,52885.23,1
15782530,Bruce,Spain,Male,30.0,2,111093.01,1,No,No,68985.99,0
15592877,Wright,Spain,Male,42.0,9,132657.55,1,No,No,35367.19,0
15651983,Fang,French,Female,56.0,9,128882.49,1,Yes,Yes,196241.94,1
15746737,Eames,Germany,Male,59.0,9,69129.59,1,Yes,Yes,170705.53,0
15774179,Sutherland,FRA,Male,37.0,6,0.0,2,Yes,Yes,126477.41,0
15667265,Cavenagh,FRA,Male,39.0,4,121404.64,1,Yes,Yes,159618.17,0
15655123,Dumetolisa,Spain,Female,45.0,9,131355.3,3,No,No,195395.33,1
15595917,Mackay,French,Female,35.0,1,102097.33,1,Yes,Yes,168285.85,0
15668385,Dellucci,French,Male,40.0,1,154863.15,1,Yes,Yes,138052.51,0
15709476,Kenyon,Spain,Female,41.0,3,99945.93,2,No,No,71179.31,0
15711218,Parry,Germany,Male,39.0,2,121704.32,2,No,No,55556.3,0
15798659,Kennedy,Spain,Female,43.0,3,0.0,2,No,No,31705.19,0
15663939,Arnott,Germany,Male,35.0,8,138782.76,1,Yes,Yes,186118.93,0
15694946,Hanson,French,Male,35.0,9,0.0,2,Yes,Yes,195580.28,0
15631912,T'ao,France,Male,30.0,8,136291.71,1,No,No,54113.38,0
15768816,Shen,Germany,Male,42.0,0,107856.57,2,No,No,127528.84,0
15682268,Steere,Germany,Female,26.0,1,108348.66,1,No,No,60231.74,1
15684801,Abbott,FRA,Male,47.0,1,93871.95,3,No,No,156878.42,1
15636428,Sutherland,Spain,Female,45.0,1,0.0,1,No,No,182784.11,1
15809823,Thurgood,Germany,Male,19.0,2,125860.2,1,No,No,129690.5,0
15699284,Johnson,France,Male,49.0,8,172713.44,1,No,No,113860.81,0
15786993,Lung,FRA,Female,51.0,5,0.0,2,Yes,Yes,184524.74,0
15709441,Cocci,Spain,Female,59.0,8,0.0,1,Yes,Yes,36124.98,0
15710257,Matveyeva,FRA,Female,39.0,3,130786.92,1,Yes,Yes,121316.07,0
15582492,Moore,France,Female,29.0,2,112367.34,1,No,No,185630.76,0
15575694,Yobachukwu,Spain,Female,45.0,7,91091.06,2,No,No,71133.12,0
15756820,Fleming,France,Female,26.0,7,106198.5,1,Yes,Yes,32020.42,0
15766289,Dickinson,French,Male,47.0,5,142669.93,2,No,No,162760.96,0
15593014,Evseyev,FRA,Male,33.0,1,112833.35,1,Yes,Yes,175178.56,0
15584545,Aksenov,FRA,Female,40.0,5,0.0,2,Yes,Yes,177099.71,0
15675949,Fleming,Spain,Female,43.0,4,0.0,2,Yes,Yes,66406.37,0
15672091,Ulyanov,Germany,Female,32.0,2,104336.43,2,No,No,59559.81,0
15801658,Summers,France,Male,55.0,6,104305.74,1,Yes,Yes,175750.21,0
15706185,Clements,Germany,Male,47.0,5,140187.1,2,Yes,Yes,174311.3,0
15789863,Kazakova,France,Male,39.0,4,0.0,2,No,No,171716.81,0
15720943,Pirozzi,France,Female,45.0,1,114959.12,1,No,No,189362.39,1
15697997,Jamieson,French,Male,33.0,5,164704.38,1,Yes,Yes,180716.1,1
15665416,Ferri,French,Male,62.0,10,119096.55,1,Yes,Yes,116977.89,0
15660200,Mai,French,Male,31.0,1,0.0,2,Yes,Yes,185105.44,0
15619653,Hannaford,French,Male,47.0,2,0.0,1,No,No,35046.97,1
15773447,Fomin,Spain,Male,30.0,8,0.0,1,No,No,36251.0,0
15739160,Mahon,France,Female,41.0,9,115465.28,1,No,No,103174.5,0
15689237,Shaw,France,Female,27.0,4,0.0,2,No,No,122642.09,0
15679297,Volkova,Spain,Male,43.0,3,184926.61,1,No,No,122937.57,0
15591433,Miles,Germany,Male,43.0,8,85957.88,2,No,No,8757.39,0
15642725,Madison,France,Male,32.0,10,114084.6,1,Yes,Yes,125782.29,0
15701962,Scott,Spain,Female,29.0,2,166930.76,2,No,No,122487.73,0
15811613,Voss,FRA,Female,27.0,8,0.0,1,No,No,20066.38,0
15741049,Colebatch,FRA,Male,29.0,7,0.0,2,Yes,Yes,55473.15,0
15724423,Wilson,FRA,Female,38.0,6,107193.82,2,No,No,38962.94,0
15574305,T'ang,FRA,Male,36.0,3,116275.12,1,Yes,Yes,63795.8,0
15678168,Gibson,Spain,Female,27.0,7,0.0,2,Yes,Yes,163060.43,0
15697020,Hs?eh,French,Male,39.0,2,91068.56,1,No,No,26578.69,0
15610801,Pan,Germany,Male,41.0,5,123049.21,1,Yes,Yes,5066.76,0
15745232,Chikelu,French,Female,39.0,6,0.0,2,Yes,Yes,140497.67,0
15722758,Allan,France,Male,40.0,7,0.0,2,No,No,146156.98,0
15792102,Yefremova,France,Female,42.0,3,137781.65,1,No,No,199316.19,0
15675185,Chuang,Germany,Female,48.0,2,108128.96,2,Yes,Yes,103944.37,0
15801247,Fan,Spain,Male,39.0,10,105317.73,2,No,No,138021.36,0
15725660,Dellucci,France,Male,20.0,1,80569.73,1,No,No,68621.98,0
15638963,Garran,France,Female,22.0,4,174852.89,1,Yes,Yes,28149.06,0
15800061,Moretti,Spain,Female,45.0,3,89158.94,3,No,No,135169.76,1
15578006,Yao,FRA,Female,85.0,10,0.0,2,Yes,Yes,116537.96,0
15668504,Lucchesi,FRA,Male,36.0,2,89800.14,1,Yes,Yes,105922.69,0
15687491,Nkemdilim,Germany,Male,45.0,9,101207.75,1,No,No,88211.12,1
15610403,Anderson,FRA,Male,43.0,1,106086.42,2,No,No,26900.63,0
15741094,Sagese,France,Male,21.0,1,0.0,2,Yes,Yes,3494.02,0
15807909,Rubensohn,FRA,Male,47.0,9,0.0,2,No,No,113163.17,0
15666141,Baldwin,Spain,Female,26.0,8,101440.36,2,Yes,Yes,19324.5,0
15617134,Iqbal,France,Male,38.0,4,0.0,2,No,No,189678.7,0
15783029,Monaldo,FRA,Male,34.0,7,106603.74,2,Yes,Yes,26387.71,0
15622833,Mahon,Germany,Female,29.0,10,130420.2,2,No,No,106276.55,0
15746422,Muir,FRA,Female,38.0,1,0.0,1,No,No,45015.38,0
15750839,Burns,Spain,Male,29.0,2,45022.23,1,Yes,Yes,173495.77,0
15749130,Dyer,Germany,Male,27.0,1,74298.43,1,Yes,Yes,52581.96,0
15779862,Lyons,Germany,Female,31.0,3,133003.03,1,Yes,Yes,146339.27,1
15767871,H?,Spain,Male,48.0,7,0.0,2,Yes,Yes,182609.97,0
15679651,Gardiner,Spain,Female,37.0,1,136689.66,1,No,No,197890.65,0
15576219,Cameron,French,Male,32.0,4,0.0,2,Yes,Yes,6225.63,0
15699247,Chapman,FRA,Female,44.0,5,0.0,2,Yes,Yes,123977.86,1
15619087,Taylor,France,Male,53.0,1,102520.37,1,Yes,Yes,170195.4,0
15605327,Namatjira,FRA,Male,35.0,2,0.0,2,Yes,Yes,114190.3,0
15610140,He,French,Female,34.0,5,0.0,2,No,No,27022.57,0
15791174,Leibius,Spain,Male,67.0,1,88382.01,1,Yes,Yes,59457.0,0
15602373,White,France,Male,44.0,4,115049.15,2,No,No,165038.41,0
15762605,Wall,French,Male,58.0,1,104796.54,1,Yes,Yes,154181.41,0
15598840,Moretti,French,Male,33.0,1,123082.08,1,No,No,134960.98,0
15744279,Patterson,Spain,Female,58.0,8,0.0,2,Yes,Yes,65708.5,0
15670619,Coppin,France,Female,33.0,8,0.0,2,No,No,117374.22,0
15599533,Tsao,France,Female,43.0,7,0.0,2,Yes,Yes,77703.19,0
15757837,Kao,Germany,Male,33.0,3,88311.48,2,Yes,Yes,177651.38,0
15697574,Stewart,FRA,Female,40.0,9,0.0,3,Yes,Yes,60954.45,0
15578738,Tuan,France,Male,32.0,7,71872.19,1,Yes,Yes,151924.9,0
15762228,Barnes,Spain,Male,35.0,6,110046.93,2,No,No,26318.73,0
15614827,Sun,FRA,Male,42.0,8,104430.08,1,Yes,Yes,147557.71,0
15789815,Fallaci,France,Female,28.0,5,0.0,2,No,No,125918.17,0
15579781,Buccho,Germany,Male,31.0,10,138653.51,1,No,No,190803.37,0
15587013,Tien,FRA,Female,31.0,7,102575.04,1,Yes,Yes,11043.54,0
15570932,Pirozzi,FRA,Male,43.0,7,137780.74,2,Yes,Yes,119100.05,1
15794661,Liu,Spain,Male,32.0,2,0.0,2,No,No,140579.17,0
15581654,Long,FRA,Male,32.0,7,0.0,2,Yes,Yes,37731.95,0
15644296,Scott,French,Female,30.0,8,105209.54,1,No,No,1852.58,0
15614420,Gerasimova,Germany,Female,32.0,0,109570.21,2,Yes,Yes,172049.84,0
15609653,Ifeatu,Germany,Female,44.0,6,118715.86,1,No,No,133591.11,1
15594577,De Luca,FRA,Male,35.0,10,0.0,2,Yes,Yes,192751.18,0
15584114,Ogbonnaya,Germany,Female,43.0,2,153393.18,2,Yes,Yes,193828.27,0
15673367,Humffray,Germany,Male,33.0,6,132603.36,1,No,No,55775.72,0
15685576,Degtyaryov,Spain,Female,36.0,6,0.0,2,Yes,Yes,102280.29,0
15774727,Monaldo,Germany,Female,34.0,1,129398.01,2,No,No,44965.44,0
15694288,Cawthorne,Spain,Male,28.0,3,0.0,2,No,No,170661.02,0
15603319,Graham,France,Male,29.0,2,151352.74,1,No,No,197145.89,0
15759066,Carpenter,France,Female,44.0,5,136836.49,1,No,No,192359.9,1
15814816,Kambinachi,French,Male,40.0,4,91592.06,1,No,No,141210.18,1
15724402,Tyler,FRA,Female,30.0,8,0.0,2,No,No,100557.03,0
15571059,Martin,French,Female,54.0,3,0.0,1,No,No,130805.54,1
15674206,Walker,French,Female,22.0,8,0.0,2,Yes,Yes,92606.98,0
15715160,Khan,France,Male,36.0,2,165536.28,2,Yes,Yes,123956.83,0
15730448,Iroawuchi,Germany,Male,25.0,5,62482.95,1,Yes,Yes,102758.43,0
15662067,Summers,France,Male,40.0,8,68155.59,1,No,No,94876.65,0
15779581,Bottrill,Spain,Female,43.0,3,55853.33,2,Yes,Yes,94811.85,1
15662901,Hu,FRA,Male,37.0,2,0.0,2,Yes,Yes,67840.81,0
15689751,Jones,French,Female,31.0,2,79589.43,1,No,No,4050.57,0
15667742,Vincent,Spain,Male,41.0,5,100880.76,1,Yes,Yes,134665.25,0
15738448,Sanford,Germany,Female,25.0,3,174330.35,2,No,No,181647.13,0
15680243,Brown,France,Male,19.0,7,143390.51,1,No,No,33282.84,0
15745083,Lei,Germany,Male,59.0,8,91415.76,1,No,No,27965.0,1
15708228,Toscani,Germany,Male,30.0,3,134366.42,1,No,No,68343.53,0
15628523,Chien,FRA,Female,24.0,3,0.0,2,Yes,Yes,198161.07,0
15708196,Uchenna,Spain,Male,60.0,8,88786.81,1,Yes,Yes,196858.4,0
15735549,Lori,Germany,Male,35.0,3,96814.46,2,Yes,Yes,120511.03,0
15809347,Fanucci,Germany,Male,32.0,9,160680.41,1,No,No,30886.35,0
15660866,Chimaobim,French,Female,29.0,3,0.0,2,No,No,2743.69,0
15766609,Jowers,FRA,Female,47.0,10,0.0,2,No,No,167778.62,0
15654230,Miller,Germany,Male,31.0,5,145537.21,1,No,No,132404.64,0
15794566,Kirsova,FRA,Female,28.0,4,0.0,2,Yes,Yes,144423.17,1
15800890,T'ien,French,Female,45.0,6,0.0,2,Yes,Yes,181204.5,0
15697424,Ku,Spain,Female,30.0,2,119370.11,1,Yes,Yes,182726.22,1
15724536,Chin,Spain,Female,28.0,1,0.0,2,Yes,Yes,120880.72,0
15735878,Law,Germany,Female,47.0,10,134381.52,1,No,No,26812.89,1
15707596,Chung,Germany,Female,74.0,8,114888.74,2,Yes,Yes,66732.63,1
15657163,Cockrum,Germany,Male,42.0,1,149332.48,2,No,No,100834.22,0
15622478,Greaves,FRA,Female,40.0,7,105061.74,3,No,No,107815.31,1
15779529,Grant,France,Male,32.0,7,0.0,2,Yes,Yes,34665.79,0
15636023,O'Donnell,France,Female,40.0,10,0.0,1,Yes,Yes,147093.84,1
15582066,Maclean,FRA,Male,21.0,4,0.0,1,Yes,Yes,36942.35,0
15666675,Hsieh,FRA,Female,39.0,7,155062.8,1,Yes,Yes,16460.77,0
15732987,Hs?,Spain,Male,43.0,3,88798.34,1,No,No,45610.63,0
15789432,Mazzanti,French,Male,33.0,6,0.0,2,No,No,184954.11,0
15663161,Chiu,Germany,Female,51.0,5,143139.87,1,No,No,47795.43,1
15694879,Reeves,Spain,Female,23.0,7,0.0,2,No,No,196789.9,0
15593715,Castiglione,Germany,Male,27.0,3,107027.52,1,No,No,173425.68,0
15575002,Ferguson,FRA,Male,29.0,4,140720.93,1,No,No,36221.18,0
15622171,Nnamdi,French,Male,30.0,8,80964.57,2,No,No,174738.2,0
15795224,Wu,FRA,Male,39.0,6,178585.46,1,No,No,67131.3,1
15685346,Chu,Spain,Female,26.0,4,135889.13,1,Yes,Yes,165692.03,0
15691808,King,French,Male,43.0,7,134919.85,1,No,No,194691.95,0
15721007,Charlton,Germany,Male,33.0,8,115130.34,1,No,No,129525.5,1
15794253,Marsh,Spain,Female,34.0,6,138190.13,2,Yes,Yes,146511.2,0
15694453,Walker,Germany,Male,37.0,9,131519.49,2,Yes,Yes,51752.18,0
15813113,Chang,Spain,Female,56.0,5,0.0,1,No,No,35418.69,1
15614187,Pottinger,Germany,Female,39.0,3,126935.98,2,Yes,Yes,57995.74,0
15619407,Buckley,French,Male,39.0,4,133707.09,1,Yes,Yes,108152.75,0
15646227,Folliero,FRA,Female,27.0,1,97893.2,1,No,No,166144.98,0
15660541,Olisanugo,FRA,Male,34.0,5,127900.03,1,No,No,101737.8,0
15753874,Kent,FRA,Male,37.0,10,143835.47,1,Yes,Yes,33326.71,0
15617877,Jessop,France,Male,44.0,0,0.0,2,Yes,Yes,81140.09,0
15772073,Hodge,French,Male,48.0,10,0.0,1,No,No,140173.17,1
15701537,Ignatiev,FRA,Male,60.0,2,0.0,1,Yes,Yes,166513.49,1
15736228,Chambers,FRA,Female,40.0,3,129596.77,1,Yes,Yes,103232.6,0
15780572,Mansom,Spain,Male,30.0,4,0.0,2,No,No,120736.04,0
15769596,Yen,Germany,Female,24.0,2,110407.44,2,No,No,15832.43,1
15586996,Azikiwe,FRA,Female,76.0,7,0.0,2,Yes,Yes,188772.45,0
15722061,Allen,Germany,Female,41.0,8,142015.76,2,No,No,114323.66,0
15638003,Komarova,Spain,Male,55.0,1,81370.07,1,Yes,Yes,181534.04,0
15775590,Mackay,Germany,Female,48.0,2,69329.47,1,No,No,102640.52,1
15730688,Yu,France,Female,28.0,8,116755.5,2,Yes,Yes,158585.17,1
15753102,Curtis,Spain,Male,44.0,6,83870.33,1,No,No,178722.24,0
15810075,Fang,FRA,Female,39.0,6,130694.89,2,Yes,Yes,153955.38,1
15723373,Page,Spain,Female,34.0,8,117451.47,1,No,No,65374.86,0
15795298,Olisaemeka,Germany,Female,35.0,9,206868.78,2,Yes,Yes,102986.15,0
15584320,Brennan,France,Female,39.0,3,111695.62,1,No,No,136643.84,0
15724161,Sutton,FRA,Female,40.0,9,137285.26,4,No,No,77063.63,1
15750056,Hyde,French,Female,29.0,6,149218.39,1,Yes,Yes,9633.01,0
15609637,Nkemakolam,France,Male,51.0,7,0.0,2,Yes,Yes,43496.36,0
15794493,Chimaijem,Spain,Male,32.0,7,0.0,2,Yes,Yes,24267.28,0
15569641,Sung,Germany,Female,41.0,8,130701.29,1,No,No,59354.24,1
15815236,Chiganu,Spain,Male,34.0,5,0.0,2,No,No,28269.86,0
15811177,Beneventi,France,Female,31.0,3,167949.48,1,No,No,143162.34,0
15680587,Esposito,French,Male,23.0,4,131254.81,1,No,No,20199.3,0
15672821,Owen,FRA,Male,28.0,5,0.0,2,Yes,Yes,48606.92,0
15767681,Smalley,Spain,Male,34.0,9,0.0,2,Yes,Yes,89013.67,0
15600379,Hsiung,Spain,Male,34.0,7,86656.13,1,Yes,Yes,59890.29,0
15801336,Ch'ang,Germany,Female,37.0,8,114737.26,1,Yes,Yes,106655.88,1
15721592,Barton,FRA,Female,38.0,5,0.0,2,No,No,156439.56,0
15581282,Lucchese,France,Female,39.0,6,0.0,1,No,No,24176.44,0
15746203,Hsia,Germany,Male,62.0,4,119817.33,1,Yes,Yes,43507.1,1
15583137,Pope,French,Female,48.0,7,130806.99,2,Yes,Yes,132005.85,1
15680752,Horrocks,French,Female,49.0,0,0.0,1,Yes,Yes,80496.71,1
15688172,Tai,Spain,Male,40.0,5,0.0,2,No,No,88947.56,0
15791373,Chikezie,Germany,Female,35.0,2,80931.75,1,No,No,12639.67,1
15589449,Frye,French,Female,56.0,3,0.0,3,Yes,Yes,94248.16,1
15692819,Toscani,Germany,Male,32.0,1,132178.67,1,No,No,11865.76,0
15727467,Mellor,France,Female,27.0,3,0.0,2,No,No,141449.86,0
15734312,Kang,Spain,Male,43.0,6,0.0,2,Yes,Yes,149457.81,0
15764604,Sutherland,France,Female,35.0,7,164769.02,3,No,No,119814.25,1
15613014,Hs?,Germany,Male,29.0,1,107233.85,2,No,No,24924.92,0
15759684,Ting,FRA,Female,27.0,7,176227.07,2,Yes,Yes,139481.53,0
15609669,Chuang,FRA,Female,39.0,4,109949.39,2,Yes,Yes,41268.65,0
15685536,Chu,French,Female,34.0,5,0.0,2,Yes,Yes,1351.41,0
15750447,Ozoemena,French,Female,60.0,10,117738.81,1,No,No,147489.76,1
15663249,Howells,Spain,Female,37.0,9,133292.45,1,No,No,111175.09,0
15638646,Lucchese,France,Female,43.0,1,160474.59,1,Yes,Yes,95963.14,0
15734161,Nnonso,FRA,Male,43.0,6,0.0,2,No,No,43128.95,0
15631070,Gerasimova,Germany,Male,55.0,9,154393.43,1,Yes,Yes,137674.96,1
15761950,Woronoff,Germany,Female,45.0,9,110827.49,1,Yes,Yes,153383.54,1
15649668,Wilhelm,Germany,Female,36.0,10,145750.45,2,Yes,Yes,96660.76,0
15713912,Nebechukwu,Spain,Female,45.0,8,109044.3,1,Yes,Yes,115818.16,0
15586757,Anenechukwu,FRA,Female,32.0,4,75170.54,1,Yes,Yes,37898.5,0
15596522,Meredith,French,Female,42.0,2,0.0,2,No,No,145222.93,0
15625395,Chinomso,French,Female,28.0,6,105795.9,1,Yes,Yes,41219.09,0
15760570,Stephenson,French,Male,32.0,5,0.0,2,No,No,59249.83,0
15566689,Chimaoke,Spain,Male,66.0,8,0.0,2,Yes,Yes,116747.62,0
15725794,Winters,France,Female,49.0,1,0.0,1,No,No,116249.72,1
15673539,Napolitani,France,Female,26.0,3,118097.87,1,No,No,61257.83,0
15705298,L?,Germany,Male,29.0,0,172693.54,1,No,No,141798.98,0
15675791,Williams,France,Male,36.0,4,129440.3,2,No,No,102638.35,0
15747043,Giles,Spain,Male,36.0,4,0.0,2,No,No,13210.56,0
15736397,Wang,FRA,Male,23.0,1,96471.2,1,No,No,35550.97,0
15678201,Robertson,FRA,Female,46.0,1,0.0,1,Yes,Yes,104469.06,1
15720745,Murray,Spain,Male,24.0,4,140197.18,1,Yes,Yes,142935.83,0
15637593,Greco,FRA,Male,20.0,6,0.0,2,No,No,195486.28,0
15598070,Marchesi,FRA,Female,33.0,4,135946.26,1,No,No,63170.0,0
15787550,Chao,French,Male,69.0,3,0.0,2,Yes,Yes,58320.06,0
15603942,Hawthorn,Germany,Male,50.0,3,81290.02,3,Yes,Yes,177747.03,1
15733973,Bibi,France,Female,42.0,8,0.0,1,No,No,19632.64,1
15596761,Hawdon,Germany,Male,60.0,9,113715.36,1,No,No,18424.24,1
15652400,Moss,Spain,Male,56.0,2,168883.08,1,Yes,Yes,18897.78,0
15717893,Briggs,Germany,Male,36.0,8,143421.74,1,No,No,97879.02,0
15622585,McIntyre,French,Male,26.0,7,153644.39,1,Yes,Yes,63197.88,0
15733964,Russo,Spain,Female,53.0,1,109330.06,1,Yes,Yes,75860.01,0
15753861,Ballard,Germany,Female,27.0,1,115095.88,2,No,No,78622.46,0
15747097,Hs?,French,Male,35.0,10,0.0,1,Yes,Yes,23598.23,1
15594762,Pisani,Spain,Male,46.0,1,183276.32,1,Yes,Yes,13460.27,0
15667417,Tao,France,Male,33.0,9,68193.72,1,No,No,19998.31,0
15684861,Thomson,French,Female,32.0,8,0.0,2,No,No,185075.63,0
15742204,Hsu,Germany,Male,31.0,6,139729.54,1,Yes,Yes,135815.38,0
15623502,Morrison,Spain,Female,56.0,4,98365.33,1,Yes,Yes,44251.33,0
15774872,Joslin,France,Male,36.0,10,0.0,2,No,No,136349.55,0
15611191,Scott,Germany,Female,37.0,10,122453.97,2,Yes,Yes,52693.99,0
15674331,Bidwill,Germany,Male,30.0,7,132174.41,2,No,No,93767.03,0
15619465,Cameron,Spain,Female,24.0,2,0.0,2,Yes,Yes,197866.55,0
15575247,Cartwright,France,Male,30.0,1,0.0,2,No,No,126812.85,0
15695679,Yao,Spain,Male,39.0,2,104349.45,1,No,No,79503.05,0
15713463,Tate,Germany,Female,41.0,2,138881.04,1,No,No,129936.53,1
15785170,Neal,Germany,Female,32.0,0,116968.91,1,No,No,175094.62,0
15796351,Yao,Germany,Male,35.0,1,105346.03,2,Yes,Yes,130379.5,0
15639576,Burns,French,Male,26.0,9,136623.19,1,No,No,153228.0,0
15693264,Onyinyechukwuka,FRA,Female,29.0,10,0.0,2,Yes,Yes,111285.85,0
15589715,Fulks,FRA,Female,66.0,5,0.0,1,No,No,49553.38,1
15769902,Christie,FRA,Female,33.0,6,0.0,2,Yes,Yes,98015.85,0
15587177,Lloyd,France,Male,36.0,6,124445.52,1,No,No,88481.32,0
15814553,Ball,FRA,Female,34.0,5,68999.66,2,Yes,Yes,66879.27,0
15601550,Genovesi,Spain,Male,36.0,6,85768.42,1,Yes,Yes,24802.77,0
15664907,Alexander,French,Male,47.0,1,0.0,1,No,No,21312.16,1
15612465,Siciliano,Spain,Male,34.0,9,100628.0,2,Yes,Yes,190263.78,0
15810800,Ositadimma,Spain,Female,32.0,0,0.0,1,Yes,Yes,72873.33,0
15665760,Kazantsev,Spain,Male,38.0,7,0.0,2,Yes,Yes,57764.65,0
15588080,Giles,France,Male,54.0,6,0.0,1,No,No,110273.84,1
15776844,Hao,Spain,Female,19.0,6,0.0,2,No,No,55500.17,0
15717560,Martin,FRA,Male,50.0,0,125647.36,1,No,No,57541.08,1
15629739,Hartley,Germany,Female,31.0,8,100375.39,1,Yes,Yes,90384.26,0
15729908,Allan,French,Female,36.0,10,0.0,1,No,No,120694.35,0
15716781,Dolgorukova,FRA,Male,24.0,7,171922.72,1,Yes,Yes,178028.96,0
15646936,Nnamdi,Germany,Female,32.0,2,146810.99,2,Yes,Yes,180990.29,0
15768151,Romano,Germany,Female,45.0,3,109032.23,1,Yes,Yes,155407.21,1
15579212,Chuang,French,Male,57.0,6,0.0,1,No,No,33676.48,1
15721835,Owen,Spain,Male,25.0,7,0.0,1,No,No,89666.28,0
15800515,Singh,FRA,Male,35.0,5,128653.59,1,No,No,127558.26,0
15591279,Nwagugheuzo,France,Male,37.0,3,80387.81,1,Yes,Yes,77272.62,0
15587419,Shipton,FRA,Male,58.0,8,0.0,2,Yes,Yes,107665.68,1
15750335,Paterson,Germany,Male,43.0,0,108508.82,3,No,No,184044.8,1
15699619,Rivas,FRA,Male,31.0,10,155978.17,1,No,No,91510.71,0
15606472,Lung,France,Female,38.0,5,0.0,1,Yes,Yes,87363.56,0
15778368,Allan,Germany,Male,50.0,4,121175.56,1,No,No,117505.07,1
15671387,Fetherstonhaugh,FRA,Female,29.0,4,89349.47,2,No,No,180626.68,0
15573926,Lung,Spain,Male,38.0,7,86131.71,2,No,No,93478.96,0
15709183,Davidson,French,Female,58.0,3,102346.86,1,Yes,Yes,114672.64,0
15577514,Mai,Germany,Female,36.0,7,121263.62,1,Yes,Yes,13387.88,0
15778830,Dellucci,French,Male,31.0,2,0.0,2,No,No,173240.52,0
15768072,Mitchell,Spain,Female,33.0,2,0.0,1,No,No,27557.18,1
15768293,Sun,FRA,Male,51.0,3,0.0,2,Yes,Yes,5552.37,0
15654456,Napolitano,Germany,Male,48.0,6,149726.08,1,No,No,88307.87,1
15807525,Bailey,France,Male,43.0,2,0.0,2,No,No,33879.26,1
15574372,Hoolan,FRA,Male,35.0,5,161274.05,2,No,No,181429.87,0
15671249,Kent,French,Female,33.0,2,0.0,2,No,No,102655.31,0
15779744,Chou,Spain,Male,30.0,1,103138.17,1,Yes,Yes,96555.42,0
15624755,Pepper,Germany,Female,40.0,3,109628.44,1,No,No,189366.03,0
15611430,Abramowitz,French,Male,54.0,5,0.0,1,No,No,12847.61,1
15774744,Lord,Germany,Male,33.0,7,97286.16,2,No,No,143433.33,0
15629885,Wilson,French,Female,33.0,7,118004.26,1,No,No,183983.82,0
15708791,Abazu,Spain,Male,32.0,9,85534.83,1,No,No,169137.24,0
15793890,Harriman,France,Female,59.0,4,0.0,1,Yes,Yes,163365.85,1
15646091,Frankland,Spain,Female,43.0,4,95140.44,2,No,No,123181.44,1
15596984,Pinto,French,Female,31.0,6,0.0,1,Yes,Yes,16447.6,1
15800215,Kwemtochukwu,FRA,Male,25.0,3,0.0,2,Yes,Yes,173948.4,0
15577806,Chiu,Germany,Female,54.0,1,75900.84,1,Yes,Yes,192154.66,0
15749381,Yu,FRA,Female,41.0,2,126619.27,1,No,No,198224.38,0
15683758,Onyekachukwu,France,Male,44.0,7,111833.47,1,No,No,67202.74,0
15670615,Castiglione,Spain,Male,37.0,7,0.0,2,No,No,68789.93,0
15715622,To Rot,French,Female,57.0,3,238387.56,1,Yes,Yes,147964.99,1
15707634,Anenechukwu,French,Female,32.0,2,108698.96,2,Yes,Yes,161069.73,0
15806901,Henderson,France,Female,39.0,2,112687.69,1,Yes,Yes,127749.61,0
15775335,Ellis,Germany,Female,48.0,4,81556.89,2,No,No,191914.37,0
15724150,Nkemdirim,France,Male,48.0,9,136596.85,1,Yes,Yes,185791.9,0
15627220,Kang,Germany,Female,43.0,9,98807.45,1,No,No,184570.04,1
15672330,Lear,French,Female,31.0,1,0.0,2,Yes,Yes,130446.65,0
15668521,Jamieson,FRA,Male,37.0,1,0.0,2,Yes,Yes,82867.55,0
15807837,Mazzanti,France,Female,30.0,6,107499.7,1,Yes,Yes,187632.22,0
15592570,Marino,Spain,Female,23.0,8,0.0,2,No,No,56759.79,0
15748589,Winter,France,Female,30.0,9,0.0,2,No,No,34180.33,0
15635893,T'ien,France,Female,28.0,8,0.0,2,Yes,Yes,158545.25,0
15757632,Hughes-Jones,FRA,Female,41.0,1,176024.05,2,No,No,182337.98,0
15691863,Cody,FRA,Female,39.0,3,0.0,2,Yes,Yes,84175.34,0
15706071,Hunt,Germany,Male,39.0,0,127631.62,1,Yes,Yes,22197.8,1
15654296,Estrada,Spain,Female,19.0,9,0.0,1,No,No,189641.11,0
15755018,Dickinson,Germany,Female,26.0,10,109819.16,2,No,No,154491.39,0
15594041,Fanucci,Spain,Female,41.0,2,138734.94,1,No,No,90020.74,0
15670587,Yang,Germany,Male,25.0,10,111363.1,2,No,No,197264.35,0
15724527,Forbes,FRA,Male,34.0,9,0.0,2,Yes,Yes,31933.06,0
15801904,Heard,Germany,Male,28.0,0,143988.0,2,No,No,8755.69,1
15658195,Efremova,FRA,Male,34.0,5,118838.75,1,Yes,Yes,52820.13,0
15630113,Morphett,Spain,Male,35.0,4,161637.75,1,Yes,Yes,20008.46,0
15784320,Lenhardt,French,Female,44.0,3,133793.89,1,Yes,Yes,34607.14,1
15676513,Burns,Germany,Male,35.0,8,71553.83,1,No,No,177384.45,0
15574072,Ch'ien,FRA,Female,62.0,8,0.0,1,Yes,Yes,165702.64,0
15633854,Sun,France,Female,40.0,3,0.0,2,No,No,167889.1,0
15618566,Jamieson,France,Female,38.0,7,0.0,2,Yes,Yes,133122.62,0
15733014,Nolan,French,Female,62.0,10,64667.95,2,Yes,Yes,140454.14,0
15753343,Barry,France,Female,28.0,2,121164.11,1,Yes,Yes,59938.81,0
15746076,Saunders,Spain,Male,50.0,3,0.0,2,No,No,12016.79,0
15608226,McMorran,Spain,Male,72.0,3,98903.06,1,Yes,Yes,81251.24,0
15605684,Phelan,France,Female,31.0,7,104158.84,1,No,No,134169.85,0
15638988,Fu,French,Male,54.0,6,0.0,2,Yes,Yes,94888.6,0
15628767,Hotchin,Spain,Female,63.0,3,139529.93,2,Yes,Yes,175696.16,1
15737977,Aksyonov,French,Female,25.0,6,0.0,2,Yes,Yes,96758.58,0
15758116,Rossi,FRA,Male,53.0,5,64646.7,1,No,No,128019.48,1
15575119,Hughes,France,Male,71.0,3,0.0,2,Yes,Yes,146895.36,1
15625126,Duncan,French,Female,40.0,6,0.0,2,Yes,Yes,139356.3,0
15567114,McGarry,France,Male,35.0,1,118894.22,1,No,No,2923.61,0
15672242,Aksenov,FRA,Male,24.0,2,0.0,1,Yes,Yes,121232.51,0
15681327,Akhtar,FRA,Male,30.0,9,0.0,2,Yes,Yes,2053.42,0
15802585,Pisani,French,Female,41.0,8,68213.99,1,Yes,Yes,6382.46,0
15740630,Pisano,Spain,Female,31.0,1,0.0,2,No,No,158750.13,0
15815420,McDaniels,Spain,Male,47.0,8,139196.0,1,Yes,Yes,74028.36,0
15711468,Tennant,FRA,Female,32.0,7,0.0,2,Yes,Yes,44099.75,0
15799626,Donaghy,Germany,Male,50.0,4,126345.55,1,Yes,Yes,17323.0,1
15659325,Todd,Spain,Male,40.0,5,0.0,2,Yes,Yes,175043.69,0
15651352,Tobenna,French,Female,38.0,2,0.0,1,No,No,146388.85,1
15684925,Vicars,French,Female,43.0,3,0.0,2,No,No,2465.8,0
15657439,Chao,France,Male,18.0,4,0.0,2,Yes,Yes,47799.15,0
15574122,Tien,French,Male,34.0,5,129278.43,1,No,No,165562.84,0
15720508,Hsing,French,Male,31.0,3,119558.35,1,No,No,72927.68,0
15599078,Yang,Germany,Female,41.0,5,92467.58,1,No,No,38270.47,0
15702300,Walker,French,Male,27.0,5,0.0,2,No,No,120893.07,0
15660735,T'ang,Spain,Female,31.0,6,0.0,2,No,No,188377.21,0
15671390,Chukwukere,Spain,Male,36.0,10,0.0,2,No,No,55902.93,0
15647385,Ch'iu,Spain,Male,56.0,4,99340.83,1,No,No,4523.74,1
15739223,Pai,Spain,Female,24.0,3,0.0,2,Yes,Yes,102195.16,0
15631305,Franklin,Spain,Female,28.0,4,126833.79,2,No,No,60843.09,1
15809263,Y?,Germany,Male,29.0,5,109676.52,1,Yes,Yes,25548.47,0
15640866,Peng,FRA,Female,29.0,3,0.0,1,Yes,Yes,134462.29,0
15775663,Otitodilichukwu,Germany,Male,53.0,6,134729.99,2,Yes,Yes,132702.64,0
15631800,Pagnotto,French,Male,37.0,3,98431.37,1,No,No,75698.44,0
15654292,Vessels,Germany,Male,33.0,8,130368.31,2,No,No,105642.43,0
15648320,Heller,France,Female,31.0,7,123974.96,1,No,No,102153.75,0
15726747,Donaldson,France,Male,63.0,4,138082.16,1,Yes,Yes,166677.54,0
15694510,Ifeanyichukwu,France,Male,45.0,1,129855.32,1,No,No,24218.65,0
15572291,Kao,French,Male,40.0,6,132308.22,1,No,No,117122.5,0
15603465,Dunn,Germany,Female,45.0,5,155447.65,2,No,No,51871.95,1
15685628,Calabresi,Spain,Male,35.0,2,124268.64,2,Yes,Yes,84321.03,0
15792729,Holland,Germany,Female,34.0,9,176311.36,1,No,No,160213.27,0
15767414,Calabresi,France,Male,40.0,2,99886.42,2,Yes,Yes,88695.19,0
15568044,Butusov,France,Female,31.0,7,0.0,2,Yes,Yes,6123.15,0
15751333,Atkinson,France,Female,36.0,2,0.0,2,Yes,Yes,167749.54,0
15623062,Vasilyeva,Germany,Male,24.0,5,85089.3,1,Yes,Yes,71638.0,0
15713621,Mollison,Germany,Male,41.0,10,134318.21,2,Yes,Yes,198064.52,0
15670668,Webb,Germany,Male,29.0,5,75395.53,2,Yes,Yes,54914.92,0
15750638,Obiajulu,Germany,Female,33.0,5,116765.7,1,No,No,190659.17,1
15747878,Aiken,Spain,Male,60.0,4,0.0,1,Yes,Yes,51637.67,0
15726796,Brabyn,France,Male,38.0,7,111501.66,1,Yes,Yes,119333.38,0
15754952,Su,Germany,Female,48.0,7,76595.08,2,No,No,127095.14,0
15652192,Traeger,French,Female,33.0,9,160541.36,2,No,No,93541.14,0
15681924,Ekwueme,Germany,Male,38.0,2,129728.6,1,No,No,89289.54,0
15763544,Thompson,FRA,Male,47.0,1,0.0,2,No,No,108762.16,0
15764431,Chinwenma,Spain,Female,34.0,5,130929.02,4,Yes,Yes,28238.25,1
15684010,Tuan,Germany,Female,74.0,2,116800.25,1,Yes,Yes,34130.43,0
15648881,Tsai,Germany,Male,40.0,0,101016.53,1,Yes,Yes,7926.35,1
15733303,Liu,France,Male,67.0,5,0.0,2,Yes,Yes,27330.27,0
15643294,Robinson,France,Female,33.0,8,190566.65,1,Yes,Yes,79997.14,0
15749905,Carr,Spain,Female,47.0,6,0.0,1,No,No,50213.81,1
15625175,Palerma,Germany,Female,43.0,6,97067.69,1,Yes,Yes,60920.03,1
15643967,Chineze,French,Female,37.0,4,92208.54,1,Yes,Yes,197699.8,1
15578251,Fang,France,Male,37.0,2,186347.97,2,No,No,92809.73,0
15772573,Simpson,Spain,Male,55.0,2,103176.62,1,Yes,Yes,163516.16,0
15733234,Moretti,France,Female,58.0,4,0.0,1,Yes,Yes,62449.07,1
15721582,Hale,Germany,Female,40.0,4,77270.08,2,Yes,Yes,115800.1,1
15628219,Benson,Germany,Female,37.0,3,111911.63,1,Yes,Yes,110359.68,1
15571302,Estep,Germany,Male,72.0,5,94216.05,1,Yes,Yes,78695.68,0
15637178,Mishina,Spain,Female,45.0,7,0.0,2,Yes,Yes,128378.04,0
15601184,Abramovich,Spain,Female,26.0,3,0.0,2,No,No,155248.62,0
15629511,Lavrentiev,French,Male,49.0,6,106770.82,1,No,No,123499.27,0
15570629,Alexeyeva,Germany,Female,72.0,5,138089.97,2,Yes,Yes,99920.41,0
15665766,T'ang,Germany,Male,39.0,9,133191.19,2,Yes,Yes,53289.49,0
15693732,Kilgour,France,Female,66.0,9,0.0,2,Yes,Yes,67622.34,0
15765982,Chin,France,Male,41.0,7,74135.85,1,Yes,Yes,11783.1,1
15582016,Fiorentini,Spain,Male,41.0,6,99208.46,2,No,No,62402.38,0
15798024,Lori,Germany,Male,84.0,8,92242.34,1,Yes,Yes,186235.98,0
15588622,Marchesi,Germany,Male,25.0,7,108380.72,1,Yes,Yes,79005.95,0
15724863,Sheppard,Spain,Female,55.0,4,91893.32,1,No,No,144870.28,1
15618213,Nnanna,French,Female,32.0,7,85757.93,1,Yes,Yes,95481.0,0
15780411,Norris,France,Female,46.0,3,0.0,2,No,No,820.46,0
15725429,Vincent,Germany,Male,33.0,8,96759.42,1,Yes,Yes,174777.98,0
15600626,Bradley,French,Male,30.0,6,0.0,2,Yes,Yes,8991.17,0
15668460,Bellucci,French,Male,29.0,6,0.0,2,Yes,Yes,2797.27,0
15576263,Clements,French,Female,22.0,5,0.0,1,No,No,22303.17,0
15720354,Knowles,French,Male,71.0,4,0.0,2,Yes,Yes,197562.08,0
15691624,Chidiebere,France,Male,33.0,2,132150.26,2,No,No,23067.97,0
15793196,Kelly,French,Male,41.0,9,0.0,2,Yes,Yes,190294.12,0
15633352,Okwukwe,FRA,Female,31.0,6,175443.75,1,No,No,113167.17,1
15750874,Onyemere,France,Male,31.0,3,78990.15,1,Yes,Yes,124777.14,0
15588923,Murphy,France,Female,33.0,4,113743.37,1,No,No,124625.08,0
15715745,Elliott,French,Female,26.0,5,157624.84,1,Yes,Yes,49599.27,0
15611800,Loggia,French,Female,62.0,7,125163.62,2,Yes,Yes,151411.5,0
15576928,Walsh,France,Female,23.0,2,0.0,1,No,No,122964.18,0
15793693,Mahomed,FRA,Male,60.0,9,0.0,1,Yes,Yes,57088.97,0
15581252,Dolgorukova,Spain,Female,29.0,7,80922.75,1,No,No,7820.78,0
15797760,Bogdanov,FRA,Male,40.0,3,193354.86,2,No,No,149188.41,0
15790564,She,Germany,Female,40.0,9,107648.94,2,Yes,Yes,134638.97,0
15593736,Cook,Germany,Female,46.0,7,131769.04,1,No,No,184980.23,1
15595937,Bruno,Germany,Male,36.0,1,138992.48,2,No,No,122373.42,0
15815628,Moysey,France,Female,37.0,8,113899.92,1,No,No,80215.2,0
15782802,Beneventi,Germany,Male,26.0,6,114450.32,1,Yes,Yes,14081.64,0
15627412,Ferri,FRA,Male,39.0,3,0.0,2,No,No,199390.45,0
15734609,Skinner,French,Female,37.0,2,0.0,2,Yes,Yes,7667.48,0
15710689,Angel,Spain,Male,40.0,6,63609.92,1,No,No,74965.61,1
15565806,Toosey,French,Male,38.0,9,0.0,2,No,No,30583.95,0
15815530,Chin,French,Female,42.0,10,75497.51,1,No,No,149682.78,0
15632272,Lung,FRA,Female,42.0,2,0.0,2,No,No,92664.09,0
15684103,Mellor,French,Female,26.0,10,0.0,2,Yes,Yes,138423.1,0
15654519,Hassall,French,Male,31.0,1,0.0,2,Yes,Yes,3148.2,0
15767722,Richardson,French,Female,39.0,0,117704.73,1,No,No,197933.5,0
15654346,Poninski,Germany,Male,35.0,1,130463.55,2,Yes,Yes,37341.17,0
15660147,Dore,Spain,Male,32.0,8,46161.18,1,Yes,Yes,79577.4,0
15814998,Bonham,Spain,Male,42.0,5,0.0,2,No,No,197602.29,0
15802207,Ibezimako,Germany,Male,43.0,4,110182.54,2,Yes,Yes,87537.32,0
15658668,Hunter,Spain,Male,49.0,10,0.0,2,No,No,41623.59,0
15715079,Bold,France,Male,41.0,9,117221.15,1,No,No,168280.95,0
15570360,Wan,French,Female,35.0,4,0.0,2,No,No,125986.18,0
15674678,Bradley,Germany,Female,43.0,9,79120.27,1,No,No,548.52,1
15780925,Tretyakova,FRA,Male,37.0,1,177069.24,2,Yes,Yes,96088.54,0
15688193,Graham,France,Male,36.0,3,61636.97,1,No,No,107787.42,0
15778219,Izmailov,France,Male,26.0,5,0.0,1,No,No,20510.79,0
15696514,Calabrese,Germany,Female,37.0,6,104414.03,1,No,No,192026.02,0
15712303,Valentin,French,Male,66.0,4,159732.02,1,Yes,Yes,118188.15,0
15719090,Osonduagwuike,Germany,Female,34.0,4,89437.03,1,Yes,Yes,189540.95,0
15735632,Williamson,FRA,Male,41.0,8,0.0,1,Yes,Yes,63736.17,0
15619436,Pan,France,Female,32.0,3,0.0,1,No,No,95740.37,0
15722404,Carpenter,FRA,Female,30.0,3,0.0,2,Yes,Yes,127939.19,0
15662063,McIver,France,Male,36.0,7,142400.77,1,Yes,Yes,193438.69,0
15745605,Trevisan,FRA,Female,47.0,2,88011.4,1,Yes,Yes,90655.94,1
15636658,Rozhkova,France,Male,36.0,2,0.0,2,Yes,Yes,12067.39,0
15784130,He,Germany,Female,30.0,8,154870.28,1,Yes,Yes,54191.38,0
15606755,Moretti,Spain,Female,46.0,4,0.0,2,No,No,58667.16,1
15801699,Fishbourne,Spain,Male,43.0,5,0.0,2,Yes,Yes,35687.43,0
15784097,Gibson,Germany,Male,28.0,1,118402.25,2,No,No,14288.93,0
15764654,Zikoranachidimma,FRA,Male,37.0,9,87374.88,2,Yes,Yes,247.36,0
15612092,Palmer,Germany,Male,32.0,8,105397.8,1,No,No,78111.84,1
15610903,Chukwueloka,Spain,Female,31.0,5,125341.69,1,No,No,79547.39,0
15705777,Real,Germany,Male,49.0,10,129164.88,1,Yes,Yes,193266.72,0
15661936,Chikelu,FRA,Male,40.0,3,141004.46,1,No,No,105028.46,0
15700864,Fiorentini,French,Female,21.0,0,0.0,2,No,No,116106.52,0
15722965,Yefimova,France,Male,57.0,3,89079.41,1,Yes,Yes,53179.21,1
15737521,Ball,Germany,Male,40.0,9,103604.31,2,No,No,140947.05,0
15814465,Ch'in,French,Male,24.0,1,182705.05,1,Yes,Yes,171837.06,0
15580988,Odell,French,Male,29.0,8,0.0,2,Yes,Yes,123437.05,0
15789974,Enemuo,French,Male,33.0,6,94598.48,1,No,No,197519.66,1
15713370,Hunter,Spain,Male,36.0,8,188241.05,2,No,No,183058.51,1
15748673,Nepean,French,Female,37.0,9,0.0,2,No,No,22710.72,0
15754919,Nwebube,France,Female,40.0,10,0.0,2,Yes,Yes,69303.15,0
15641662,Enticknap,Germany,Male,39.0,5,117469.91,2,No,No,63705.9,0
15813422,Lu,Spain,Male,35.0,4,80790.74,1,No,No,116429.51,0
15713596,Ugochukwu,FRA,Female,62.0,1,107735.93,1,Yes,Yes,58381.77,0
15791216,Mann,Germany,Male,43.0,8,133379.41,1,No,No,177378.66,1
15689031,Murphy,Spain,Female,37.0,7,168066.87,1,No,No,35450.53,0
15763704,Docherty,Germany,Female,43.0,2,69014.49,2,No,No,164621.43,0
15631339,Adams,French,Male,28.0,4,0.0,1,No,No,174435.48,0
15771509,Hirst,Germany,Female,42.0,1,98548.62,2,Yes,Yes,94047.75,0
15769586,Horan,French,Female,49.0,1,0.0,2,Yes,Yes,119087.25,0
15656096,Cumbrae-Stewart,Spain,Female,26.0,3,76554.06,1,Yes,Yes,184800.27,0
15585280,Kinney,FRA,Female,36.0,2,0.0,2,Yes,Yes,75035.48,0
15743582,T'ang,French,Female,27.0,3,107375.82,1,Yes,Yes,62703.38,0
15761692,Muir,FRA,Male,40.0,9,122417.17,2,Yes,Yes,190882.69,0
15627840,Toscano,French,Female,42.0,0,0.0,1,Yes,Yes,91981.85,1
15778861,Wallace,Spain,Male,33.0,6,97188.62,1,No,No,91881.29,0
15770554,Fraser,France,Male,31.0,4,61297.05,2,Yes,Yes,7118.02,0
15806956,Iqbal,Spain,Male,30.0,1,112666.67,1,No,No,11710.4,1
15701908,Nina,Spain,Female,40.0,7,0.0,1,Yes,Yes,25904.12,0
15736990,Chuang,FRA,Male,28.0,3,157842.07,1,No,No,86911.49,0
15743714,Ch'ien,France,Male,46.0,7,91443.75,1,No,No,10958.18,0
15807993,Bruno,Germany,Female,30.0,0,110148.49,1,No,No,5790.9,1
15644686,Kennedy,Spain,Female,34.0,9,53299.96,2,Yes,Yes,42855.97,0
15677377,Lawrence,Spain,Male,37.0,3,0.0,2,Yes,Yes,78915.68,0
15626412,Mort,Spain,Male,39.0,6,0.0,2,Yes,Yes,81409.0,0
15643679,Goliwe,Germany,Male,28.0,2,70233.74,2,Yes,Yes,179252.73,0
15728456,Martinez,France,Male,33.0,3,0.0,1,No,No,42171.13,1
15630661,Vasilyev,Spain,Female,25.0,10,75212.28,1,No,No,58965.04,0
15734044,Black,French,Female,31.0,7,41299.03,1,Yes,Yes,102681.32,0
15705001,Napolitani,Spain,Female,35.0,3,83286.56,1,No,No,125553.52,0
15809817,Ch'en,Spain,Male,43.0,10,0.0,2,No,No,53478.02,0
15809137,Sagese,French,Male,29.0,6,0.0,1,No,No,198376.02,1
15751593,Fraser,Germany,Male,35.0,6,85668.59,1,No,No,105525.36,0
15626491,Hughes,French,Female,45.0,7,57327.04,1,Yes,Yes,47349.0,0
15765461,Giles,Spain,Male,47.0,3,0.0,2,No,No,178822.32,0
15568120,Lacross,FRA,Female,37.0,7,69609.85,1,Yes,Yes,72127.83,0
15787161,Pisani,Germany,Male,46.0,4,129269.27,1,No,No,163504.33,0
15812324,King,FRA,Male,27.0,1,0.0,2,Yes,Yes,190623.02,0
15588944,Maughan,French,Female,63.0,1,165350.61,2,No,No,140758.07,1
15694253,Palerma,FRA,Female,41.0,7,152105.57,2,Yes,Yes,132374.41,0
15759566,Tochukwu,FRA,Male,74.0,10,0.0,2,Yes,Yes,53949.98,0
15675675,Slate,France,Female,32.0,5,106290.64,1,No,No,121982.73,0
15802060,Ch'ang,Germany,Female,30.0,10,100548.67,2,No,No,136983.77,0
15660505,Romani,Germany,Male,46.0,2,106344.95,1,No,No,114371.33,1
15782630,Genovese,France,Male,35.0,5,137482.19,1,No,No,62389.35,0
15700710,Chiebuka,French,Female,37.0,3,116465.53,1,Yes,Yes,24435.77,0
15742834,Liao,French,Male,45.0,1,0.0,1,Yes,Yes,10908.33,0
15806511,Berry,Spain,Male,45.0,10,0.0,2,Yes,Yes,90977.48,0
15608166,Fallaci,French,Male,36.0,9,127637.92,1,Yes,Yes,81062.93,0
15614230,T'an,FRA,Female,34.0,3,0.0,2,Yes,Yes,61230.83,0
15729958,Wilkinson,FRA,Male,37.0,1,0.0,1,Yes,Yes,126837.72,0
15800814,Palerma,France,Male,35.0,2,81951.74,2,No,No,115668.53,0
15674727,Lazarev,French,Female,42.0,5,147531.82,1,Yes,Yes,38819.45,0
15657779,Boylan,Spain,Male,18.0,3,0.0,2,Yes,Yes,86994.54,0
15801395,Warren,France,Female,33.0,10,135120.72,1,No,No,195204.99,0
15757911,Trevisani,Spain,Female,32.0,2,0.0,1,No,No,131301.74,0
15665340,Trevisano,Spain,Female,37.0,8,0.0,2,Yes,Yes,100835.19,0
15787151,Liao,France,Female,34.0,7,0.0,2,Yes,Yes,198969.78,0
15757821,Burgess,Spain,Male,18.0,1,0.0,2,No,No,41542.95,0
15600688,Liston,FRA,Female,39.0,5,0.0,2,No,No,118272.07,0
15594878,Thompson,Spain,Female,41.0,5,28082.95,1,No,No,69586.27,1
15569248,Milanesi,French,Female,43.0,10,0.0,2,No,No,149629.13,1
15812706,Mazure,Spain,Male,49.0,4,111087.5,1,Yes,Yes,146680.25,0
15645045,Rudduck,France,Female,38.0,9,0.0,2,Yes,Yes,132809.18,0
15766746,Darwin,France,Male,35.0,6,127120.07,1,No,No,28707.69,0
15700383,Uvarova,French,Female,35.0,7,115651.6,2,Yes,Yes,104706.29,0
15632551,Buccho,Germany,Male,31.0,4,77743.01,2,No,No,75335.68,0
15795129,Gallo,France,Female,30.0,9,0.0,2,No,No,136827.96,0
15650545,Tomlinson,FRA,Male,69.0,7,71996.09,1,Yes,Yes,139065.94,0
15612769,Carr,French,Male,28.0,5,61581.97,1,Yes,Yes,70179.91,0
15710853,Ts'ui,French,Female,24.0,5,0.0,2,No,No,116160.04,0
15623712,Coates,Spain,Female,42.0,5,0.0,3,No,No,83008.49,1
15653251,Hickey,FRA,Female,84.0,8,87873.39,1,No,No,188484.52,1
15755077,Norton,Germany,Female,37.0,0,105617.73,2,Yes,Yes,133699.82,1
15808557,Mancini,French,Female,42.0,5,0.0,1,Yes,Yes,72172.13,1
15614687,Tien,Germany,Female,44.0,4,148770.61,2,Yes,Yes,191057.76,0
15626882,Stobie,Spain,Male,37.0,5,94901.09,1,Yes,Yes,48233.75,0
15748034,Drakeford,France,Male,29.0,7,174851.9,1,Yes,Yes,79178.31,0
15632324,Pisani,France,Male,59.0,7,0.0,2,Yes,Yes,162347.05,0
15761023,Murphy,Germany,Female,43.0,2,120847.11,1,No,No,7611.61,1
15761453,Kovalev,France,Male,42.0,6,0.0,1,No,No,88890.05,0
15646726,Crawford,France,Male,43.0,5,0.0,1,No,No,63833.09,0
15637169,Maclean,Spain,Female,67.0,4,103267.8,1,Yes,Yes,78310.04,0
15636024,Blackburn,Spain,Female,34.0,4,109699.08,1,Yes,Yes,37898.91,0
15801218,Bermudez,French,Male,49.0,8,135133.39,1,Yes,Yes,179521.24,1
15642655,Savage,Spain,Male,33.0,1,0.0,1,No,No,130726.96,0
15690130,Wyatt,France,Female,32.0,8,137649.47,1,No,No,198714.29,0
15653753,Chiemenam,Spain,Male,43.0,6,113567.94,1,No,No,89543.25,0
15641359,Shao,Spain,Female,35.0,6,0.0,2,No,No,2423.9,1
15776827,Langdon,Germany,Male,37.0,5,141547.26,2,Yes,Yes,180326.83,0
15647725,Napolitano,FRA,Female,61.0,5,62055.17,3,No,No,166305.16,1
15648455,Kung,Germany,Male,51.0,4,131156.76,1,No,No,29883.63,0
15580629,Blackwood,FRA,Male,31.0,6,134837.58,1,No,No,192029.19,0
15730161,Marcelo,FRA,Female,39.0,3,0.0,2,No,No,1710.89,0
15626612,Yin,Spain,Male,40.0,4,104784.23,1,No,No,135163.76,1
15662865,Storey,Spain,Male,36.0,1,0.0,2,Yes,Yes,84927.42,0
15629094,Fomin,FRA,Female,36.0,1,156948.41,1,Yes,Yes,149912.28,1
15651823,Nkemjika,FRA,Female,60.0,6,147751.75,1,No,No,88206.04,1
15594827,Glasgow,French,Male,34.0,1,124619.33,2,Yes,Yes,163667.56,0
15786392,Chen,FRA,Male,41.0,4,124182.21,1,No,No,100153.43,0
15727353,Ch'ang,FRA,Female,64.0,7,142028.36,1,No,No,32275.09,1
15733777,Evans,French,Male,44.0,8,0.0,1,No,No,65501.91,1
15614302,Crotty,Germany,Female,31.0,10,125837.86,2,No,No,189392.66,0
15723263,Cocci,Germany,Female,34.0,9,117160.32,1,Yes,Yes,116069.24,1
15687270,Iroawuchi,Spain,Female,61.0,8,0.0,2,Yes,Yes,139861.53,0
15803121,Chia,France,Male,51.0,5,97565.74,1,No,No,144184.06,1
15598700,Hysell,Spain,Female,30.0,5,0.0,2,Yes,Yes,157888.5,0
15741875,Williamson,Spain,Female,25.0,3,104833.79,1,No,No,71911.3,0
15631709,Ginikanwa,Spain,Female,31.0,2,101675.22,2,No,No,45033.75,0
15672970,Chigolum,Spain,Male,20.0,3,0.0,2,Yes,Yes,150465.93,0
15761670,Morley,French,Female,50.0,8,0.0,1,No,No,126381.6,1
15706005,Roberts,FRA,Male,46.0,2,174701.05,1,No,No,90189.72,1
15790336,Tokareva,Germany,Male,36.0,6,71142.77,2,No,No,122433.09,0
15754267,Fleming,Germany,Male,31.0,3,108805.42,2,Yes,Yes,123825.83,0
15791988,Chinomso,France,Male,68.0,4,0.0,2,Yes,Yes,11426.7,0
15683375,Compton,French,Female,32.0,4,0.0,1,Yes,Yes,114951.42,0
15625151,Wan,FRA,Female,66.0,9,116037.76,1,Yes,Yes,184636.05,0
15635285,Taylor,French,Male,28.0,8,0.0,2,Yes,Yes,91055.27,0
15574296,Kambinachi,French,Male,23.0,2,80673.96,2,No,No,93991.65,0
15711618,Chang,Germany,Female,39.0,1,124640.51,1,No,No,116511.12,1
15670943,See,Germany,Male,31.0,9,182275.23,2,No,No,190631.23,0
15634359,Dyer,Germany,Female,41.0,5,98635.77,1,No,No,199970.74,0
15586629,Campbell,French,Male,33.0,5,0.0,2,No,No,139947.17,0
15588461,Cremonesi,France,Male,35.0,4,0.0,1,No,No,8816.37,0
15773221,Harris,Spain,Male,43.0,8,79757.21,1,No,No,135650.72,1
15664227,Threatt,Germany,Male,28.0,8,53053.76,1,Yes,Yes,24577.34,0
15741745,Lane,French,Male,28.0,7,120911.75,2,Yes,Yes,131249.46,0
15652626,Grave,French,Male,55.0,4,115285.85,1,No,No,140126.17,0
15599410,Stanley,France,Male,41.0,2,0.0,2,No,No,168219.75,0
15571958,McIntosh,Spain,Male,40.0,3,221532.8,1,No,No,171867.08,0
15785406,Watts,FRA,Female,51.0,4,105056.13,1,No,No,70613.52,0
15687884,Alekseyeva,France,Male,37.0,3,88363.03,1,Yes,Yes,117946.3,0
15621685,Davies,FRA,Male,29.0,2,123757.52,2,No,No,84872.66,0
15628886,Matlock,Spain,Male,56.0,5,123959.97,1,Yes,Yes,60590.72,1
15699325,Fedorova,Germany,Female,62.0,10,114822.64,1,Yes,Yes,8444.5,0
15578369,Chiedozie,Germany,Female,37.0,9,145219.3,1,No,No,159132.83,0
15654156,Marcelo,Germany,Female,32.0,5,106807.64,1,Yes,Yes,76998.69,0
15707199,Cooper,France,Male,36.0,0,148159.71,1,No,No,55835.66,0
15671630,McMillan,Germany,Female,40.0,1,99745.95,1,No,No,177524.19,0
15632079,Hardy,Germany,Female,37.0,8,156282.79,1,No,No,45985.52,0
15767921,Madukwe,French,Male,41.0,7,0.0,2,No,No,60297.72,0
15573599,Adamson,French,Female,57.0,6,0.0,2,Yes,Yes,194421.12,1
15747208,Watt,French,Male,50.0,6,0.0,1,No,No,93568.77,1
15582762,Mazzanti,Spain,Male,77.0,2,0.0,1,Yes,Yes,34702.92,0
15772528,Mishin,FRA,Female,47.0,7,121376.15,2,No,No,54473.6,1
15755798,Feng,FRA,Male,33.0,4,111582.11,1,No,No,113943.17,0
15788683,Kang,Germany,Female,34.0,10,129417.82,1,No,No,153727.32,0
15616922,Kelly,French,Female,26.0,1,0.0,2,Yes,Yes,19116.97,0
15771855,Yu,French,Male,37.0,5,0.0,2,Yes,Yes,112554.68,0
15601873,Bull,French,Female,36.0,7,0.0,1,No,No,47318.75,0
15657868,Serra,Germany,Male,40.0,6,94607.08,1,No,No,36690.49,0
15711716,Ferguson,France,Female,56.0,1,131368.3,1,No,No,106918.67,1
15734246,She,France,Female,21.0,8,166883.07,2,Yes,Yes,194563.65,0
15792151,Hamilton,Spain,Female,37.0,3,0.0,2,No,No,91086.73,0
15770159,Nnanna,Germany,Male,25.0,6,172812.72,2,Yes,Yes,108008.65,0
15747649,Summerville,Germany,Female,36.0,0,126606.63,2,Yes,Yes,172363.52,0
15639357,Allan,FRA,Male,46.0,9,134950.19,3,No,No,178587.36,1
15738907,Tobenna,France,Female,60.0,6,96956.1,1,No,No,31907.44,1
15663446,Volkova,Germany,Female,29.0,4,107601.79,1,No,No,18922.18,1
15750867,Nucci,Germany,Female,46.0,8,92060.06,1,No,No,147222.95,1
15715939,Wright,FRA,Male,33.0,0,0.0,2,No,No,1474.79,0
15763806,Astorga,FRA,Male,41.0,4,0.0,2,Yes,Yes,24924.92,0
15637993,Pokrovsky,French,Male,36.0,9,137688.71,1,Yes,Yes,46884.1,0
15720338,Mazzanti,Spain,Male,55.0,8,85845.43,2,Yes,Yes,128918.42,0
15627162,Blesing,Germany,Male,27.0,6,125552.96,1,No,No,105291.26,0
15596710,Ku,France,Female,33.0,1,167298.42,1,Yes,Yes,145381.65,0
15781678,Pisani,Spain,Male,31.0,4,55732.92,2,Yes,Yes,103792.53,0
15634968,Hsueh,Germany,Female,37.0,6,110689.07,1,Yes,Yes,71121.04,1
15609475,Ricci,Spain,Female,39.0,7,98544.11,1,Yes,Yes,52327.57,0
15573319,Azubuike,Germany,Female,35.0,8,178317.6,1,No,No,197428.64,0
15738291,Nevzorova,France,Female,48.0,8,115713.84,2,No,No,83210.84,0
15782456,Odili,France,Male,46.0,9,143267.14,2,No,No,193099.43,0
15794841,Kung,Spain,Male,19.0,5,89750.21,1,No,No,193008.52,0
15684696,Lei,Spain,Female,26.0,3,116576.45,1,No,No,157567.37,0
15629846,Sheehan,Germany,Female,47.0,8,143001.5,2,No,No,108977.5,0
15674442,Kung,FRA,Male,23.0,7,157761.56,1,No,No,147759.84,0
15571689,Kelechi,French,Female,37.0,5,0.0,2,Yes,Yes,27528.4,0
15730469,Anenechi,Spain,Male,31.0,4,103430.11,2,Yes,Yes,36479.27,0
15809320,McElhone,Spain,Female,52.0,0,0.0,1,No,No,31726.76,1
15684367,Chigbogu,Spain,Male,27.0,5,0.0,2,No,No,96398.51,0
15793049,Atkins,Germany,Female,48.0,8,115115.38,1,No,No,139558.6,1
15603665,Colombo,Germany,Female,39.0,0,122501.28,2,Yes,Yes,95007.8,0
15613623,Tilley,Spain,Male,62.0,3,0.0,1,Yes,Yes,101663.47,0
15569572,Sopuluchi,FRA,Male,42.0,6,0.0,2,Yes,Yes,106197.44,0
15698791,Udinesi,French,Male,45.0,3,146758.24,1,No,No,48466.89,0
15626233,Onyekachi,France,Female,32.0,3,0.0,2,Yes,Yes,151978.36,0
15607263,McCartney,FRA,Male,55.0,3,0.0,1,Yes,Yes,13288.46,1
15610900,Thompson,France,Female,70.0,9,110738.89,1,No,No,22666.77,1
15624775,Onyeoruru,FRA,Male,67.0,2,94203.8,1,Yes,Yes,102391.06,0
15691703,Shih,French,Male,47.0,8,105792.49,1,Yes,Yes,67830.2,1
15745355,Golibe,FRA,Male,41.0,4,153198.23,1,Yes,Yes,92090.36,0
15724955,Lucchesi,French,Male,38.0,3,0.0,2,No,No,141023.01,0
15628999,Townsend,France,Male,79.0,10,61811.23,1,Yes,Yes,104222.8,0
15654341,Chao,FRA,Male,34.0,8,101116.06,1,No,No,196395.05,0
15744240,Shen,Germany,Female,46.0,0,74458.25,1,Yes,Yes,6866.31,0
15632365,Booth,Germany,Male,33.0,8,142871.27,2,No,No,77737.86,0
15729689,Chan,Germany,Male,35.0,6,98585.94,2,Yes,Yes,106116.84,0
15759284,Yeh,FRA,Female,37.0,6,0.0,1,Yes,Yes,117948.0,1
15602124,Badgery,France,Male,30.0,7,0.0,2,Yes,Yes,184581.68,0
15661903,Hsia,France,Female,43.0,3,80764.03,1,No,No,199378.58,1
15664668,Zarate,France,Female,42.0,9,144801.97,1,Yes,Yes,12483.39,1
15736431,Congreve,Spain,Male,27.0,2,0.0,2,No,No,22404.64,0
15748639,Hayslett,Germany,Male,35.0,7,110053.62,2,Yes,Yes,92887.06,0
15628123,Robinson,France,Female,28.0,5,118890.81,1,Yes,Yes,145157.97,0
15602731,Wong,French,Male,31.0,5,0.0,1,No,No,134889.95,1
15794137,Nevzorova,Germany,Female,37.0,0,151218.98,1,Yes,Yes,109309.29,0
15748696,Page,France,Male,42.0,9,150507.21,1,Yes,Yes,169964.12,0
15725068,Quinn,Spain,Female,21.0,9,0.0,2,Yes,Yes,26327.42,0
15807340,O'Donnell,Germany,Male,33.0,4,131023.76,2,No,No,55072.93,0
15586133,Pisano,Germany,Female,44.0,2,122314.5,1,No,No,68574.88,1
15576185,Sinclair,France,Male,29.0,2,0.0,2,Yes,Yes,41671.81,0
15660809,Loving,France,Male,28.0,4,0.0,2,Yes,Yes,12409.01,0
15616666,Artemova,Germany,Female,52.0,6,111739.4,2,Yes,Yes,68367.18,0
15706904,Robertson,French,Male,43.0,6,113882.31,1,Yes,Yes,74564.41,0
15606915,Genovese,French,Male,24.0,7,98148.61,1,No,No,26843.76,0
15749693,Ugonnatubelum,France,Female,32.0,9,0.0,2,No,No,156774.75,0
15791743,Corbett,French,Male,32.0,1,59271.82,1,Yes,Yes,46019.43,0
15796480,Reilly,French,Female,31.0,2,0.0,2,Yes,Yes,145411.39,0
15790442,Wright,Spain,Male,33.0,2,0.0,2,Yes,Yes,158268.84,0
15609458,Vincent,French,Male,30.0,10,69413.44,1,Yes,Yes,74637.57,0
15593897,Carr,Spain,Male,25.0,7,160599.06,2,Yes,Yes,28391.52,0
15604576,Eiland,Spain,Male,22.0,3,0.0,1,Yes,Yes,144385.54,0
15666270,Omeokachie,French,Female,40.0,2,147803.48,1,No,No,95181.06,1
15572626,Mackenzie,Spain,Male,44.0,8,0.0,2,Yes,Yes,15627.51,0
15727197,Pinto,French,Female,52.0,9,170228.59,2,No,No,148477.57,1
15714006,Gardener,French,Female,35.0,2,133111.73,1,Yes,Yes,79957.95,0
15642137,Fang,Spain,Female,39.0,5,0.0,2,No,No,102763.69,0
15665327,Cattaneo,French,Male,18.0,2,176139.5,2,No,No,129654.22,0
15626806,Labrador,France,Female,32.0,2,0.0,2,Yes,Yes,40652.33,0
15662578,Dettmann,Germany,Male,35.0,1,110245.13,1,Yes,Yes,178291.09,0
15790829,Gibson,FRA,Female,45.0,5,0.0,2,No,No,131906.44,0
15654959,Hope,Spain,Male,67.0,6,158719.57,1,Yes,Yes,118607.4,0
15760244,Ives,French,Female,76.0,5,160979.68,1,Yes,Yes,13848.58,0
15715394,Greece,Spain,Male,35.0,4,123557.65,2,Yes,Yes,170903.4,0
15722246,Omeokachie,FRA,Female,60.0,4,0.0,1,Yes,Yes,13161.66,1
15609704,Mao,French,Female,33.0,4,0.0,1,No,No,79304.38,1
15757628,Savage,French,Male,40.0,10,112896.86,1,Yes,Yes,121402.53,0
15633586,Brierly,French,Female,39.0,7,120962.13,1,No,No,23305.01,0
15565796,Docherty,Germany,Male,48.0,10,96048.55,1,No,No,74510.65,0
15717935,McDonald,FRA,Female,21.0,3,0.0,2,Yes,Yes,55601.44,0
15577700,Rapuokwu,France,Male,37.0,10,185063.7,2,Yes,Yes,134526.87,0
15747345,Bergamaschi,French,Female,22.0,6,118064.93,2,Yes,Yes,195424.01,0
15678317,Manfrin,French,Male,46.0,2,0.0,2,Yes,Yes,59563.49,0
15698335,Bergamaschi,France,Female,73.0,8,0.0,1,Yes,Yes,34595.58,0
15768451,MacDonald,Germany,Male,40.0,5,149131.03,3,Yes,Yes,60036.99,1
15753213,Lees,France,Female,34.0,7,0.0,2,No,No,193021.49,0
15769645,Senior,French,Female,35.0,3,0.0,1,Yes,Yes,48108.72,0
15657565,Nwokezuike,Spain,Female,44.0,6,125512.98,2,No,No,79082.76,0
15620323,Ekwueme,Spain,Female,42.0,3,83492.07,2,No,No,37914.12,0
15679983,Garmon,FRA,Male,34.0,7,0.0,1,No,No,74593.84,0
15812616,Enyinnaya,FRA,Female,49.0,10,0.0,1,No,No,82967.97,1
15601796,Chizuoke,French,Male,30.0,1,125739.26,1,Yes,Yes,193441.23,0
15729489,Hyde,Germany,Female,34.0,8,98592.88,1,Yes,Yes,191790.29,1
15613216,Cameron,Spain,Female,39.0,1,141789.15,1,No,No,92455.96,0
15657937,Lord,Germany,Male,22.0,0,112949.71,1,No,No,155231.55,0
15815428,Biryukova,France,Male,34.0,3,105057.33,1,No,No,9217.92,0
15640409,Carpenter,Germany,Female,46.0,0,89087.89,1,Yes,Yes,87941.85,1
15699492,Lorenzo,Germany,Female,27.0,2,147435.96,1,No,No,187508.06,0
15623536,Madukwe,Germany,Male,39.0,0,154439.86,1,No,No,171519.06,0
15707551,Hutcheon,FRA,Male,30.0,8,73054.37,2,Yes,Yes,27012.0,0
15577999,Sleeman,FRA,Female,62.0,1,124678.35,1,No,No,70916.0,1
15788775,Milne,Germany,Male,40.0,8,152576.25,2,No,No,73073.68,0
15758362,Williamson,French,Female,41.0,9,152243.57,1,Yes,Yes,88783.59,0
15807961,Bruno,France,Male,25.0,4,0.0,1,No,No,145524.36,0
15710978,Palerma,Germany,Male,42.0,2,88120.97,2,Yes,Yes,21333.22,0
15703541,Wang,Germany,Female,51.0,9,143930.92,1,Yes,Yes,46675.51,1
15626474,Onyemere,France,Female,31.0,1,0.0,2,No,No,4802.25,0
15608344,Dawson,Germany,Female,29.0,7,137059.05,3,No,No,102975.72,1
15768367,Nebechukwu,France,Female,27.0,7,186558.55,1,Yes,Yes,175071.29,1
15806210,Bateman,Spain,Male,66.0,5,115654.47,2,Yes,Yes,131970.86,0
15697702,Lord,Spain,Male,29.0,2,0.0,2,No,No,14174.09,0
15689152,Loggia,Spain,Male,38.0,3,126152.84,1,No,No,15378.75,0
15568573,Graham,Germany,Female,51.0,7,105701.91,1,Yes,Yes,179797.79,1
15689598,Dean,France,Male,46.0,6,0.0,1,Yes,Yes,93917.68,1
15713374,Jarvis,Germany,Male,67.0,9,157094.78,1,Yes,Yes,99490.01,0
15679733,Haugh,Germany,Male,40.0,2,113228.38,2,Yes,Yes,46415.09,0
15759274,Micklem,FRA,Female,32.0,10,0.0,1,Yes,Yes,151815.76,0
15607748,Bennett,Germany,Male,37.0,8,108432.88,2,Yes,Yes,14865.05,0
15607577,Roberts,Spain,Male,27.0,8,0.0,1,Yes,Yes,188007.99,0
15813697,Onyekaozulu,Germany,Female,44.0,2,120702.67,2,Yes,Yes,98175.74,0
15801125,Kegley,France,Female,32.0,1,0.0,1,No,No,106851.7,0
15777855,Manna,French,Male,45.0,7,0.0,2,Yes,Yes,75204.21,0
15635396,Thompson,Germany,Female,29.0,9,139106.19,1,No,No,141872.05,1
15698031,Romano,Germany,Female,39.0,6,101851.8,2,No,No,7103.71,0
15678944,Brown,Germany,Female,32.0,6,130935.56,1,No,No,9241.83,1
15718507,Su,Germany,Male,37.0,3,116509.99,1,Yes,Yes,149517.71,1
15808334,Mackay,Germany,Female,37.0,1,93124.04,2,Yes,Yes,196079.32,0
15804709,Watt,Germany,Male,35.0,5,111578.18,1,No,No,166165.93,1
15645835,Milani,FRA,Male,32.0,9,0.0,2,Yes,Yes,55724.24,0
15738166,Hsu,French,Female,39.0,10,86546.29,1,Yes,Yes,131768.98,0
15675360,Valenzuela,FRA,Male,33.0,8,0.0,1,Yes,Yes,13858.95,0
15793042,Sung,FRA,Male,39.0,2,129669.32,2,No,No,82774.07,0
15630106,Lo,Spain,Male,29.0,2,0.0,2,No,No,55389.59,0
15810385,Giordano,Spain,Female,36.0,2,164557.95,1,Yes,Yes,82336.73,0
15578211,Connolly,French,Male,23.0,6,0.0,2,Yes,Yes,163225.48,0
15572792,Bellucci,Spain,Male,35.0,8,118989.92,1,Yes,Yes,135536.72,0
15620030,Jamieson,FRA,Male,29.0,1,0.0,1,No,No,82422.97,0
15783541,Fomina,FRA,Male,31.0,5,0.0,2,Yes,Yes,194660.78,0
15679284,Aksenov,Spain,Female,45.0,6,79259.75,1,No,No,55347.28,0
15582910,Turnbull,FRA,Male,38.0,4,112230.38,1,No,No,16717.11,1
15688337,Dixon,FRA,Male,40.0,9,118129.87,1,Yes,Yes,160277.65,0
15734970,White,Spain,Male,38.0,7,86824.09,1,No,No,175905.97,0
15759140,Long,French,Female,64.0,10,128306.7,1,Yes,Yes,66040.83,0
15643042,Han,Germany,Female,40.0,2,117641.43,2,No,No,92198.05,0
15773868,Belov,Germany,Female,37.0,3,125734.2,2,No,No,134625.09,1
15615820,MacDonald,French,Male,49.0,8,103302.37,1,Yes,Yes,50974.57,0
15730273,Parsons,FRA,Male,27.0,8,0.0,1,No,No,171922.72,0
15724890,Cross,Spain,Male,36.0,4,82696.09,2,No,No,83058.14,0
15765952,Milanesi,FRA,Male,29.0,4,145471.37,1,No,No,188382.77,0
15685920,Lombardo,Spain,Male,34.0,2,101506.66,1,No,No,198030.24,0
15663263,Collins,France,Male,47.0,5,156265.31,2,No,No,1055.66,0
15568953,Alexeieva,French,Male,27.0,1,128554.98,1,Yes,Yes,133173.19,0
15643361,Cullen,Germany,Male,34.0,8,139959.55,2,Yes,Yes,189875.83,0
15699486,Johnson,Spain,Male,34.0,7,132944.53,1,Yes,Yes,31802.92,0
15747854,Rudd,France,Female,35.0,3,0.0,3,Yes,Yes,132649.85,0
15691785,Findlay,France,Male,61.0,1,0.0,1,No,No,53067.83,1
15709004,Mai,Germany,Male,22.0,5,93547.23,2,Yes,Yes,961.57,0
15652218,Morrison,FRA,Male,33.0,2,152302.72,1,No,No,71333.44,0
15697127,Monaldo,France,Female,31.0,2,147674.26,1,Yes,Yes,16658.76,0
15658486,Gidney,Spain,Female,59.0,3,148021.12,1,Yes,Yes,74878.22,0
15694160,Sagese,France,Male,37.0,0,0.0,2,No,No,112104.55,0
15685290,Wall,Germany,Male,46.0,5,142360.62,2,No,No,48421.4,1
15701042,Dalton,Germany,Female,27.0,2,151027.56,1,No,No,170320.58,0
15680449,Hsing,Germany,Female,44.0,2,138843.7,1,No,No,37688.31,1
15599860,Warner,Spain,Female,26.0,8,109958.15,1,Yes,Yes,136592.24,1
15723169,Williams,French,Female,31.0,9,138857.59,1,No,No,48640.77,0
15803842,Dunn,Germany,Female,45.0,3,105426.5,2,Yes,Yes,89773.45,0
15728224,Kerr,Germany,Female,41.0,9,149155.53,2,No,No,42131.26,1
15644174,Marchesi,Germany,Male,27.0,4,135096.05,1,Yes,Yes,186523.72,1
15707110,Endrizzi,Germany,Male,28.0,2,170890.05,2,No,No,41758.9,0
15765415,King,Spain,Female,45.0,4,89122.3,1,Yes,Yes,199256.98,0
15756751,Griffiths,Spain,Female,54.0,0,78126.28,1,Yes,Yes,153482.91,1
15795151,Hartzler,FRA,Female,38.0,3,123894.43,1,No,No,21177.1,0
15632859,Chukwudi,FRA,Male,36.0,7,0.0,2,Yes,Yes,138743.86,0
15584037,Denisov,Germany,Male,58.0,5,106913.43,1,No,No,25881.0,1
15621409,Endrizzi,French,Male,32.0,4,127845.83,1,No,No,66469.2,0
15581102,Baresi,FRA,Female,22.0,8,0.0,2,Yes,Yes,142670.61,0
15578096,Nnachetam,French,Male,26.0,7,106397.75,1,No,No,103563.23,0
15669887,Lambert,France,Female,51.0,3,0.0,1,Yes,Yes,69101.23,1
15621834,Game,Spain,Female,43.0,0,0.0,2,No,No,59475.35,0
15655341,Chinagorom,Spain,Female,35.0,5,166492.48,1,No,No,135287.74,0
15685314,Noble,French,Female,28.0,2,0.0,2,Yes,Yes,38773.74,0
15653997,Haynes,Spain,Male,31.0,6,114493.68,1,No,No,138396.32,0
15629551,Cattaneo,Germany,Female,44.0,9,126104.98,2,Yes,Yes,110718.02,0
15651264,Yobanna,Germany,Male,51.0,4,124425.99,1,No,No,118545.49,1
15760825,Fraser,France,Female,40.0,1,0.0,2,No,No,123207.17,0
15597394,Rhodes,Spain,Male,34.0,0,0.0,1,No,No,99984.86,0
15740383,Jimenez,Spain,Female,38.0,10,0.0,2,No,No,58332.91,0
15670562,Pharr,FRA,Male,30.0,3,101140.76,1,Yes,Yes,50906.65,0
15698117,Jerger,Germany,Male,41.0,0,150844.94,1,Yes,Yes,127623.36,0
15694805,McIntyre,Spain,Male,35.0,1,115024.5,1,Yes,Yes,169665.79,0
15746802,Onio,French,Female,30.0,6,131286.46,1,No,No,194144.45,0
15589428,Tomlinson,French,Female,42.0,9,0.0,2,No,No,35673.42,0
15790267,Onuoha,FRA,Female,40.0,7,141267.67,1,Yes,Yes,177397.49,0
15665402,Panicucci,Spain,Male,73.0,5,137761.55,1,Yes,Yes,159677.46,0
15642093,Piccio,France,Male,30.0,7,0.0,2,No,No,153566.97,0
15666181,Ramsden,French,Male,33.0,0,98064.97,1,No,No,52411.99,0
15602554,Vorobyova,FRA,Female,31.0,9,114519.57,2,Yes,Yes,79222.02,0
15724251,Todd,Germany,Female,29.0,6,101012.77,1,No,No,32589.89,1
15740147,Cremonesi,French,Female,44.0,10,0.0,1,Yes,Yes,93777.61,0
15718289,Bradley,Germany,Male,46.0,3,82291.1,1,No,No,112549.99,1
15763148,Stanley,FRA,Male,39.0,9,84719.98,1,No,No,191063.36,0
15685245,Jowett,Spain,Female,56.0,5,0.0,2,Yes,Yes,153810.41,0
15626985,Yefremova,FRA,Female,39.0,0,104386.53,1,No,No,105886.77,0
15585823,Wilson,FRA,Male,31.0,8,128131.73,1,No,No,96131.47,0
15728167,Abramovich,France,Male,44.0,2,122806.95,1,No,No,15120.86,0
15762928,Venables,Spain,Male,44.0,8,0.0,1,No,No,16989.77,0
15751774,Monnier,French,Male,76.0,4,112510.89,1,Yes,Yes,143133.18,0
15654733,Hsieh,Germany,Male,57.0,3,117056.46,1,No,No,93336.93,1
15809777,Gadsden,Germany,Female,55.0,7,131778.66,1,Yes,Yes,9972.64,0
15744200,Ni,France,Female,36.0,1,70784.27,1,No,No,30579.82,0
15720713,Chibueze,French,Female,29.0,10,0.0,2,Yes,Yes,199775.67,0
15695356,Chinwemma,French,Male,46.0,5,0.0,2,No,No,179908.71,0
15653315,Kang,Spain,Female,35.0,1,0.0,2,No,No,101667.0,0
15604792,Kuo,Germany,Male,38.0,6,140752.06,2,Yes,Yes,171430.16,0
15704819,Ositadimma,Spain,Female,39.0,6,92126.26,2,No,No,112973.34,0
15670859,Smith,Germany,Female,39.0,7,93148.74,2,Yes,Yes,190746.38,0
15602797,Okwudilichukwu,Spain,Female,49.0,5,110132.55,3,Yes,Yes,187689.91,1
15662533,Porter,Spain,Female,23.0,6,0.0,2,No,No,153229.19,0
15778154,Kung,Germany,Male,50.0,4,122227.71,1,Yes,Yes,14217.77,1
15806230,Trevisano,Germany,Male,40.0,2,121647.54,2,Yes,Yes,64849.74,1
15662884,Naylor,Germany,Male,58.0,1,110597.76,1,Yes,Yes,160122.66,1
15750778,Ponomarev,French,Female,60.0,2,120731.39,4,Yes,Yes,138160.11,1
15717185,Udinese,French,Male,28.0,8,0.0,2,Yes,Yes,64286.39,0
15677804,Aliyeva,Spain,Male,38.0,1,0.0,3,Yes,Yes,80178.54,1
15568915,Bailey,French,Male,38.0,6,153722.47,1,No,No,101319.76,0
15736495,Jackson,France,Male,34.0,8,114088.32,1,No,No,92794.61,0
15737354,Yin,France,Female,48.0,7,0.0,2,Yes,Yes,63708.07,0
15667889,Akobundu,France,Female,37.0,6,0.0,2,No,No,110782.88,0
15577831,Byrne,Germany,Male,41.0,4,152532.3,1,No,No,10779.69,0
15729836,Robinson,Spain,Male,32.0,1,0.0,2,No,No,183289.22,0
15775293,Stephenson,FRA,Male,34.0,3,143292.95,1,No,No,66526.01,0
15697597,Chiemenam,French,Male,26.0,1,149144.61,1,Yes,Yes,123697.95,0
15639669,Forbes,FRA,Male,36.0,9,127157.04,1,Yes,Yes,155700.15,0
15631392,Douglas,Germany,Male,43.0,9,84673.17,2,Yes,Yes,82081.35,0
15580935,Okechukwu,Germany,Male,33.0,9,135962.4,2,No,No,121747.96,0
15590344,Russell,Germany,Male,32.0,3,151691.44,2,Yes,Yes,172810.51,0
15653306,Ermakova,Germany,Female,32.0,0,88335.05,1,No,No,159584.81,0
15805025,Oster,FRA,Female,45.0,7,139859.23,1,Yes,Yes,108402.54,0
15658449,Chizoba,France,Male,45.0,9,43134.65,1,Yes,Yes,77330.35,0
15694450,Bianchi,France,Male,42.0,5,99580.13,1,No,No,21007.96,0
15605666,Peyser,French,Female,34.0,6,110717.38,1,Yes,Yes,9398.45,0
15615126,Cocci,FRA,Female,37.0,3,0.0,2,No,No,182156.81,1
15726588,Seleznev,Spain,Female,36.0,3,0.0,2,No,No,110525.6,0
15645095,Huang,FRA,Female,28.0,3,0.0,1,No,No,51536.99,0
15808960,Alleyne,Germany,Male,40.0,5,108197.11,2,No,No,49722.34,0
15729435,McKenzie,FRA,Male,40.0,6,0.0,2,Yes,Yes,66119.07,0
15656840,Zikoranachukwudimma,France,Female,29.0,6,104450.86,1,Yes,Yes,37160.28,0
15659149,King,FRA,Male,39.0,2,0.0,2,No,No,197923.05,0
15585490,Nkemdilim,French,Female,34.0,4,0.0,1,Yes,Yes,65166.6,0
15674929,Anderson,France,Female,31.0,7,0.0,2,No,No,49326.07,0
15746341,Ejikemeifeuwa,France,Male,40.0,8,0.0,2,Yes,Yes,42495.81,0
15662091,Adams,Spain,Male,21.0,7,116099.82,1,Yes,Yes,148087.62,0
15620123,Christie,FRA,Male,39.0,6,111169.91,1,No,No,9641.4,0
15616240,Yeh,Spain,Male,37.0,4,0.0,2,Yes,Yes,164844.37,0
15624186,McGregor,Germany,Female,25.0,5,123616.43,1,Yes,Yes,132959.33,0
15605036,Pisano,Spain,Female,37.0,9,155619.58,1,Yes,Yes,135088.58,0
15805151,Ginikanwa,Germany,Male,31.0,2,89558.39,2,Yes,Yes,4441.54,0
15753847,Hawkins,Spain,Male,45.0,4,0.0,1,Yes,Yes,174916.85,1
15653222,Otutodilichukwu,Germany,Female,32.0,6,131938.92,2,Yes,Yes,1795.93,0
15757541,Rickard,FRA,Female,33.0,9,151772.63,2,No,No,180249.94,1
15726945,Andreev,FRA,Female,72.0,8,0.0,2,Yes,Yes,153604.44,0
15794276,Steele,France,Female,64.0,3,0.0,1,Yes,Yes,189703.65,0
15568328,Black,France,Female,22.0,6,0.0,2,Yes,Yes,66393.89,0
15604355,Shand,French,Male,39.0,1,97700.02,1,Yes,Yes,30709.03,0
15735788,Chiagoziem,France,Male,31.0,6,0.0,2,Yes,Yes,71009.84,0
15618255,Fedorov,Germany,Female,56.0,6,103244.86,2,No,No,143049.72,1
15720941,Tien,Germany,Male,34.0,8,147833.3,2,Yes,Yes,1561.58,0
15769110,Stehle,French,Female,46.0,5,0.0,2,No,No,49707.85,0
15576094,Sung,France,Male,71.0,0,0.0,2,Yes,Yes,29837.65,0
15756150,Alexander,French,Female,39.0,2,0.0,2,No,No,9041.71,0
15719579,McIntosh,Germany,Female,33.0,9,84521.48,2,Yes,Yes,198017.05,0
15748854,Sung,Germany,Female,28.0,5,91938.31,1,No,No,143481.85,0
15612455,Yao,Germany,Male,45.0,6,124240.93,1,Yes,Yes,146372.51,0
15664802,Chinweuba,France,Female,42.0,5,0.0,2,No,No,101905.34,0
15735687,Chinweuba,Spain,Male,37.0,2,157084.99,1,No,No,134767.13,0
15664734,T'ao,Germany,Female,25.0,3,108244.82,2,Yes,Yes,103573.96,0
15767894,Ch'ien,France,Female,21.0,9,0.0,2,Yes,Yes,139259.54,0
15666884,Su,Germany,Female,41.0,5,82161.7,2,No,No,187776.49,0
15750156,Yu,Germany,Male,59.0,2,104568.41,1,No,No,8059.44,1
15751120,Loyau,France,Female,36.0,2,119912.46,1,No,No,124354.92,0
15575748,Conti,France,Male,36.0,9,68881.59,2,Yes,Yes,109135.11,0
15714610,Alexeeva,Spain,Male,30.0,2,0.0,2,Yes,Yes,82222.86,0
15720305,Power,Spain,Female,40.0,1,86376.29,1,Yes,Yes,136767.16,1
15678129,Hill,Spain,Female,45.0,9,150840.03,2,No,No,155516.35,0
15566633,Freeman,Germany,Male,55.0,8,155059.1,2,Yes,Yes,144584.29,0
15680436,Hsing,French,Female,29.0,4,0.0,2,No,No,164806.89,0
15674343,Esposito,French,Male,44.0,8,78128.13,2,Yes,Yes,109153.04,0
15658890,Belonwu,Germany,Male,46.0,4,98899.76,2,Yes,Yes,86190.34,0
15599004,Tsao,Spain,Male,37.0,1,0.0,1,Yes,Yes,106040.97,0
15726487,P'eng,French,Male,63.0,6,160982.89,1,Yes,Yes,168008.17,0
15698716,Baker,FRA,Female,70.0,3,87926.24,2,No,No,33350.26,1
15710527,Matthews,French,Female,35.0,4,0.0,1,Yes,Yes,119565.34,0
15655590,Garcia,Spain,Male,46.0,2,79385.21,2,No,No,188492.82,0
15732266,Field,Germany,Male,53.0,5,127997.83,1,No,No,165378.66,1
15669326,Gordon,FRA,Male,44.0,2,168396.34,1,Yes,Yes,14178.73,0
15672246,Jefferies,Germany,Male,43.0,2,134896.03,1,Yes,Yes,97847.05,0
15620276,Palermo,Spain,Male,36.0,6,0.0,3,Yes,Yes,118959.64,0
15640258,Chou,France,Female,50.0,6,94238.75,2,Yes,Yes,50664.07,1
15740283,Ewing,France,Male,29.0,1,0.0,2,No,No,152996.89,0
15759717,Mazzi,Spain,Female,39.0,7,0.0,2,No,No,19458.75,0
15620268,Thomson,Germany,Male,43.0,3,212696.32,1,No,No,115268.86,0
15743871,Nkemdirim,France,Male,59.0,3,0.0,2,No,No,25843.7,1
15614491,Lockyer,FRA,Male,39.0,3,139153.68,2,No,No,147662.33,0
15595047,Murray,France,Male,41.0,7,0.0,2,No,No,134878.34,0
15732334,Black,French,Female,40.0,0,0.0,2,No,No,35795.85,0
15701206,Torreggiani,Spain,Male,44.0,5,0.0,2,No,No,66462.79,0
15581280,Atkinson,Germany,Male,29.0,6,92887.13,1,Yes,Yes,69578.49,0
15651943,Richards,Spain,Female,65.0,1,0.0,2,Yes,Yes,103182.46,0
15609545,Azubuike,France,Male,29.0,5,83442.98,1,Yes,Yes,177017.39,0
15658548,Ignatiev,Germany,Female,36.0,6,144773.29,2,No,No,53217.3,0
15626008,Miller,Germany,Female,52.0,9,111973.97,1,Yes,Yes,162756.29,1
15774133,Cox,French,Female,35.0,8,178032.53,1,Yes,Yes,42181.68,0
15763798,McMillan,French,Male,23.0,5,140007.19,1,Yes,Yes,31714.08,0
15758013,Napolitano,FRA,Male,37.0,5,98400.61,2,No,No,25017.28,0
15705765,Lane,Spain,Female,46.0,1,0.0,2,No,No,104272.04,0
15648362,Kennedy,Germany,Male,45.0,3,108924.33,2,No,No,84300.4,1
15761102,T'ao,Spain,Female,32.0,4,132835.56,1,No,No,136877.24,0
15610165,Hsiung,France,Female,26.0,1,0.0,2,Yes,Yes,199409.19,0
15723717,Heath,Germany,Male,41.0,1,118334.44,1,No,No,163147.99,1
15654611,Parry,Germany,Female,25.0,9,81732.88,2,No,No,136497.28,0
15659736,Herbert,Germany,Male,66.0,5,121411.9,1,No,No,10070.4,1
15603170,Kang,French,Male,32.0,9,121455.65,1,No,No,190068.53,1
15786167,Andreyeva,Spain,Male,20.0,5,0.0,2,Yes,Yes,58309.54,0
15671915,Bowen,FRA,Male,46.0,5,0.0,2,Yes,Yes,76946.6,0
15794792,Golubev,French,Female,31.0,8,117989.76,1,Yes,Yes,54129.86,0
15652789,Hancock,Spain,Male,40.0,10,0.0,2,Yes,Yes,52990.7,0
15739168,Fowler,France,Female,31.0,5,137411.29,1,Yes,Yes,161854.98,0
15719950,Sutherland,FRA,Male,61.0,10,73688.2,1,Yes,Yes,172141.33,0
15743818,Rowley,Spain,Male,58.0,9,122330.7,2,Yes,Yes,124429.19,0
15717937,Gibbons,Germany,Male,43.0,5,99906.89,1,No,No,24983.39,0
15602841,Lockett,Spain,Female,28.0,5,0.0,2,Yes,Yes,86699.98,0
15619972,Akabueze,FRA,Female,47.0,9,167664.83,1,No,No,125440.11,1
15796114,Phelps,French,Female,34.0,7,141525.55,1,No,No,9443.15,0
15633546,Frederick,Spain,Female,33.0,3,124832.51,1,No,No,195877.06,0
15758755,Beneventi,French,Female,34.0,9,132121.71,1,Yes,Yes,105409.31,0
15695168,Bruce,French,Male,39.0,2,0.0,2,No,No,100403.05,0
15754342,Green,Germany,Female,60.0,0,78539.84,1,Yes,Yes,48502.88,0
15756610,Carlson,Germany,Female,38.0,5,123770.46,1,No,No,47019.66,1
15640917,Tang,France,Male,43.0,5,0.0,2,Yes,Yes,48249.88,0
15663164,Yudin,Germany,Male,49.0,7,116150.65,3,Yes,Yes,84358.71,1
15616811,MacDonald,France,Male,47.0,0,160729.1,1,Yes,Yes,145986.35,0
15610781,Watt,French,Female,29.0,10,88378.6,1,No,No,88550.28,0
15600911,Mbadiwe,FRA,Male,33.0,2,182888.08,1,No,No,3061.0,0
15629603,Chuang,French,Male,31.0,8,0.0,2,Yes,Yes,43196.5,0
15714981,Sabbatini,French,Male,37.0,4,0.0,1,Yes,Yes,55775.84,1
15775892,Caldwell,Spain,Female,23.0,8,85600.08,1,No,No,134077.71,0
15782778,Ewers,France,Male,35.0,4,0.0,2,Yes,Yes,198490.33,0
15786643,Tsao,French,Male,32.0,10,0.0,2,Yes,Yes,116052.92,0
15595657,Hannam,Germany,Male,40.0,4,95001.33,1,Yes,Yes,123202.99,0
15743673,Wood,Spain,Male,27.0,2,113873.22,1,Yes,Yes,85129.77,1
15634310,Ko,French,Male,30.0,6,0.0,2,No,No,180598.86,0
15790809,Lo Duca,Spain,Male,40.0,7,74896.92,1,No,No,198694.2,0
15668695,Endrizzi,French,Female,22.0,5,89492.62,1,No,No,42934.43,0
15669281,Ch'iu,Spain,Male,38.0,3,128718.78,1,No,No,114793.45,0
15621031,Mofflin,Spain,Male,27.0,8,0.0,2,No,No,63297.7,0
15720071,Fiorentini,FRA,Female,49.0,3,0.0,1,No,No,61820.41,1
15792180,Chiekwugo,Germany,Male,22.0,7,144954.75,2,No,No,102246.0,0
15813894,Bogle,Spain,Male,21.0,9,0.0,2,No,No,154882.79,0
15669490,Ifeanacho,Germany,Male,37.0,6,94001.61,2,No,No,140723.05,0
15783030,Owens,FRA,Female,40.0,7,0.0,1,No,No,72852.74,1
15695792,Ch'ien,French,Male,65.0,0,0.0,1,Yes,Yes,85733.33,0
15575676,Chung,French,Male,24.0,1,0.0,2,Yes,Yes,162597.15,0
15627665,Sung,FRA,Male,46.0,4,0.0,1,No,No,74379.57,1
15814092,Wang,French,Female,44.0,2,0.0,1,Yes,Yes,173117.22,1
15695225,Sun,Spain,Male,38.0,8,0.0,2,Yes,Yes,66485.26,0
15615091,Maitland,France,Male,24.0,6,0.0,2,Yes,Yes,92811.2,0
15794345,Ma,Spain,Male,38.0,8,0.0,2,Yes,Yes,46635.11,0
15726484,Pollard,French,Male,37.0,7,141546.35,1,Yes,Yes,124830.11,0
15650442,Hsieh,Germany,Female,32.0,8,141528.88,1,Yes,Yes,167087.34,1
15714256,Gerasimov,FRA,Male,30.0,7,109805.3,1,Yes,Yes,163625.56,0
15778752,Johnson,FRA,Male,32.0,10,86614.06,2,Yes,Yes,172129.26,0
15601659,Fiorentino,Germany,Female,59.0,7,91680.1,2,No,No,163141.18,1
15602811,Chioke,Germany,Male,38.0,0,38848.19,2,No,No,94003.11,0
15779414,Rossi,Spain,Male,40.0,3,153639.11,1,Yes,Yes,138351.68,0
15763097,Siciliano,Spain,Male,80.0,8,0.0,2,Yes,Yes,34164.05,0
15633666,Efremov,Spain,Female,33.0,7,123870.07,1,No,No,97794.71,0
15718789,Brigstocke,French,Male,30.0,5,0.0,2,No,No,75786.55,0
15690620,Olisaemeka,French,Male,39.0,10,46323.57,1,No,No,136812.02,0
15737071,Tang,France,Female,60.0,5,162039.78,1,Yes,Yes,84361.72,1
15665062,Lucchese,France,Male,19.0,1,110928.51,1,Yes,Yes,2766.63,0
15600692,West,FRA,Male,38.0,5,0.0,2,No,No,163185.76,0
15792064,Pai,Germany,Male,53.0,5,114421.55,1,No,No,180598.28,1
15811486,Tang,Germany,Female,29.0,8,130036.21,2,Yes,Yes,69849.55,0
15626141,Fedorov,France,Female,26.0,1,151510.17,2,Yes,Yes,19921.72,0
15738546,Gboliwe,Spain,Female,41.0,4,0.0,2,Yes,Yes,147606.71,0
15677052,Ko,FRA,Female,59.0,2,0.0,2,Yes,Yes,126160.24,1
15656454,Le Gallienne,FRA,Male,37.0,6,83568.55,1,No,No,47046.72,0
15645496,Seleznyova,FRA,Female,43.0,7,139972.18,1,No,No,143668.58,0
15612505,Joseph,Spain,Male,45.0,3,100212.13,1,No,No,152577.62,0
15708513,Bevan,French,Female,39.0,1,90217.07,1,No,No,191350.48,0
15685654,Allan,Spain,Male,66.0,9,0.0,2,Yes,Yes,14234.31,0
15732307,Lavrentiev,Germany,Male,33.0,4,124067.32,1,Yes,Yes,77906.87,0
15726814,Walton,Spain,Male,46.0,4,0.0,2,Yes,Yes,57320.92,0
15653776,Salier,Germany,Female,57.0,1,162082.31,4,No,No,27145.73,1
15597914,Evdokimov,Germany,Female,51.0,2,117306.69,4,Yes,Yes,26912.72,1
15631603,Ponomaryova,France,Male,32.0,1,122889.88,1,Yes,Yes,26476.18,0
15789753,Millar,FRA,Male,40.0,6,148790.61,1,Yes,Yes,79329.7,0
15678034,Grosse,France,Male,46.0,9,180226.24,1,No,No,13464.64,1
15690209,Hsiao,Germany,Female,32.0,3,104857.19,2,No,No,114149.8,0
15592091,Belbin,Spain,Male,31.0,2,166833.86,2,Yes,Yes,135171.6,0
15647453,Ifeajuna,French,Male,42.0,4,102936.72,1,No,No,1187.88,0
15697100,Wright,Germany,Female,48.0,6,108736.52,1,No,No,184564.67,1
15811290,Komarova,Germany,Male,44.0,0,129974.79,2,Yes,Yes,33391.38,0
15629187,Titheradge,FRA,Male,38.0,8,85982.07,1,No,No,9238.35,0
15758073,Dellucci,French,Female,20.0,7,134397.61,1,No,No,28029.54,0
15640769,Hobbs,France,Male,63.0,8,137841.53,1,Yes,Yes,42790.29,0
15606641,Beggs,Germany,Male,56.0,10,100260.88,3,Yes,Yes,77142.42,1
15718280,Luffman,Germany,Male,39.0,5,139822.11,2,Yes,Yes,146219.9,0
15764335,Caldwell,Germany,Female,41.0,8,123151.51,2,No,No,70127.93,0
15634218,Mancini,Germany,Male,27.0,4,95331.83,2,No,No,132104.76,0
15808760,Evseev,Spain,Female,42.0,6,0.0,1,Yes,Yes,90437.87,0
15648461,Hs?eh,Spain,Male,37.0,7,138162.41,2,Yes,Yes,113926.31,0
15593555,Chinedum,FRA,Male,38.0,9,0.0,2,Yes,Yes,12050.77,0
15569079,Hagins,Germany,Male,48.0,6,126066.26,1,No,No,64345.61,1
15800736,Kirwan,Spain,Female,42.0,4,96763.89,1,Yes,Yes,199242.65,0
15792607,Little,FRA,Female,38.0,2,0.0,2,No,No,75578.67,0
15640034,Milligan,French,Male,42.0,2,139561.46,1,No,No,43435.43,1
15807563,Ch'iu,France,Female,52.0,5,0.0,1,No,No,183239.71,1
15684461,McKay,Spain,Female,31.0,6,0.0,1,No,No,146213.75,1
15580134,Crawford,Spain,Male,27.0,2,172463.45,1,Yes,Yes,40315.27,0
15679075,Onyemere,FRA,Male,37.0,8,107798.85,1,No,No,16966.73,0
15742504,Azuka,French,Male,36.0,2,70181.48,2,No,No,80608.12,0
15567328,Ch'en,Spain,Male,38.0,5,177997.07,1,Yes,Yes,19233.41,0
15698294,Royster,Spain,Male,31.0,1,0.0,2,No,No,135382.23,0
15607142,Parkin,French,Male,32.0,8,0.0,1,Yes,Yes,80410.68,0
15738516,Kozlova,Spain,Female,36.0,5,0.0,1,No,No,17696.22,0
15806403,Hu,France,Male,37.0,9,0.0,2,No,No,17974.08,0
15656707,Ma,Spain,Male,21.0,2,123200.78,1,Yes,Yes,180712.28,0
15653715,Coates,FRA,Female,63.0,7,0.0,2,Yes,Yes,56323.21,0
15806184,Burns,Spain,Male,33.0,4,0.0,2,Yes,Yes,77550.18,0
15585734,Gouger,Germany,Male,41.0,9,137742.9,2,Yes,Yes,166957.82,0
15725639,Ignatyev,FRA,Female,63.0,9,116270.72,1,Yes,Yes,184243.25,0
15618401,Douglas,Germany,Male,41.0,10,113220.2,2,Yes,Yes,114072.91,0
15785385,Fiorentino,Spain,Male,51.0,5,0.0,2,No,No,153917.41,0
15734762,Ignatiev,France,Female,56.0,3,115895.22,3,No,No,4176.17,1
15767129,Munz,FRA,Female,60.0,6,121730.49,1,Yes,Yes,142963.29,0
15797204,Paling,Spain,Female,28.0,3,113811.85,2,Yes,Yes,76844.23,0
15769272,Clark,French,Female,26.0,6,136214.08,1,No,No,159742.33,0
15771966,Akobundu,FRA,Male,39.0,8,146200.01,1,No,No,177944.64,0
15691952,Fanucci,France,Male,37.0,10,106242.67,1,Yes,Yes,166678.28,0
15593250,Hsiao,FRA,Female,29.0,4,0.0,2,No,No,44904.26,0
15605333,Clancy,Spain,Male,31.0,6,0.0,1,No,No,10625.91,0
15800083,Macdonald,France,Male,45.0,8,24043.45,1,Yes,Yes,169781.45,1
15575691,Palerma,French,Female,58.0,5,0.0,2,Yes,Yes,49848.86,0
15689886,Holden,Germany,Male,39.0,10,132287.92,3,Yes,Yes,51467.92,1
15809838,Moore,Spain,Male,30.0,1,0.0,2,No,No,735.79,0
15736154,Gallo,FRA,Female,44.0,1,0.0,2,Yes,Yes,182495.7,0
15767391,Otutodilinna,Germany,Female,32.0,4,90322.99,2,Yes,Yes,118740.37,0
15704910,Rios,Spain,Male,23.0,3,0.0,2,No,No,13813.24,0
15656613,McGregor,France,Female,34.0,3,131283.11,1,No,No,130500.65,0
15611551,Hill,Spain,Male,48.0,1,131659.59,2,Yes,Yes,14152.15,0
15732430,H?,Spain,Female,54.0,4,120952.74,1,No,No,66963.15,0
15741865,Ferrari,French,Female,38.0,9,153166.17,1,Yes,Yes,93261.69,0
15634143,Onyemauchechi,Spain,Male,30.0,0,53291.86,1,No,No,196582.28,0
15609676,Nkemakonam,FRA,Female,35.0,2,167924.95,1,No,No,43024.64,0
15761600,White,FRA,Male,43.0,5,86394.14,1,Yes,Yes,130001.13,0
15676404,Kirillov,FRA,Female,50.0,1,0.0,1,No,No,12106.82,1
15659236,Iadanza,Spain,Male,33.0,3,0.0,2,Yes,Yes,42556.33,0
15690440,Stiles,Spain,Male,47.0,1,0.0,2,Yes,Yes,197961.93,0
15694601,Ankudinov,French,Female,31.0,4,158978.79,1,No,No,12538.92,0
15812262,Gaffney,Germany,Female,37.0,2,100431.84,1,No,No,35140.49,1
15762821,Udinese,Spain,Male,33.0,5,0.0,2,Yes,Yes,117626.9,0
15669301,Romani,Germany,Female,29.0,6,150358.97,1,No,No,62454.01,1
15672640,Kambinachi,Spain,Female,45.0,4,114347.85,2,Yes,Yes,109089.04,0
15750458,Hawkins,France,Female,39.0,4,0.0,2,Yes,Yes,142331.39,0
15627251,Tsui,FRA,Male,34.0,4,134007.9,1,Yes,Yes,193209.11,0
15764294,Ifeatu,Germany,Male,31.0,4,98899.91,1,Yes,Yes,47832.82,0
15659962,McIntosh,French,Male,60.0,3,0.0,2,Yes,Yes,70174.03,0
15788536,Armit,Germany,Male,40.0,2,137430.82,2,No,No,176768.59,0
15596979,Fang,France,Female,47.0,6,0.0,2,Yes,Yes,129392.75,0
15681220,Chou,French,Female,37.0,8,0.0,2,Yes,Yes,97893.32,0
15635097,Okeke,Germany,Male,39.0,2,188976.89,2,Yes,Yes,176142.09,0
15780779,Ramsbotham,Spain,Female,40.0,4,0.0,2,No,No,114093.73,0
15798470,Scannell,Spain,Female,48.0,1,75990.97,1,No,No,158323.81,1
15760880,Edman,French,Male,29.0,10,0.0,2,Yes,Yes,25514.77,0
15616929,De Luca,Spain,Male,62.0,5,112181.08,1,Yes,Yes,61513.87,0
15758775,Vasilyeva,Spain,Male,34.0,10,97208.46,1,Yes,Yes,59553.34,0
15663386,Tuan,Spain,Female,26.0,7,0.0,2,No,No,110253.2,0
15621267,Ejimofor,FRA,Male,32.0,5,0.0,1,No,No,148769.08,0
15720509,Hs?,French,Male,34.0,9,150856.79,1,Yes,Yes,8236.78,0
15693322,Shaver,Germany,Female,37.0,9,146748.07,1,Yes,Yes,11407.58,0
15589544,Wallis,Spain,Female,57.0,4,0.0,2,Yes,Yes,49684.09,0
15772030,Coupp,Spain,Male,33.0,3,0.0,2,Yes,Yes,68064.83,0
15693337,Perry,Spain,Male,41.0,0,148863.17,1,Yes,Yes,163911.32,0
15676571,Bezrukova,FRA,Male,55.0,6,0.0,1,No,No,944.41,1
15701392,Lucciano,Spain,Male,28.0,6,0.0,2,Yes,Yes,185547.71,0
15741092,Ingram,Spain,Male,34.0,10,153360.02,1,No,No,140509.86,0
15643865,Lo Duca,French,Female,40.0,3,92055.36,1,Yes,Yes,164652.02,1
15769389,Wan,Germany,Female,39.0,9,124723.92,1,No,No,73641.86,0
15807768,Cohn,Germany,Male,28.0,1,103033.83,1,Yes,Yes,40321.87,0
15801630,Yen,France,Male,40.0,6,0.0,2,No,No,173844.89,0
15705034,Peng,Spain,Male,40.0,1,0.0,2,Yes,Yes,145613.17,0
15763107,Little,France,Female,30.0,9,0.0,1,Yes,Yes,174971.64,0
15667085,Meng,France,Male,33.0,4,0.0,2,Yes,Yes,131834.75,0
15647008,Adams,Germany,Male,54.0,3,116726.22,1,No,No,110498.1,1
15584505,Hill,French,Female,23.0,5,113923.81,2,No,No,196241.43,0
15748068,Boyle,Spain,Female,31.0,3,0.0,2,Yes,Yes,194667.92,0
15663964,Pagnotto,French,Male,37.0,5,0.0,2,No,No,83093.25,0
15782311,Feng,FRA,Male,28.0,9,0.0,2,Yes,Yes,52545.24,0
15588197,Endrizzi,FRA,Male,36.0,7,0.0,2,No,No,59571.5,0
15610105,Shen,Germany,Female,21.0,1,121827.43,2,Yes,Yes,99818.31,0
15606133,Lay,Spain,Male,42.0,7,0.0,2,Yes,Yes,172967.87,0
15599403,Wu,French,Male,60.0,10,125389.7,2,Yes,Yes,178616.73,0
15648225,Shephard,Spain,Female,38.0,1,103895.31,1,Yes,Yes,159649.44,0
15608406,Schmidt,French,Male,26.0,5,111128.04,1,No,No,60941.27,1
15633378,Davidson,Spain,Female,49.0,9,0.0,2,No,No,178342.63,0
15664759,Lamb,Spain,Male,32.0,10,0.0,2,No,No,191545.65,0
15625545,Hussey,Spain,Male,52.0,9,0.0,1,Yes,Yes,117977.45,1
15772148,Ferrari,Germany,Female,37.0,5,151242.48,1,Yes,Yes,49637.65,0
15810829,Macfarlan,France,Male,48.0,7,0.0,1,No,No,13921.82,1
15731669,Szabados,FRA,Male,39.0,2,129709.62,1,No,No,173197.12,0
15738634,Yuan,FRA,Male,47.0,9,83347.25,1,Yes,Yes,137696.25,0
15737571,Matveyev,Spain,Female,28.0,6,84121.04,1,Yes,Yes,80698.54,0
15667602,Cheng,Spain,Male,33.0,3,0.0,2,No,No,73018.74,0
15684147,Palerma,French,Male,43.0,5,102338.19,1,Yes,Yes,79649.62,0
15789874,Wang,France,Female,29.0,3,87375.78,2,No,No,166194.53,0
15757952,Teng,France,Male,44.0,2,0.0,3,No,No,102530.35,1
15698732,K'ung,Germany,Male,51.0,3,104677.09,1,No,No,74265.38,0
15714355,Sinclair,Germany,Male,32.0,8,121669.23,1,Yes,Yes,125898.39,0
15599090,McKelvey,Germany,Male,40.0,7,108407.34,1,Yes,Yes,83681.2,0
15762048,Yuan,Germany,Female,33.0,7,154969.79,2,Yes,Yes,99505.75,0
15790596,Moran,Spain,Male,39.0,0,141829.67,1,Yes,Yes,92748.16,0
15609623,McConnell,FRA,Female,63.0,5,0.0,1,No,No,28092.77,1
15711901,Iheatu,FRA,Male,45.0,2,109162.82,1,Yes,Yes,126145.08,0
15779809,Giordano,FRA,Male,44.0,8,87471.63,1,Yes,Yes,188593.98,0
15729018,Alexander,FRA,Female,33.0,2,147229.65,1,Yes,Yes,56410.17,0
15698246,Gordon,French,Female,24.0,2,0.0,2,Yes,Yes,84694.49,0
15712409,Tang,Germany,Male,66.0,6,182532.23,2,Yes,Yes,195429.92,0
15758306,T'an,France,Male,32.0,6,0.0,2,Yes,Yes,137898.57,0
15621435,Davies,France,Female,39.0,1,160903.2,1,No,No,78774.36,0
15566295,Sanders,French,Female,33.0,6,138053.79,2,No,No,148779.41,0
15569098,Winifred,France,Male,44.0,6,153548.12,1,No,No,35300.08,1
15662532,Holmes,Germany,Male,31.0,8,149085.9,2,Yes,Yes,197077.36,0
15664001,Riddle,Germany,Female,53.0,8,95231.91,1,No,No,70140.8,1
15703437,Chinedum,France,Male,34.0,3,0.0,2,No,No,196288.46,0
15708003,Aleksandrova,Spain,Male,41.0,8,85109.21,1,No,No,1557.82,0
15599452,Conti,Germany,Female,43.0,8,125338.8,2,No,No,23970.13,0
15719793,Watson,Spain,Male,62.0,5,0.0,2,Yes,Yes,180243.56,0
15771580,Davison,FRA,Female,38.0,0,106831.69,1,Yes,Yes,148977.72,0
15732268,Cook,France,Male,29.0,3,159597.45,1,No,No,39934.41,0
15722350,Udinesi,Germany,Female,37.0,7,147361.57,1,Yes,Yes,133031.96,0
15611371,Siciliani,French,Male,43.0,4,176134.54,1,Yes,Yes,52856.88,0
15673584,Bell,FRA,Female,74.0,5,0.0,2,Yes,Yes,937.15,0
15636396,Jackson,French,Female,35.0,7,0.0,2,Yes,Yes,193022.44,0
15706170,Onyemere,French,Male,34.0,1,84055.43,1,No,No,37490.84,0
15725478,McClemans,FRA,Male,60.0,7,0.0,2,Yes,Yes,111558.7,0
15654562,Ma,Spain,Female,45.0,5,174088.3,4,No,No,5669.31,1
15737509,Morrison,Spain,Male,34.0,8,199229.14,1,No,No,68106.29,0
15690796,Chambers,French,Male,37.0,8,0.0,1,No,No,101834.58,0
15716728,Basedow,Spain,Female,42.0,10,0.0,2,Yes,Yes,73151.25,0
15605665,Nwora,Germany,Female,69.0,3,78833.15,2,Yes,Yes,37196.15,0
15748481,Howey,FRA,Female,27.0,6,0.0,1,No,No,7819.76,0
15757777,Pai,French,Female,35.0,2,0.0,2,Yes,Yes,23129.46,0
15747808,Ni,France,Male,29.0,3,102540.61,1,Yes,Yes,189680.79,0
15810593,Forbes,France,Male,51.0,4,0.0,3,Yes,Yes,66586.56,0
15693376,Baryshnikov,Spain,Male,43.0,0,0.0,2,Yes,Yes,2920.63,1
15579808,Kramer,Germany,Female,39.0,8,129401.87,1,Yes,Yes,87684.93,0
15598275,Sochima,FRA,Female,32.0,7,0.0,2,Yes,Yes,199418.02,0
15737080,Marchesi,France,Female,32.0,1,0.0,2,Yes,Yes,28515.17,0
15668580,Todd,Spain,Male,33.0,2,0.0,2,Yes,Yes,92916.53,0
15569438,Mai,Germany,Male,36.0,10,106702.94,2,No,No,198313.69,0
15675842,Pinto,Spain,Male,26.0,4,139584.57,1,No,No,36308.93,0
15577587,Reynolds,Germany,Male,52.0,5,121016.23,1,Yes,Yes,41730.37,1
15625592,Sal,French,Male,26.0,2,0.0,2,Yes,Yes,31399.4,0
15635141,Miller,Germany,Male,59.0,8,118210.42,2,No,No,60192.14,1
15642570,Scott,Spain,Male,35.0,8,0.0,2,No,No,29062.25,0
15702175,Herrin,France,Female,29.0,4,148654.84,2,Yes,Yes,28805.09,0
15677785,Stevenson,Spain,Male,32.0,5,136963.12,1,No,No,133814.28,0
15786153,McKenzie,Germany,Male,47.0,9,137774.11,2,No,No,151902.78,0
15759499,Gardiner,FRA,Female,32.0,4,111156.52,1,Yes,Yes,167376.26,0
15659568,Atkinson,Spain,Female,31.0,3,121237.65,1,Yes,Yes,31022.56,0
15715597,Onyemauchechi,FRA,Male,36.0,1,97234.58,1,No,No,188997.08,0
15610147,Ross,France,Male,60.0,2,0.0,2,Yes,Yes,2085.32,0
15802362,Newland,Spain,Male,45.0,0,0.0,2,Yes,Yes,70399.71,0
15660524,Hu,Germany,Female,54.0,9,97382.53,1,Yes,Yes,195771.95,0
15747168,Sanders,Germany,Female,47.0,2,103108.8,1,Yes,Yes,166475.44,1
15796910,Tsui,Spain,Female,57.0,7,0.0,1,No,No,84106.17,1
15707674,Marino,French,Female,58.0,2,131852.81,1,No,No,81436.68,1
15565706,Akobundu,Spain,Male,35.0,1,0.0,1,Yes,Yes,83256.26,1
15587596,Morrison,Spain,Female,39.0,8,107553.33,1,No,No,117523.41,0
15751943,Mai,Spain,Female,43.0,5,0.0,2,No,No,79476.63,0
15621227,Hs?eh,Germany,Female,46.0,7,161806.09,1,Yes,Yes,173052.19,0
15757588,Wright,France,Male,30.0,9,0.0,2,No,No,100995.68,0
15640922,Demaine,FRA,Female,52.0,7,0.0,1,Yes,Yes,122782.5,0
15567557,Chien,FRA,Male,27.0,2,128243.03,1,Yes,Yes,11631.34,0
15670103,Dickinson,French,Female,38.0,5,126645.13,1,Yes,Yes,168303.55,0
15720929,Kazantseva,French,Female,47.0,8,62094.71,3,No,No,9308.1,1
15732774,Marchesi,France,Male,37.0,7,112291.34,1,No,No,153157.97,0
15628558,Pan,FRA,Female,44.0,5,89188.83,1,Yes,Yes,75408.24,0
15729201,Harewood,France,Male,55.0,9,0.0,1,No,No,153356.8,1
15731117,Kao,Spain,Male,28.0,2,109161.25,1,No,No,152987.42,0
15615207,Yeh,Spain,Male,47.0,0,0.0,1,Yes,Yes,5557.88,1
15773512,Bischof,Spain,Female,25.0,4,0.0,1,Yes,Yes,194313.93,0
15572145,Ashton,France,Female,34.0,8,0.0,2,No,No,94767.77,0
15642710,Napolitani,France,Male,26.0,7,0.0,2,No,No,1540.89,0
15574213,Wilson,France,Female,53.0,1,158271.74,1,Yes,Yes,5036.39,1
15718852,Uren,French,Male,56.0,9,96951.21,1,Yes,Yes,71776.76,0
15583840,Okechukwu,Germany,Male,35.0,5,121863.61,1,Yes,Yes,23481.69,1
15782418,Ku,Germany,Female,19.0,9,83495.11,1,Yes,Yes,143022.31,1
15813504,Onyemachukwu,Germany,Female,25.0,1,146566.01,1,Yes,Yes,161407.48,0
15711314,Kao,Spain,Female,45.0,1,0.0,1,No,No,125939.22,1
15621064,Russell,Germany,Male,23.0,5,186101.18,2,Yes,Yes,76611.33,0
15627847,Woronoff,FRA,Male,40.0,6,0.0,1,No,No,136985.08,1
15588090,Ferri,Germany,Female,51.0,8,107494.86,2,No,No,140937.91,1
15735270,Ruggiero,Spain,Male,47.0,2,0.0,1,No,No,48161.18,1
15671804,Wilding,Spain,Male,36.0,8,146943.38,2,Yes,Yes,130041.45,0
15753215,Yashina,Spain,Female,36.0,8,0.0,2,No,No,91652.43,0
15789941,Yevseyev,FRA,Female,36.0,6,125130.28,1,No,No,125961.48,0
15691061,Rapuokwu,France,Female,37.0,9,0.0,2,Yes,Yes,73225.31,0
15808326,Maslov,French,Female,34.0,9,0.0,2,Yes,Yes,20460.2,0
15566660,Cole,France,Female,41.0,10,0.0,3,No,No,81602.02,0
15778947,Sullivan,French,Male,36.0,3,0.0,2,Yes,Yes,8742.91,0
15632977,Hsiao,French,Male,47.0,5,0.0,2,No,No,145789.71,0
15591747,Rossi,French,Male,32.0,3,0.0,2,No,No,129576.99,0
15567335,Allsop,FRA,Female,42.0,7,0.0,2,Yes,Yes,190040.29,0
15609299,Chamberlain,French,Male,29.0,6,150685.79,1,No,No,87771.06,0
15669945,Jackson,France,Male,35.0,4,141359.37,2,No,No,39519.53,0
15736271,Dumetochukwu,France,Female,29.0,9,0.0,1,No,No,190035.83,0
15710390,Uspensky,French,Female,39.0,6,94631.26,2,Yes,Yes,148948.52,0
15756481,Garcia,FRA,Female,39.0,3,118336.14,1,No,No,184691.77,0
15736730,Soto,France,Female,45.0,2,0.0,1,Yes,Yes,143458.31,0
15626040,McDonald,Spain,Male,63.0,0,0.0,2,Yes,Yes,27166.75,0
15746553,Castles,Germany,Male,50.0,5,124233.24,1,Yes,Yes,159456.87,1
15622518,Stephenson,FRA,Female,26.0,5,51116.26,1,Yes,Yes,70454.79,1
15684908,Davidson,Germany,Male,64.0,1,91869.69,1,Yes,Yes,95421.0,0
15569446,Tu,France,Female,34.0,8,122338.43,2,No,No,187985.85,0
15777504,Colbert,France,Female,30.0,8,0.0,1,Yes,Yes,92621.9,0
15677906,Owens,Spain,Female,54.0,5,0.0,1,Yes,Yes,150836.98,0
15703292,Chimezie,FRA,Male,26.0,8,86270.93,2,Yes,Yes,90177.3,0
15712938,Genovese,France,Male,44.0,3,0.0,2,Yes,Yes,34416.79,0
15631359,Daluchi,FRA,Female,38.0,5,117289.92,1,No,No,85231.88,0
15720847,Sheffield,France,Male,35.0,2,0.0,2,Yes,Yes,118983.18,0
15787830,Bailey,Germany,Male,33.0,7,153663.27,1,No,No,111868.23,0
15599869,Dyson,Spain,Female,29.0,1,0.0,1,Yes,Yes,83056.22,0
15592078,Davide,Germany,Female,27.0,8,123599.49,2,No,No,1676.92,0
15596228,Uwaezuoke,French,Male,29.0,4,0.0,2,No,No,32089.57,0
15578462,Hs?,Spain,Female,76.0,9,134208.25,1,Yes,Yes,13455.43,0
15756894,Onwuka,French,Male,29.0,1,0.0,1,Yes,Yes,24865.54,0
15796167,Flores,Germany,Male,35.0,7,98556.89,2,No,No,117644.36,0
15664808,Nicoll,Spain,Female,37.0,3,0.0,3,No,No,98897.32,0
15664555,Hughes,FRA,Male,40.0,2,0.0,4,Yes,Yes,106174.7,1
15607278,Romano,Spain,Female,46.0,8,134593.79,1,Yes,Yes,46386.37,0
15585222,Norman,FRA,Male,41.0,8,0.0,2,Yes,Yes,185054.14,0
15750299,Davison,Spain,Male,24.0,10,68781.82,1,Yes,Yes,47997.39,0
15761294,Manna,Germany,Female,56.0,8,137464.04,1,No,No,130846.79,1
15810454,Reed,France,Male,32.0,4,147307.91,1,Yes,Yes,40861.55,0
15673984,Daniels,FRA,Female,35.0,8,0.0,1,No,No,171840.24,1
15609319,Hunt,France,Female,41.0,3,145754.91,1,Yes,Yes,101455.07,0
15709941,Feng,FRA,Male,46.0,8,0.0,3,No,No,90747.94,1
15580252,Waters,FRA,Male,44.0,4,112610.77,1,Yes,Yes,2048.55,0
15741275,Yuan,FRA,Female,57.0,7,71481.79,2,Yes,Yes,84421.34,0
15707132,Yudin,French,Male,33.0,5,0.0,2,Yes,Yes,78698.09,0
15600708,Calabresi,Spain,Female,34.0,3,77826.8,1,Yes,Yes,168544.85,0
15804787,Onyemauchechukwu,France,Male,75.0,5,87140.85,1,Yes,Yes,39351.64,0
15690021,Martin,Germany,Female,42.0,0,132002.7,1,Yes,Yes,28204.98,1
15763895,Hung,France,Male,32.0,7,178011.5,2,No,No,22375.14,0
15623478,Maslova,Germany,Female,32.0,4,102954.68,2,Yes,Yes,134942.45,0
15797910,Zetticci,Germany,Male,51.0,2,123783.25,1,Yes,Yes,134901.57,0
15577751,Pisano,Germany,Male,30.0,4,101802.67,1,No,No,8693.8,0
15781777,Sutherland,FRA,Male,33.0,3,148659.48,1,No,No,42437.75,0
15740527,Lai,Germany,Female,62.0,7,142724.48,1,Yes,Yes,5893.23,1
15721251,Watson,Spain,Female,41.0,4,112152.89,1,Yes,Yes,36242.19,0
15602994,Gorbunov,French,Female,53.0,10,89550.85,1,Yes,Yes,90076.85,0
15750769,Padovano,French,Male,35.0,7,75915.75,1,No,No,150507.43,0
15740175,Raynor,Germany,Female,42.0,2,118889.66,2,No,No,87422.15,0
15679968,Ting,France,Male,40.0,5,118788.57,1,No,No,192867.4,0
15694404,Eberegbulam,French,Female,42.0,3,156555.54,1,Yes,Yes,175674.01,0
15657529,Chin,Germany,Male,53.0,1,99141.86,1,Yes,Yes,72496.05,1
15762882,Manna,Germany,Female,31.0,4,61211.18,1,Yes,Yes,145250.43,0
15642579,Chang,Spain,Female,37.0,1,128932.4,1,Yes,Yes,180712.52,0
15598884,Kent,Spain,Female,23.0,5,0.0,1,Yes,Yes,180622.43,0
15770185,Buckley,France,Male,32.0,10,80728.15,1,No,No,86306.75,0
15800287,Micco,Spain,Female,46.0,2,127660.46,2,No,No,150156.82,1
15665861,Avdeev,Spain,Male,44.0,3,106070.89,1,Yes,Yes,101617.43,0
15662203,Bremer,Germany,Female,42.0,3,137560.38,2,Yes,Yes,85424.34,0
15616454,Davidson,Germany,Female,34.0,8,111905.43,1,Yes,Yes,197221.81,1
15702788,Gadsdon,France,Male,40.0,9,126212.64,1,No,No,70196.57,0
15778149,Connolly,Spain,Male,68.0,9,0.0,2,No,No,110440.5,1
15680001,McDonald,France,Male,38.0,7,111835.94,2,No,No,124389.61,0
15711991,Chiawuotu,France,Male,30.0,8,0.0,2,No,No,3183.15,0
15633834,Milne,Germany,Female,28.0,3,99705.69,2,No,No,146723.72,0
15765266,Fleming,France,Male,32.0,1,0.0,2,No,No,2139.25,0
15791867,Hicks,Germany,Male,44.0,2,108895.93,1,No,No,69228.2,1
15675380,Logan,Spain,Male,56.0,3,154669.77,1,Yes,Yes,115462.27,1
15770576,Hammond,Spain,Male,50.0,7,128061.0,2,Yes,Yes,62375.1,0
15775294,Weber,FRA,Female,31.0,2,0.0,2,No,No,91829.17,1
15727059,Lettiere,France,Female,40.0,4,0.0,2,No,No,182547.04,0
15702499,Schnaars,Spain,Male,46.0,9,190678.02,1,Yes,Yes,14725.36,0
15611699,Tao,French,Female,40.0,7,0.0,1,No,No,126996.67,0
15654000,Algarin,FRA,Female,35.0,5,0.0,1,No,No,133991.11,1
15657881,Onyemere,FRA,Male,38.0,5,136712.91,1,Yes,Yes,169920.92,0
15719991,Korovina,Spain,Female,52.0,1,154733.97,1,No,No,80259.67,1
15720687,Chidubem,French,Female,41.0,4,112609.91,1,No,No,191035.18,1
15687079,King,Spain,Male,69.0,10,115462.44,1,No,No,40421.87,0
15582276,Greco,French,Male,34.0,5,133501.36,1,Yes,Yes,155643.04,0
15763980,Beneventi,Germany,Male,30.0,1,58668.02,1,Yes,Yes,78670.52,0
15720774,P'eng,Spain,Male,44.0,7,89118.26,1,No,No,104240.77,1
15592194,Metcalf,France,Female,28.0,9,0.0,2,No,No,95957.09,0
15803685,Greco,Germany,Female,77.0,10,76510.52,2,Yes,Yes,59595.66,0
15759456,Lupton,Spain,Male,34.0,7,140694.78,2,No,No,46266.63,0
15611544,Ibeamaka,Germany,Male,36.0,7,95448.32,2,No,No,189085.07,0
15794257,Hsiung,French,Male,34.0,4,91562.99,1,Yes,Yes,123954.15,0
15681697,Rueda,FRA,Male,31.0,8,72541.48,1,No,No,129803.08,0
15579566,Li Fonti,Spain,Female,43.0,3,120867.18,1,No,No,18761.92,1
15577970,Alexeeva,FRA,Male,34.0,5,0.0,1,No,No,43540.59,0
15727489,Madueke,Spain,Female,45.0,1,157320.51,1,No,No,62193.92,0
15764284,Torres,Spain,Male,27.0,3,0.0,3,Yes,Yes,129130.09,0
15581811,Chukwubuikem,Germany,Female,30.0,1,139676.95,2,Yes,Yes,16146.0,0
15622527,Holloway,France,Female,55.0,6,0.0,1,Yes,Yes,22442.13,0
15753362,Evdokimov,Spain,Male,60.0,3,0.0,2,Yes,Yes,78194.37,0
15666652,Anayolisa,French,Female,19.0,3,0.0,2,Yes,Yes,124297.32,0
15789714,Semmens,Spain,Male,21.0,3,103000.94,1,Yes,Yes,104648.58,0
15771543,Tu,Germany,Male,31.0,2,134237.07,1,Yes,Yes,166423.66,1
15748327,Anderson,Germany,Male,34.0,6,118235.7,2,No,No,157137.23,0
15754649,Fang,Spain,Female,57.0,3,0.0,2,Yes,Yes,34134.14,0
15810460,Fanucci,Spain,Female,64.0,5,0.0,3,Yes,Yes,112520.07,1
15771742,Boyle,Germany,Male,38.0,9,115442.19,2,No,No,128481.5,1
15642160,Milanesi,FRA,Male,38.0,5,0.0,2,No,No,16491.64,0
15798439,Davidson,Spain,Male,25.0,2,0.0,1,Yes,Yes,132979.43,0
15605293,McKay,French,Female,43.0,1,0.0,2,Yes,Yes,196645.87,0
15692631,Bogdanova,Spain,Female,44.0,8,115557.0,1,Yes,Yes,127506.76,0
15665376,Lavrentiev,Germany,Female,35.0,3,166518.63,2,No,No,147930.46,0
15772412,Corser,Spain,Male,30.0,6,135370.12,1,Yes,Yes,179689.05,1
15654577,Alexeeva,Germany,Male,54.0,5,92877.33,1,No,No,2619.64,1
15585427,Madueke,France,Female,26.0,10,102073.67,2,No,No,166799.93,0
15584536,Barber,Germany,Male,46.0,3,97042.6,1,Yes,Yes,133516.51,1
15585853,McCardle,Spain,Male,41.0,7,0.0,1,No,No,163736.09,1
15645271,Radcliffe-Brown,Germany,Male,24.0,8,108528.07,2,No,No,179488.41,1
15579387,Ni,Germany,Female,44.0,2,79064.85,2,Yes,Yes,113291.75,0
15623107,Chukwumaobim,Spain,Male,45.0,3,74274.87,3,No,No,64907.48,1
15754072,Dennis,Spain,Female,36.0,6,0.0,2,No,No,141364.27,0
15666163,Hayward,France,Male,43.0,1,100421.1,1,Yes,Yes,101141.28,0
15765192,Jones,France,Male,26.0,7,84006.88,2,No,No,183490.99,0
15804822,L?,France,Female,31.0,4,0.0,2,No,No,4798.12,0
15612893,Nelson,Spain,Male,45.0,4,0.0,1,No,No,131807.14,0
15593636,Cardus,France,Female,39.0,4,80293.81,1,No,No,97192.76,0
15693326,Whitehouse,France,Female,42.0,7,125437.14,2,No,No,164128.58,0
15809901,Johnstone,FRA,Male,36.0,8,0.0,2,No,No,176809.87,0
15759751,Tsui,France,Male,48.0,1,0.0,2,Yes,Yes,110059.38,0
15605425,Chia,Germany,Female,44.0,2,127536.44,1,No,No,108398.63,0
15801934,Su,France,Male,66.0,8,0.0,2,Yes,Yes,47117.03,0
15592000,Calabresi,Germany,Female,48.0,9,82794.18,1,No,No,124720.68,1
15618695,Ts'ui,Spain,Female,22.0,3,108117.1,1,Yes,Yes,53328.7,0
15637110,McCulloch,Spain,Female,35.0,10,0.0,1,No,No,82634.41,0
15727408,Koo,Germany,Male,27.0,8,61688.61,2,No,No,147059.16,0
15716328,Miller,FRA,Female,40.0,2,0.0,2,No,No,141946.92,0
15669060,Woolnough,French,Male,74.0,6,0.0,2,No,No,123583.85,0
15675854,Douglas,Spain,Male,50.0,0,159304.07,1,Yes,Yes,155915.24,1
15621116,Fang,Germany,Male,33.0,5,138664.24,1,No,No,29076.27,0
15781495,Munro,France,Female,22.0,2,126362.57,2,Yes,Yes,97382.8,0
15740470,Vinogradov,FRA,Male,39.0,4,160652.45,2,No,No,57643.55,0
15714391,Lai,FRA,Female,35.0,2,183572.84,1,Yes,Yes,66006.75,1
15730137,Udegbulam,French,Male,31.0,0,88421.81,1,No,No,72350.47,0
15596455,Mao,Spain,Female,45.0,2,0.0,1,No,No,197789.83,1
15717290,Onyekaozulu,Germany,Male,41.0,2,112871.19,2,Yes,Yes,65520.74,0
15616555,Fu,Germany,Male,41.0,8,60880.68,1,No,No,31825.84,0
15659820,Cross,French,Female,34.0,5,0.0,2,No,No,185561.89,0
15696301,Snider,French,Female,37.0,9,101455.7,1,No,No,25803.59,1
15771087,Harrison,FRA,Female,71.0,0,88084.13,2,Yes,Yes,154337.47,0
15808831,Dale,France,Male,29.0,7,0.0,2,Yes,Yes,138145.62,0
15812241,Udinese,Germany,Male,59.0,7,127197.14,1,No,No,51565.98,1
15680370,DeRose,FRA,Male,39.0,7,0.0,2,Yes,Yes,71323.23,0
15780561,Hay,France,Female,39.0,9,83456.79,2,No,No,38882.34,0
15800784,Bruce,France,Male,42.0,4,98298.18,1,Yes,Yes,676.06,0
15715796,Romani,France,Male,37.0,0,0.0,2,Yes,Yes,72203.8,0
15605375,Tseng,France,Male,35.0,2,86911.8,1,No,No,174094.24,0
15621520,Tang,Germany,Female,42.0,2,139707.28,1,No,No,2150.22,0
15665460,Isayeva,Spain,Female,67.0,1,0.0,2,Yes,Yes,177783.04,0
15801152,Hill,Spain,Female,39.0,1,142876.98,2,No,No,44363.42,0
15756425,Barnes,France,Male,30.0,7,146301.31,1,No,No,96847.91,0
15674328,Moreno,France,Female,40.0,3,47364.45,1,Yes,Yes,148579.43,1
15742404,McGregor,FRA,Male,38.0,7,0.0,2,No,No,38308.34,0
15757140,Genovese,France,Male,51.0,0,58137.08,1,Yes,Yes,142538.31,0
15570051,Gill,Germany,Female,38.0,6,179886.41,2,No,No,153122.58,0
15669175,Ts'ai,Germany,Male,24.0,6,107637.97,2,Yes,Yes,169505.83,0
15790324,Green,FRA,Female,20.0,6,167685.56,1,No,No,57929.9,0
15691119,Martin,Germany,Male,68.0,4,136525.99,1,No,No,175399.14,0
15743478,Johnson,Germany,Male,39.0,8,52106.33,2,Yes,Yes,107964.36,0
15707007,Onio,FRA,Female,39.0,8,0.0,1,No,No,94263.44,0
15572547,Vaguine,French,Female,45.0,9,104930.38,1,No,No,155921.81,1
15567063,Manna,Germany,Female,34.0,6,106434.94,1,Yes,Yes,137995.66,1
15689633,Toomey,Spain,Female,38.0,2,112803.92,1,No,No,179631.85,0
15720637,Bell,Germany,Female,46.0,10,120530.34,1,No,No,166586.99,1
15616859,Bonwick,Germany,Female,43.0,2,113641.49,4,No,No,115116.35,1
15766166,Folliero,Spain,Male,43.0,2,145081.72,1,Yes,Yes,23881.62,0
15617655,Holt,Spain,Female,35.0,9,0.0,2,Yes,Yes,105837.38,0
15623450,Brown,Germany,Female,27.0,7,135842.89,1,Yes,Yes,101418.05,0
15796612,Ch'ang,France,Female,31.0,1,112203.25,1,No,No,182266.01,0
15795963,Fiorentini,French,Male,34.0,7,129895.19,1,Yes,Yes,28698.17,0
15781598,Middleton,Germany,Male,41.0,6,149049.92,1,Yes,Yes,50422.36,1
15691871,Millar,Germany,Male,42.0,9,153279.39,1,Yes,Yes,151336.96,0
15740345,Osborne,Spain,Male,42.0,5,41473.33,1,No,No,112979.6,1
15662626,Feng,French,Female,40.0,2,0.0,2,No,No,36371.27,0
15596575,Vale,Germany,Male,39.0,5,113193.51,2,Yes,Yes,52166.25,0
15657321,Arkwookerum,Germany,Male,27.0,8,113174.21,2,No,No,147261.58,0
15575955,Lujan,FRA,Female,24.0,0,0.0,2,No,No,88724.49,0
15743893,Alexeyeva,France,Male,42.0,3,164951.56,1,No,No,190531.77,0
15697270,Gannon,Spain,Male,27.0,4,153325.1,1,Yes,Yes,199953.33,0
15644356,Prokhorova,Spain,Female,47.0,10,134032.01,1,No,No,144290.97,0
15677586,Romero,Germany,Female,32.0,3,125445.04,2,Yes,Yes,130514.78,0
15571261,Toscani,Germany,Female,35.0,6,126077.43,2,Yes,Yes,53954.24,0
15698758,Onwuamaegbu,Spain,Female,31.0,1,0.0,2,Yes,Yes,169802.73,0
15787014,King,Germany,Female,28.0,8,90371.09,1,Yes,Yes,146851.73,0
15739857,Trentino,FRA,Female,40.0,3,0.0,2,Yes,Yes,96832.82,0
15774630,Peacock,Germany,Female,47.0,1,142802.02,1,Yes,Yes,57553.02,0
15805523,Nnaife,FRA,Female,28.0,1,90537.16,1,Yes,Yes,74800.99,0
15749557,Chao,French,Female,44.0,6,0.0,2,Yes,Yes,192542.17,0
15681180,Barese,France,Female,23.0,7,156123.73,1,No,No,72990.62,0
15742028,Udegbulam,French,Female,35.0,5,0.0,2,No,No,31050.02,0
15686463,Fu,French,Male,38.0,7,141074.59,1,No,No,52795.56,1
15654379,Onwuatuegwu,Spain,Male,59.0,4,0.0,2,Yes,Yes,27435.41,0
15783629,Degtyaryov,Germany,Female,42.0,6,117899.95,2,No,No,150266.81,0
15751193,Nnaemeka,Spain,Male,33.0,4,0.0,2,Yes,Yes,40299.23,0
15724099,Udinese,French,Male,26.0,6,166257.96,1,Yes,Yes,149369.41,0
15568429,Mitchell,Spain,Female,46.0,3,0.0,2,No,No,120250.58,0
15648967,Ch'en,Germany,Female,64.0,1,169362.43,1,No,No,84760.32,1
15664498,Golovanov,FRA,Male,26.0,7,205962.0,1,No,No,156424.4,0
15779522,Efimov,FRA,Female,24.0,0,0.0,2,No,No,109355.73,1
15583850,Davidson,Germany,Male,68.0,0,126061.51,2,Yes,Yes,184936.77,0
15696539,Wade,FRA,Female,21.0,7,105627.95,1,Yes,Yes,36560.51,0
15760121,Maynard,France,Male,32.0,9,100606.02,1,No,No,165693.06,0
15628279,Murphy,FRA,Female,38.0,3,0.0,2,Yes,Yes,163666.85,0
15766163,Zotova,France,Male,38.0,1,0.0,2,Yes,Yes,35644.79,0
15566467,Hannah,Germany,Female,32.0,0,138171.1,2,Yes,Yes,188203.58,0
15639049,Cartagena,France,Female,31.0,7,139395.08,1,Yes,Yes,6120.84,0
15736413,Hall,France,Male,29.0,1,0.0,2,Yes,Yes,164484.78,0
15634815,Hunt,FRA,Female,37.0,3,0.0,2,Yes,Yes,164268.28,0
15716381,Greece,Germany,Female,50.0,7,109062.28,1,Yes,Yes,140136.1,1
15708162,Thomson,Germany,Female,40.0,1,89994.71,2,Yes,Yes,121084.27,0
15569364,Victor,FRA,Male,36.0,3,0.0,2,No,No,35156.54,0
15791191,Mitchell,French,Male,59.0,2,103996.74,1,Yes,Yes,103159.11,0
15621205,Olisaemeka,France,Male,34.0,4,175111.11,1,Yes,Yes,74858.3,0
15704788,Krawczyk,Spain,Female,49.0,8,66079.45,2,No,No,91556.57,1
15775756,Alexandrova,Germany,Male,33.0,8,148055.74,1,No,No,199203.21,0
15641312,Paterson,France,Male,36.0,6,0.0,1,Yes,Yes,27011.8,1
15782531,Chou,Spain,Female,31.0,8,0.0,2,No,No,188637.05,0
15724428,Abel,French,Male,40.0,8,0.0,2,No,No,61581.2,0
15743617,Chesnokova,Germany,Male,47.0,1,95994.98,1,No,No,197529.23,0
15585839,Niu,French,Male,37.0,2,0.0,2,No,No,182258.17,0
15658158,Sullivan,Germany,Female,23.0,10,110741.56,1,No,No,80778.5,0
15637678,Ma,French,Male,35.0,5,0.0,1,No,No,155394.52,0
15701809,Cavill,Spain,Female,28.0,3,0.0,1,No,No,3408.7,0
15676937,Nicholls,Spain,Female,32.0,8,0.0,2,Yes,Yes,19367.98,1
15778975,Nnonso,Germany,Female,70.0,1,96947.58,3,No,No,62282.99,1
15710375,Gibson,French,Male,41.0,6,0.0,2,No,No,65396.79,0
15579914,Garcia,Germany,Male,30.0,2,109786.82,2,Yes,Yes,139712.81,0
15595160,Renwick,Spain,Male,35.0,2,0.0,2,Yes,Yes,60972.84,0
15595391,Norris,France,Male,31.0,1,0.0,2,No,No,1375.46,0
15630363,Nkemakonam,French,Female,39.0,0,102721.49,1,No,No,22191.82,0
15692443,Piccio,Spain,Male,33.0,5,69478.57,1,No,No,8973.67,1
15593795,Linton,Germany,Female,53.0,1,156674.2,1,No,No,118502.34,1
15642824,Onyekaozulu,Spain,Female,56.0,8,174506.1,2,Yes,Yes,161802.82,1
15683524,Tobenna,Germany,Female,23.0,6,166070.48,2,No,No,90494.72,0
15713532,Wang,Germany,Female,29.0,4,105957.44,1,No,No,15470.91,0
15719827,O'Donnell,French,Male,36.0,3,0.0,1,No,No,65147.27,0
15578435,Langlands,France,Male,40.0,8,110340.68,1,Yes,Yes,157886.6,0
15723028,Smith,French,Male,33.0,1,0.0,2,No,No,85439.73,0
15595609,Sykes,Germany,Male,52.0,9,135870.01,2,No,No,54038.62,0
15622443,Marshall,France,Male,31.0,4,0.0,2,Yes,Yes,25684.85,0
15579112,Gibson,French,Male,47.0,2,0.0,2,Yes,Yes,186116.54,0
15648479,Stephenson,French,Female,45.0,0,0.0,2,No,No,166830.71,0
15659234,Y?,FRA,Male,30.0,3,85704.95,1,Yes,Yes,27886.06,0
15811970,Kang,FRA,Female,42.0,1,0.0,2,Yes,Yes,5768.32,0
15774192,Miller,Germany,Female,38.0,8,105435.74,1,No,No,80575.44,1
15595136,Kryukov,FRA,Female,37.0,1,0.0,2,Yes,Yes,68987.55,0
15630580,Y?,Germany,Male,34.0,9,108513.25,2,Yes,Yes,27097.82,0
15660646,Fanucci,France,Male,35.0,3,156687.1,1,No,No,199320.77,0
15614365,Lombardi,Germany,Male,31.0,3,150604.52,1,No,No,5566.6,0
15776128,Hs?,France,Female,44.0,6,155114.9,1,No,No,133871.83,0
15787035,Anderson,FRA,Female,35.0,8,0.0,2,Yes,Yes,152843.53,0
15792646,Trentino,Spain,Female,64.0,1,91216.0,1,Yes,Yes,41800.18,0
15726832,Donnelly,Germany,Male,61.0,3,141784.02,1,Yes,Yes,92053.75,0
15773260,Tsou,France,Female,32.0,0,127763.24,1,No,No,100717.54,0
15624437,Johnson,Spain,Female,32.0,1,0.0,2,Yes,Yes,42935.15,0
15717138,Watson,Spain,Male,31.0,6,82613.56,2,No,No,149170.92,0
15657317,Allan,France,Female,32.0,7,69423.52,1,No,No,107499.39,0
15626948,Butcher,FRA,Female,42.0,6,86167.82,1,No,No,153342.38,0
15758901,Henderson,Spain,Female,47.0,1,0.0,1,No,No,107825.08,1
15777759,Boucaut,French,Male,30.0,2,131406.56,1,Yes,Yes,47952.45,0
15773322,Obiajulu,Germany,Female,44.0,4,121898.82,1,No,No,131007.18,0
15697318,Ifeatu,Germany,Male,32.0,9,77487.2,1,No,No,33143.04,0
15678916,Kelly,French,Female,75.0,2,0.0,1,No,No,123304.62,0
15632118,Pirozzi,Spain,Male,45.0,5,164450.94,1,No,No,141970.02,1
15788118,Siciliano,France,Male,33.0,7,138705.02,2,No,No,37136.15,0
15788930,Silva,Spain,Male,37.0,7,132730.17,1,No,No,199293.01,0
15628583,Iweobiegbunam,France,Female,30.0,5,0.0,2,Yes,Yes,161388.22,0
15635177,Williamson,Spain,Female,66.0,3,0.0,1,Yes,Yes,70532.53,0
15587690,Madueke,France,Male,28.0,2,116498.22,1,No,No,144290.25,0
15627630,Chiagoziem,France,Female,41.0,1,0.0,2,No,No,96069.82,0
15610930,Kwemto,Germany,Female,35.0,1,139979.07,1,No,No,185662.84,0
15657747,Zito,Germany,Female,43.0,9,127216.31,2,Yes,Yes,17913.25,0
15568006,Ukaegbunam,FRA,Female,45.0,2,0.0,4,No,No,101039.53,1
15751748,Trevisani,French,Male,51.0,2,148222.65,1,No,No,156953.54,1
15722212,Edmondstone,French,Female,41.0,8,0.0,2,No,No,28276.83,0
15658670,Chien,France,Female,38.0,8,0.0,2,No,No,84049.16,0
15761654,Boni,Spain,Male,30.0,8,134152.29,1,Yes,Yes,147822.44,0
15812210,Yashina,Germany,Female,32.0,8,111537.23,4,Yes,Yes,9497.99,1
15787051,Georg,Spain,Female,39.0,7,119565.92,1,No,No,87067.73,0
15642991,Tung,Spain,Female,29.0,7,0.0,2,No,No,23237.25,0
15713769,Michelides,Spain,Male,38.0,7,0.0,1,Yes,Yes,27239.28,0
15605826,Korovina,Germany,Male,46.0,10,121063.8,3,No,No,151481.86,1
15648898,Chuang,Spain,Female,27.0,7,124995.98,1,Yes,Yes,114669.79,0
15705309,Yuriev,Spain,Male,39.0,5,0.0,2,No,No,116748.14,0
15734202,Chidimma,Germany,Female,52.0,4,86891.84,1,No,No,90877.76,0
15658852,Stevens,FRA,Male,38.0,8,0.0,2,Yes,Yes,133692.88,0
15612633,Kao,Spain,Male,43.0,9,78022.61,1,Yes,Yes,30662.91,0
15604818,Edmund la Touche,FRA,Male,34.0,9,154495.79,1,No,No,191395.88,0
15593900,Belousov,FRA,Male,38.0,1,189443.72,1,Yes,Yes,106648.58,0
15624995,McCane,Spain,Female,31.0,6,152926.6,1,Yes,Yes,50899.91,0
15570087,Parry-Okeden,French,Female,44.0,8,142989.69,1,Yes,Yes,115452.51,1
15802617,Hudson,Germany,Male,43.0,7,115371.94,2,No,No,64139.1,0
15656029,Marsden,French,Male,37.0,6,0.0,2,Yes,Yes,22030.72,0
15739194,Manfrin,Spain,Male,38.0,0,178056.54,2,No,No,38434.73,0
15607275,Ch'ang,Spain,Male,39.0,6,206014.94,2,Yes,Yes,42774.84,1
15629475,Clark,France,Male,41.0,2,0.0,2,No,No,158973.77,0
15635034,Aldrich,Germany,Male,37.0,9,101191.83,1,Yes,Yes,34551.35,1
15756333,Khan,France,Female,55.0,7,0.0,2,Yes,Yes,101515.76,0
15777436,Murray,Spain,Female,31.0,5,0.0,2,No,No,9561.73,0
15676835,Anayolisa,Spain,Male,33.0,1,0.0,2,No,No,168313.17,0
15574206,Shillito,French,Female,37.0,7,0.0,2,Yes,Yes,55100.09,0
15613017,McMillan,Germany,Male,32.0,1,149814.54,1,No,No,31830.06,0
15815131,Howells,Spain,Female,36.0,7,115617.24,1,Yes,Yes,71519.4,0
15585455,Stewart,FRA,Male,28.0,9,0.0,2,No,No,32599.35,0
15692929,Ikechukwu,Germany,Female,42.0,10,113657.41,2,Yes,Yes,139946.68,1
15758081,Repina,Spain,Male,39.0,8,138160.0,1,Yes,Yes,110468.51,0
15667476,Cox,Germany,Female,36.0,3,117700.86,1,No,No,74042.0,0
15738248,Lo,FRA,Female,37.0,5,0.0,2,No,No,151871.84,0
15672152,Grant,Germany,Male,37.0,9,122506.38,1,Yes,Yes,199693.84,1
15673372,Stevenson,FRA,Female,58.0,1,0.0,1,Yes,Yes,58907.08,1
15587611,Kauffmann,FRA,Male,59.0,9,0.0,2,No,No,103799.77,1
15803415,Samsonova,France,Female,39.0,3,166501.17,2,No,No,93835.64,0
15715673,Niu,Spain,Female,46.0,4,89743.05,1,No,No,156425.57,1
15655648,Bock,FRA,Female,25.0,2,0.0,2,No,No,123723.83,0
15763613,Barlow,FRA,Male,30.0,1,0.0,2,No,No,199464.08,0
15660385,Stevenson,France,Male,39.0,7,0.0,2,No,No,83084.33,0
15733261,Kung,Spain,Female,35.0,6,0.0,1,No,No,25488.43,1
15796231,Nwankwo,French,Female,18.0,1,98894.39,1,Yes,Yes,9596.4,0
15624866,Brewer,Germany,Male,37.0,3,168735.74,2,No,No,70370.24,0
15623730,Ch'iu,France,Male,34.0,1,0.0,1,Yes,Yes,86330.32,0
15668248,Quinn,Germany,Female,62.0,7,133201.17,1,No,No,168507.68,1
15694518,Kodilinyechukwu,Spain,Female,36.0,0,0.0,2,No,No,111605.9,0
15638028,Ifeanyichukwu,Germany,Male,31.0,4,127237.25,2,Yes,Yes,143317.42,0
15795895,Yermakova,Germany,Male,36.0,1,117864.85,2,No,No,27619.06,0
15694376,Sullivan,Germany,Female,64.0,3,153469.26,3,No,No,146573.66,1
15669204,Grant,Germany,Male,23.0,4,93911.3,2,No,No,69055.45,0
15773779,Jacka,Spain,Female,46.0,2,76597.79,1,Yes,Yes,54453.72,0
15580682,Tsai,France,Female,40.0,4,79927.36,2,Yes,Yes,33524.6,0
15768530,Emery,Spain,Female,27.0,4,0.0,2,Yes,Yes,135083.73,0
15672875,Piccio,Germany,Male,32.0,8,40172.91,1,Yes,Yes,137439.34,0
15617082,Sanders,French,Male,33.0,7,115195.58,1,Yes,Yes,11205.5,0
15760514,Sharp,Germany,Female,43.0,9,116644.29,2,Yes,Yes,60176.1,0
15761775,Myers,Germany,Male,20.0,8,180293.84,2,Yes,Yes,29552.7,0
15799964,Campbell,Germany,Female,30.0,7,139872.81,1,No,No,188795.85,0
15693906,Abbott,FRA,Female,24.0,3,34547.82,1,Yes,Yes,11638.17,0
15739514,Preston,France,Female,32.0,9,0.0,2,Yes,Yes,93155.75,0
15756926,Atherton,Germany,Male,29.0,1,96462.25,2,Yes,Yes,48986.18,0
15770984,Fanucci,Spain,Female,40.0,7,130334.35,2,Yes,Yes,116951.1,0
15703979,Evans,Germany,Male,39.0,3,119688.81,1,No,No,137041.26,0
15801821,Cookson,France,Male,38.0,1,0.0,2,No,No,44653.5,0
15711028,Nnachetam,France,Male,52.0,1,0.0,3,Yes,Yes,104035.41,1
15791842,Johnstone,French,Female,32.0,6,71187.24,1,Yes,Yes,110593.62,0
15746127,Hort,France,Female,47.0,2,0.0,2,No,No,36099.7,0
15663625,Johnson,French,Male,37.0,4,0.0,2,No,No,12470.3,0
15604891,Zaytseva,Spain,Female,38.0,8,0.0,2,No,No,95403.41,0
15589666,Sorokina,FRA,Female,39.0,9,136422.41,1,Yes,Yes,151757.81,0
15627881,Diehl,FRA,Male,30.0,8,0.0,2,Yes,Yes,47536.46,0
15664895,Onuchukwu,FRA,Female,25.0,0,0.0,2,Yes,Yes,101274.17,0
15676094,Osonduagwuike,France,Female,34.0,6,0.0,1,Yes,Yes,140268.45,0
15761720,Mead,France,Male,41.0,6,153238.88,1,No,No,11663.09,0
15611961,Stewart,French,Male,35.0,7,0.0,2,No,No,150784.29,0
15680167,Thomson,FRA,Female,78.0,6,47536.4,1,Yes,Yes,119400.08,0
15762543,Goliwe,FRA,Female,32.0,1,0.0,2,No,No,126188.42,0
15658475,Lori,FRA,Male,36.0,8,142882.49,1,No,No,89983.02,1
15779743,Onwuamaeze,French,Female,44.0,7,0.0,2,No,No,29761.29,0
15661532,Butusov,French,Female,31.0,1,160566.11,2,No,No,27073.81,0
15782360,Rogers,Germany,Male,65.0,2,131935.51,1,Yes,Yes,96399.67,1
15767908,Nicholson,FRA,Male,38.0,6,127678.8,2,No,No,45422.89,0
15677105,Rossi,Germany,Female,46.0,4,105214.58,1,No,No,108699.59,1
15641474,Hall,France,Male,46.0,9,139859.54,1,No,No,38967.29,0
15624451,Huddart,French,Female,38.0,3,0.0,2,No,No,116466.19,0
15577985,Chinomso,France,Female,34.0,5,112324.45,2,Yes,Yes,17993.43,0
15571666,Shaw,Germany,Male,30.0,8,134497.27,1,No,No,43250.54,0
15783691,Hargreaves,Spain,Female,35.0,1,120171.58,1,No,No,125240.8,0
15671172,Swain,France,Male,23.0,1,106012.2,2,Yes,Yes,191415.94,0
15731760,Butcher,French,Male,25.0,5,0.0,1,Yes,Yes,90860.97,0
15585599,Stone,French,Female,34.0,8,0.0,2,Yes,Yes,141872.52,0
15784958,Allan,France,Female,55.0,10,0.0,4,Yes,Yes,49418.87,1
15734524,Wang,FRA,Male,51.0,3,0.0,1,No,No,170426.65,1
15614103,Colombo,Germany,Male,42.0,8,119839.69,1,Yes,Yes,51016.02,1
15794895,McKay,Spain,Male,34.0,1,0.0,2,Yes,Yes,81175.25,0
15772381,Brient,Germany,Male,38.0,8,92219.21,1,No,No,99106.97,0
15710553,Yin,Germany,Male,48.0,3,142055.41,2,Yes,Yes,79134.78,0
15649292,Bellucci,French,Female,49.0,7,29602.08,1,No,No,163550.58,1
15792565,Duncan,French,Female,46.0,7,0.0,2,Yes,Yes,67769.94,0
15718245,Pirozzi,French,Male,34.0,1,0.0,2,Yes,Yes,126592.01,0
15703117,Findlay,France,Female,44.0,1,0.0,2,Yes,Yes,89602.81,0
15758136,King,FRA,Male,37.0,3,141803.77,1,Yes,Yes,179421.84,0
15799932,Iweobiegbunam,FRA,Male,24.0,10,0.0,2,Yes,Yes,156906.15,0
15633516,Tucker,France,Male,42.0,1,0.0,1,Yes,Yes,168486.02,0
15622532,Izmailova,France,Female,47.0,0,126589.12,2,Yes,Yes,132730.07,1
15798960,Meng,French,Male,33.0,2,108393.35,1,Yes,Yes,39057.67,0
15698664,Liang,Spain,Male,43.0,2,115643.58,2,No,No,174606.35,0
15703614,Hutchinson,Spain,Male,48.0,5,132876.23,1,No,No,79259.77,0
15699195,Shen,French,Female,24.0,3,110949.41,1,Yes,Yes,168515.61,0
15710543,Okwuoma,French,Male,46.0,1,130666.2,1,Yes,Yes,161125.67,1
15695499,Chinwemma,French,Female,45.0,10,103821.47,2,Yes,Yes,77878.62,0
15622321,Golubova,French,Female,32.0,3,0.0,1,Yes,Yes,80823.02,0
15715744,Schiavone,France,Male,39.0,7,0.0,1,Yes,Yes,119348.28,0
15788151,Moore,Spain,Male,32.0,1,132187.73,2,Yes,Yes,178331.36,0
15687153,Graham,Germany,Male,49.0,8,98649.55,1,No,No,119174.88,1
15684958,Amadi,Germany,Male,38.0,2,126444.08,2,Yes,Yes,82662.73,0
15706116,McKay,Germany,Female,30.0,8,154159.51,1,No,No,40441.1,0
15740557,Fedorova,France,Female,43.0,5,0.0,2,No,No,109881.71,0
15707291,Percy,Germany,Male,48.0,8,129250.0,2,Yes,Yes,157937.35,0
15583353,Floyd,Spain,Female,45.0,3,0.0,1,No,No,38276.84,1
15761024,Long,France,Female,33.0,2,167733.51,2,Yes,Yes,65222.48,0
15630709,Castiglione,Germany,Female,31.0,2,56116.3,2,No,No,2181.94,0
15639590,Melendez,FRA,Female,30.0,3,141581.08,1,No,No,156249.06,0
15659399,Mazzi,Germany,Male,50.0,7,139675.07,2,No,No,45591.23,0
15567078,Kovaleva,FRA,Female,27.0,8,66201.96,1,Yes,Yes,79458.12,0
15696373,Gill,FRA,Female,44.0,9,0.0,2,No,No,103042.2,1
15786617,Arcuri,Germany,Male,34.0,3,133658.24,1,No,No,70209.83,0
15657449,Chukwuma,Germany,Male,25.0,3,136202.78,1,No,No,176743.51,0
15672594,Stevenson,FRA,Female,60.0,0,131778.08,1,No,No,10703.53,1
15714240,Ponomarev,Spain,Male,74.0,5,0.0,2,No,No,151425.82,0
15782144,Gilroy,FRA,Female,34.0,3,0.0,2,Yes,Yes,3894.34,0
15665008,Sidorov,Germany,Female,26.0,8,42712.87,2,Yes,Yes,28861.69,0
15581733,Bates,FRA,Female,28.0,4,0.0,2,No,No,177703.15,0
15751392,Fanucci,Spain,Female,57.0,4,0.0,2,No,No,136649.8,1
15785815,Toscano,Germany,Male,31.0,1,142631.54,2,Yes,Yes,175894.24,0
15664214,Hearn,French,Male,33.0,2,141204.65,2,No,No,76257.46,0
15579996,Iroawuchi,Germany,Female,25.0,7,131402.21,1,No,No,193668.49,0
15675252,Martin,Spain,Female,39.0,3,92636.96,2,Yes,Yes,125671.29,0
15579617,Sinclair,France,Female,51.0,3,0.0,2,Yes,Yes,174098.28,1
15593976,Swanson,Germany,Female,31.0,5,102088.68,4,No,No,187866.21,1
15716041,Chinomso,Spain,Male,39.0,9,0.0,2,Yes,Yes,100862.36,0
15654489,Fomin,France,Female,38.0,8,134887.53,1,Yes,Yes,10804.04,0
15736302,McKay,French,Male,48.0,4,0.0,2,Yes,Yes,170893.85,0
15805909,Bergamaschi,Spain,Male,28.0,8,159900.38,1,No,No,22698.56,0
15572762,Matveyeva,Germany,Female,50.0,2,102278.79,2,No,No,89822.48,0
15724632,Madukaego,French,Female,41.0,0,0.0,2,Yes,Yes,175262.49,0
15670416,Ferri,French,Female,43.0,0,0.0,1,Yes,Yes,15705.27,0
15749528,Achebe,Spain,Male,58.0,6,0.0,2,Yes,Yes,170025.43,0
15578783,Mai,Germany,Male,35.0,0,76989.97,1,Yes,Yes,17242.79,0
15580719,Davis,French,Female,23.0,10,0.0,2,Yes,Yes,79734.23,0
15656293,Davey,FRA,Male,35.0,3,0.0,2,No,No,92712.97,0
15691875,Tsou,Germany,Female,39.0,5,114491.82,1,No,No,99689.48,0
15596870,Marino,Germany,Male,54.0,3,144768.94,1,No,No,93336.3,1
15780770,Kerr,FRA,Male,31.0,7,145056.59,1,Yes,Yes,175893.53,0
15751491,Hsiao,Germany,Male,50.0,3,117206.3,1,No,No,42840.18,1
15706200,Graham,Germany,Male,41.0,2,138014.4,2,No,No,140298.24,0
15808674,Ejikemeifeuwa,Germany,Female,45.0,6,128352.59,3,Yes,Yes,144000.59,1
15641411,Volkova,French,Female,23.0,1,112568.31,1,Yes,Yes,113408.11,0
15764661,Wang,FRA,Male,33.0,2,0.0,1,No,No,96420.58,0
15689492,Benjamin,Germany,Male,41.0,1,176958.46,2,Yes,Yes,125806.3,0
15602405,Ryrie,Germany,Female,38.0,9,99167.54,1,No,No,65720.92,0
15610271,Andreev,Spain,Female,42.0,3,103210.27,1,No,No,31002.03,0
15791780,Ts'ao,Germany,Female,48.0,10,104478.12,3,Yes,Yes,158248.71,1
15589147,Frolov,Spain,Male,61.0,8,125921.37,1,Yes,Yes,94677.83,0
15756975,Montemayor,Spain,Female,35.0,3,0.0,2,Yes,Yes,17257.72,0
15729582,Fu,Germany,Male,48.0,3,80697.44,1,No,No,101397.86,0
15742971,Whitehead,French,Female,44.0,2,161887.81,2,No,No,84870.23,0
15568046,Izuchukwu,French,Male,24.0,7,109558.36,1,No,No,183515.13,0
15694890,Lai,FRA,Male,38.0,1,124271.26,1,No,No,75969.19,0
15736963,Herring,FRA,Male,43.0,1,0.0,2,Yes,Yes,146379.3,0
15646490,Duffy,Spain,Male,42.0,1,190569.23,1,Yes,Yes,127154.8,0
15607314,Chiefo,Spain,Male,53.0,2,143923.96,1,No,No,2019.78,1
15576745,Fyodorov,France,Male,48.0,2,96542.16,2,Yes,Yes,197885.72,0
15669606,Chu,French,Male,33.0,5,0.0,2,No,No,138017.68,0
15737832,Robertson,Spain,Male,45.0,0,139825.56,1,No,No,170984.97,1
15681990,Palmerston,Germany,Male,24.0,6,111769.14,2,No,No,55859.27,0
15758050,Madukwe,Spain,Male,37.0,4,0.0,2,No,No,4459.5,0
15787848,Chinedum,Spain,Male,30.0,9,113672.18,2,No,No,102135.92,0
15713594,French,French,Female,32.0,7,147256.86,1,No,No,112771.95,0
15588186,Polyakov,Spain,Male,45.0,7,107023.03,1,No,No,32903.93,0
15786739,Clements,FRA,Male,37.0,1,125529.55,1,Yes,Yes,162260.93,0
15699467,Connor,Spain,Female,41.0,0,0.0,1,No,No,87959.83,0
15680706,Balashov,Germany,Male,48.0,4,131834.8,1,No,No,166476.95,1
15645717,Avdeeva,French,Male,62.0,2,0.0,2,Yes,Yes,25438.87,0
15748597,Chester,Spain,Male,56.0,5,99529.7,1,Yes,Yes,157230.06,1
15773709,Hung,Spain,Male,35.0,0,0.0,2,Yes,Yes,197305.91,0
15629787,Tu,FRA,Male,27.0,10,107303.72,2,No,No,44435.76,0
15661007,Thompson,France,Male,33.0,0,72783.42,1,No,No,181051.99,0
15686812,Jones,Spain,Female,44.0,8,0.0,1,Yes,Yes,159069.37,0
15754113,Li,French,Female,35.0,0,0.0,2,Yes,Yes,155485.24,0
15749489,Denisova,Germany,Female,22.0,10,115743.6,1,No,No,43852.05,0
15574352,Clogstoun,French,Male,43.0,4,161256.53,1,Yes,Yes,140071.57,0
15701281,Tan,French,Male,27.0,8,0.0,2,Yes,Yes,49089.36,0
15811985,Power,Spain,Male,44.0,6,0.0,2,No,No,55893.37,0
15713505,Harriman,FRA,Male,31.0,1,0.0,2,Yes,Yes,192660.55,0
15685653,Benson,Germany,Female,40.0,3,162261.01,2,No,No,137028.51,0
15758831,Thornton,France,Male,39.0,3,74896.33,1,No,No,34430.16,0
15618774,White,FRA,Male,54.0,3,0.0,1,No,No,108409.17,1
15764448,Mackenzie,Germany,Male,35.0,0,144037.6,1,No,No,145325.32,0
15611024,Kalinina,French,Female,23.0,9,93522.2,1,Yes,Yes,81425.61,0
15738220,Bennet,Spain,Male,38.0,1,0.0,2,No,No,51553.43,0
15805764,Hallahan,FRA,Male,18.0,10,0.0,2,Yes,Yes,52795.15,0
15580487,Martin,Germany,Male,38.0,8,106922.92,2,Yes,Yes,84270.09,0
15675787,Rivera,France,Male,26.0,8,112972.57,1,No,No,145011.62,0
15583580,Chiawuotu,Germany,Female,35.0,1,123042.0,1,No,No,66245.44,1
15780654,Sergeyev,Germany,Female,33.0,3,100488.92,2,Yes,Yes,36446.74,0
15695034,Christie,France,Female,44.0,4,123322.15,1,No,No,137136.29,0
15805671,Louis,France,Male,32.0,0,0.0,1,Yes,Yes,117323.31,0
15790658,Iqbal,Spain,Male,42.0,8,68683.68,1,Yes,Yes,74157.71,0
15578648,Marino,Germany,Male,49.0,6,59532.18,1,No,No,104253.56,0
15734987,Robertson,FRA,Female,43.0,7,140260.36,2,No,No,2748.72,0
15721740,Pai,Germany,Male,50.0,7,88302.65,1,Yes,Yes,195937.16,0
15641822,Barese,French,Female,19.0,1,0.0,2,Yes,Yes,22101.86,0
15765650,Chigolum,Germany,Male,40.0,5,114655.58,1,No,No,126535.92,0
15788556,Trouette,France,Female,42.0,4,148283.94,1,Yes,Yes,44692.63,1
15576550,Ugochukwu,Spain,Female,38.0,1,0.0,1,No,No,112442.63,1
15622230,Cribb,France,Female,35.0,3,0.0,2,Yes,Yes,66331.01,0
15653937,McIntyre,Germany,Female,53.0,1,123916.67,1,No,No,16657.68,1
15743538,Pickering,French,Female,31.0,1,0.0,2,No,No,20081.3,0
15591740,Fletcher,French,Female,54.0,4,0.0,2,Yes,Yes,93820.49,1
15650086,Uchenna,France,Male,43.0,2,165896.0,2,No,No,130795.52,0
15718773,Pisano,French,Female,32.0,0,0.0,2,No,No,160129.99,0
15615140,Corson,French,Male,36.0,6,111168.97,1,Yes,Yes,189969.91,0
15644361,Hooper,France,Female,40.0,1,103549.24,1,No,No,9712.52,1
15774536,He,France,Female,32.0,6,0.0,2,No,No,196062.01,0
15618661,Chidubem,French,Male,30.0,6,103804.97,1,Yes,Yes,125710.53,0
15605020,Schofield,FRA,Male,45.0,2,165901.59,2,No,No,23054.51,1
15762134,Liang,Germany,Male,59.0,8,119152.1,2,Yes,Yes,170679.74,0
15685279,Somadina,Spain,Female,57.0,8,122950.31,1,Yes,Yes,181258.76,0
15582849,McIntosh,France,Female,51.0,1,0.0,1,Yes,Yes,22835.13,1
15655410,Hinton,Germany,Male,49.0,1,133384.66,1,No,No,102397.22,1
15649129,Sal,French,Male,32.0,9,0.0,2,No,No,115950.96,0
15702380,De Luca,Spain,Male,64.0,6,0.0,2,Yes,Yes,15876.52,0
15759067,Bromby,Germany,Female,37.0,7,158411.95,4,Yes,Yes,117690.58,1
15683027,Chang,Germany,Male,29.0,4,122028.65,2,Yes,Yes,173792.77,0
15597487,Hunter,France,Female,35.0,5,0.0,1,Yes,Yes,80992.8,0
15763256,Sheppard,Germany,Female,64.0,8,128751.65,2,No,No,189398.18,1
15620111,Fan,France,Male,54.0,8,133436.52,1,No,No,56787.8,0
15623053,Muir,Spain,Male,40.0,2,123177.01,1,No,No,148309.98,0
15595592,Lai,French,Female,59.0,2,0.0,1,No,No,179673.11,1
15740072,Padovesi,FRA,Female,37.0,2,120328.88,2,Yes,Yes,138470.21,0
15778005,Kemp,France,Female,39.0,1,130147.98,1,No,No,163798.41,1
15583278,Greece,Spain,Female,36.0,8,92716.96,1,Yes,Yes,33693.78,0
15601263,Young,Spain,Female,48.0,7,0.0,2,No,No,48545.1,0
15709222,Chukwueloka,Spain,Male,34.0,3,0.0,1,Yes,Yes,123427.98,0
15713949,Woods,FRA,Male,40.0,1,76914.21,1,No,No,174183.44,0
15717706,Forbes,France,Female,32.0,3,106045.92,2,Yes,Yes,17938.0,0
15756071,Kang,FRA,Male,34.0,1,103133.26,1,Yes,Yes,90059.04,0
15696564,Nweke,FRA,Male,38.0,0,145974.79,2,Yes,Yes,137694.23,0
15657637,Ts'ui,Spain,Female,36.0,3,0.0,3,No,No,65039.9,0
15755863,Milano,Spain,Female,49.0,1,0.0,2,Yes,Yes,162858.29,0
15719858,Chao,Spain,Female,38.0,9,0.0,2,Yes,Yes,35701.06,0
15688876,Wan,Spain,Male,39.0,9,0.0,2,Yes,Yes,18826.06,0
15698528,Napolitani,Spain,Female,31.0,3,0.0,1,Yes,Yes,130086.47,1
15770345,Kovaleva,Spain,Female,31.0,1,139183.06,1,Yes,Yes,143360.56,0
15761506,Russell,Spain,Male,19.0,5,0.0,2,No,No,159920.92,0
15716619,Chiebuka,Germany,Female,36.0,3,74974.89,1,Yes,Yes,12099.67,0
15788367,Ellis,Spain,Male,44.0,6,61691.45,1,Yes,Yes,53087.98,0
15709451,Gordon,Germany,Female,35.0,1,121952.75,2,Yes,Yes,142839.82,0
15640421,Conway,FRA,Female,35.0,7,0.0,1,Yes,Yes,178.19,0
15580068,Buccho,Spain,Male,35.0,5,0.0,2,Yes,Yes,105618.14,0
15677123,Aksyonova,Spain,Male,37.0,7,0.0,2,Yes,Yes,24734.25,0
15619801,Batty,FRA,Female,33.0,1,80107.83,2,Yes,Yes,82245.67,0
15582246,Rowe,Spain,Female,45.0,2,0.0,2,Yes,Yes,177695.67,0
15711843,Pisani,Germany,Male,40.0,1,147856.82,3,No,No,107961.11,1
15680046,Onochie,Spain,Male,36.0,8,0.0,2,No,No,55207.41,0
15804131,Farmer,Spain,Female,53.0,7,65407.16,2,No,No,182633.63,1
15722611,Cameron,France,Female,53.0,8,114233.18,1,Yes,Yes,51587.04,0
15729224,Jennings,French,Female,37.0,5,0.0,2,No,No,115403.31,0
15811588,Eluemuno,Spain,Female,53.0,7,187602.18,1,No,No,186392.99,1
15702138,Swift,French,Female,22.0,3,156834.34,1,No,No,44374.44,0
15749799,Pisani,France,Female,34.0,2,0.0,2,Yes,Yes,84033.35,0
15752885,Nnonso,FRA,Male,42.0,1,157498.9,1,Yes,Yes,82276.62,0
15674932,Cameron,Spain,Female,44.0,9,0.0,2,No,No,177528.92,0
15743828,Stevens,French,Male,41.0,2,0.0,1,Yes,Yes,56850.92,1
15642022,Zito,Spain,Male,34.0,8,0.0,1,No,No,47972.65,0
15746461,Taylor,Spain,Male,35.0,2,0.0,2,No,No,104982.39,0
15809991,Ferrari,Spain,Male,19.0,4,130274.22,1,Yes,Yes,133535.29,0
15787322,Yeh,France,Female,41.0,6,0.0,1,Yes,Yes,25571.37,0
15575498,Gould,FRA,Female,39.0,5,149379.66,2,No,No,96075.55,0
15691387,Agafonova,French,Male,29.0,9,0.0,1,Yes,Yes,81634.45,0
15765457,Fowler,Spain,Male,35.0,1,100829.94,1,Yes,Yes,165008.97,0
15666173,Chidumaga,Germany,Female,32.0,1,96408.98,1,Yes,Yes,138191.81,0
15627377,Sabbatini,France,Male,41.0,6,0.0,2,Yes,Yes,99136.49,0
15656683,Johnson,French,Male,52.0,1,0.0,1,No,No,63584.55,1
15679810,Chapman,France,Male,39.0,6,0.0,2,No,No,160532.88,0
15606310,Birk,FRA,Male,71.0,5,149105.08,1,Yes,Yes,162683.06,0
15756871,Capon,Spain,Male,39.0,3,0.0,1,No,No,134878.19,0
15610002,Chidubem,Spain,Male,41.0,5,0.0,2,Yes,Yes,134626.3,0
15567802,Childs,Spain,Female,34.0,2,0.0,2,No,No,175480.93,0
15745452,Sun,Germany,Male,41.0,1,90218.11,1,No,No,174337.68,0
15617252,Lung,French,Female,33.0,1,87347.7,1,No,No,172524.51,0
15753248,Tao,France,Male,28.0,2,0.0,2,No,No,25395.83,0
15610755,Napolitano,FRA,Female,33.0,0,137811.75,1,Yes,Yes,184856.89,0
15662238,Davis,FRA,Male,37.0,3,105563.0,1,No,No,182624.93,0
15799186,Sagese,France,Male,38.0,4,0.0,2,No,No,192505.62,0
15686941,Hutchinson,Spain,Female,26.0,7,0.0,2,No,No,112507.63,0
15601172,Nelson,France,Male,31.0,6,91125.75,1,No,No,177295.92,0
15723858,Schiavone,Spain,Male,39.0,3,0.0,2,Yes,Yes,12465.51,0
15615896,Chienezie,Spain,Male,39.0,8,0.0,2,No,No,36122.96,0
15737647,Obioma,Germany,Female,77.0,6,135120.56,1,No,No,37836.64,0
15582841,Butusov,French,Male,29.0,8,0.0,2,Yes,Yes,34747.43,0
15760090,Pisano,FRA,Male,28.0,7,0.0,2,Yes,Yes,131097.9,0
15588587,Stetson,FRA,Female,36.0,1,86837.95,1,Yes,Yes,105280.55,0
15683157,Waring,FRA,Male,26.0,4,100446.57,1,Yes,Yes,149653.81,0
15694209,Fanucci,French,Female,32.0,3,0.0,2,Yes,Yes,139390.99,0
15655875,Thao,France,Female,33.0,3,0.0,2,No,No,132436.71,0
15805704,Murphy,French,Female,32.0,2,0.0,4,Yes,Yes,179705.13,1
15744789,McConnell,Spain,Female,32.0,6,114512.59,1,No,No,15796.66,0
15799357,Armfield,French,Male,35.0,5,136364.46,1,No,No,142754.71,0
15726153,Fanucci,France,Male,31.0,5,106260.67,1,Yes,Yes,2578.43,0
15713346,Panina,French,Male,24.0,10,146126.75,1,Yes,Yes,88992.05,0
15665053,Nixon,Spain,Male,52.0,4,111284.53,1,Yes,Yes,32936.44,1
15592379,Walker,Spain,Female,42.0,9,121056.63,2,No,No,39122.58,0
15692599,Chiemela,France,Male,34.0,5,128270.56,1,No,No,191092.62,0
15620758,Martel,Spain,Male,30.0,4,0.0,2,No,No,129149.06,0
15637428,Briggs,French,Male,35.0,7,0.0,2,No,No,13218.6,0
15808389,Iheatu,FRA,Female,79.0,7,0.0,1,Yes,Yes,160589.18,0
15807003,Jennings,French,Male,32.0,10,191775.65,1,No,No,179657.83,0
15702912,Ch'en,Spain,Female,35.0,2,0.0,1,No,No,44335.54,1
15590623,Kovalyov,Spain,Male,34.0,4,85141.79,2,Yes,Yes,29217.37,0
15728078,Yeh,France,Male,26.0,10,126392.18,1,Yes,Yes,43651.49,0
15708256,Chien,French,Male,28.0,3,0.0,2,No,No,159654.0,0
15582335,Brown,French,Female,40.0,9,129860.37,1,No,No,17992.94,0
15649150,Buddicom,FRA,Female,53.0,5,127642.44,1,No,No,141501.45,1
15691647,McGregor,FRA,Female,35.0,2,0.0,2,Yes,Yes,93825.78,0
15668270,Thompson,Germany,Female,44.0,5,125584.17,2,Yes,Yes,41852.24,1
15624820,Ross,Spain,Male,56.0,7,50911.21,3,No,No,97629.31,1
15736254,Ch'ang,French,Male,29.0,2,91955.61,1,No,No,37065.66,0
15720814,Warren,Germany,Female,36.0,2,84266.44,2,No,No,38614.69,0
15642997,Uspenskaya,France,Female,36.0,2,147149.59,1,Yes,Yes,87816.86,0
15693200,King,France,Female,36.0,7,0.0,2,No,No,184866.86,0
15624596,Trentini,France,Female,23.0,5,104822.45,1,Yes,Yes,160176.47,0
15807167,Konovalova,French,Male,42.0,1,146766.72,2,Yes,Yes,164357.1,0
15660301,Dellucci,Germany,Male,70.0,6,148745.92,2,Yes,Yes,17818.33,0
15593094,Goddard,French,Male,27.0,9,0.0,1,No,No,142680.64,1
15618239,Neumann,France,Female,48.0,0,0.0,1,No,No,85081.09,0
15574137,Ch'in,Spain,Male,35.0,3,0.0,2,Yes,Yes,176450.19,0
15614740,Walters,France,Female,41.0,6,135203.81,2,Yes,Yes,121967.88,0
15574071,Muravyova,Germany,Male,23.0,2,93301.97,2,Yes,Yes,127187.04,0
15671148,Barry,Germany,Male,33.0,5,96341.0,2,No,No,108313.34,0
15721921,Woolnough,FRA,Male,44.0,8,165326.2,1,Yes,Yes,57205.55,0
15717995,Keen,FRA,Male,27.0,0,0.0,2,Yes,Yes,157891.86,0
15632050,Liebe,FRA,Female,41.0,10,99786.2,1,No,No,86927.53,0
15647111,White,Spain,Female,22.0,4,114440.24,1,Yes,Yes,107753.07,0
15759991,Hunter,Spain,Male,36.0,4,141573.55,1,No,No,82158.14,0
15790204,Myers,Spain,Female,22.0,9,0.0,1,No,No,29135.89,1
15686780,Rogova,Spain,Female,55.0,1,133676.65,1,Yes,Yes,17095.49,0
15640491,Raff,FRA,Female,33.0,10,147493.7,2,No,No,100447.53,0
15783225,Cocci,FRA,Male,54.0,9,0.0,1,No,No,83470.4,1
15734438,Kanayochukwu,France,Female,29.0,4,0.0,2,No,No,121846.81,0
15688760,Obialo,Germany,Female,37.0,3,95022.57,1,Yes,Yes,129107.59,0
15768124,Liu,FRA,Female,34.0,3,0.0,1,No,No,54726.43,0
15661330,Gilbert,France,Male,37.0,6,0.0,1,Yes,Yes,116141.72,0
15781272,Coles,France,Male,50.0,4,149713.61,3,Yes,Yes,124872.42,1
15573888,Ponomaryov,Germany,Female,43.0,1,107963.38,1,No,No,186438.86,1
15575858,Bergamaschi,FRA,Male,40.0,3,0.0,2,No,No,134281.11,0
15645937,Guerin,Spain,Male,32.0,3,0.0,1,No,No,91044.47,0
15702337,Sinclair,FRA,Male,37.0,7,0.0,2,Yes,Yes,74320.75,0
15764537,Dominguez,FRA,Male,43.0,8,0.0,2,No,No,9704.66,0
15619616,Costa,FRA,Female,33.0,9,102017.25,2,No,No,128600.49,0
15585133,Wei,Spain,Female,27.0,8,0.0,2,No,No,6468.24,0
15573971,Mills,France,Male,44.0,7,0.0,2,No,No,57898.58,0
15579433,Pugh,Spain,Male,29.0,8,96674.55,2,No,No,192120.66,0
15777045,Price,Spain,Female,44.0,3,81811.71,1,No,No,164213.53,1
15611580,Wood,Spain,Male,33.0,4,79281.61,1,No,No,117547.76,0
15614778,Robertson,French,Male,31.0,6,0.0,2,No,No,26149.25,0
15771750,Sawtell,Germany,Female,36.0,10,122314.39,1,No,No,9181.66,0
15593280,Yuryeva,Germany,Male,43.0,8,140733.74,1,Yes,Yes,166588.76,0
15569274,Pisano,Germany,Male,49.0,2,116933.11,1,No,No,195053.58,1
15654408,Kharitonova,Spain,Male,41.0,5,165445.04,2,No,No,85787.31,0
15657468,Simmons,Germany,Female,53.0,5,123805.03,1,No,No,102428.51,0
15614213,Muramats,French,Male,37.0,0,107548.94,1,No,No,71175.94,0
15589869,Tang,FRA,Male,49.0,9,111634.29,2,Yes,Yes,166440.32,0
15693205,Peng,Germany,Female,41.0,8,109153.96,3,Yes,Yes,148848.76,1
15797113,Bevan,Spain,Female,34.0,4,0.0,2,No,No,140286.69,0
15676958,Zito,Germany,Male,34.0,5,86055.17,2,Yes,Yes,104220.5,0
15739592,Sokolov,Germany,Female,51.0,10,98438.23,1,No,No,70778.63,1
15656263,Teng,Spain,Male,29.0,5,0.0,2,No,No,65868.28,0
15636872,Amadi,France,Female,32.0,8,144705.87,2,No,No,171482.56,0
15589435,Davide,French,Male,31.0,7,0.0,2,Yes,Yes,143204.41,0
15640464,Parkes,France,Male,41.0,5,91612.91,1,Yes,Yes,28427.84,0
15723851,Mazzanti,Spain,Male,40.0,2,0.0,1,No,No,78387.32,0
15722122,Findlay,France,Female,40.0,7,0.0,1,Yes,Yes,161076.92,0
15696852,Hsu,France,Female,32.0,9,192122.84,1,Yes,Yes,54277.45,1
15634936,Chukwukadibia,France,Male,41.0,7,179904.0,1,Yes,Yes,137180.95,0
15575935,Baxter,France,Male,59.0,0,178058.06,2,Yes,Yes,21063.71,1
15634491,Kung,FRA,Male,30.0,2,176166.56,2,Yes,Yes,152210.81,0
15628530,Booth,France,Male,42.0,3,156864.2,2,No,No,88890.75,0
15678720,Evans,France,Female,44.0,7,0.0,2,Yes,Yes,190534.76,0
15627999,Kung,Spain,Male,30.0,3,0.0,2,No,No,83090.35,0
15571244,Tung,Spain,Female,33.0,3,0.0,2,Yes,Yes,141426.78,0
15739931,Yuan,French,Male,34.0,2,161588.89,1,Yes,Yes,51358.66,0
15806256,Jackson,French,Male,48.0,2,109349.29,1,No,No,88703.04,1
15787258,Ross,Spain,Female,29.0,6,0.0,2,No,No,116696.77,0
15706463,Yang,French,Female,36.0,9,0.0,2,Yes,Yes,7156.09,0
15691004,Yu,Spain,Male,37.0,1,0.0,1,Yes,Yes,49161.12,1
15792228,Onwumelu,French,Male,60.0,0,152335.7,1,No,No,126743.33,1
15733447,Gay,French,Female,51.0,1,124662.54,1,Yes,Yes,65390.46,1
15679062,Morrison,Germany,Female,47.0,10,91522.04,2,Yes,Yes,138835.91,0
15594409,Belov,French,Male,45.0,1,0.0,2,Yes,Yes,36154.66,0
15613816,Mao,Spain,Female,39.0,6,62052.28,1,Yes,Yes,59755.14,0
15681991,Walsh,FRA,Male,32.0,7,107871.72,1,No,No,125302.64,0
15796074,Bruno,French,Female,36.0,2,99472.76,2,No,No,94274.72,1
15625941,Gray,Spain,Female,50.0,10,128039.01,1,Yes,Yes,102260.16,0
15615016,Maurer,French,Male,33.0,2,0.0,2,Yes,Yes,136028.97,0
15748414,Chiang,Spain,Female,33.0,8,114634.63,2,No,No,110114.38,1
15751203,Cattaneo,French,Male,26.0,5,56738.47,2,Yes,Yes,100442.22,1
15662658,Grieve,Germany,Male,34.0,2,90355.12,2,No,No,193597.94,0
15574868,Lowell,Germany,Male,36.0,5,115725.24,2,No,No,1871.25,0
15790282,Trentino,Germany,Male,58.0,3,114327.59,2,Yes,Yes,42831.11,0
15762927,Sung,Germany,Female,36.0,6,100762.64,1,No,No,182156.86,0
15803456,Yen,FRA,Female,40.0,9,0.0,1,No,No,151648.66,1
15771857,Philipp,Spain,Male,39.0,7,89039.9,2,Yes,Yes,146738.83,0
15700601,Dynon,FRA,Male,34.0,1,78829.53,1,Yes,Yes,12148.2,0
15569670,Alexeyeva,Germany,Male,30.0,6,112372.96,1,Yes,Yes,118029.09,0
15772341,Hs?eh,Germany,Male,81.0,6,122029.15,1,Yes,Yes,50783.88,0
15661548,Ferri,French,Female,29.0,0,157829.12,1,No,No,129891.66,0
15787597,Hsu,Germany,Female,31.0,1,108377.75,2,Yes,Yes,9904.63,0
15806913,Bishop,French,Female,54.0,2,95507.12,1,Yes,Yes,63213.31,0
15804862,Toscani,Germany,Male,43.0,6,127146.68,1,No,No,137565.87,0
15792986,T'ao,Germany,Male,24.0,1,133811.78,1,No,No,17185.95,1
15625632,Philip,French,Male,36.0,3,121092.47,2,Yes,Yes,143783.46,0
15727703,Li Fonti,Germany,Male,34.0,10,126979.75,1,No,No,36823.28,0
15606273,Rene,French,Male,37.0,5,144235.73,2,No,No,154957.66,1
15799652,Daigle,FRA,Female,38.0,0,152582.2,2,No,No,31892.82,0
15715047,Joshua,Spain,Male,43.0,9,172478.15,1,No,No,191084.4,1
15784687,Simmons,FRA,Male,36.0,1,126477.42,1,No,No,179718.17,0
15615322,Jamieson,Spain,Male,43.0,7,97473.87,2,Yes,Yes,159823.16,0
15722072,Hou,French,Male,53.0,5,138053.67,1,Yes,Yes,114110.97,0
15646784,Cochran,French,Female,31.0,2,164003.05,2,Yes,Yes,60993.23,0
15644692,Bibb,French,Female,47.0,8,0.0,1,Yes,Yes,66408.01,1
15670354,Jen,France,Female,62.0,6,0.0,2,Yes,Yes,136398.9,0
15716357,Corran,Spain,Female,39.0,4,122486.11,2,Yes,Yes,140709.25,0
15786717,He,FRA,Male,36.0,1,0.0,2,No,No,8555.73,0
15771383,Loggia,Germany,Female,45.0,6,53667.44,1,No,No,115022.94,0
15649793,Lovely,France,Male,20.0,7,0.0,2,No,No,187638.34,0
15731543,Becker,Spain,Male,58.0,9,109327.65,1,Yes,Yes,3829.13,0
15684516,Plascencia,Spain,Male,34.0,1,121151.05,1,No,No,119357.93,0
15677249,Somadina,Spain,Male,42.0,9,101043.63,1,Yes,Yes,192175.52,0
15581525,Walker,Germany,Male,33.0,3,83501.66,2,No,No,128841.31,0
15628420,Alekseeva,Spain,Male,33.0,2,80462.24,1,No,No,150422.35,0
15600478,Watson,FRA,Male,39.0,3,0.0,1,No,No,188187.05,0
15594502,Zotov,FRA,Male,37.0,6,109093.41,2,No,No,1775.52,0
15784361,Williamson,Spain,Female,46.0,5,140355.6,1,Yes,Yes,85086.78,0
15767626,Carpenter,French,Male,42.0,10,0.0,2,Yes,Yes,3797.79,0
15632521,Cattaneo,Germany,Male,45.0,0,130170.82,2,No,No,150856.38,0
15665088,Gordon,French,Female,42.0,2,0.0,2,Yes,Yes,90537.47,0
15652084,Boni,French,Male,40.0,0,109542.29,1,Yes,Yes,166370.81,0
15574761,Lynch,FRA,Female,41.0,3,33563.95,2,No,No,178994.13,1
15729515,McCarthy,France,Male,36.0,1,148795.17,2,Yes,Yes,195681.43,0
15682070,Davies,France,Male,64.0,9,0.0,2,Yes,Yes,53277.15,0
15743817,Hargreaves,Germany,Male,40.0,8,174126.75,3,No,No,172490.78,1
15572158,Blackburn,Spain,Male,41.0,3,0.0,1,No,No,11819.84,0
15584477,K?,Spain,Female,35.0,1,106405.03,1,Yes,Yes,82900.25,0
15614893,Meng,Spain,Male,38.0,2,0.0,1,Yes,Yes,82709.8,0
15665963,Cattaneo,Spain,Male,30.0,2,128393.29,1,Yes,Yes,180593.45,0
15612524,Hunt,Germany,Male,41.0,2,127841.52,1,No,No,172363.41,0
15596962,Owens,France,Female,24.0,4,137295.19,2,Yes,Yes,91195.12,0
15744942,Steele,Spain,Female,55.0,2,155828.22,1,Yes,Yes,108987.25,1
15573278,Kennedy,FRA,Male,39.0,6,0.0,2,No,No,44265.28,0
15717056,Pan,Germany,Female,25.0,7,144351.86,1,No,No,116613.26,0
15795881,Alexander,Spain,Male,35.0,8,106365.29,1,Yes,Yes,148527.56,0
15758939,Bray,Germany,Male,35.0,7,127801.88,1,Yes,Yes,84239.46,0
15792250,Nnabuife,Germany,Female,45.0,4,122793.96,1,Yes,Yes,62002.04,0
15740406,Padovesi,Germany,Male,38.0,10,113525.84,1,No,No,46044.48,1
15768137,Bray,Spain,Female,23.0,6,136100.69,2,No,No,169669.33,1
15569120,Lucas,FRA,Male,30.0,7,0.0,2,Yes,Yes,156346.84,0
15723721,Tinline,French,Male,30.0,4,140916.81,1,No,No,157711.18,0
15777122,Esomchi,FRA,Female,31.0,4,0.0,2,Yes,Yes,89087.4,0
15742681,Liao,Germany,Male,26.0,4,121365.39,1,Yes,Yes,8742.36,0
15582090,Iroawuchi,Spain,Female,36.0,4,0.0,1,No,No,117038.96,0
15711254,Retana,French,Female,35.0,7,0.0,2,No,No,164241.67,0
15775067,Fang,French,Male,47.0,3,93578.68,2,Yes,Yes,137720.56,1
15602851,Ozioma,France,Male,40.0,9,0.0,1,No,No,106.67,0
15802857,Robson,Spain,Female,33.0,8,115409.6,1,Yes,Yes,1539.21,0
15701175,Bruno,French,Female,33.0,8,90791.69,1,Yes,Yes,59659.53,0
15783019,Price,FRA,Female,62.0,9,123681.32,3,No,No,173586.63,1
15728912,Swanson,France,Female,44.0,6,92436.86,1,No,No,126033.9,0
15585580,Chang,Germany,Female,52.0,9,167194.36,1,Yes,Yes,62808.93,1
15583480,Morgan,France,Female,36.0,4,0.0,2,Yes,Yes,147007.33,0
15620341,Nwebube,Germany,Male,44.0,9,160838.13,2,No,No,196261.64,0
15613886,Trevisan,Spain,Male,43.0,1,0.0,1,No,No,44560.17,1
15792916,Ositadimma,Spain,Female,40.0,7,144470.77,1,Yes,Yes,18917.95,0
15710408,Cunningham,Spain,Female,38.0,3,0.0,2,Yes,Yes,4525.4,0
15598695,Fields,Germany,Female,68.0,9,130169.27,2,Yes,Yes,93112.2,0
15649354,Johnston,Spain,Male,35.0,4,0.0,2,Yes,Yes,9658.41,0
15737556,Vasilyev,French,Male,43.0,7,81076.8,2,Yes,Yes,182627.25,1
15671610,Hooper,FRA,Male,36.0,7,0.0,1,Yes,Yes,13177.4,0
15625092,Colombo,Germany,Female,57.0,3,101465.31,1,No,No,43568.31,1
15741032,Tsao,France,Male,48.0,5,0.0,1,Yes,Yes,117830.57,0
15750014,Chikere,Germany,Female,37.0,0,113865.23,2,Yes,Yes,117396.25,0
15784761,Ballard,Spain,Female,46.0,7,87603.35,3,Yes,Yes,96929.24,1
15768359,Akhtar,France,Male,36.0,4,120037.96,1,No,No,36275.94,0
15805769,O'Loughlin,Spain,Male,33.0,4,0.0,2,No,No,116706.0,0
15719508,Davis,Germany,Male,49.0,7,121205.15,4,Yes,Yes,168080.53,1
15609011,Barry,Spain,Male,47.0,8,75408.33,1,No,No,25887.89,1
15703106,K'ung,French,Male,40.0,5,0.0,2,Yes,Yes,122488.59,0
15626795,Gorman,French,Female,40.0,3,0.0,1,No,No,113171.61,1
15773731,John,Spain,Female,35.0,5,0.0,2,No,No,100365.51,0
15756196,Tsou,FRA,Male,50.0,6,121818.84,2,Yes,Yes,124151.37,0
15687903,Okonkwo,France,Female,29.0,8,0.0,2,No,No,112664.24,0
15777599,Esposito,Germany,Male,34.0,6,141806.0,2,Yes,Yes,183494.87,0
15754577,Boni,FRA,Female,51.0,8,61354.14,1,No,No,198810.65,1
15584113,Pratt,Germany,Female,53.0,4,124954.94,1,Yes,Yes,131259.6,1
15669589,Page,Germany,Female,68.0,1,95039.12,1,Yes,Yes,116471.14,1
15632793,Wilkinson,FRA,Female,29.0,9,103417.74,1,Yes,Yes,15336.4,0
15711130,Tseng,French,Male,45.0,2,0.0,2,No,No,99593.28,0
15615254,Clark,French,Male,40.0,10,43028.77,1,No,No,170514.21,0
15720583,Finch,Germany,Female,44.0,0,119638.21,1,Yes,Yes,34265.08,1
15780432,Shen,FRA,Male,37.0,3,122689.51,2,No,No,106977.53,1
15673223,Hou,FRA,Male,44.0,10,0.0,2,No,No,164287.86,0
15807989,Wall,Germany,Male,37.0,8,73179.34,2,Yes,Yes,25292.53,0
15761168,Manna,France,Female,38.0,4,171913.87,1,No,No,51820.87,1
15651272,Reyes,FRA,Male,38.0,5,0.0,2,Yes,Yes,81452.29,0
15812832,Jideofor,Germany,Male,33.0,8,92659.2,2,No,No,1354.25,0
15680517,Sal,Germany,Female,34.0,7,137239.17,1,Yes,Yes,71379.92,1
15750569,Iweobiegbunam,Germany,Female,46.0,3,102955.14,2,No,No,154137.33,0
15690743,Shao,France,Female,61.0,8,65190.29,1,Yes,Yes,64308.49,1
15627741,Heath,Germany,Female,29.0,2,96863.52,2,Yes,Yes,31613.35,0
15712121,Chidimma,Spain,Male,34.0,5,154983.98,1,No,No,27738.01,0
15805429,Murray,Germany,Male,59.0,3,106819.65,1,Yes,Yes,163570.25,0
15814923,Sullivan,Spain,Male,38.0,7,128578.52,1,Yes,Yes,193878.51,0
15589230,Wu,FRA,Female,63.0,2,126473.33,1,Yes,Yes,147545.65,0
15775490,Downie,FRA,Female,38.0,5,110570.78,2,No,No,195906.59,0
15749727,Chukwufumnanya,Spain,Male,50.0,7,0.0,2,Yes,Yes,178458.86,0
15619238,Allan,Spain,Male,29.0,8,0.0,2,No,No,156125.72,0
15593468,Findlay,FRA,Female,33.0,3,0.0,2,Yes,Yes,11159.19,0
15718454,Ch'eng,Spain,Female,44.0,2,0.0,2,No,No,45738.94,0
15789498,Miller,French,Male,30.0,3,111099.79,2,No,No,140650.19,0
15744691,Tsai,FRA,Female,29.0,3,0.0,3,No,No,4733.94,0
15708289,Graham,Spain,Male,25.0,3,100913.57,1,No,No,10579.72,0
15790412,Norton,Spain,Male,26.0,8,0.0,2,Yes,Yes,179655.87,0
15741416,Yegorov,FRA,Male,42.0,2,16893.59,1,Yes,Yes,77502.56,0
15598894,Holt,Spain,Male,38.0,10,122267.85,1,No,No,145759.93,0
15663294,Kao,French,Male,32.0,1,125685.79,1,Yes,Yes,56246.72,0
15572728,Ross,Spain,Male,36.0,8,127397.34,1,No,No,151335.24,0
15706729,Hsiao,French,Male,38.0,0,105271.56,1,Yes,Yes,179833.45,0
15674433,Allan,Germany,Female,28.0,2,115265.14,1,No,No,191627.85,0
15641170,Liang,Spain,Male,36.0,4,0.0,1,No,No,173016.46,0
15806284,Briggs,Spain,Male,31.0,1,0.0,2,Yes,Yes,58469.75,0
15690958,Cantrell,Germany,Male,23.0,2,139542.82,1,Yes,Yes,28038.28,0
15606386,Wang,Germany,Female,46.0,3,111512.75,3,No,No,159576.75,1
15682322,Aksenov,FRA,Male,37.0,9,148466.93,2,Yes,Yes,151280.96,0
15579915,Glennon,French,Male,29.0,4,0.0,2,No,No,139953.94,0
15681928,Yancy,French,Female,35.0,4,108155.49,1,No,No,105407.79,0
15734005,Mazzi,France,Female,42.0,1,0.0,2,No,No,56865.62,0
15650432,Liu,Germany,Male,41.0,10,84622.13,1,Yes,Yes,198072.16,0
15592578,Nucci,Spain,Female,41.0,7,146997.64,2,No,No,137791.18,0
15671243,Y?,France,Female,47.0,9,0.0,2,No,No,103787.28,0
15775709,Nucci,French,Female,27.0,10,98590.25,1,No,No,30912.89,0
15702631,Tang,France,Female,26.0,2,0.0,2,Yes,Yes,78651.55,0
15602282,Kao,Germany,Female,45.0,8,134980.74,1,Yes,Yes,123309.57,1
15717879,Chen,Spain,Female,79.0,5,108078.56,1,Yes,Yes,174118.93,0
15740878,Yao,Spain,Female,29.0,9,0.0,2,Yes,Yes,85736.26,0
15794468,Tsou,FRA,Female,42.0,6,0.0,2,No,No,121138.77,0
15773277,Barnes,France,Male,35.0,5,106836.67,2,No,No,84199.78,0
15572657,H?,French,Male,29.0,8,102490.27,1,Yes,Yes,181224.56,0
15800295,Cruz,Germany,Male,34.0,9,112746.54,2,No,No,141230.07,0
15672397,Smith,FRA,Male,38.0,0,125487.89,1,No,No,158111.71,0
15684921,Onuchukwu,Spain,Male,25.0,8,142862.21,1,Yes,Yes,130639.01,0
15720676,Bukowski,French,Female,37.0,7,0.0,2,No,No,17040.82,0
15731829,Simmons,French,Male,34.0,10,0.0,2,No,No,25662.27,0
15732672,Stewart,Spain,Male,35.0,6,79388.33,1,Yes,Yes,193360.69,0
15692406,Gow,French,Male,37.0,5,0.0,2,Yes,Yes,121485.1,0
15764405,Williams,France,Male,29.0,10,0.0,2,Yes,Yes,162452.65,0
15757537,Francis,France,Female,31.0,6,107784.65,1,Yes,Yes,141137.53,0
15793307,Calabresi,Spain,Female,41.0,4,142880.28,3,No,No,185541.2,1
15660679,Chimaobim,Spain,Female,38.0,9,149571.94,1,No,No,118383.18,0
15666856,Chikwendu,France,Male,49.0,1,142767.39,1,Yes,Yes,8214.41,0
15687372,Padovesi,Germany,Male,49.0,8,121537.71,2,No,No,46521.45,1
15667289,Henderson,Spain,Male,50.0,2,0.0,2,No,No,10772.13,0
15624641,Kharlamova,Spain,Male,43.0,9,0.0,1,No,No,199290.68,1
15734610,Onio,French,Male,42.0,4,89838.71,3,No,No,85983.54,1
15631882,Yeh,Germany,Male,45.0,9,103399.87,1,No,No,129870.93,0
15642709,Feng,France,Female,30.0,9,0.0,2,No,No,63158.22,0
15811026,Norman,Germany,Male,43.0,5,136855.94,2,No,No,171070.52,0
15596303,White,FRA,Female,39.0,0,0.0,2,No,No,53222.15,1
15787255,Manfrin,Germany,Female,55.0,2,140891.46,3,Yes,Yes,179834.45,1
15617166,Ritchie,FRA,Male,37.0,0,0.0,1,No,No,114514.64,0
15742442,Udegbulam,Spain,Female,46.0,5,89364.91,1,Yes,Yes,139162.15,0
15758692,Kao,France,Female,29.0,7,146011.4,1,No,No,50249.16,0
15568238,Diaz,Spain,Male,20.0,8,0.0,2,Yes,Yes,113469.65,0
15730353,Olisaemeka,Germany,Male,29.0,9,145294.08,2,No,No,147484.13,0
15731555,Ross-Watt,Germany,Female,45.0,9,106000.12,1,No,No,191448.96,1
15582404,Miller,Spain,Female,26.0,5,0.0,2,No,No,119381.41,0
15721462,Shubin,Spain,Female,58.0,2,0.0,2,Yes,Yes,33277.31,0
15632899,Nwankwo,Spain,Male,20.0,9,104508.77,2,No,No,73107.53,0
15808526,Cartwright,Germany,Female,58.0,3,127539.3,1,Yes,Yes,96590.39,1
15694349,Ngozichukwuka,Spain,Male,44.0,7,0.0,1,Yes,Yes,6923.11,0
15718465,Sadler,Germany,Male,51.0,3,96891.46,1,No,No,176403.33,1
15682995,Azuka,France,Female,32.0,1,78535.25,1,No,No,64349.6,0
15584776,Shen,Spain,Female,37.0,9,112712.17,1,No,No,116097.26,0
15777772,Whittaker,Spain,Male,55.0,9,119618.42,1,Yes,Yes,29861.13,0
15576156,Abazu,Spain,Female,28.0,6,0.0,1,No,No,48426.98,0
15646756,Murphy,French,Female,33.0,8,74963.5,1,Yes,Yes,32770.56,0
15742886,Ford,French,Male,26.0,1,138023.79,2,Yes,Yes,117060.2,0
15586135,Gratwick,Spain,Female,28.0,4,0.0,1,Yes,Yes,136197.65,0
15616152,Pai,France,Female,47.0,1,185513.67,1,No,No,27438.83,0
15721460,Lorenzo,France,Male,60.0,8,185648.56,1,No,No,192156.54,1
15727317,Brady,Germany,Female,49.0,1,102286.6,3,No,No,69409.37,1
15649536,Wong,Germany,Male,38.0,4,128015.83,1,No,No,58440.43,0
15754929,Douglas,France,Male,31.0,10,39539.39,2,No,No,192519.39,0
15572051,Kennedy,France,Male,40.0,3,0.0,1,Yes,Yes,144874.67,0
15668142,Chang,France,Male,37.0,3,77608.46,2,Yes,Yes,175373.46,0
15701176,Brown,France,Male,26.0,5,141462.13,1,No,No,440.2,0
15708422,Hsiung,Spain,Female,35.0,0,0.0,2,No,No,76637.38,0
15655632,MacDonald,France,Male,27.0,2,131691.33,1,No,No,49480.66,0
15744606,Davidson,Spain,Male,29.0,8,93833.86,1,Yes,Yes,10417.87,0
15612140,Milano,Spain,Female,46.0,7,137933.39,1,Yes,Yes,67976.57,0
15656086,Bovee,Spain,Male,54.0,8,105770.14,1,Yes,Yes,140929.98,1
15655298,Lewis,Spain,Female,54.0,5,0.0,2,Yes,Yes,47139.06,0
15644796,Dyer,Spain,Female,38.0,8,0.0,2,Yes,Yes,126241.4,1
15726250,Hsia,FRA,Female,38.0,3,166328.65,2,Yes,Yes,22614.19,0
15764432,Hicks,Germany,Female,42.0,2,164307.77,1,No,No,48498.19,0
15631721,Millar,Germany,Male,38.0,9,163965.69,2,Yes,Yes,103511.26,0
15707479,Fan,French,Male,40.0,7,125608.72,1,No,No,122073.48,0
15579826,Young,France,Female,66.0,9,0.0,1,No,No,65535.56,0
15668104,Kerr,Spain,Male,37.0,6,118433.94,1,Yes,Yes,160060.9,0
15641604,Frolova,FRA,Female,55.0,10,98488.08,1,No,No,155879.57,1
15587240,Vasilyev,FRA,Male,40.0,4,0.0,2,Yes,Yes,194416.58,0
15680767,Sabbatini,Germany,Female,64.0,10,98362.35,2,Yes,Yes,21630.21,0
15601594,Ifeanacho,France,Female,51.0,6,144237.91,4,No,No,157143.61,1
15589969,Capon,French,Male,34.0,6,0.0,1,Yes,Yes,52796.31,0
15703728,Chieloka,Spain,Male,47.0,4,0.0,1,No,No,121798.52,1
15617790,Hanson,France,Female,29.0,4,105767.28,2,No,No,41104.82,0
15662500,Ts'ao,Spain,Male,32.0,9,0.0,2,No,No,10604.48,0
15778526,Bradshaw,Spain,Female,48.0,5,0.0,2,No,No,78563.66,0
15670584,Nkemakolam,Spain,Male,31.0,2,0.0,1,Yes,Yes,170821.43,1
15748069,Clunie,France,Female,25.0,3,134467.26,1,Yes,Yes,113266.09,0
15680597,Cover,Germany,Male,38.0,1,138515.02,1,Yes,Yes,171768.76,0
15628992,Esposito,Germany,Male,32.0,2,128647.98,2,No,No,54416.18,0
15719624,Hodgson,French,Female,38.0,9,121858.98,1,No,No,130755.34,0
15812767,Harvey,Spain,Male,70.0,3,0.0,2,Yes,Yes,141180.66,0
15689201,Dobie,FRA,Female,49.0,1,120108.56,1,Yes,Yes,183421.76,0
15614716,Okwudilichukwu,French,Female,37.0,0,196853.62,1,Yes,Yes,132770.11,0
15683618,Dyer,FRA,Female,35.0,3,121418.62,1,Yes,Yes,24400.37,0
15799631,Chase,Spain,Male,36.0,10,0.0,2,Yes,Yes,180318.6,0
15692259,Baresi,France,Female,29.0,9,0.0,2,No,No,111565.45,0
15590966,Lo,Germany,Female,42.0,4,97495.8,2,No,No,2002.5,0
15656426,Tyler,French,Female,42.0,3,0.0,2,No,No,82565.01,0
15675256,Ts'ui,Spain,Male,33.0,5,127343.4,1,Yes,Yes,121789.3,0
15751185,Aparicio,Spain,Female,50.0,0,158633.61,1,No,No,193785.87,0
15789582,Macleod,FRA,Male,55.0,9,0.0,1,No,No,64593.07,0
15651103,Sal,Spain,Female,69.0,9,183744.98,1,Yes,Yes,196993.69,0
15672299,Yeh,French,Male,44.0,6,0.0,2,Yes,Yes,175518.31,0
15772250,Udegbunam,Spain,Male,46.0,9,0.0,1,No,No,17268.02,0
15763922,Alexandrov,FRA,Male,31.0,7,79962.92,2,No,No,60901.72,0
15633870,Ozioma,France,Female,36.0,10,0.0,2,Yes,Yes,100750.03,0
15624323,Atkins,French,Male,36.0,4,0.0,2,Yes,Yes,195224.91,0
15688612,Campos,French,Male,33.0,7,140956.99,1,No,No,3510.18,0
15694644,Wood,Spain,Female,43.0,6,0.0,1,Yes,Yes,81250.79,0
15587174,Kerr,FRA,Male,29.0,7,0.0,2,Yes,Yes,91844.14,1
15579559,Chienezie,Spain,Male,30.0,8,145241.63,1,Yes,Yes,80676.83,0
15775430,Tsou,Germany,Male,31.0,7,138008.06,2,No,No,129912.74,0
15623695,McKinnon,France,Female,31.0,4,0.0,2,Yes,Yes,142029.17,0
15760849,Nwachukwu,French,Male,39.0,2,0.0,2,Yes,Yes,137651.6,0
15813095,Nwebube,French,Male,37.0,2,0.0,2,No,No,33877.29,0
15705281,Burt,Spain,Male,38.0,9,0.0,1,No,No,78744.39,0
15812594,Ross,France,Male,34.0,7,0.0,2,No,No,96734.46,0
15626322,Lees,Spain,Female,29.0,9,127570.93,2,No,No,164756.81,0
15723105,Feetham,France,Female,28.0,6,0.0,1,Yes,Yes,164394.65,0
15588449,Chuang,Spain,Female,27.0,5,107812.67,1,Yes,Yes,162501.83,1
15794849,Aitken,Germany,Male,22.0,7,91560.58,2,No,No,10541.38,0
15620000,Chambers,Germany,Male,34.0,6,121303.77,2,Yes,Yes,59325.21,0
15799720,Coburn,Spain,Male,43.0,8,161546.68,2,Yes,Yes,178187.28,0
15711287,Ahmed,Spain,Female,35.0,5,128415.45,1,No,No,142626.49,0
15613102,Ogochukwu,France,Female,31.0,2,57530.06,1,Yes,Yes,181893.31,1
15621440,Soto,France,Male,38.0,1,0.0,2,Yes,Yes,156858.2,0
15677146,Obiajulu,France,Female,28.0,4,142243.54,2,No,No,33074.51,0
15801169,Yegorova,Germany,Female,39.0,9,138341.51,1,No,No,50072.94,1
15722425,Lucchese,French,Male,32.0,9,0.0,2,No,No,111340.36,0
15682421,Talbot,FRA,Female,30.0,2,0.0,2,Yes,Yes,100496.84,1
15691910,Lu,Spain,Male,30.0,4,0.0,3,No,No,101371.05,0
15721779,Arnold,Spain,Male,41.0,5,146466.46,2,No,No,180934.67,0
15579548,Nicholson,Spain,Male,36.0,5,0.0,2,No,No,105152.17,0
15681075,Chukwualuka,FRA,Female,58.0,1,0.0,1,Yes,Yes,706.5,0
15607884,Wallace,FRA,Female,39.0,8,0.0,2,Yes,Yes,101168.9,0
15767757,Pisano,Spain,Female,29.0,9,120307.58,1,Yes,Yes,6795.61,0
15791550,Kelly,French,Male,27.0,4,87637.26,2,No,No,196111.35,0
15658589,Brady,Spain,Male,38.0,2,94652.04,1,Yes,Yes,171960.76,0
15670822,Palmer,France,Female,22.0,7,114415.84,1,Yes,Yes,177497.4,0
15629744,Tan,French,Female,71.0,8,0.0,2,Yes,Yes,147995.96,0
15660768,L?,French,Male,40.0,1,84315.02,1,No,No,36209.1,0
15726310,Mordvinova,Spain,Female,27.0,3,0.0,2,No,No,143614.01,0
15641298,Corones,Germany,Male,42.0,9,93955.83,2,No,No,14828.54,0
15625675,Clements,French,Male,36.0,1,67087.69,1,No,No,154775.7,0
15713354,Morrice,Germany,Female,22.0,6,101528.61,1,No,No,70529.0,1
15633866,Hsiung,Germany,Male,30.0,1,110824.52,1,Yes,Yes,57896.27,0
15704231,Barrett,French,Female,33.0,8,0.0,1,Yes,Yes,69759.91,0
15735400,Kanayochukwu,France,Male,28.0,8,179960.2,1,No,No,89938.08,0
15632826,Tardent,France,Male,38.0,3,134006.77,1,No,No,89578.32,0
15751022,Bowhay,Germany,Female,37.0,10,121532.17,2,Yes,Yes,73464.88,0
15664737,Lei,Spain,Female,38.0,7,0.0,2,Yes,Yes,138542.87,0
15681126,Baker,Spain,Female,38.0,2,0.0,1,Yes,Yes,161888.63,0
15738954,Pisano,French,Male,35.0,7,129717.3,2,No,No,86937.2,0
15662263,Castillo,Germany,Male,22.0,4,94762.16,2,Yes,Yes,42241.54,0
15621611,Gibson,Germany,Male,55.0,5,155196.17,1,Yes,Yes,121207.66,1
15783752,Lindsay,Germany,Male,29.0,4,129514.99,1,Yes,Yes,102930.46,0
15709474,Macnamara,Germany,Female,57.0,3,113386.36,2,Yes,Yes,65121.63,1
15701280,Romano,France,Male,24.0,3,0.0,1,Yes,Yes,78498.04,1
15671104,Aksakova,Spain,Male,43.0,3,172196.23,1,Yes,Yes,104769.96,0
15796434,Farnsworth,France,Male,28.0,5,97612.12,1,Yes,Yes,96498.14,0
15781505,Giordano,France,Male,20.0,4,104719.94,2,No,No,38691.34,0
15625819,Arnold,FRA,Female,38.0,7,0.0,1,No,No,164804.02,0
15753174,Thompson,Germany,Male,37.0,9,139592.98,3,No,No,104152.65,1
15654067,Koch,Spain,Female,29.0,4,0.0,2,No,No,88866.92,0
15724719,Jones,French,Female,22.0,7,139096.85,1,No,No,129890.94,0
15624695,Otitodilinna,Spain,Female,72.0,7,140301.72,1,Yes,Yes,179258.67,0
15718216,Fleetwood-Smith,Spain,Male,43.0,3,0.0,1,No,No,72051.44,0
15586300,Chinonyelum,FRA,Male,66.0,7,0.0,2,Yes,Yes,74580.8,0
15783349,Montague,Spain,Male,39.0,1,111233.09,1,Yes,Yes,123995.15,0
15725767,Milani,FRA,Male,23.0,3,0.0,2,No,No,38960.59,0
15791925,Palermo,France,Male,29.0,10,147737.63,1,Yes,Yes,94951.27,0
15793585,Anderson,France,Male,35.0,8,0.0,2,Yes,Yes,56642.97,0
15576641,Crawford,Germany,Male,40.0,5,125725.02,2,Yes,Yes,50783.1,0
15749519,Lin,France,Male,38.0,6,128289.7,3,No,No,9149.96,1
15684960,Yewen,France,Female,46.0,5,0.0,1,No,No,21006.1,1
15591286,Simmons,Germany,Female,49.0,4,88826.07,1,Yes,Yes,33759.41,1
15668323,Mbadiwe,France,Female,41.0,1,143443.61,1,No,No,196622.28,1
15608528,Munro,France,Female,68.0,9,0.0,4,Yes,Yes,176353.87,1
15645184,Graham,France,Male,29.0,2,0.0,2,No,No,176943.59,0
15702566,Lombardo,Spain,Male,26.0,8,149134.46,1,Yes,Yes,177966.24,0
15660840,Kalinin,FRA,Male,30.0,3,124119.54,1,No,No,162198.32,0
15750811,Woodward,Germany,Male,44.0,3,116822.7,1,No,No,197643.24,0
15733842,Pirozzi,France,Female,24.0,1,103219.47,1,No,No,60420.07,0
15581526,Iweobiegbulam,France,Male,41.0,1,0.0,2,No,No,70550.0,0
15662751,Piazza,Germany,Female,40.0,0,81954.6,1,Yes,Yes,198798.44,1
15684319,Baranova,Germany,Female,37.0,10,95196.26,1,No,No,126310.39,1
15702190,Fan,Spain,Male,43.0,5,0.0,2,Yes,Yes,64515.5,0
15588517,Sun,FRA,Male,38.0,7,0.0,2,Yes,Yes,158580.05,0
15801863,Marino,FRA,Female,32.0,2,136555.01,2,Yes,Yes,129353.21,0
15584271,Donaldson,FRA,Male,59.0,5,0.0,1,Yes,Yes,137273.97,0
15700366,Burton,France,Male,39.0,3,119452.03,1,Yes,Yes,171575.54,0
15804038,Quinn,France,Male,44.0,9,0.0,1,Yes,Yes,96528.0,1
15720820,Sabbatini,Germany,Female,24.0,9,69881.09,2,Yes,Yes,64421.02,0
15743759,Brooks,France,Male,39.0,5,0.0,2,Yes,Yes,158444.61,0
15749947,Black,French,Female,44.0,7,0.0,2,Yes,Yes,66548.58,0
15670496,Schwartz,Spain,Female,27.0,9,0.0,2,No,No,108008.05,0
15746664,Ts'ui,Spain,Male,20.0,8,204223.03,1,No,No,128268.39,0
15745533,Sargent,FRA,Female,63.0,1,110314.21,2,No,No,37464.0,1
15761497,Udinesi,Spain,Female,48.0,1,163760.82,1,No,No,157381.14,1
15628600,Lee,Germany,Female,31.0,1,141069.18,3,Yes,Yes,194257.11,0
15627002,Taylor,FRA,Male,38.0,1,115934.74,1,Yes,Yes,139059.05,0
15614635,Kepley,French,Male,52.0,2,151457.88,1,Yes,Yes,40893.61,0
15731281,Ozuluonye,Germany,Female,35.0,3,154206.07,2,Yes,Yes,40261.49,0
15814022,Lassetter,FRA,Female,26.0,9,89928.99,1,No,No,46203.31,0
15659194,Mishina,FRA,Male,30.0,8,89182.09,1,Yes,Yes,13126.9,0
15745030,Trevisano,Germany,Male,41.0,1,79706.25,2,No,No,165675.01,0
15691817,Iloerika,Spain,Female,44.0,5,0.0,3,No,No,5459.07,1
15707488,Tan,French,Female,27.0,5,0.0,2,No,No,131919.48,0
15784700,Chikelu,FRA,Male,31.0,7,117799.28,1,Yes,Yes,182372.35,0
15710397,Lin,France,Male,26.0,4,0.0,2,No,No,147600.54,0
15687648,Nicholson,France,Male,28.0,1,0.0,2,No,No,92865.41,0
15732281,Ugoji,Germany,Male,34.0,6,146422.22,1,No,No,67142.97,1
15607230,Michel,Germany,Male,33.0,9,150186.22,2,Yes,Yes,65611.01,0
15567630,Bruce,Germany,Male,40.0,6,100275.88,1,No,No,138564.48,1
15587507,Feng,France,Male,47.0,6,0.0,1,No,No,187391.02,1
15733904,McDonald,France,Male,32.0,9,147493.89,1,No,No,33656.35,0
15709511,Watt,FRA,Male,43.0,8,0.0,2,No,No,100618.17,0
15579616,Goodwin,FRA,Female,42.0,8,0.0,2,Yes,Yes,198134.9,0
15694852,Arcuri,French,Male,29.0,4,121823.4,2,Yes,Yes,50368.87,0
15589924,Rapuluolisa,Spain,Female,40.0,1,0.0,2,Yes,Yes,108787.0,0
15799300,Kao,Germany,Male,31.0,0,113688.63,1,No,No,33099.41,1
15731330,Tsui,Spain,Female,40.0,7,100471.34,1,Yes,Yes,124550.88,0
15694129,Summers,Germany,Female,28.0,3,100032.52,1,No,No,5159.21,1
15620372,Cross,Spain,Male,31.0,3,0.0,2,No,No,48228.1,0
15744622,Osorio,French,Male,32.0,8,116358.0,1,No,No,108798.36,0
15799815,Bobrov,Germany,Female,23.0,4,163549.63,1,Yes,Yes,21085.12,0
15759250,Barnett,Germany,Male,51.0,3,99183.9,1,Yes,Yes,28922.25,0
15732643,Pike,Spain,Female,53.0,1,131955.07,1,Yes,Yes,62514.65,1
15690540,Gearheart,Spain,Female,41.0,1,134177.06,1,No,No,177506.66,0
15803078,Bruno,Spain,Female,38.0,1,0.0,2,No,No,90605.05,0
15652180,Egobudike,France,Male,30.0,2,0.0,2,Yes,Yes,132029.95,0
15741195,Okechukwu,Spain,Male,19.0,5,0.0,1,Yes,Yes,176903.35,0
15743490,Zikoranachidimma,Germany,Female,56.0,9,94348.94,1,No,No,29239.29,1
15575510,Milanesi,FRA,Female,32.0,2,155584.21,1,Yes,Yes,153662.88,0
15732610,Ahern,France,Female,28.0,6,0.0,2,No,No,154389.18,0
15602909,Dickson,Spain,Female,41.0,10,0.0,2,Yes,Yes,166224.39,0
15734058,Anayochukwu,Germany,Male,32.0,9,170661.47,1,Yes,Yes,21646.2,0
15801788,McDonald,Germany,Female,29.0,6,185544.36,1,No,No,171037.63,0
15702462,Fiorentini,Spain,Female,44.0,6,52831.13,1,Yes,Yes,112649.22,1
15683416,Russo,Germany,Male,51.0,8,97750.07,3,Yes,Yes,193014.26,1
15794187,Young,FRA,Male,36.0,6,114007.5,2,No,No,118120.88,0
15792989,Bianchi,French,Female,71.0,1,104308.77,1,Yes,Yes,25650.04,0
15613734,Fallaci,FRA,Female,33.0,6,84719.13,2,Yes,Yes,113048.79,0
15606177,Crawford,France,Male,39.0,2,0.0,2,No,No,87372.49,0
15636700,Marsh,France,Male,39.0,9,140236.98,1,Yes,Yes,146651.99,0
15645766,Kosisochukwu,Spain,Male,25.0,9,0.0,2,Yes,Yes,8227.91,0
15671345,Piccio,Spain,Female,42.0,6,75302.85,2,No,No,57034.35,0
15652469,Nevels,FRA,Male,27.0,1,0.0,2,No,No,93003.21,0
15749638,Kaodilinakachukwu,France,Female,51.0,9,104760.82,1,Yes,Yes,165574.54,1
15728706,Amaechi,French,Female,49.0,7,0.0,1,No,No,13566.48,1
15735439,P'an,Spain,Female,31.0,1,113693.0,1,No,No,82796.29,0
15778696,Ikemefuna,Spain,Female,36.0,5,174180.39,1,No,No,119830.08,0
15624744,Tai,Germany,Male,42.0,9,115766.26,1,No,No,72155.85,1
15584338,Winn,FRA,Female,40.0,0,0.0,2,No,No,62762.12,0
15726178,Hardy,Spain,Female,48.0,8,0.0,2,No,No,183235.33,0
15794939,Chiu,FRA,Female,72.0,5,121215.9,2,Yes,Yes,105206.48,0
15788068,Lopez,Germany,Male,45.0,10,144677.19,3,No,No,22512.44,1
15572956,Steen,France,Male,36.0,5,115350.63,1,Yes,Yes,122305.91,0
15780386,Ferri,Spain,Male,40.0,5,105683.63,1,No,No,173617.09,0
15791114,Yegorova,FRA,Male,37.0,1,135179.49,1,No,No,160670.37,0
15708046,Knowles,Spain,Male,31.0,0,117551.23,1,No,No,158958.9,0
15719779,May,Germany,Male,25.0,1,157404.02,2,No,No,93073.04,0
15591550,Bianchi,Spain,Male,36.0,3,77910.23,1,No,No,67238.01,0
15639368,Pipes,FRA,Male,25.0,0,110942.9,1,No,No,172576.56,0
15699830,Doherty,France,Female,40.0,7,0.0,2,Yes,Yes,122580.48,0
15569264,Yobanna,French,Male,32.0,5,179305.09,1,Yes,Yes,149043.78,0
15595158,Hsu,Germany,Male,31.0,5,150593.59,2,Yes,Yes,105218.45,0
15599126,Russell,France,Female,43.0,0,123815.86,1,Yes,Yes,78463.99,1
15650575,Payne,Spain,Female,59.0,6,0.0,2,Yes,Yes,160849.43,1
15641490,Windsor,Germany,Female,25.0,8,69385.17,2,No,No,87834.24,0
15680234,Bray,Germany,Male,27.0,2,138032.15,1,No,No,166317.71,0
15592230,Seleznyov,FRA,Male,41.0,3,0.0,2,Yes,Yes,137309.06,0
15626212,Wark,French,Male,29.0,9,0.0,1,Yes,Yes,166984.44,0
15700627,Y?,Germany,Female,46.0,2,143500.82,1,No,No,166996.46,1
15782641,Brown,Spain,Female,29.0,3,119670.18,1,No,No,188022.44,0
15784445,Huang,Spain,Male,33.0,1,99106.73,1,No,No,194467.23,0
15813681,Zito,Germany,Male,24.0,2,120135.55,2,Yes,Yes,125449.47,0
15596649,Bailey,France,Female,39.0,8,0.0,1,No,No,137452.57,0
15700460,Allnutt,French,Female,55.0,4,120905.03,1,Yes,Yes,123475.88,1
15724076,Christie,Spain,Female,57.0,5,0.0,3,No,No,38941.44,1
15784000,Pope,Germany,Female,34.0,9,102277.52,1,No,No,177852.57,1
15733966,Johnstone,Germany,Female,55.0,4,125292.53,1,Yes,Yes,31532.96,1
15612667,Bird,Spain,Male,42.0,0,0.0,1,No,No,136377.21,0
15654025,Jones,FRA,Female,51.0,4,101629.3,1,No,No,130541.1,0
15589431,Pedder,Germany,Male,47.0,1,171937.27,1,Yes,Yes,65636.92,0
15578238,Calabrese,France,Male,47.0,7,0.0,2,No,No,193305.35,0
15566269,Chialuka,France,Male,25.0,5,0.0,2,No,No,47307.9,0
15639217,McKenzie,French,Male,34.0,6,0.0,2,No,No,100809.99,0
15688644,Holloway,France,Male,31.0,1,129743.75,1,No,No,109145.2,0
15662426,Tang,Spain,Male,32.0,1,0.0,1,Yes,Yes,91167.19,1
15720511,Byrne,Germany,Male,41.0,3,151191.31,1,No,No,175295.89,1
15567246,Selwyn,Germany,Male,32.0,3,102630.13,2,Yes,Yes,127433.47,0
15647965,Genovese,FRA,Female,57.0,9,114023.64,2,Yes,Yes,71167.17,1
15679048,Koger,Germany,Male,41.0,2,124227.14,1,Yes,Yes,111184.67,0
15675749,Baranov,French,Female,23.0,1,0.0,2,Yes,Yes,141756.32,0
15782181,Greco,Spain,Male,35.0,6,80285.16,1,No,No,72678.75,1
15795738,Owens,FRA,Male,31.0,4,175477.15,1,Yes,Yes,172832.9,0
15773751,Y?,French,Female,29.0,1,132144.35,1,No,No,158086.33,0
15655436,Kendall,Germany,Male,47.0,2,136911.07,1,Yes,Yes,168184.62,1
15691396,Ko,Germany,Male,31.0,5,133299.67,2,Yes,Yes,72950.14,0
15796958,Tang,France,Male,39.0,7,0.0,2,No,No,48378.4,0
15801832,Lombardo,Germany,Male,42.0,1,117691.0,1,Yes,Yes,23135.65,1
15661349,Perkins,FRA,Male,35.0,10,0.0,2,No,No,65675.47,0
15719265,Feng,France,Male,46.0,9,0.0,2,No,No,170676.67,0
15779985,Lo,Germany,Female,37.0,1,133199.71,2,Yes,Yes,27366.77,0
15663410,Piccio,Spain,Male,51.0,5,135506.58,3,Yes,Yes,152479.64,1
15704144,Mazzanti,Germany,Male,33.0,2,127154.14,2,Yes,Yes,105383.49,0
15774104,Chukwualuka,Spain,Male,39.0,2,0.0,2,Yes,Yes,48189.94,0
15812230,Elliot,Germany,Female,42.0,5,49508.79,3,Yes,Yes,100324.01,0
15742848,Gratton,FRA,Male,41.0,5,0.0,1,Yes,Yes,65657.29,0
15745326,Carandini,France,Female,62.0,3,75051.49,1,No,No,17682.02,1
15674541,Robinson,Spain,Male,52.0,8,123925.23,1,No,No,111342.66,1
15728564,Lo,France,Male,41.0,6,0.0,2,Yes,Yes,134158.09,1
15580701,Ma,FRA,Male,33.0,3,153819.58,1,No,No,79176.09,1
15688973,Vinogradova,Spain,Female,39.0,5,0.0,2,Yes,Yes,83103.46,0
15709412,H?,Spain,Male,30.0,6,0.0,2,Yes,Yes,63908.86,0
15607753,Alexandrova,Spain,Female,23.0,10,70417.79,1,Yes,Yes,90896.04,0
15705352,Yang,Spain,Male,38.0,7,111484.88,1,Yes,Yes,76076.2,0
15602500,Maslova,Spain,Male,38.0,1,146343.98,1,Yes,Yes,103902.11,0
15672437,Buccho,France,Male,72.0,1,160541.0,2,Yes,Yes,142223.94,0
15720968,Young,Germany,Male,27.0,2,130274.26,2,No,No,147533.09,0
15730796,Barker,French,Female,21.0,7,98993.02,1,Yes,Yes,169156.64,0
15768219,Sung,Spain,Male,36.0,0,0.0,2,No,No,141242.57,0
15663883,Hansen,Germany,Male,32.0,9,141827.33,2,Yes,Yes,149458.73,0
15589296,Brown,France,Female,40.0,6,110054.45,1,Yes,Yes,86950.72,0
15586425,Lo Duca,France,Male,28.0,4,0.0,2,Yes,Yes,176925.69,0
15679813,Ellis,Spain,Male,28.0,1,0.0,1,No,No,40357.39,0
15681410,Korff,Germany,Female,36.0,6,98088.09,1,Yes,Yes,26687.22,1
15668283,Gardiner,FRA,Male,48.0,9,118317.27,4,No,No,78702.98,1
15624072,Kiernan,Spain,Male,22.0,10,0.0,2,No,No,176163.74,0
15669664,Thompson,Germany,Male,54.0,1,99774.5,1,No,No,4896.11,1
15682728,Mathews,French,Female,32.0,4,0.0,2,No,No,114899.13,0
15573851,Macrossan,France,Female,38.0,1,0.0,3,No,No,92220.12,1
15733661,Illingworth,Spain,Female,27.0,8,133806.54,2,No,No,6251.3,0
15710012,Bowen,Spain,Male,44.0,2,0.0,2,No,No,43018.82,1
15763327,Craig,French,Male,32.0,8,124993.29,2,Yes,Yes,27548.06,0
15668853,Menhennitt,Spain,Female,44.0,0,157622.58,1,Yes,Yes,120454.2,0
15639303,Moore,Germany,Male,48.0,5,126111.61,1,Yes,Yes,133961.19,0
15691011,Shoebridge,FRA,Male,42.0,9,161651.37,2,Yes,Yes,131753.97,0
15638513,Palermo,FRA,Female,40.0,7,142856.95,2,No,No,38019.74,0
15648933,Reilly,Germany,Male,44.0,3,111100.98,1,Yes,Yes,28144.07,1
15628904,Bowen,Spain,Male,35.0,8,102918.38,1,Yes,Yes,45959.86,0
15644788,Fyodorov,French,Female,30.0,5,0.0,2,No,No,189528.72,0
15598161,Clements,France,Male,47.0,10,0.0,2,No,No,170481.98,0
15745624,McKenzie,France,Male,37.0,4,0.0,2,No,No,94845.45,0
15733169,Craig,Spain,Male,22.0,7,125265.61,1,Yes,Yes,161253.08,0
15801417,Iloerika,FRA,Male,37.0,4,82500.28,1,Yes,Yes,115260.72,0
15592707,Dolgorukova,Germany,Female,64.0,2,175754.87,2,Yes,Yes,60721.4,0
15593954,Eva,France,Female,47.0,6,109387.33,1,No,No,121365.45,0
15714431,Yeh,FRA,Male,37.0,1,100443.36,2,Yes,Yes,101693.73,0
15638257,P'an,Spain,Female,54.0,0,83102.72,2,Yes,Yes,54132.93,0
15690939,Howe,Spain,Male,28.0,7,0.0,1,Yes,Yes,10666.05,0
15723613,Jenkins,France,Female,28.0,4,0.0,2,No,No,41227.67,0
15813640,Shih,France,Female,40.0,7,0.0,2,No,No,10712.82,0
15707322,Nnamdi,France,Female,48.0,2,115290.27,1,No,No,98912.69,1
15588918,Mitchell,France,Female,42.0,6,0.0,2,No,No,197202.48,0
15600357,Findlay,French,Female,40.0,1,140197.71,2,No,No,150720.39,0
15747014,Pisani,FRA,Female,28.0,1,105245.34,1,Yes,Yes,74780.13,0
15809830,Belisario,France,Male,50.0,8,0.0,2,Yes,Yes,79377.45,0
15662245,Pomeroy,French,Male,32.0,1,0.0,2,Yes,Yes,8763.87,0
15651075,Ibrahimova,Germany,Male,35.0,3,142296.13,1,Yes,Yes,177112.7,0
15594456,K?,Spain,Female,56.0,4,99097.33,1,Yes,Yes,85016.64,1
15583462,Graham,France,Male,28.0,5,171069.39,2,Yes,Yes,88689.4,0
15757661,Trevisano,French,Female,39.0,7,0.0,2,No,No,95985.64,0
15729117,Trevisano,FRA,Female,31.0,1,102523.88,1,Yes,Yes,166792.71,0
15749671,K?,France,Male,35.0,6,0.0,2,Yes,Yes,68730.91,0
15566253,Manning,Germany,Male,44.0,9,143391.07,1,No,No,146891.07,1
15595153,Tucker,Germany,Female,44.0,8,106022.73,2,No,No,148727.42,0
15698572,Schaffer,Spain,Female,36.0,1,0.0,1,No,No,43134.58,0
15674149,Esomchi,Germany,Male,36.0,3,128960.21,2,Yes,Yes,40318.33,0
15623082,Ch'ang,French,Female,35.0,2,0.0,2,No,No,97633.93,0
15797905,Walker,France,Female,48.0,7,0.0,2,No,No,65069.03,0
15746028,Chu,French,Female,24.0,7,0.0,2,No,No,166335.0,0
15582951,Crawford,French,Female,25.0,8,126442.59,1,No,No,121904.44,0
15616471,Milne,Spain,Male,51.0,0,0.0,1,Yes,Yes,175235.99,0
15641575,Anenechukwu,FRA,Male,37.0,2,127261.35,1,No,No,56185.05,0
15638803,Donaldson,Spain,Female,32.0,5,0.0,2,No,No,131625.14,0
15808283,Kelly,FRA,Female,33.0,4,0.0,1,No,No,152323.04,0
15811200,Ts'ao,French,Female,34.0,2,0.0,2,No,No,165840.94,0
15733476,Gonzalez,Germany,Male,30.0,6,73481.05,1,Yes,Yes,176692.65,0
15633274,Tai,FRA,Male,34.0,7,160515.37,1,No,No,121904.14,0
15582168,Muravyova,Germany,Female,61.0,4,149525.34,2,No,No,123663.63,0
15807269,Milanesi,Germany,Male,43.0,2,166522.78,1,No,No,119644.59,1
15602979,Lin,French,Male,29.0,1,135536.5,1,No,No,66825.33,0
15660417,Lambert,Germany,Female,43.0,10,120481.69,1,No,No,94875.03,1
15590199,Temple,Spain,Male,28.0,1,103421.32,1,Yes,Yes,76304.73,0
15641794,Ridley,FRA,Male,33.0,5,135658.73,2,Yes,Yes,39755.0,0
15779174,Young,FRA,Female,36.0,2,0.0,2,Yes,Yes,180142.42,0
15785547,Slye,FRA,Male,28.0,8,191402.82,2,No,No,83238.4,0
15795124,Pan,Germany,Male,50.0,9,94504.35,1,Yes,Yes,5078.9,0
15718912,Hsueh,Germany,Female,44.0,5,126147.84,1,Yes,Yes,132424.69,1
15592028,Roberts,French,Female,46.0,7,0.0,1,Yes,Yes,109057.56,0
15580227,Moss,FRA,Male,33.0,6,0.0,2,No,No,115676.61,0
15657830,Andrews,FRA,Male,43.0,4,87624.03,2,No,No,149401.33,0
15798256,Takasuka,FRA,Female,45.0,1,153697.53,2,No,No,89891.4,1
15643819,Dawson,FRA,Female,25.0,4,0.0,2,No,No,82500.84,0
15754301,Bruche,French,Male,39.0,5,0.0,1,No,No,6416.92,0
15726855,Oliver,Germany,Female,45.0,9,116585.97,1,No,No,189428.75,1
15755225,Ryan,Germany,Male,34.0,9,134464.58,2,No,No,178833.34,0
15725221,Sabbatini,Germany,Male,62.0,10,83008.31,1,Yes,Yes,42766.03,0
15789055,Watt,Spain,Male,35.0,2,113635.16,1,No,No,90883.12,0
15617507,Wilson,Spain,Female,36.0,7,0.0,2,No,No,80619.09,0
15668894,Abramova,Germany,Male,41.0,5,122552.48,2,Yes,Yes,120646.4,0
15589563,Purdy,Spain,Male,31.0,2,118899.45,2,No,No,41409.36,0
15693162,Higgins,France,Female,29.0,5,99713.87,1,No,No,112317.89,0
15750099,Marshall,FRA,Female,36.0,6,0.0,1,No,No,152128.36,0
15795540,Reye,French,Female,36.0,2,134208.22,1,Yes,Yes,177670.57,0
15794941,Chibueze,Germany,Female,41.0,1,85906.65,3,No,No,189159.97,0
15611848,Kwemtochukwu,Germany,Male,32.0,3,137714.25,1,Yes,Yes,159403.68,0
15581237,Biryukova,Spain,Male,33.0,1,160777.9,1,Yes,Yes,149536.15,0
15738150,Chidozie,France,Male,45.0,5,0.0,2,Yes,Yes,155492.87,0
15678571,Barber,French,Male,21.0,4,0.0,2,No,No,24847.02,0
15736124,Thompson,France,Male,25.0,1,102585.88,2,Yes,Yes,115387.4,0
15623202,Maslov,Germany,Female,39.0,10,102556.18,2,No,No,171971.25,1
15804201,Jones,Germany,Male,42.0,4,126772.57,1,Yes,Yes,126106.4,0
15596863,Chidumaga,Germany,Female,38.0,3,158373.23,1,Yes,Yes,28228.35,0
15696277,Hs?,French,Female,34.0,9,0.0,2,No,No,138113.71,0
15748608,Trentini,Germany,Male,42.0,5,141927.1,1,Yes,Yes,43018.98,0
15723864,Lucas,Spain,Male,47.0,1,109876.82,2,No,No,83611.45,1
15802390,Willoughby,FRA,Female,34.0,2,0.0,2,Yes,Yes,118863.38,0
15774336,Jamieson,Germany,Male,44.0,9,111369.79,2,Yes,Yes,91947.74,0
15648766,Robertson,Spain,Male,35.0,3,116969.35,1,No,No,94488.82,0
15659094,Ojiofor,Germany,Female,34.0,8,136729.51,2,No,No,47058.21,0
15606397,Cameron,Germany,Female,44.0,1,152086.15,1,Yes,Yes,44719.5,1
15642619,Mayne,Spain,Male,46.0,2,0.0,2,No,No,174478.54,0
15666032,Mancini,Spain,Male,28.0,1,127289.28,1,No,No,45611.51,0
15595842,Paramor,Germany,Male,45.0,2,119852.01,1,No,No,73853.94,1
15753837,Young,Spain,Male,38.0,4,0.0,2,Yes,Yes,196517.43,0
15783882,Daly,Spain,Female,41.0,5,0.0,2,Yes,Yes,92914.67,0
15799790,Carter,France,Male,35.0,9,0.0,1,Yes,Yes,31372.91,0
15628155,Dike,France,Female,35.0,7,117183.74,1,Yes,Yes,109733.73,0
15703778,Hughes,France,Male,33.0,8,129907.63,1,Yes,Yes,36083.96,0
15722322,Green,Spain,Female,78.0,2,0.0,2,Yes,Yes,188435.38,0
15639278,Chinomso,Germany,Female,36.0,6,145387.32,2,Yes,Yes,169963.2,1
15568487,Gorshkov,France,Male,35.0,7,124616.23,1,Yes,Yes,69320.97,0
15682084,Chinomso,France,Male,31.0,9,0.0,2,No,No,36145.53,0
15642821,Ijendu,Spain,Female,48.0,8,95808.19,1,No,No,137702.01,1
15601387,Yen,France,Male,35.0,10,0.0,2,No,No,71594.26,0
15642515,Arcuri,France,Female,42.0,1,0.0,2,Yes,Yes,65565.92,0
15710421,Baresi,Spain,Female,36.0,8,117152.3,1,No,No,101828.39,0
15726774,Field,French,Male,35.0,3,106250.72,1,No,No,39546.32,0
15649078,Christian,Germany,Female,27.0,8,111837.78,2,Yes,Yes,110805.79,0
15641877,Ross,French,Male,47.0,9,97023.21,1,Yes,Yes,2168.13,0
15796496,Trevisani,French,Female,31.0,8,137687.72,1,No,No,190067.12,0
15815690,Akabueze,Spain,Female,40.0,3,113348.5,1,Yes,Yes,77789.01,0
15631739,Dunn,Spain,Male,24.0,10,122109.78,1,Yes,Yes,127654.37,0
15625584,Martin,French,Male,32.0,2,120452.4,2,No,No,79602.86,0
15802466,Donaldson,French,Female,53.0,7,0.0,2,Yes,Yes,80619.17,0
15697028,McClinton,Spain,Male,34.0,0,65812.35,2,Yes,Yes,160346.3,0
15575759,Bentley,Spain,Female,40.0,3,54428.37,1,No,No,109638.78,1
15567442,Ibezimako,France,Female,75.0,3,0.0,2,Yes,Yes,1276.87,0
15746805,Thomson,French,Male,33.0,9,0.0,2,No,No,49374.82,0
15636330,Ch'in,Germany,Female,48.0,1,143279.58,2,No,No,31580.8,1
15714970,Holbrook,Germany,Male,32.0,0,103846.65,1,No,No,20560.69,0
15653784,Solomina,French,Male,37.0,2,125190.86,1,Yes,Yes,84584.69,0
15693543,McDonald,French,Female,33.0,8,0.0,2,Yes,Yes,15246.83,0
15773283,Dennis,FRA,Male,65.0,6,38340.02,1,No,No,32607.77,1
15742534,Faulk,Germany,Female,28.0,2,123802.98,2,Yes,Yes,155846.69,0
15569878,Dale,FRA,Male,37.0,3,96651.03,1,Yes,Yes,3232.82,0
15729454,Gorbunov,French,Male,33.0,8,0.0,2,No,No,177668.55,0
15578375,Farrell,French,Male,39.0,6,0.0,2,No,No,134441.6,0
15785559,De Luca,France,Male,43.0,1,133237.21,1,No,No,111032.79,1
15649414,Walker,France,Female,61.0,6,142105.35,1,Yes,Yes,45214.04,0
15701605,Forster,FRA,Male,37.0,1,166115.42,1,No,No,67208.3,0
15686696,Brown,France,Female,37.0,6,81070.34,2,No,No,80985.88,0
15625586,Monaldo,French,Male,35.0,4,0.0,1,Yes,Yes,167573.06,0
15654975,Wu,French,Female,53.0,0,123835.52,2,Yes,Yes,160110.65,0
15782993,Pan,France,Male,51.0,10,123401.43,2,Yes,Yes,127825.25,0
15774382,Longo,Germany,Male,49.0,4,169377.31,1,Yes,Yes,123535.05,0
15689602,Findlay,France,Male,38.0,2,130015.24,1,Yes,Yes,41595.3,0
15756155,Fu,French,Male,32.0,4,0.0,2,Yes,Yes,97628.08,0
15812647,Yin,FRA,Male,34.0,8,133936.04,2,No,No,91359.79,0
15736043,Hamilton,French,Male,34.0,6,114543.27,1,Yes,Yes,97755.29,0
15696744,Miller,French,Female,31.0,3,119794.67,1,No,No,182528.44,0
15602572,Hsing,FRA,Male,33.0,9,0.0,2,Yes,Yes,142956.48,0
15674765,Mitchell,Spain,Male,44.0,4,0.0,1,No,No,10789.3,0
15678725,Chamberlin,French,Female,29.0,8,0.0,2,Yes,Yes,130461.09,0
15694444,Buttenshaw,Germany,Female,32.0,8,157138.99,3,No,No,190994.48,1
15795878,Anayochukwu,Spain,Male,45.0,3,0.0,2,Yes,Yes,159463.8,0
15735346,Wallace,Germany,Female,41.0,10,136733.24,1,Yes,Yes,57589.29,0
15687094,Calabresi,Germany,Female,28.0,9,82498.14,2,No,No,40437.67,0
15790067,Sun,Spain,Male,39.0,3,151914.93,1,No,No,56459.45,0
15605742,Tuan,FRA,Male,43.0,0,80090.93,1,No,No,39920.0,1
15566740,Nazarova,Spain,Male,51.0,3,83739.32,1,Yes,Yes,148798.45,0
15664897,Bryant,FRA,Female,35.0,2,181166.44,1,Yes,Yes,63737.19,1
15585777,Pai,FRA,Male,38.0,3,130588.82,1,Yes,Yes,154997.64,0
15650864,Power,France,Male,42.0,6,0.0,2,No,No,34777.23,0
15806709,Hao,Germany,Male,33.0,6,94126.67,1,No,No,93718.16,0
15633818,McMillan,France,Male,32.0,9,0.0,2,No,No,133112.41,0
15713845,Merrett,French,Male,38.0,7,148045.68,1,No,No,175479.92,1
15639662,Phillips,French,Male,38.0,2,0.0,2,No,No,96.27,0
15567013,De Luca,Spain,Male,33.0,3,0.0,2,No,No,30804.68,0
15777784,Tu,French,Female,44.0,6,168165.84,1,Yes,Yes,197193.49,0
15800251,Elder,Germany,Female,26.0,10,72835.56,2,No,No,96792.15,0
15651315,Dilke,French,Male,41.0,3,0.0,2,No,No,132719.8,0
15651450,Panicucci,Germany,Male,31.0,3,123212.08,2,Yes,Yes,112157.31,0
15784218,Mason,Spain,Male,38.0,0,0.0,2,Yes,Yes,38015.34,0
15572398,Townsend,Spain,Female,39.0,6,0.0,2,Yes,Yes,164018.98,0
15707962,Gunson,FRA,Male,40.0,6,119501.88,2,No,No,46774.94,0
15705663,Milano,Germany,Female,39.0,5,144550.83,2,Yes,Yes,189664.43,0
15645355,Macleod,Germany,Male,34.0,3,126729.41,1,Yes,Yes,26106.39,1
15729557,Olisaemeka,Germany,Male,36.0,5,119984.07,1,No,No,191535.11,1
15631436,Gleeson,France,Male,35.0,4,0.0,1,No,No,158937.55,0
15583073,Martin,Spain,Female,56.0,2,0.0,1,Yes,Yes,25222.6,1
15614361,Liao,Spain,Male,42.0,9,121490.05,1,Yes,Yes,29296.74,0
15724684,Sung,Spain,Male,46.0,5,91897.8,1,No,No,54394.28,0
15700083,Lai,Spain,Male,39.0,2,139443.75,2,No,No,9234.06,0
15636541,Cartwright,Germany,Male,35.0,5,144961.97,1,Yes,Yes,26796.73,0
15796015,Wu,Germany,Male,42.0,3,126041.02,1,Yes,Yes,11796.89,0
15787222,Ch'in,Germany,Male,28.0,1,69459.05,2,Yes,Yes,128461.29,0
15594270,Biryukov,French,Male,38.0,7,198338.77,2,Yes,Yes,14278.18,0
15701524,Ting,France,Male,36.0,0,0.0,2,No,No,46811.77,0
15645847,P'eng,Germany,Male,35.0,2,109196.66,3,No,No,109393.19,1
15708867,Niu,Spain,Female,38.0,3,134168.5,3,No,No,3966.5,1
15613140,Mellor,French,Male,34.0,6,0.0,1,Yes,Yes,63173.64,0
15628893,Power,FRA,Male,29.0,8,0.0,1,No,No,66367.33,0
15764073,Arcuri,Spain,Female,36.0,9,0.0,2,Yes,Yes,16274.67,0
15782879,Lang,FRA,Male,40.0,2,0.0,2,Yes,Yes,180553.48,0
15635964,Eve,Germany,Male,65.0,4,120100.41,1,No,No,107563.16,1
15726087,Ch'in,France,Female,62.0,5,0.0,1,Yes,Yes,100941.57,0
15726313,Napolitani,Spain,Female,50.0,5,0.0,2,No,No,110230.4,0
15578073,Barker,Spain,Male,22.0,8,0.0,2,No,No,142331.85,0
15786249,Whitfield,Spain,Male,30.0,2,0.0,2,No,No,199099.51,0
15812850,Stradford,Spain,Male,67.0,5,0.0,2,Yes,Yes,85890.16,0
15596972,Brownlow,French,Male,38.0,3,0.0,1,No,No,143938.27,0
15620579,Dunn,Spain,Female,31.0,8,0.0,2,Yes,Yes,131644.41,0
15768270,DeRose,Spain,Female,31.0,9,0.0,2,No,No,112395.98,0
15656597,Wang,Germany,Male,38.0,2,135559.8,2,Yes,Yes,71856.3,0
15699446,Hobbs,Germany,Female,25.0,2,150355.35,2,Yes,Yes,35770.84,0
15615004,Anderson,French,Female,37.0,1,0.0,2,Yes,Yes,124364.63,0
15704771,Ugochukwu,France,Female,35.0,6,133489.12,2,Yes,Yes,78101.29,0
15588372,Kirsova,Germany,Female,37.0,9,105489.31,1,No,No,143096.49,1
15681439,Tsou,Germany,Male,25.0,10,60205.2,2,No,No,14073.11,0
15607509,Ozerova,France,Male,38.0,5,0.0,2,No,No,47388.41,0
15670343,Li,Spain,Male,19.0,6,0.0,2,No,No,72306.07,0
15597968,Fyans,Spain,Male,50.0,7,0.0,1,No,No,184839.7,1
15658432,Freeman,French,Male,40.0,6,0.0,1,Yes,Yes,47886.44,0
15616431,Chiu,FRA,Male,33.0,4,0.0,1,Yes,Yes,130474.03,0
15796957,Iadanza,Spain,Male,35.0,9,0.0,3,Yes,Yes,73181.39,1
15815552,Ferguson,France,Female,42.0,6,112333.63,1,Yes,Yes,65706.86,0
15631871,Kelly,Germany,Female,57.0,7,116936.81,1,Yes,Yes,104379.36,0
15635870,She,Germany,Female,50.0,5,117721.02,1,Yes,Yes,192146.63,1
15596713,Christie,French,Male,37.0,7,165896.22,2,Yes,Yes,66977.68,0
15684211,Creel,Spain,Female,44.0,9,153656.85,1,No,No,158742.81,0
15760521,Thompson,French,Female,50.0,1,94164.0,1,Yes,Yes,189414.74,0
15608408,Lazareva,Spain,Male,39.0,1,0.0,2,No,No,159130.32,0
15804721,Boni,FRA,Male,49.0,0,191808.73,1,No,No,97640.2,0
15730272,Evseev,France,Male,58.0,5,152199.33,1,Yes,Yes,86022.09,0
15741988,Marino,Germany,Female,52.0,8,125396.24,1,No,No,10014.72,1
15771728,Mackenzie,Germany,Male,41.0,7,104405.54,3,No,No,17384.21,0
15605113,Sutherland,France,Female,27.0,1,133801.49,1,Yes,Yes,143315.57,0
15661945,Nicolay,Spain,Female,40.0,4,0.0,3,No,No,31669.18,0
15783816,Lori,FRA,Female,28.0,5,0.0,2,No,No,12761.16,0
15721207,Piazza,Germany,Male,42.0,6,100047.33,1,No,No,93429.95,0
15764072,Somerville,French,Female,31.0,1,109848.6,1,Yes,Yes,42012.55,0
15689412,Christie,France,Female,32.0,7,127849.38,1,No,No,15798.7,0
15798385,Grave,Spain,Female,46.0,3,0.0,2,Yes,Yes,56408.14,0
15775339,Lori,French,Female,29.0,8,95947.76,1,No,No,4696.44,0
15585256,Iloerika,Spain,Male,26.0,2,0.0,2,Yes,Yes,25042.1,0
15797329,Muir,French,Male,43.0,4,137638.69,1,No,No,130442.08,1
15780220,Pauley,France,Male,38.0,10,0.0,1,Yes,Yes,136521.82,0
15648951,Kao,Spain,Male,41.0,7,0.0,2,Yes,Yes,199108.88,0
15752409,Grant,France,Male,31.0,6,0.0,2,No,No,124596.63,0
15807524,Chukwuma,FRA,Female,44.0,4,0.0,2,No,No,134394.78,0
15766649,Vincent,FRA,Male,38.0,10,89416.99,1,No,No,144275.39,0
15696812,Lazareva,Spain,Male,42.0,6,0.0,2,Yes,Yes,123410.23,0
15581295,Ch'ien,Spain,Female,45.0,1,0.0,1,No,No,143298.06,0
15663234,Bishop,French,Female,60.0,7,143262.04,1,Yes,Yes,129562.74,0
15741417,Chibuzo,Spain,Female,35.0,7,119656.45,2,Yes,Yes,4595.05,0
15695174,Chang,French,Male,29.0,4,132954.64,1,Yes,Yes,146715.07,0
15665168,Calabrese,Germany,Female,44.0,3,105206.7,2,Yes,Yes,163558.36,0
15601503,Tokaryev,Spain,Male,28.0,4,0.0,2,No,No,6947.09,0
15706131,Logan,Spain,Female,37.0,9,83061.26,2,No,No,9170.54,0
15782758,Ozerova,France,Male,40.0,5,147650.68,1,Yes,Yes,199674.83,0
15591091,Goering,FRA,Male,44.0,5,73348.56,1,No,No,157166.79,1
15715877,Lo,FRA,Male,28.0,2,0.0,2,No,No,46072.52,0
15756918,Simmons,FRA,Female,38.0,2,0.0,2,No,No,3524.69,0
15746662,Maduabuchim,Spain,Female,27.0,1,116320.68,1,Yes,Yes,45563.94,0
15626679,Linger,France,Male,33.0,3,0.0,2,Yes,Yes,59103.13,0
15793343,Yeh,FRA,Female,29.0,8,0.0,2,Yes,Yes,189558.44,0
15576774,Stevenson,FRA,Female,38.0,7,0.0,2,No,No,45779.9,0
15801316,Ifeatu,France,Male,61.0,8,66250.71,1,Yes,Yes,21859.06,0
15800514,Kenechukwu,Germany,Female,24.0,2,95675.62,2,No,No,162699.7,1
15662232,Learmonth,Germany,Male,42.0,2,92616.64,2,No,No,8567.18,0
15737778,Dickson,Spain,Female,41.0,4,0.0,1,No,No,132943.88,0
15782096,Volkova,Spain,Female,36.0,6,0.0,1,Yes,Yes,12916.32,1
15783522,Mitchell,Spain,Female,37.0,8,100565.94,1,Yes,Yes,128799.86,0
15785373,Wong,Spain,Female,42.0,5,190305.78,1,No,No,99347.8,1
15756272,James,Germany,Female,35.0,9,118536.4,1,No,No,40980.87,1
15615245,Shao,French,Male,19.0,5,127649.64,1,Yes,Yes,40368.65,0
15600174,Walton,France,Male,35.0,7,165358.77,1,Yes,Yes,94738.54,0
15752956,Stanley,Spain,Male,29.0,6,0.0,2,Yes,Yes,88842.8,0
15644882,Watson,Germany,Female,36.0,10,78249.53,1,No,No,136934.91,0
15766272,Folliero,Germany,Female,61.0,0,125193.96,1,Yes,Yes,109356.53,0
15800620,Fitzgerald,France,Female,29.0,9,0.0,2,No,No,199635.93,0
15569764,Garner,Germany,Female,41.0,2,154007.21,1,No,No,158408.23,0
15747458,Folliero,Spain,Female,43.0,3,133214.88,2,Yes,Yes,95936.84,0
15573171,Liao,Spain,Male,63.0,1,146202.93,1,Yes,Yes,126688.83,1
15736769,Lucchesi,FRA,Female,27.0,9,0.0,2,No,No,150850.29,0
15763381,Chan,FRA,Male,30.0,0,90963.49,1,Yes,Yes,27802.0,0
15814430,Ma,Spain,Male,41.0,9,0.0,1,No,No,32430.94,1
15638607,Nwabugwu,French,Female,52.0,2,0.0,1,No,No,137332.37,1
15737133,P'eng,Spain,Male,68.0,4,114386.85,1,Yes,Yes,28601.68,0
15613945,Andrews,France,Female,26.0,5,0.0,2,No,No,108411.66,0
15659937,Otutodilinna,French,Female,40.0,7,0.0,2,Yes,Yes,122518.5,0
15765287,Grant,FRA,Female,38.0,2,0.0,2,No,No,9015.07,0
15661723,Abramovich,Spain,Male,71.0,4,137260.78,1,Yes,Yes,94433.08,1
15766064,Komarova,FRA,Male,33.0,9,111060.05,2,No,No,110371.84,0
15649616,Otutodilichukwu,Spain,Male,60.0,7,124447.73,1,Yes,Yes,141364.62,1
15719017,Donaldson,French,Female,34.0,8,0.0,2,Yes,Yes,16245.25,0
15720919,Duggan,French,Male,42.0,7,0.0,1,Yes,Yes,108348.94,1
15706706,Chinwendu,Germany,Male,33.0,7,135310.41,2,Yes,Yes,171668.2,0
15709653,Hamilton,French,Male,32.0,8,0.0,2,No,No,67364.42,0
15805104,Smith,France,Female,73.0,6,0.0,2,Yes,Yes,107867.38,0
15622442,Mazzi,French,Male,29.0,5,0.0,2,No,No,194310.1,0
15572801,Krischock,Spain,Male,34.0,5,139393.19,2,No,No,33950.08,0
15767598,Kent,Spain,Male,28.0,8,0.0,2,No,No,197588.32,0
15757897,Binder,French,Female,26.0,3,104258.8,1,Yes,Yes,428.23,0
15568104,Zubarev,FRA,Female,26.0,6,0.0,2,Yes,Yes,34948.77,0
15763414,Degtyarev,Germany,Male,32.0,9,113447.01,1,No,No,82084.3,0
15732265,Obialo,France,Male,33.0,9,0.0,2,No,No,64804.59,0
15621974,Davydova,Germany,Female,33.0,4,111063.73,2,No,No,83556.65,0
15803947,Teng,Germany,Female,30.0,6,161378.02,1,No,No,71926.28,1
15720706,Hsing,Spain,Female,39.0,2,82766.43,1,Yes,Yes,122925.44,0
15759290,Coleman,Spain,Male,29.0,9,0.0,2,No,No,13133.88,0
15651664,Wilder,FRA,Female,61.0,1,104267.7,1,No,No,62845.64,1
15795132,Molineux,FRA,Female,25.0,3,91718.8,1,No,No,28411.23,0
15811565,Cocci,Spain,Female,47.0,3,63488.7,1,Yes,Yes,28640.92,1
15713774,Chikwendu,Spain,Female,46.0,6,12459.19,1,No,No,156787.34,1
15691840,Fraser,Germany,Female,37.0,6,159863.9,2,Yes,Yes,125307.87,0
15682021,Lai,Germany,Male,23.0,6,104592.55,2,No,No,131736.23,0
15612931,Korovin,Spain,Female,50.0,4,132088.59,1,Yes,Yes,128262.14,0
15676707,Sidorov,Spain,Female,39.0,4,0.0,2,No,No,91366.42,0
15601383,Ibrahimova,Spain,Male,44.0,5,120654.68,1,No,No,82290.81,0
15662662,Duigan,France,Female,30.0,6,0.0,2,No,No,66190.21,0
15752694,Taylor,French,Female,32.0,4,83772.95,1,Yes,Yes,23920.65,0
15590683,Donaldson,France,Female,31.0,6,172325.67,1,Yes,Yes,45438.38,0
15773591,Jobson,French,Male,46.0,7,117685.31,2,Yes,Yes,93360.35,0
15723620,Lu,FRA,Male,41.0,7,0.0,2,Yes,Yes,14496.67,0
15671779,Nebechi,France,Male,39.0,5,0.0,2,No,No,168521.72,0
15672966,Cross,Spain,Female,64.0,9,0.0,2,Yes,Yes,103318.44,0
15624667,Wallace,FRA,Male,35.0,6,135871.5,1,Yes,Yes,87219.41,0
15812888,Perreault,France,Male,41.0,3,0.0,4,Yes,Yes,197490.39,1
15724154,Manna,Germany,Female,49.0,4,128504.76,1,No,No,126812.63,1
15749540,Hsiung,French,Male,36.0,7,0.0,2,No,No,94283.09,0
15621063,Gibbons,France,Female,42.0,8,56228.25,1,No,No,46857.52,0
15661626,Algeranoff,Germany,Female,45.0,6,98792.4,1,No,No,81491.7,1
15698703,Doherty,Germany,Male,40.0,5,181768.32,2,Yes,Yes,129107.97,0
15801431,Rowe,Spain,Female,48.0,9,101198.01,1,Yes,Yes,49732.9,0
15649451,Yates,France,Male,25.0,9,0.0,2,Yes,Yes,88728.47,0
15626156,Galloway,France,Female,60.0,3,0.0,2,Yes,Yes,86981.45,0
15606158,Genovese,French,Female,39.0,9,0.0,1,No,No,3740.93,0
15589496,Arrington,French,Male,34.0,5,139064.06,2,No,No,67949.32,0
15730345,Miah,French,Female,35.0,2,104508.1,1,Yes,Yes,147636.46,0
15572038,Chijindum,Germany,Male,35.0,9,113948.58,1,No,No,188891.96,1
15643439,Ferguson,FRA,Male,47.0,10,0.0,2,Yes,Yes,25482.62,0
15604158,Smith,FRA,Female,39.0,10,0.0,2,Yes,Yes,18391.93,0
15657396,Marshall,France,Male,31.0,9,0.0,2,Yes,Yes,140168.36,0
15709478,P'an,Germany,Male,37.0,1,117524.72,2,Yes,Yes,161064.29,0
15628824,Burton,FRA,Female,37.0,5,160389.82,1,Yes,Yes,183542.08,0
15814519,Kamdibe,France,Female,37.0,7,0.0,2,No,No,194238.92,0
15636520,Milani,FRA,Male,27.0,1,125547.53,1,No,No,7900.46,0
15794414,Forbes,Spain,Male,46.0,6,92783.68,1,Yes,Yes,51424.29,0
15643671,Chiekwugo,Germany,Male,49.0,5,97036.22,2,No,No,152450.84,1
15700650,Cousens,French,Male,34.0,3,0.0,2,No,No,55816.2,0
15680224,Ross,France,Female,26.0,6,0.0,2,Yes,Yes,32909.13,0
15784286,Wood,Spain,Male,40.0,5,102145.13,1,Yes,Yes,100637.07,0
15693996,Hawks,French,Female,33.0,1,113452.66,1,No,No,142911.99,0
15764343,T'ien,Spain,Female,46.0,8,155681.72,1,No,No,26287.21,0
15704168,Ting,Germany,Male,38.0,8,127475.24,1,No,No,60775.76,1
15680197,Thynne,France,Male,41.0,10,0.0,2,Yes,Yes,146257.77,0
15633729,Wang,FRA,Male,43.0,10,112751.13,1,Yes,Yes,28332.0,0
15577683,Maclean,France,Female,29.0,4,0.0,2,Yes,Yes,100919.19,0
15800746,Watson,FRA,Male,45.0,7,144889.18,1,Yes,Yes,102591.9,1
15788686,Gibson,Spain,Male,40.0,8,0.0,2,Yes,Yes,25554.4,0
15742798,French,France,Female,22.0,7,150126.44,1,No,No,152107.93,1
15596647,Henderson,French,Male,54.0,8,69712.74,1,Yes,Yes,69381.05,0
15756070,Greenwood,Spain,Female,44.0,4,0.0,2,Yes,Yes,101728.46,0
15775116,Anderson,FRA,Male,31.0,3,0.0,2,No,No,89040.61,0
15575428,Mistry,Germany,Female,35.0,2,117438.92,2,Yes,Yes,16910.98,0
15654074,Tuan,French,Male,38.0,8,119315.75,1,No,No,150468.35,0
15695872,Fiorentini,FRA,Female,30.0,1,89571.59,1,Yes,Yes,177613.19,0
15568885,Scott,Germany,Female,34.0,8,102251.57,1,No,No,120672.09,0
15725036,Jideofor,FRA,Male,42.0,9,118546.71,1,Yes,Yes,77142.85,0
15632665,Yevseyev,French,Male,61.0,2,0.0,1,Yes,Yes,127804.66,1
15571476,Kelly,Spain,Male,38.0,0,103257.14,1,No,No,158344.63,0
15776850,Smith,Spain,Female,43.0,1,124209.02,1,Yes,Yes,167179.48,0
15623649,Ogle,Spain,Male,32.0,3,0.0,2,Yes,Yes,15404.64,0
15751131,Moss,Spain,Female,41.0,7,150302.84,1,Yes,Yes,156036.19,0
15688128,Loggia,Spain,Male,34.0,8,108653.93,1,Yes,Yes,144725.14,0
15678412,Nwankwo,France,Female,45.0,8,85325.93,1,No,No,22558.74,0
15770291,Allan,FRA,Female,29.0,8,0.0,2,No,No,147342.03,0
15583392,Woronoff,Germany,Male,37.0,9,135776.36,3,No,No,85470.45,1
15690731,Wolfe,France,Male,40.0,6,131411.24,1,Yes,Yes,194656.11,0
15697948,Henderson,Spain,Female,36.0,3,0.0,2,Yes,Yes,48505.1,0
15608328,Sutherland,Spain,Female,41.0,6,0.0,2,No,No,101491.23,0
15766378,Marsden,Germany,Female,45.0,9,106431.97,2,Yes,Yes,164117.69,0
15600813,Hyde,France,Male,50.0,9,90305.76,1,Yes,Yes,124626.57,0
15706217,Kao,Germany,Male,28.0,7,117466.03,2,Yes,Yes,34490.06,0
15601417,T'ang,French,Male,32.0,3,148884.47,2,Yes,Yes,90967.37,0
15610972,Crawford,Germany,Female,44.0,4,91115.76,2,No,No,24208.84,1
15674620,Dilibe,Germany,Female,37.0,8,77373.87,2,Yes,Yes,174873.09,0
15785350,Austin,Spain,Male,23.0,7,104744.89,1,No,No,170262.97,0
15749119,Santiago,FRA,Female,31.0,3,0.0,2,Yes,Yes,112289.06,0
15756535,Chibugo,Germany,Male,39.0,5,91538.51,1,Yes,Yes,93783.0,0
15700965,Toscano,FRA,Female,32.0,6,0.0,2,Yes,Yes,150026.79,0
15791851,Afanasyeva,French,Female,34.0,0,185734.75,1,Yes,Yes,102036.82,0
15717156,Sokolov,France,Male,30.0,3,143396.54,2,Yes,Yes,898.51,0
15740846,Wei,French,Male,40.0,5,125909.85,1,Yes,Yes,95124.4,0
15573284,Olisanugo,French,Female,45.0,2,0.0,2,No,No,11514.39,0
15729083,Gorman,France,Male,36.0,2,154525.7,1,Yes,Yes,27468.72,0
15611612,Priestley,France,Female,29.0,0,0.0,1,No,No,37092.43,0
15694381,Lloyd,France,Male,51.0,8,100654.8,1,No,No,171587.9,0
15651737,Salmond,Spain,Male,44.0,1,83325.77,1,Yes,Yes,80828.78,0
15663168,MacDonald,FRA,Male,35.0,8,110934.54,1,No,No,169287.99,0
15643426,Robertson,Spain,Female,36.0,8,113680.54,1,No,No,13197.44,0
15618245,Chukwumaobim,Germany,Male,31.0,1,117020.08,2,No,No,54439.53,0
15717527,Ifeanacho,FRA,Female,49.0,9,145359.99,1,No,No,38186.85,0
15793478,Li Fonti,Germany,Female,39.0,8,151391.68,1,No,No,27274.6,1
15642248,Ko,Spain,Male,66.0,8,123935.35,1,Yes,Yes,65758.19,0
15640377,Goloubev,French,Female,36.0,0,0.0,2,No,No,97767.63,0
15723950,Kruglov,Spain,Male,40.0,2,70291.02,1,Yes,Yes,115468.84,1
15590327,Liao,Germany,Female,42.0,10,166031.45,1,No,No,98293.14,0
15706199,White,Germany,Male,36.0,6,96643.32,1,No,No,182059.28,0
15671514,Sinclair,Spain,Female,33.0,8,0.0,2,Yes,Yes,128538.05,0
15727041,Fiorentini,French,Male,71.0,7,0.0,2,Yes,Yes,108841.83,0
15738063,Shen,FRA,Male,29.0,2,0.0,2,Yes,Yes,18581.84,0
15711733,Rapuokwu,France,Male,48.0,4,0.0,2,Yes,Yes,146821.42,0
15652320,Woronoff,FRA,Male,40.0,5,0.0,2,No,No,100727.68,0
15634180,Holden,Germany,Male,26.0,4,97268.1,2,No,No,39356.38,0
15694566,Roberts,FRA,Female,42.0,10,0.0,2,No,No,169921.11,1
15726103,Tsou,Germany,Female,55.0,1,76296.81,1,No,No,42364.75,1
15646351,Somerville,Spain,Male,27.0,7,0.0,2,No,No,28823.04,0
15730044,Greco,Germany,Female,42.0,6,64497.94,3,Yes,Yes,182436.81,1
15795186,Leonard,French,Male,38.0,5,0.0,1,No,No,115700.2,0
15784890,McKenzie,Spain,Female,32.0,8,0.0,2,No,No,16725.53,0
15694125,McElhone,FRA,Male,57.0,5,0.0,2,Yes,Yes,56875.76,0
15565891,Dipietro,French,Male,39.0,8,0.0,2,No,No,56214.09,0
15674254,Kerr,Spain,Female,45.0,4,0.0,2,Yes,Yes,193412.05,0
15775206,Hunter,FRA,Male,37.0,10,0.0,2,No,No,83263.04,0
15797627,Niehaus,Spain,Male,54.0,0,134249.7,1,Yes,Yes,13404.4,0
15649853,Craig,France,Female,45.0,3,0.0,1,Yes,Yes,184474.15,1
15610379,Barclay-Harvey,FRA,Male,30.0,9,105443.68,1,Yes,Yes,121124.53,0
15659800,Teng,Spain,Female,50.0,1,0.0,1,Yes,Yes,152567.75,1
15716236,Milani,French,Male,35.0,10,0.0,2,No,No,10722.54,0
15672053,Mistry,Spain,Male,38.0,2,0.0,2,No,No,58010.98,0
15663933,Jamieson,Germany,Female,35.0,5,86147.46,2,No,No,163440.8,1
15814236,Kay,Spain,Female,38.0,1,96939.06,1,Yes,Yes,102606.92,0
15583597,Ikedinachukwu,Spain,Male,47.0,1,106758.6,1,Yes,Yes,80591.18,0
15607395,Holt,France,Female,33.0,9,112528.65,2,No,No,177362.45,0
15694556,Nkemakolam,French,Male,60.0,2,116563.58,1,No,No,120257.7,1
15744109,Hartung,French,Male,32.0,4,0.0,1,Yes,Yes,180622.02,0
15800688,Ch'en,Spain,Female,42.0,7,0.0,2,No,No,130404.53,0
15810878,Baker,Spain,Female,38.0,6,141786.78,1,Yes,Yes,147797.54,0
15587835,Osinachi,France,Male,41.0,3,136416.82,1,Yes,Yes,57844.26,0
15763515,Shih,French,Male,30.0,5,0.0,2,No,No,162523.66,0
15725882,Feng,Germany,Female,40.0,1,133245.52,2,Yes,Yes,54495.82,0
15788022,Sternberg,Germany,Female,41.0,4,90757.64,2,Yes,Yes,169183.66,0
15663917,Adams,France,Male,43.0,1,92350.36,1,Yes,Yes,80262.91,0
15656865,Gray,Germany,Male,69.0,9,78778.49,1,Yes,Yes,8751.59,0
15667971,Shepherd,Germany,Female,34.0,6,102143.93,2,Yes,Yes,102628.98,0
15800366,Walton,French,Male,29.0,5,0.0,1,Yes,Yes,94823.95,0
15717231,Yang,Germany,Male,37.0,4,98459.6,1,No,No,90821.66,0
15643188,Barnett,Germany,Female,47.0,7,114603.76,2,No,No,153194.32,1
15671351,Romani,Spain,Male,35.0,2,0.0,2,No,No,87310.59,0
15573628,Greene,Germany,Female,51.0,7,148074.79,1,No,No,146411.41,1
15698953,Hart,Spain,Male,36.0,1,0.0,3,Yes,Yes,74048.1,1
15753888,Johnston,Spain,Female,62.0,8,108004.64,1,Yes,Yes,23386.77,1
15737961,Miller,Germany,Female,29.0,0,107712.57,2,Yes,Yes,92898.17,0
15801701,Robson,Spain,Male,35.0,9,0.0,2,Yes,Yes,45956.05,0
15684419,Wallace,Spain,Female,37.0,8,0.0,3,No,No,71738.56,0
15794266,Cross,France,Male,32.0,9,145303.52,1,No,No,103560.98,0
15810711,Marcum,Germany,Male,37.0,4,138476.41,2,Yes,Yes,52367.29,0
15771270,North,French,Female,27.0,8,127471.56,1,Yes,Yes,152916.05,1
15607786,Mao,France,Male,26.0,6,156551.63,1,Yes,Yes,4410.77,0
15624519,Calabrese,Germany,Female,49.0,9,97092.87,1,No,No,74771.22,1
15799910,Martin,French,Male,32.0,2,0.0,2,No,No,193817.63,1
15602479,Fleming,Spain,Male,37.0,5,129312.79,1,Yes,Yes,26793.82,0
15617419,Roberts,Germany,Female,29.0,10,100315.1,2,Yes,Yes,32526.64,0
15657603,Finch,French,Female,35.0,6,81684.97,1,No,No,824.0,0
15570379,Whitelegge,Spain,Male,51.0,3,88827.53,1,No,No,85250.77,1
15772996,Rooke,Germany,Male,40.0,0,152092.44,2,Yes,Yes,83508.93,0
15729574,Lu,Spain,Male,71.0,4,0.0,2,Yes,Yes,173599.38,0
15737267,Marcelo,French,Female,49.0,1,0.0,1,No,No,79342.31,1
15799128,Matthews,Spain,Female,38.0,9,102406.76,1,Yes,Yes,57600.66,0
15813327,Romani,FRA,Male,21.0,4,109130.96,2,Yes,Yes,56191.99,0
15711921,Scott,FRA,Male,29.0,5,0.0,2,Yes,Yes,6770.44,0
15654300,Mao,Germany,Male,33.0,9,75242.28,1,Yes,Yes,101694.67,0
15569945,Horsley,Spain,Male,29.0,1,0.0,2,No,No,69113.14,0
15569666,Goddard,France,Female,45.0,4,0.0,1,No,No,172674.36,1
15681887,Eskridge,Germany,Male,33.0,0,129142.54,2,Yes,Yes,26606.28,0
15608873,Smith,FRA,Male,51.0,2,0.0,1,No,No,53353.36,0
15762091,Simpson,Germany,Female,22.0,6,139129.92,1,Yes,Yes,63747.51,0
15722053,Oguejiofor,Spain,Male,33.0,3,0.0,2,Yes,Yes,190112.05,0
15782100,Holloway,Spain,Male,22.0,3,66483.32,1,Yes,Yes,110317.39,0
15765300,L?,Germany,Male,40.0,5,62389.03,3,No,No,148623.43,1
15743570,Feng,French,Female,34.0,5,0.0,2,Yes,Yes,125253.46,0
15608541,Claiborne,FRA,Male,46.0,1,91857.66,1,No,No,101954.78,1
15750671,Egobudike,Spain,Male,31.0,6,0.0,2,No,No,168462.26,0
15813659,Folliero,France,Female,56.0,7,0.0,1,No,No,26215.85,1
15757867,Bray,FRA,Female,30.0,10,176173.52,1,No,No,97045.32,1
15652914,Ibrahimov,Spain,Male,38.0,7,0.0,1,Yes,Yes,53534.8,0
15723818,Carpenter,French,Female,37.0,4,131834.76,2,No,No,8949.2,0
15713819,Walsh,FRA,Male,48.0,3,92347.96,1,Yes,Yes,163116.75,0
15656484,Woods,French,Male,40.0,4,0.0,2,Yes,Yes,140745.91,0
15778515,Wu,FRA,Male,40.0,3,95297.11,1,No,No,171515.84,0
15803840,Forbes,French,Female,32.0,9,0.0,2,No,No,150803.44,0
15735339,Lynch,French,Male,39.0,4,0.0,1,No,No,76884.05,0
15600392,Amaechi,French,Female,53.0,8,123845.36,2,Yes,Yes,170454.93,1
15625740,Enriquez,Germany,Male,62.0,3,143426.34,2,Yes,Yes,143104.3,0
15663817,Y?an,French,Male,46.0,5,0.0,1,Yes,Yes,55701.62,0
15734461,Brooks,Germany,Male,31.0,2,112708.2,1,Yes,Yes,186370.3,0
15780142,Wang,France,Male,43.0,2,100013.51,1,No,No,24275.32,0
15709920,Burke,FRA,Female,33.0,2,208165.53,1,No,No,50774.81,1
15684248,Meng,Spain,Male,21.0,7,0.0,2,Yes,Yes,154279.87,0
15643158,Chiganu,FRA,Female,40.0,9,0.0,1,No,No,68462.59,1
15693902,Hunt,France,Male,19.0,2,0.0,2,Yes,Yes,91036.74,0
15578307,Lucchese,France,Female,33.0,6,121685.31,2,Yes,Yes,83681.97,0
15585379,Humphries,France,Male,39.0,2,111525.02,1,No,No,199484.96,0
15758510,Frolova,FRA,Male,26.0,6,0.0,2,No,No,152491.22,0
15692918,Hsing,Germany,Male,36.0,10,113546.3,1,Yes,Yes,134875.37,0
15705301,Parkes,FRA,Male,41.0,6,95696.52,2,Yes,Yes,184366.14,0
15718231,Gregory,France,Male,28.0,0,88963.31,2,Yes,Yes,189839.93,0
15567991,Obiuto,Spain,Male,31.0,0,144880.34,2,Yes,Yes,175643.44,0
15772650,Longo,France,Male,55.0,9,136576.02,1,Yes,Yes,3268.17,1
15574795,Lombardo,France,Female,38.0,2,63093.01,1,Yes,Yes,47089.72,0
15706036,Lombardo,Germany,Male,38.0,10,132271.12,2,Yes,Yes,46562.02,0
15723856,Gonzalez,French,Female,29.0,3,88814.4,2,Yes,Yes,62487.97,0
15812920,Nwabugwu,Germany,Male,40.0,5,90594.55,1,Yes,Yes,181598.25,0
15691287,Ford,Germany,Female,33.0,0,141816.25,1,No,No,64815.05,1
15804797,Gilleland,France,Female,54.0,3,138547.97,1,Yes,Yes,70196.23,1
15708650,Fullwood,France,Female,31.0,2,52192.08,2,Yes,Yes,160383.47,0
15712777,Kao,FRA,Male,38.0,4,124976.19,1,No,No,35848.12,0
15786469,Montalvo,French,Female,34.0,1,0.0,2,No,No,87278.48,0
15669219,Wilson,Germany,Male,35.0,3,104356.38,1,No,No,94498.82,0
15641004,Doyne,Spain,Female,48.0,10,150315.92,1,Yes,Yes,133486.36,0
15648067,Onwuamaeze,France,Male,39.0,1,129299.28,2,No,No,73107.6,0
15704014,K'ung,Germany,Male,37.0,7,140950.92,2,No,No,195333.98,0
15645136,O'Donnell,Spain,Male,30.0,1,128065.12,1,No,No,121525.48,0
15709604,McMillan,France,Male,23.0,2,107433.48,1,No,No,173843.21,0
15713637,Chinedum,France,Male,34.0,2,117468.67,1,No,No,185227.42,0
15793901,Capon,French,Female,27.0,2,0.0,2,No,No,125244.18,0
15569759,Rawling,FRA,Female,27.0,4,0.0,3,No,No,163113.41,0
15712930,Duncan,France,Male,42.0,1,0.0,1,No,No,123006.91,0
15586504,Trevisani,French,Male,40.0,9,0.0,2,No,No,40463.03,0
15677317,Ankudinova,France,Female,29.0,4,153040.03,1,Yes,Yes,131363.57,1
15664270,Balsillie,Germany,Male,45.0,6,142084.04,4,No,No,188305.85,1
15731519,Kerr,France,Female,30.0,5,0.0,2,No,No,143994.86,0
15745623,Worsnop,FRA,Male,32.0,4,112079.58,1,No,No,89368.59,0
15813862,Yevseyev,Spain,Male,66.0,7,132044.6,2,Yes,Yes,158365.89,0
15641934,Manna,Spain,Female,46.0,9,66582.81,1,No,No,78753.12,1
15713043,Siciliani,FRA,Female,33.0,6,0.0,2,Yes,Yes,100408.31,0
15700749,Powell,FRA,Female,39.0,6,0.0,1,Yes,Yes,24677.54,0
15697567,Bazarova,French,Male,33.0,4,0.0,2,Yes,Yes,39570.78,0
15715414,White,FRA,Female,38.0,6,102895.1,1,No,No,155665.76,0
15639530,Buda,Spain,Male,42.0,2,0.0,1,Yes,Yes,168294.27,0
15726058,Cattaneo,Germany,Male,27.0,7,117578.35,2,Yes,Yes,87908.01,0
15725665,Lo,FRA,Male,47.0,10,198546.1,2,No,No,191198.92,1
15698872,Brown,Spain,Female,39.0,2,0.0,2,No,No,191207.03,0
15812184,Rose,FRA,Female,31.0,1,0.0,1,No,No,128954.05,0
15742609,Lombardo,Germany,Male,28.0,2,116623.31,1,Yes,Yes,59905.29,0
15815043,McMillan,Spain,Male,49.0,8,0.0,2,No,No,162012.6,0
15640648,Howe,France,Male,36.0,6,0.0,2,Yes,Yes,19231.98,0
15627203,Hsu,Spain,Male,54.0,10,0.0,1,Yes,Yes,175749.36,0
15786196,Han,France,Female,44.0,3,105770.7,3,No,No,60533.96,1
15612095,Calabrese,France,Female,48.0,9,0.0,1,No,No,137508.42,1
15674368,Riley,France,Female,39.0,1,94435.45,2,Yes,Yes,189430.86,0
15783477,Biryukov,Germany,Female,39.0,8,112889.91,1,Yes,Yes,6723.66,0
15757559,Broadhurst,FRA,Female,53.0,7,0.0,2,No,No,41371.68,1
15591036,Genovesi,Germany,Female,43.0,3,127940.47,1,No,No,125140.72,1
15761241,Hsieh,Germany,Female,36.0,8,129745.1,1,Yes,Yes,143683.75,0
15695078,Kemp,France,Male,32.0,3,0.0,2,Yes,Yes,170770.44,0
15645744,Chukwudi,FRA,Female,30.0,5,0.0,2,Yes,Yes,157397.57,0
15566988,Iqbal,Germany,Female,46.0,7,141535.52,1,No,No,50595.15,1
15749300,Teng,French,Female,47.0,2,139914.27,1,Yes,Yes,50390.98,0
15594340,Tao,France,Male,41.0,4,120243.49,1,No,No,163150.03,1
15607065,Chinedum,FRA,Male,34.0,9,91835.16,1,No,No,138280.17,0
15778089,Stevenson,Spain,Male,37.0,2,0.0,2,No,No,135067.02,0
15773723,Duncan,Spain,Female,22.0,9,67178.19,1,Yes,Yes,163534.75,1
15697035,Garrett,Spain,Female,31.0,8,0.0,2,No,No,86657.48,0
15679668,Yao,Spain,Male,38.0,7,115378.94,1,Yes,Yes,162087.82,0
15709861,He,Germany,Male,30.0,4,127786.28,2,Yes,Yes,28879.3,0
15791958,Mazzi,French,Female,41.0,6,0.0,2,Yes,Yes,169203.51,1
15791030,Edwards,FRA,Female,33.0,0,64900.32,2,No,No,102426.12,0
15695339,Lucchesi,Germany,Male,53.0,0,109172.88,1,No,No,54676.1,1
15658813,Siciliani,French,Female,55.0,7,0.0,2,Yes,Yes,18369.33,0
15715709,Shih,Germany,Male,43.0,4,114091.38,1,Yes,Yes,159888.1,0
15722533,Logue,French,Female,40.0,3,0.0,2,Yes,Yes,167636.15,0
15683118,Rechner,French,Male,32.0,9,0.0,2,No,No,138889.15,0
15672798,O'Brien,FRA,Female,45.0,7,145933.27,1,Yes,Yes,199392.14,0
15680112,Stewart,Germany,Female,35.0,7,131504.73,1,No,No,189560.43,0
15714575,Batt,Germany,Female,44.0,8,107926.02,1,Yes,Yes,17375.27,1
15806808,Hope,Germany,Female,57.0,8,112281.6,3,No,No,140225.14,1
15590637,Ahmed,French,Male,41.0,7,0.0,2,Yes,Yes,61018.85,0
15657535,Pearson,Spain,Male,29.0,10,0.0,1,Yes,Yes,51907.72,1
15696141,Kruglov,Spain,Female,31.0,7,0.0,1,No,No,47018.75,0
15811947,Gordon,FRA,Male,33.0,0,124781.67,1,Yes,Yes,33700.52,0
15649024,Trujillo,FRA,Female,39.0,9,132865.56,1,Yes,Yes,59636.43,1
15594928,Pagnotto,Germany,Female,38.0,4,129055.13,1,No,No,157147.59,0
15765532,Horton,Germany,Male,76.0,6,96166.88,1,Yes,Yes,191393.26,0
15741719,DeRose,FRA,Female,40.0,3,165298.12,1,Yes,Yes,199862.75,0
15665629,Chiang,Spain,Female,33.0,7,0.0,2,No,No,20016.59,0
15728917,Gill,FRA,Male,48.0,6,120682.53,1,No,No,30635.52,1
15762993,Trevisano,Spain,Male,32.0,5,102773.15,2,Yes,Yes,117832.88,0
15571193,Morrison,Germany,Male,42.0,0,144386.32,1,Yes,Yes,22497.1,1
15653521,Onuora,Germany,Female,40.0,7,104449.8,1,Yes,Yes,747.88,0
15802220,Ikenna,Spain,Male,35.0,6,137102.65,1,No,No,76870.81,0
15644132,Mancini,France,Female,30.0,9,142475.87,1,Yes,Yes,107848.24,0
15600832,Moss,France,Female,43.0,9,0.0,1,No,No,103726.71,0
15797919,Ting,Spain,Male,37.0,2,103195.2,2,No,No,178268.36,0
15603743,Tai,France,Male,28.0,1,112070.44,1,Yes,Yes,126281.83,0
15579714,Pan,French,Female,29.0,7,0.0,2,Yes,Yes,196651.72,0
15634295,Wilson,France,Male,35.0,1,96473.59,1,No,No,5962.3,0
15786680,Bianchi,Spain,Male,37.0,5,0.0,2,No,No,21928.81,0
15623499,Holman,Germany,Male,49.0,9,108437.89,1,No,No,127022.87,1
15691823,Obidimkpa,French,Male,37.0,5,153195.59,1,Yes,Yes,162763.01,0
15809279,Wallace,FRA,Male,45.0,8,96877.21,1,Yes,Yes,113950.51,0
15758039,Ash,France,Male,44.0,6,0.0,2,Yes,Yes,104930.46,0
15807163,Ku,FRA,Female,38.0,10,0.0,1,No,No,52337.97,1
15631639,Uspensky,French,Female,40.0,6,95452.89,1,Yes,Yes,179964.55,0
15713770,Shih,Spain,Male,41.0,3,63873.56,1,No,No,83753.64,0
15698167,Kumm,France,Female,24.0,0,148298.59,2,No,No,182913.95,0
15781710,Carey,Spain,Female,31.0,7,0.0,2,No,No,166720.28,0
15801296,Farber,Germany,Female,37.0,7,143258.85,2,No,No,192721.98,0
15704378,Calabrese,Germany,Male,37.0,9,121342.24,1,Yes,Yes,180241.44,0
15767891,Findlay,Germany,Female,28.0,6,99152.73,2,No,No,48475.12,0
15640667,Yu,French,Female,41.0,4,0.0,2,No,No,126551.48,0
15702145,Edments,Spain,Male,33.0,7,68423.89,1,Yes,Yes,64872.55,0
15679738,Brown,Spain,Female,35.0,8,0.0,1,No,No,98031.53,1
15636634,Lindon,Germany,Female,25.0,7,79656.81,1,No,No,93524.22,0
15809227,Chukwudi,French,Male,35.0,2,0.0,2,Yes,Yes,56991.66,0
15601811,Caldwell,FRA,Female,53.0,10,110240.04,1,No,No,183980.56,1
15625494,Li Fonti,France,Female,32.0,9,125321.84,2,Yes,Yes,130234.63,0
15723737,Pitcher,FRA,Male,27.0,3,0.0,1,No,No,32454.26,0
15682955,Capon,FRA,Female,32.0,2,84378.9,1,Yes,Yes,75396.43,0
15758856,Kable,FRA,Male,45.0,7,0.0,2,No,No,167756.45,0
15746065,Lo Duca,Germany,Male,35.0,10,136281.41,2,Yes,Yes,24799.47,0
15783865,Kulikova,FRA,Male,59.0,5,119380.37,1,Yes,Yes,60429.43,0
15745455,Navarrete,Germany,Male,62.0,4,108716.59,2,Yes,Yes,74241.09,0
15583033,Huguley,French,Female,20.0,4,0.0,2,Yes,Yes,78310.82,0
15644212,Han,Spain,Male,28.0,0,0.0,2,No,No,119419.37,0
15735688,Horsley,French,Female,31.0,6,106596.29,1,No,No,91305.77,0
15658577,Massie,France,Female,37.0,10,99546.25,3,Yes,Yes,25136.95,1
15606887,Singh,FRA,Female,30.0,5,0.0,1,No,No,193880.6,1
15783026,H?,FRA,Female,41.0,2,0.0,1,No,No,47856.78,0
15579892,Doyle,Spain,Male,19.0,7,112615.86,1,Yes,Yes,4491.77,0
15802088,Grant,Spain,Female,22.0,10,0.0,1,Yes,Yes,101311.95,0
15589323,Law,France,Female,24.0,9,0.0,2,Yes,Yes,38830.72,0
15636395,King,FRA,Female,31.0,5,0.0,2,No,No,26817.23,0
15712772,Onwubiko,FRA,Male,28.0,3,75381.15,1,Yes,Yes,199727.72,0
15700937,Romano,Spain,Female,24.0,5,0.0,2,Yes,Yes,67445.85,0
15766659,Okwudilichukwu,Spain,Male,33.0,5,0.0,2,No,No,161002.29,0
15814033,Milano,Spain,Male,38.0,1,0.0,2,No,No,20778.39,0
15783007,Parker,Germany,Female,45.0,1,123086.39,1,Yes,Yes,41042.4,1
15654183,Aitken,French,Female,26.0,3,0.0,2,No,No,67484.16,0
15609899,Obiora,Spain,Male,37.0,4,0.0,1,No,No,121763.68,0
15747323,Vasilyeva,Spain,Male,48.0,9,109472.47,1,No,No,157358.43,1
15582591,Chiabuotu,Spain,Male,59.0,4,155766.05,1,Yes,Yes,110275.17,0
15738835,Slater,Germany,Male,38.0,7,101985.81,2,No,No,43801.27,0
15782404,Hughes,French,Female,34.0,2,96019.5,1,No,No,9085.0,0
15697480,Menkens,French,Male,30.0,7,0.0,2,Yes,Yes,143086.09,0
15697045,Pisani,Spain,Female,35.0,9,0.0,2,Yes,Yes,100556.98,0
15781234,Y?an,FRA,Female,35.0,2,147900.43,1,No,No,140000.29,0
15579891,Milani,FRA,Male,52.0,4,100755.66,1,Yes,Yes,186775.25,0
15805690,Chin,Spain,Female,35.0,7,0.0,1,No,No,133570.43,1
15612139,Fu,France,Female,33.0,0,83036.05,1,Yes,Yes,154990.58,1
15568834,Howells,Spain,Male,27.0,6,125427.37,2,No,No,27654.44,0
15709917,Ni,France,Female,46.0,3,98202.76,1,No,No,137763.93,0
15718843,Maslova,Spain,Male,41.0,1,72509.91,1,No,No,25723.73,0
15799494,Forster,Germany,Male,44.0,3,140393.65,2,Yes,Yes,186285.52,0
15673439,Sun,Spain,Female,50.0,5,142644.64,2,Yes,Yes,142208.5,1
15669011,Bocharova,France,Female,44.0,9,23503.31,1,Yes,Yes,169862.01,1
15581388,Y?an,Spain,Male,33.0,8,145729.71,1,No,No,41365.85,0
15743153,Singh,Germany,Female,40.0,2,122295.17,2,Yes,Yes,30812.84,0
15579787,Nkemakonam,France,Male,39.0,4,0.0,2,No,No,155023.93,0
15759966,Chiemenam,Spain,Female,36.0,5,119799.27,2,No,No,159416.58,0
15601045,Angelo,Spain,Male,37.0,8,163708.58,2,No,No,76259.23,0
15764021,Frolov,FRA,Male,34.0,1,61687.33,2,No,No,105965.25,0
15687218,West,France,Female,27.0,4,79144.34,1,Yes,Yes,50743.83,0
15626452,Beatham,Spain,Male,32.0,5,0.0,2,Yes,Yes,147720.27,0
15700964,Pollard,Germany,Female,27.0,7,104848.68,1,Yes,Yes,167387.36,0
15768887,Hsing,Spain,Male,26.0,5,0.0,2,Yes,Yes,95159.13,0
15735358,Dowse,Spain,Male,46.0,4,0.0,1,Yes,Yes,4654.28,0
15749472,Lucciano,French,Male,45.0,8,0.0,1,No,No,130376.68,0
15685872,Godfrey,FRA,Female,29.0,1,146652.01,1,Yes,Yes,173486.39,0
15760851,Gratton,France,Male,31.0,6,0.0,2,No,No,93881.75,0
15734588,Manning,FRA,Male,46.0,0,0.0,2,Yes,Yes,36376.97,0
15784594,Mazzi,Germany,Female,37.0,1,130622.34,2,Yes,Yes,128499.94,0
15606435,Wall,Germany,Male,69.0,2,187013.13,2,Yes,Yes,105898.69,0
15790247,Sims,Spain,Male,40.0,9,0.0,2,Yes,Yes,11959.03,0
15676433,Allan,France,Female,36.0,6,0.0,1,No,No,98810.78,0
15625905,Griffen,Spain,Male,41.0,0,0.0,2,No,No,65906.07,0
15626414,Russell,France,Male,44.0,6,98862.54,1,No,No,151516.7,0
15623220,Brown,Spain,Female,45.0,4,0.0,2,No,No,37214.39,0
15752857,Palerma,Germany,Male,52.0,1,98443.14,2,No,No,92033.98,0
15677908,Gilbert,Spain,Male,42.0,4,0.0,2,No,No,195692.3,0
15773013,Uvarov,French,Female,47.0,0,0.0,1,Yes,Yes,6342.84,1
15623972,Wisdom,Germany,Female,23.0,9,123575.51,1,Yes,Yes,95148.28,0
15738627,Hussain,French,Male,25.0,6,0.0,2,Yes,Yes,21215.67,0
15643392,Woods,FRA,Male,31.0,4,105239.1,1,Yes,Yes,19700.24,0
15684868,Cameron,Germany,Male,56.0,9,110993.79,1,No,No,134396.64,1
15627854,Mai,Spain,Male,44.0,3,0.0,2,Yes,Yes,135077.01,0
15669253,Gibson,Spain,Male,39.0,7,157691.98,2,No,No,133600.89,1
15758023,Grigoryeva,Germany,Male,47.0,5,105245.21,1,No,No,99922.08,1
15574558,Gunter,Spain,Male,32.0,8,0.0,2,Yes,Yes,41399.33,0
15635256,Arcuri,France,Male,31.0,7,117687.35,1,Yes,Yes,159344.43,0
15680399,Tung,French,Male,23.0,2,0.0,2,No,No,18364.19,0
15674720,Smith,Germany,Female,37.0,7,123067.63,1,Yes,Yes,98162.44,1
15580249,Lori,FRA,Male,45.0,0,0.0,1,No,No,84663.21,0
15675431,Chidimma,FRA,Female,34.0,6,0.0,2,No,No,36536.93,0
15698285,Ting,FRA,Female,41.0,4,101457.14,1,Yes,Yes,79101.67,0
15810775,Tsao,Spain,Male,52.0,2,100549.43,2,Yes,Yes,16644.16,0
15678173,Collee,Spain,Male,35.0,4,174588.8,2,Yes,Yes,158420.14,0
15665222,Lettiere,Spain,Male,52.0,8,121161.57,1,No,No,48988.28,0
15803908,Fu,FRA,Male,45.0,9,0.0,2,Yes,Yes,96862.56,0
15586039,Bergamaschi,Germany,Female,36.0,5,90063.74,2,Yes,Yes,96366.7,0
15802570,Dyer,France,Female,45.0,5,0.0,2,Yes,Yes,146123.19,0
15781451,Buccho,French,Male,42.0,3,134936.97,2,No,No,135178.91,0
15721019,Jones,FRA,Female,24.0,3,110495.27,1,No,No,158615.41,0
15738588,Nebechi,Germany,Female,37.0,2,133200.09,1,No,No,71433.88,0
15730657,Ibekwe,French,Female,41.0,4,82596.8,1,Yes,Yes,55672.09,0
15739292,Gorshkov,Germany,Male,31.0,9,103837.75,1,Yes,Yes,150218.11,0
15725945,Nweke,Spain,Female,42.0,2,0.0,1,No,No,162734.31,1
15813159,Hairston,France,Male,52.0,8,93590.47,1,Yes,Yes,21228.71,1
15636820,Loggia,Germany,Male,40.0,8,104149.66,1,No,No,62027.9,0
15603880,Morgan,Germany,Male,38.0,1,114141.64,1,Yes,Yes,60988.21,1
15619494,Abdulov,Germany,Female,31.0,9,117153.0,1,Yes,Yes,108675.01,0
15596992,Norris,Germany,Male,45.0,7,156353.46,1,No,No,72643.95,1
15735025,Clark,Spain,Male,37.0,3,175534.78,2,Yes,Yes,9241.52,0
15730759,Chukwudi,French,Female,27.0,9,135637.0,1,No,No,153080.4,1
15752912,Perkin,French,Female,30.0,7,0.0,2,No,No,72196.57,0
15711316,Ch'ang,FRA,Male,27.0,2,0.0,2,Yes,Yes,199527.34,0
15738785,Kang,FRA,Male,26.0,7,0.0,2,Yes,Yes,156598.23,0
15777896,Chukwudi,Germany,Female,33.0,2,83415.04,1,Yes,Yes,74917.64,0
15628963,Frolova,Germany,Male,43.0,3,141859.12,2,Yes,Yes,111249.62,0
15742126,Chiu,Germany,Male,38.0,7,132767.66,2,Yes,Yes,59115.77,0
15575623,Simpson,French,Female,31.0,10,110635.32,1,No,No,148218.86,0
15741652,McLean,Spain,Male,37.0,8,177657.35,1,Yes,Yes,77142.32,0
15738884,Hu,Germany,Male,41.0,4,157777.58,1,No,No,67484.6,0
15615050,Savage,Germany,Male,47.0,9,107915.94,2,Yes,Yes,63452.18,1
15803005,Wallace,Germany,Female,57.0,5,86568.75,1,Yes,Yes,103660.31,0
15743498,Winter,Germany,Male,52.0,9,137755.76,1,No,No,163191.99,1
15720463,Ho,French,Male,30.0,2,137262.71,2,No,No,62905.29,0
15588695,Su,Spain,Male,32.0,6,0.0,1,Yes,Yes,44323.22,1
15665802,Li Fonti,Spain,Female,36.0,6,0.0,2,Yes,Yes,97938.59,0
15571144,Ives,French,Male,28.0,10,0.0,2,Yes,Yes,126565.21,0
15750731,Trevisani,Germany,Male,50.0,9,116309.01,1,No,No,185360.4,1
15605134,Bond,France,Female,34.0,0,131244.65,2,No,No,183229.02,0
15626044,Lettiere,Germany,Male,28.0,3,125155.83,2,Yes,Yes,106024.02,0
15737910,Houghton,Germany,Male,35.0,5,140691.08,2,No,No,167810.26,0
15761076,Lei,FRA,Male,41.0,3,58820.32,2,Yes,Yes,138536.09,0
15710105,Stirling,Germany,Female,26.0,3,105099.45,1,Yes,Yes,184520.0,1
15577402,Grant,FRA,Male,31.0,9,0.0,2,Yes,Yes,20492.16,0
15803337,Baresi,France,Male,23.0,9,168372.52,1,No,No,134676.72,0
15654372,Pearce,Germany,Male,34.0,1,94682.56,2,No,No,138478.2,0
15585867,Rutledge,Spain,Male,36.0,2,0.0,2,Yes,Yes,125557.95,0
15662488,Udegbunam,France,Female,44.0,5,0.0,2,No,No,82969.61,1
15604813,Zaytseva,France,Male,40.0,7,0.0,2,Yes,Yes,158071.69,0
15611644,Onyemauchechukwu,FRA,Male,73.0,0,146329.73,1,Yes,Yes,43615.67,0
15674928,Mullah,Spain,Male,37.0,2,0.0,2,No,No,119969.99,0
15656100,Candler,French,Female,49.0,5,167962.7,1,No,No,140201.21,0
15764293,Konovalova,France,Male,33.0,1,0.0,2,Yes,Yes,80792.83,0
15636423,Lei,FRA,Male,40.0,7,0.0,1,Yes,Yes,141359.11,0
15607629,Hollis,France,Male,48.0,8,0.0,2,No,No,23344.94,0
15577313,Lionel,French,Male,44.0,3,116967.68,1,No,No,5075.17,1
15714493,Francis,Spain,Female,33.0,6,0.0,2,Yes,Yes,95500.98,0
15643359,Carter,Spain,Male,32.0,7,0.0,1,Yes,Yes,79082.62,0
15687913,Mai,Germany,Female,34.0,7,93244.42,1,Yes,Yes,199805.63,0
15790935,Johnson,French,Female,29.0,5,0.0,2,Yes,Yes,52709.55,0
15708693,Sherman,FRA,Female,33.0,2,0.0,2,No,No,56583.88,0
15672016,Sabbatini,French,Male,35.0,1,0.0,2,Yes,Yes,3385.04,0
15727605,Shih,Germany,Male,43.0,4,80442.06,2,Yes,Yes,12537.42,0
15651144,Yao,Germany,Female,35.0,2,150561.03,2,No,No,64722.61,0
15749401,Ko,France,Male,60.0,9,0.0,3,Yes,Yes,75246.21,1
15691874,Kazakova,FRA,Female,34.0,9,125474.44,1,No,No,198929.84,0
15620735,Chiganu,Germany,Female,33.0,4,127076.68,2,No,No,69011.66,0
15769781,Nucci,Spain,Female,25.0,8,0.0,2,Yes,Yes,52404.47,0
15624611,Marsden,Spain,Male,37.0,8,128650.11,2,Yes,Yes,163641.53,0
15773071,Serena,Spain,Female,33.0,6,145580.61,1,Yes,Yes,154598.56,0
15720371,McLean,French,Female,51.0,3,0.0,1,No,No,173989.47,1
15717984,Longo,France,Male,47.0,9,144900.58,1,No,No,61315.37,1
15806407,Wilson,French,Female,37.0,4,0.0,2,No,No,143393.24,0
15785042,Hsiung,France,Female,31.0,8,97588.6,1,No,No,124210.53,0
15809302,Wright,French,Male,24.0,1,0.0,2,Yes,Yes,151460.84,0
15677550,Folliero,French,Female,38.0,1,0.0,2,No,No,20734.81,0
15654096,Johnston,Germany,Female,24.0,10,122200.31,2,No,No,43705.56,0
15617320,Palermo,Spain,Female,46.0,3,151709.33,1,No,No,180736.24,0
15653065,Nwabugwu,Spain,Female,22.0,7,0.0,2,No,No,104170.48,0
15649112,Endrizzi,Spain,Female,33.0,3,122134.4,2,Yes,Yes,27867.59,0
15690526,Tuan,Germany,Male,31.0,2,137260.45,2,No,No,55387.28,0
15806945,Udobata,France,Female,30.0,9,88594.14,1,No,No,196332.45,0
15670066,Ibezimako,Spain,Male,34.0,6,0.0,2,Yes,Yes,116046.22,0
15625761,Maclean,Germany,Male,41.0,8,127205.32,4,No,No,93874.87,1
15761525,Shaw,Spain,Female,31.0,10,96997.09,2,No,No,76614.04,0
15735080,Cummins,French,Female,64.0,2,0.0,1,Yes,Yes,6076.62,0
15619537,Lavrentiev,FRA,Male,31.0,5,142200.19,2,Yes,Yes,122221.71,0
15598162,Saunders,Germany,Female,39.0,3,160761.41,1,Yes,Yes,24156.03,0
15694300,Fiorentino,France,Male,26.0,4,0.0,2,No,No,135394.62,0
15637235,Knight,Spain,Male,33.0,8,0.0,2,No,No,91340.02,0
15612444,Manfrin,France,Male,29.0,3,0.0,2,No,No,146090.38,0
15626457,Zetticci,FRA,Male,31.0,0,116234.61,1,No,No,172096.08,0
15627995,Angelo,Germany,Female,26.0,5,155143.52,1,Yes,Yes,135034.57,1
15706128,Zhdanov,FRA,Female,21.0,1,0.0,2,No,No,84008.66,0
15666430,Peck,French,Male,38.0,8,0.0,2,No,No,91763.67,0
15627385,Uwaezuoke,France,Male,34.0,5,84009.47,1,Yes,Yes,137001.1,0
15581323,White,Germany,Female,28.0,7,139246.22,2,No,No,106799.49,0
15608109,Greco,Germany,Male,58.0,7,170113.0,2,Yes,Yes,10494.64,0
15801942,Chu,Spain,Female,41.0,8,0.0,3,Yes,Yes,79866.73,1
15567431,Kodilinyechukwu,France,Male,64.0,2,145578.28,1,Yes,Yes,186172.85,0
15810167,Scott,Spain,Male,75.0,7,126273.95,1,Yes,Yes,91673.6,0
15644501,Enyinnaya,France,Female,26.0,10,162482.76,1,Yes,Yes,18458.2,0
15785290,Hao,FRA,Male,29.0,9,0.0,1,No,No,8342.35,0
15611157,McElhone,French,Female,32.0,2,87814.89,1,No,No,138578.37,0
15673837,Ko,Spain,Male,61.0,3,113858.95,1,Yes,Yes,38129.22,0
15656822,Day,Germany,Male,43.0,5,87612.64,4,Yes,Yes,107155.4,1
15580560,Harris,France,Female,73.0,1,0.0,1,Yes,Yes,29792.11,0
15760641,Gerald,Germany,Male,26.0,1,106648.98,1,Yes,Yes,7063.6,0
15587584,Nebeuwa,Spain,Male,31.0,4,0.0,2,Yes,Yes,21645.06,0
15604146,Kaodilinakachukwu,Germany,Female,38.0,8,103653.51,2,Yes,Yes,137079.86,0
15813974,Maruff,Germany,Male,37.0,3,116880.53,1,No,No,172718.35,1
15746986,Howe,Germany,Female,40.0,4,97990.49,2,No,No,106691.02,0
15759741,Knepper,Germany,Female,34.0,4,150635.3,1,Yes,Yes,72274.84,0
15734892,Fennell,Spain,Male,37.0,4,0.0,2,Yes,Yes,32246.63,0
15797194,T'ao,French,Male,39.0,10,129674.89,2,No,No,80552.36,0
15723786,Morris,French,Female,37.0,9,0.0,2,No,No,16733.59,0
15642726,Holmes,French,Male,53.0,3,83568.26,1,No,No,1235.49,0
15664339,Yu,Spain,Male,48.0,4,178144.91,2,No,No,50168.41,1
15754526,Walker,Germany,Male,36.0,6,147137.74,1,Yes,Yes,33687.9,0
15703037,Edwards,French,Male,37.0,5,0.0,1,Yes,Yes,178705.45,1
15751412,Harvey,France,Male,36.0,3,114370.41,1,Yes,Yes,66810.48,0
15609558,McDonald,Germany,Female,47.0,5,108289.28,2,Yes,Yes,45859.55,1
15572408,Chambers,Germany,Male,39.0,3,149887.49,2,No,No,63846.36,0
15613923,Reed,Spain,Female,43.0,4,170172.9,1,Yes,Yes,100236.02,0
15747000,Shih,FRA,Male,27.0,3,0.0,2,Yes,Yes,19645.65,0
15731781,Onyemachukwu,France,Male,43.0,7,0.0,2,No,No,178393.68,0
15727198,Teng,Germany,Female,28.0,2,64808.32,2,No,No,78591.15,0
15794273,Hand,FRA,Female,56.0,0,62732.65,1,Yes,Yes,124954.56,0
15804950,Onyemauchechukwu,France,Female,41.0,7,0.0,2,Yes,Yes,3756.65,0
15576304,Bailey,France,Male,29.0,5,95167.55,1,Yes,Yes,152723.23,0
15645200,Chiang,Germany,Female,54.0,2,152508.99,1,No,No,187597.98,1
15779627,Maclean,Germany,Male,31.0,0,134644.19,1,Yes,Yes,70381.49,0
15750755,Yobachi,Spain,Female,33.0,8,0.0,2,No,No,156792.89,0
15569654,Munro,Germany,Female,31.0,3,51293.47,1,No,No,35534.68,0
15753079,Chidi,France,Male,41.0,5,0.0,3,No,No,151256.22,0
15684995,Chamberlain,Spain,Male,49.0,8,116622.73,1,Yes,Yes,51011.29,0
15790763,Trujillo,Spain,Female,49.0,2,0.0,2,No,No,111190.53,0
15766458,Tang,France,Male,33.0,1,198113.86,1,No,No,69664.35,0
15616221,Wilson,FRA,Female,29.0,4,85646.81,1,No,No,63233.02,1
15776124,Mann,Spain,Male,51.0,7,0.0,1,Yes,Yes,40855.79,0
15665811,Parry,FRA,Male,33.0,9,141234.98,1,No,No,95673.05,0
15729804,Manfrin,France,Male,34.0,10,0.0,2,Yes,Yes,80234.14,0
15714062,Millar,French,Female,40.0,9,77641.99,1,No,No,189051.59,1
15592197,Simmons,Spain,Male,30.0,3,0.0,2,No,No,145490.85,0
15793116,Beneventi,Germany,Female,40.0,7,117304.29,1,No,No,196278.32,0
15638231,Chung,Spain,Female,62.0,2,0.0,2,Yes,Yes,162889.1,0
15697678,Maxwell,Germany,Male,36.0,6,92340.69,2,Yes,Yes,174667.58,0
15800412,Dale,Germany,Male,35.0,9,146780.52,2,Yes,Yes,3476.38,0
15597610,Stevens,Spain,Male,41.0,6,144974.55,1,Yes,Yes,19344.92,0
15726634,Wei,French,Male,47.0,1,0.0,1,No,No,95270.83,0
15670866,Chiu,France,Male,31.0,2,0.0,2,Yes,Yes,107759.31,0
15667462,Duncan,Spain,Male,43.0,10,0.0,2,No,No,118368.2,0
15662574,Brady,Spain,Male,37.0,1,115137.26,1,No,No,52484.01,0
15716926,Macleod,FRA,Male,33.0,10,101952.97,2,No,No,178153.65,0
15603554,Berkeley,FRA,Female,45.0,0,164649.52,3,No,No,49915.52,1
15716800,Kaur,French,Male,31.0,2,0.0,2,Yes,Yes,33747.03,0
15679429,Bell,France,Male,32.0,0,91956.49,1,Yes,Yes,59961.81,0
15616122,Nwokike,France,Male,39.0,8,0.0,2,Yes,Yes,18613.52,0
15742172,Williamson,Germany,Male,32.0,9,123938.6,2,No,No,198894.42,0
15792305,Mountgarrett,Germany,Male,46.0,6,123571.77,3,Yes,Yes,57014.17,1
15636016,Wreford,France,Female,34.0,3,120777.88,1,Yes,Yes,131729.52,0
15733138,Paterson,Germany,Male,42.0,5,90248.79,1,Yes,Yes,79169.73,0
15669741,Hou,France,Male,36.0,7,0.0,1,No,No,106472.34,0
15616954,Smith,FRA,Male,71.0,4,0.0,2,Yes,Yes,17013.54,0
15729238,Peng,Germany,Male,48.0,1,106396.48,1,Yes,Yes,150661.42,1
15718242,Wollstonecraft,Germany,Female,47.0,1,104887.43,1,No,No,86622.56,1
15682914,Bolton,French,Male,34.0,2,72079.71,1,Yes,Yes,115767.93,0
15654274,Corrie,FRA,Male,37.0,6,0.0,2,No,No,141998.89,0
15691457,Boyle,Spain,Male,36.0,2,0.0,2,Yes,Yes,182787.17,0
15719649,Lambie,France,Male,38.0,3,99844.68,1,No,No,187915.7,0
15778897,Cartwright,FRA,Female,28.0,1,0.0,2,Yes,Yes,133267.78,0
15589437,Lu,French,Male,26.0,3,156815.71,1,Yes,Yes,137476.09,0
15682369,Pisano,French,Male,47.0,6,146034.74,1,Yes,Yes,77146.14,0
15626507,Chukwubuikem,French,Male,27.0,1,152283.39,1,No,No,183271.15,0
15571995,Harper,Germany,Female,33.0,1,118897.1,2,Yes,Yes,26362.4,0
15673333,Wilson,Germany,Male,52.0,8,96781.39,1,Yes,Yes,153373.71,0
15748752,Ch'in,Germany,Male,33.0,1,102772.67,2,No,No,70705.58,0
15725302,Streeton,Spain,Female,20.0,4,0.0,2,No,No,119759.24,0
15722083,Ch'ang,Spain,Male,39.0,8,0.0,2,No,No,42392.24,0
15771442,Pennington,France,Male,40.0,4,150578.0,1,Yes,Yes,34670.62,1
15803633,T'ien,FRA,Female,46.0,1,0.0,2,No,No,82106.19,0
15672185,Liu,French,Male,47.0,3,0.0,2,No,No,171774.5,0
15806486,Cunningham,France,Female,48.0,0,0.0,2,No,No,149772.61,0
15570895,Ch'in,France,Male,42.0,10,163548.07,1,No,No,38866.85,0
15614520,Smith,FRA,Female,37.0,8,148580.12,1,No,No,35179.18,0
15687492,Anderson,Germany,Male,32.0,3,96709.07,2,No,No,41788.37,0
15675337,Forbes,Germany,Female,34.0,5,106011.59,1,Yes,Yes,17376.57,1
15721047,Ansell,Germany,Male,37.0,1,135650.88,1,No,No,199428.19,0
15589017,Chiu,Germany,Male,55.0,4,111362.76,3,No,No,16922.28,1
15611186,Yevdokimova,French,Male,37.0,1,39344.83,1,Yes,Yes,178291.89,1
15617301,Chamberlin,Germany,Male,36.0,9,130809.77,1,No,No,152290.28,0
15726046,Johnston,FRA,Female,27.0,2,133009.51,1,No,No,126809.15,0
15585748,McDonald,Germany,Female,28.0,9,135337.49,2,Yes,Yes,40385.61,0
15672826,Chen,France,Female,32.0,10,112536.57,2,Yes,Yes,34350.54,0
15595162,Cattaneo,Spain,Female,35.0,8,122570.69,1,No,No,199005.88,0
15650026,Barclay-Harvey,France,Male,44.0,1,63562.02,2,Yes,Yes,52629.73,1
15745826,Dawson,France,Male,37.0,3,0.0,2,Yes,Yes,180012.39,0
15708610,Costa,Germany,Male,44.0,9,100368.63,2,No,No,35342.33,0
15624471,Chikwado,France,Male,37.0,6,0.0,2,No,No,109291.22,0
15590097,Ch'eng,Spain,Female,33.0,7,136082.0,1,No,No,62746.54,0
15689328,Harrison,Germany,Male,48.0,9,114169.16,1,No,No,173273.2,1
15582154,Crawford,FRA,Female,45.0,5,47884.92,1,Yes,Yes,54340.24,0
15734626,Gibson,Spain,Female,36.0,1,0.0,2,Yes,Yes,19302.78,0
15702806,Martin,Spain,Male,24.0,9,0.0,1,No,No,10883.52,0
15620756,Stokes,FRA,Male,49.0,6,202904.64,1,Yes,Yes,17298.72,1
15611331,Niu,France,Female,46.0,1,0.0,1,Yes,Yes,115779.48,1
15576935,Ampt,Spain,Male,43.0,2,161807.18,2,Yes,Yes,93228.86,1
15661275,Wynn,Germany,Male,52.0,3,110791.97,1,No,No,148704.77,1
15814940,Lawrence,Spain,Female,33.0,9,0.0,2,Yes,Yes,150475.14,0
15768471,Wagner,Germany,Female,54.0,6,108755.0,1,No,No,40914.32,1
15697391,Argyle,Spain,Female,34.0,3,0.0,2,No,No,38587.7,0
15793346,Ofodile,France,Female,72.0,3,0.0,2,Yes,Yes,171260.66,0
15608338,Chiemenam,Spain,Female,55.0,9,117294.12,4,No,No,94187.47,1
15578546,Akobundu,Germany,Male,26.0,4,102251.14,1,Yes,Yes,145900.89,0
15656921,Locke,French,Male,31.0,4,0.0,2,No,No,152298.28,0
15761340,Bullen,France,Male,22.0,5,0.0,2,Yes,Yes,99828.45,0
15591135,Forster,French,Male,37.0,2,132057.92,2,No,No,34743.98,0
15623219,Smith,French,Male,33.0,8,0.0,1,No,No,121189.3,1
15655229,Craig,Germany,Female,35.0,7,114285.2,1,Yes,Yes,129660.59,0
15805884,Archer,FRA,Female,41.0,9,0.0,2,No,No,145477.36,0
15668289,McWilliams,Spain,Male,32.0,2,76087.98,1,Yes,Yes,151822.66,0
15568562,Moss,FRA,Male,40.0,8,160272.27,1,No,No,49656.24,0
15773276,Townsend,Spain,Male,63.0,4,114552.6,1,No,No,73856.28,1
15622801,Brown,France,Female,27.0,8,102000.17,1,Yes,Yes,116757.0,0
15779886,Munson,Spain,Male,24.0,7,0.0,2,No,No,16319.56,0
15713673,T'ien,French,Female,33.0,1,137853.0,1,Yes,Yes,90273.85,0
15783083,Shubin,FRA,Male,27.0,9,0.0,2,No,No,161344.13,0
15742824,Isayeva,Germany,Male,42.0,7,162318.61,1,No,No,121061.89,0
15621550,Hung,Spain,Female,50.0,1,140292.58,3,No,No,69531.22,1
15799480,Webb,France,Male,34.0,0,0.0,2,Yes,Yes,3756.23,0
15625247,Scott,France,Female,34.0,1,0.0,1,No,No,114448.13,0
15755241,Rahman,FRA,Female,52.0,2,0.0,1,Yes,Yes,144045.08,1
15575679,Lori,France,Male,24.0,7,126431.54,1,No,No,58781.11,0
15668235,Cooke,FRA,Female,41.0,3,123475.04,1,Yes,Yes,179227.52,0
15683183,Volkova,Germany,Female,45.0,6,97652.96,1,No,No,127332.33,0
15684592,Lamb,Spain,Male,42.0,4,0.0,2,Yes,Yes,86642.38,0
15591169,Hawes,Germany,Female,49.0,4,137455.99,1,No,No,184178.29,1
15653455,Smith,FRA,Female,38.0,2,0.0,2,Yes,Yes,9551.49,0
15732563,Swanton,Germany,Female,33.0,7,99046.31,2,Yes,Yes,56053.06,0
15656471,Mitchell,France,Male,33.0,9,0.0,2,Yes,Yes,1118.31,0
15598510,Colombo,Germany,Male,27.0,4,105907.42,2,Yes,Yes,195732.04,0
15766427,Shaw,Germany,Male,52.0,5,97720.35,2,No,No,175070.94,1
15785342,Shipp,FRA,Male,25.0,9,0.0,2,Yes,Yes,112331.19,0
15641595,Jonathan,Spain,Male,43.0,4,97392.18,2,No,No,43956.83,0
15798429,Hernandez,French,Male,29.0,8,0.0,2,Yes,Yes,115994.52,0
15648136,Green,Germany,Female,28.0,9,152812.58,1,No,No,166682.57,0
15812482,Young,France,Male,27.0,3,139301.68,1,No,No,99843.98,0
15790810,Han,French,Female,41.0,10,76319.64,1,Yes,Yes,141175.18,1
15687421,Highland,Spain,Male,67.0,9,125919.35,1,No,No,175910.95,1
15765643,Hamilton,FRA,Male,37.0,6,124348.38,2,Yes,Yes,176984.34,0
15654878,Yobanna,FRA,Male,29.0,7,117199.8,1,Yes,Yes,43480.63,0
15686835,Crawford,Germany,Female,57.0,9,148384.64,1,No,No,155047.11,1
15768340,Beavers,Germany,Female,19.0,3,113905.48,1,Yes,Yes,176137.2,0
15673599,Williamson,Spain,Male,32.0,5,133476.09,1,Yes,Yes,154843.4,0
15689096,Beneventi,FRA,Male,47.0,0,117879.32,1,Yes,Yes,8214.46,0
15684294,Chidumaga,French,Male,50.0,2,0.0,2,Yes,Yes,147075.69,0
15615828,Mitchell,FRA,Male,34.0,8,122359.5,1,No,No,116495.55,0
15746012,Chibugo,Spain,Female,28.0,0,0.0,2,Yes,Yes,31165.06,1
15615797,Hyde,Germany,Male,59.0,5,108585.35,1,Yes,Yes,192127.22,1
15788494,Alekseeva,French,Male,31.0,8,145875.74,1,No,No,137491.23,0
15793856,Abdulov,Spain,Female,36.0,3,121542.57,2,Yes,Yes,186841.71,0
15629545,Buckley,Spain,Female,41.0,7,109508.68,1,No,No,86776.38,0
15661198,Howard,Germany,Male,34.0,2,146407.11,1,Yes,Yes,72073.72,0
15715117,Peel,France,Female,39.0,6,0.0,1,No,No,10662.58,0
15701074,Herz,Germany,Male,35.0,8,112330.83,1,Yes,Yes,91001.02,0
15793046,Holden,French,Female,35.0,4,90413.12,1,Yes,Yes,20555.21,0
15623744,McLean,France,Male,34.0,8,105302.66,1,Yes,Yes,123164.97,0
15611329,Findlay,Spain,Female,35.0,6,0.0,2,Yes,Yes,143463.28,0
15740428,Wyatt,French,Female,35.0,1,0.0,2,No,No,92131.54,0
15781534,Rapuluolisa,Germany,Female,35.0,4,121520.36,1,No,No,77178.42,0
15618243,Buckland,Spain,Female,43.0,1,103960.38,1,Yes,Yes,193650.16,0
15784161,Hargreaves,Germany,Male,39.0,8,102945.01,1,No,No,52861.89,0
15700325,Onyeoruru,FRA,Female,24.0,8,92760.55,1,No,No,35896.75,0
15659064,Salas,Spain,Male,37.0,8,0.0,2,Yes,Yes,149418.41,0
15658364,Laney,Germany,Female,40.0,1,134590.21,1,Yes,Yes,46253.65,0
15704340,Fu,French,Female,37.0,10,104255.03,1,No,No,86609.37,0
15793455,Tien,Spain,Female,55.0,6,0.0,1,No,No,91943.94,1
15579777,Sazonova,France,Male,41.0,3,0.0,2,No,No,128892.36,0
15632345,Tuan,France,Female,35.0,4,0.0,2,No,No,44830.71,0
15814468,Wei,Germany,Male,50.0,1,121399.98,1,Yes,Yes,84508.44,1
15754820,Bergamaschi,Germany,Male,35.0,8,147127.81,2,Yes,Yes,84760.7,0
15707505,Taylor,Spain,Male,31.0,8,125927.51,2,No,No,147661.47,0
15699507,Messersmith,French,Female,25.0,7,0.0,2,Yes,Yes,82393.08,0
15799600,Coles,Germany,Male,48.0,1,111599.32,1,Yes,Yes,135995.58,0
15794472,Brookes,France,Female,27.0,3,0.0,2,No,No,159800.16,0
15646632,Reid,French,Male,38.0,9,0.0,2,No,No,14379.01,0
15676353,Etheridge,France,Male,35.0,8,114212.6,1,Yes,Yes,74322.85,0
15566312,Jolly,Spain,Female,42.0,5,0.0,3,Yes,Yes,189016.24,1
15570414,Chizoba,Spain,Male,41.0,4,115251.64,1,No,No,136435.75,0
15776743,Eberegbulam,French,Male,43.0,9,0.0,2,Yes,Yes,78488.39,0
15674637,Pagnotto,FRA,Female,68.0,3,107571.61,1,Yes,Yes,113695.99,0
15730418,Lucchesi,FRA,Female,32.0,2,0.0,2,No,No,54628.11,0
15739972,Hughes,Germany,Female,45.0,9,152367.21,3,No,No,150835.21,1
15661591,Panicucci,Germany,Male,39.0,1,130969.77,2,Yes,Yes,158891.79,0
15675585,Burns,Germany,Female,25.0,0,97738.97,2,Yes,Yes,160523.33,0
15814750,Ricci,Spain,Male,34.0,8,0.0,2,Yes,Yes,180595.02,0
15593454,Lambert,Spain,Female,40.0,4,113794.22,1,No,No,16618.76,0
15663421,Esposito,Spain,Male,28.0,6,128396.33,2,No,No,79919.97,0
15576196,Benson,Spain,Female,48.0,5,118207.69,2,No,No,186489.14,1
15677324,Botts,Germany,Male,73.0,9,124730.26,1,Yes,Yes,51999.5,0
15568742,Parkes,FRA,Female,41.0,9,0.0,1,No,No,121299.14,0
15693764,Mai,Spain,Male,52.0,0,136298.65,1,No,No,144593.3,1
15714260,Castiglione,FRA,Female,38.0,2,0.0,2,No,No,178752.73,0
15798200,Manna,French,Male,35.0,2,0.0,3,Yes,Yes,94148.3,0
15656627,Lin,France,Male,34.0,5,0.0,2,Yes,Yes,77414.45,0
15791111,Fink,France,Female,47.0,2,125724.95,2,No,No,63236.97,0
15638269,Baresi,French,Male,67.0,2,0.0,2,Yes,Yes,108645.85,0
15807473,Morehead,France,Male,38.0,1,0.0,2,Yes,Yes,95153.24,0
15708534,Afamefuna,Spain,Female,64.0,5,0.0,1,No,No,136079.64,1
15640686,Greco,French,Male,46.0,5,95872.86,1,No,No,98273.01,1
15588904,Balashova,French,Male,33.0,9,0.0,1,No,No,113505.93,1
15768763,Bogdanov,French,Male,37.0,2,0.0,1,Yes,Yes,52525.15,1
15770543,Lowe,FRA,Male,37.0,7,74260.03,1,No,No,194617.98,0
15642162,Ponce,Germany,Male,35.0,1,123407.69,1,No,No,152541.89,1
15714046,Trevisano,Spain,Male,33.0,3,123783.91,2,Yes,Yes,142903.44,0
15575060,Gardner,FRA,Male,24.0,5,0.0,2,No,No,182257.61,0
15812040,Lorenzo,French,Male,36.0,6,153880.15,1,No,No,135431.72,0
15812073,Palmer,France,Female,31.0,7,0.0,2,Yes,Yes,175697.87,0
15706810,Zuyeva,Germany,Female,32.0,1,106301.85,2,Yes,Yes,59061.25,0
15584090,Jen,Spain,Female,40.0,7,0.0,2,Yes,Yes,131283.6,1
15810807,Alekseeva,France,Female,43.0,9,0.0,2,No,No,152499.8,0
15582033,Manfrin,Germany,Male,44.0,3,138076.47,1,No,No,15523.09,1
15687607,Chiemenam,French,Female,30.0,9,135422.31,1,Yes,Yes,186418.85,0
15588406,Chiemenam,Spain,Female,37.0,7,0.0,2,No,No,32262.28,0
15784099,Clark,FRA,Female,38.0,5,126875.62,1,No,No,128052.29,0
15701352,Fanucci,Spain,Female,28.0,3,96381.68,2,No,No,181419.29,0
15789371,Cattaneo,Germany,Female,41.0,4,119703.1,2,Yes,Yes,109783.29,0
15602845,Udinesi,Germany,Male,41.0,2,152102.18,2,No,No,181879.56,0
15707918,Bentley,Germany,Female,36.0,0,127675.39,2,No,No,74260.16,0
15602812,Holmes,Germany,Female,44.0,2,133776.86,2,Yes,Yes,49865.04,0
15675888,Austin,Spain,Female,33.0,9,72788.03,1,Yes,Yes,103608.06,0
15591822,Mackenzie,Spain,Male,26.0,9,76226.9,1,No,No,167564.82,0
15738501,Booth,Germany,Male,48.0,9,163630.76,1,Yes,Yes,41816.49,1
15585907,Collier,Spain,Female,30.0,5,0.0,2,No,No,179066.58,0
15579040,Hs?,France,Female,46.0,10,0.0,2,No,No,109184.24,0
15804211,Oluchukwu,France,Male,36.0,3,155423.17,1,Yes,Yes,199841.32,0
15736126,Sung,Germany,Male,55.0,0,98710.89,1,Yes,Yes,83617.17,1
15745399,Marino,Spain,Female,49.0,2,0.0,1,No,No,84863.85,1
15760749,Vinogradov,Spain,Male,41.0,7,126683.8,1,Yes,Yes,114775.53,0
15637118,Burns,FRA,Male,33.0,4,140700.61,1,No,No,103557.93,0
15657829,Fanucci,Germany,Male,30.0,8,168078.83,1,No,No,85028.36,1
15738497,Chukwujamuike,Spain,Male,44.0,4,107726.93,2,No,No,153064.87,0
15690695,Flynn,France,Female,33.0,9,0.0,2,Yes,Yes,38784.42,0
15762351,Chao,Spain,Female,63.0,1,0.0,2,Yes,Yes,186526.12,0
15791172,Yeh,Germany,Female,21.0,1,35741.69,1,No,No,28789.94,0
15598982,Klein,Germany,Female,53.0,5,98268.84,1,Yes,Yes,45038.29,1
15734765,Mahmood,FRA,Female,20.0,4,133800.98,1,Yes,Yes,150245.81,0
15642912,Tu,France,Female,21.0,2,125682.79,1,No,No,57762.0,0
15769516,Shcherbakov,FRA,Female,42.0,9,0.0,2,No,No,4292.72,0
15789379,Zetticci,France,Male,26.0,6,130428.78,1,No,No,173365.89,0
15695103,Carr,Spain,Male,37.0,6,0.0,2,Yes,Yes,119484.01,0
15801924,Browne,Spain,Female,27.0,8,0.0,2,No,No,121821.16,0
15767804,Feng,FRA,Male,44.0,6,0.0,2,No,No,151733.43,0
15718039,Ferguson,Germany,Female,47.0,0,137138.2,2,Yes,Yes,53784.22,0
15579994,Shaw,French,Male,23.0,8,73112.95,1,Yes,Yes,62733.05,0
15595037,Palermo,FRA,Male,47.0,9,152347.01,1,Yes,Yes,17671.78,0
15600720,Moore,Spain,Male,41.0,8,115144.68,1,No,No,188905.43,0
15782608,Huang,French,Male,43.0,5,0.0,2,No,No,113079.19,1
15566894,Gray,France,Male,39.0,3,137817.52,1,No,No,83997.79,0
15749123,Sokolova,Spain,Male,45.0,7,157332.26,1,No,No,125424.42,0
15668943,Henderson,France,Male,37.0,2,0.0,2,No,No,143194.05,0
15577423,Mosley,Germany,Female,39.0,5,124586.93,1,No,No,93132.61,1
15623102,Nnaemeka,Spain,Male,38.0,6,116980.78,2,Yes,Yes,76038.38,0
15728012,Everett,Spain,Female,40.0,3,128398.38,1,No,No,168658.3,0
15683363,Goddard,Spain,Male,39.0,1,0.0,1,Yes,Yes,108419.41,0
15699335,Kuo,Germany,Female,33.0,3,137657.25,2,Yes,Yes,171657.57,0
15574369,Bianchi,Spain,Male,53.0,5,167259.44,1,Yes,Yes,22357.25,0
15703167,Rouse,FRA,Female,45.0,8,0.0,2,No,No,193903.06,0
15754874,Nwoye,France,Male,26.0,4,119009.57,1,No,No,141926.43,0
15723216,Greco,Germany,Male,33.0,2,80002.33,1,Yes,Yes,104079.62,0
15725094,Fang,FRA,Female,37.0,4,140211.88,1,Yes,Yes,93832.33,0
15647974,Chiemenam,French,Female,44.0,3,118742.74,2,No,No,1568.91,0
15583371,Artemiev,Spain,Male,37.0,1,138207.08,1,No,No,60778.11,1
15772559,Burrows,French,Female,47.0,10,148636.21,1,Yes,Yes,16119.96,1
15711251,Chizuoke,France,Male,45.0,1,178827.79,1,No,No,60375.18,0
15719212,T'ien,French,Male,33.0,5,83134.3,1,No,No,187946.55,0
15764927,Rogova,France,Male,92.0,3,121513.31,1,Yes,Yes,195563.99,0
15731412,Trevisano,Germany,Female,37.0,6,95900.04,1,Yes,Yes,38196.24,0
15719170,Sagese,France,Female,30.0,1,112543.42,1,Yes,Yes,179435.21,0
15596011,Artyomova,Spain,Male,34.0,9,0.0,1,Yes,Yes,93208.22,0
15614834,Long,Spain,Female,31.0,3,141751.82,1,Yes,Yes,61531.86,0
15600510,Hsueh,Spain,Female,37.0,6,124140.57,2,No,No,92826.35,0
15625706,White,Germany,Male,45.0,2,116546.59,2,No,No,23140.28,1
15781409,Lazarev,French,Female,28.0,6,0.0,1,No,No,74287.53,0
15722583,Benjamin,Spain,Female,29.0,6,157576.47,2,Yes,Yes,101102.39,0
15677243,Wan,Spain,Male,43.0,5,0.0,2,No,No,126933.73,0
15815070,Romano,Germany,Female,44.0,5,141428.99,2,No,No,68408.74,0
15705899,Craig,Spain,Male,35.0,0,127510.99,1,Yes,Yes,155356.34,0
15701522,Yermolayeva,France,Female,29.0,9,0.0,2,Yes,Yes,3234.8,0
15755978,Tseng,France,Male,31.0,10,0.0,2,No,No,195209.4,0
15722090,Tseng,Spain,Male,51.0,6,81818.49,1,Yes,Yes,169149.38,0
15783526,Le Hunte,FRA,Male,36.0,1,100895.54,1,Yes,Yes,68075.14,0
15632125,Blake,Germany,Male,45.0,5,63832.43,1,Yes,Yes,93707.8,0
15688395,Lane,French,Male,29.0,4,0.0,2,No,No,156153.27,0
15666975,Sparks,French,Female,36.0,4,116085.06,1,No,No,58601.61,0
15682211,Tu,FRA,Male,57.0,1,0.0,2,Yes,Yes,114448.77,0
15637411,Tochukwu,French,Male,30.0,1,0.0,2,Yes,Yes,126551.65,0
15591512,Whittaker,Germany,Female,33.0,2,115761.51,1,Yes,Yes,112350.21,1
15606855,Wang,Spain,Male,26.0,6,0.0,2,Yes,Yes,185808.7,0
15763683,Northern,Germany,Male,32.0,4,139626.01,1,Yes,Yes,118235.52,1
15641782,Humphries,France,Female,31.0,7,0.0,1,Yes,Yes,183051.6,1
15677184,Cremonesi,French,Female,35.0,6,115576.44,1,Yes,Yes,27922.45,0
15775042,Ku,France,Female,23.0,4,0.0,2,No,No,196476.19,0
15616630,Tobenna,Germany,Female,41.0,5,77647.6,1,No,No,190429.52,0
15800233,Okwuadigbo,French,Female,40.0,5,0.0,2,No,No,35034.15,0
15588419,Johnston,Germany,Female,34.0,10,148962.46,1,No,No,66389.43,1
15595557,Li,French,Male,22.0,8,0.0,2,No,No,107615.43,0
15626143,Talbot,France,Male,37.0,2,0.0,2,Yes,Yes,99692.65,0
15566030,Tu,Germany,Male,41.0,5,80542.81,1,No,No,88729.22,1
15701412,T'ien,French,Male,40.0,4,0.0,2,No,No,173321.65,0
15702464,Ross,France,Female,34.0,4,0.0,2,No,No,139463.57,0
15573348,Maclean,French,Male,35.0,9,102050.47,1,Yes,Yes,3769.71,0
15704160,Wan,Spain,Male,49.0,5,0.0,1,No,No,149946.43,1
15693704,Tsou,FRA,Female,24.0,6,114948.76,2,Yes,Yes,135768.25,0
15664752,Jack,Germany,Male,39.0,8,136000.45,2,No,No,31708.53,0
15628292,Lucchesi,French,Male,32.0,4,156001.68,2,Yes,Yes,151677.31,0
15621195,Ch'eng,Germany,Male,41.0,3,147974.16,2,No,No,170518.83,0
15668629,Saunders,Spain,Male,44.0,2,0.0,2,No,No,196582.19,0
15635197,Glover,Germany,Male,26.0,5,90402.77,1,Yes,Yes,3298.65,0
15592761,Tung,FRA,Male,40.0,5,0.0,2,No,No,162878.96,0
15574283,Padovano,France,Male,31.0,2,0.0,2,Yes,Yes,64014.24,0
15598097,Johnstone,FRA,Male,44.0,9,0.0,2,No,No,26257.01,0
15711352,Endrizzi,FRA,Female,31.0,3,162701.65,2,Yes,Yes,126794.56,0
15620751,Secombe,France,Male,34.0,2,0.0,2,No,No,164162.44,0
15656717,Elewechi,France,Female,30.0,6,0.0,2,No,No,179206.92,0
15643121,Chu,Germany,Female,35.0,5,82453.96,2,No,No,18254.75,0
15723671,Lucciano,France,Male,35.0,9,100107.99,1,No,No,83949.68,0
15752846,Pinto,France,Male,28.0,7,0.0,2,Yes,Yes,22684.78,0
15640852,McGregor,Germany,Female,39.0,5,83348.89,3,No,No,7953.62,1
15789313,Ugorji,Germany,Female,44.0,4,96553.52,2,No,No,143952.24,1
15793688,Bancks,French,Male,50.0,9,201009.64,1,No,No,158032.5,1
15770405,Warlow-Davies,French,Female,27.0,5,125167.74,1,No,No,199104.52,0
15702561,Dale,FRA,Male,32.0,9,0.0,1,Yes,Yes,87566.97,0
15625964,Buckley,France,Female,43.0,5,153313.67,1,No,No,170563.73,0
15761364,Nkemjika,French,Male,30.0,9,0.0,2,No,No,157871.55,0
15590286,Fairley,French,Female,40.0,2,125879.29,1,No,No,93203.43,0
15587978,Boothby,Germany,Female,37.0,6,170057.62,1,Yes,Yes,54398.56,0
15773242,Chukwuhaenye,France,Male,32.0,1,0.0,2,Yes,Yes,168779.47,0
15761053,Lock,Germany,Male,48.0,2,131326.47,1,No,No,1140.02,1
15702095,Clarke,Spain,Female,56.0,1,128472.8,1,No,No,186476.91,1
15764253,Ramsey,France,Male,32.0,6,160485.16,1,No,No,29023.03,0
15700801,Eipper,Germany,Male,42.0,6,84445.68,3,Yes,Yes,60021.34,1
15730590,Ko,Germany,Female,40.0,1,115409.18,2,No,No,180456.8,0
15643916,Munro,Spain,Male,46.0,8,62400.48,1,Yes,Yes,132498.39,1
15720636,McGregor,FRA,Female,50.0,4,143054.56,1,Yes,Yes,109608.81,1
15795429,Henderson,French,Male,24.0,7,133628.09,2,Yes,Yes,98570.01,0
15609254,Fernandez,Spain,Female,41.0,9,107135.04,2,Yes,Yes,160546.58,0
15625141,Porter,Spain,Male,26.0,7,0.0,2,No,No,6139.74,0
15810898,Pan,France,Female,65.0,2,151659.52,2,Yes,Yes,6930.17,0
15775797,Esposito,Spain,Female,32.0,7,0.0,3,Yes,Yes,10674.62,0
15795246,Kaeppel,Germany,Female,51.0,9,155903.82,2,Yes,Yes,71159.84,0
15795275,Lamb,Spain,Female,49.0,4,82940.25,2,No,No,62413.01,1
15571869,Lei,Germany,Female,50.0,4,112650.89,1,No,No,166386.22,1
15694143,Conti,FRA,Female,41.0,10,0.0,1,No,No,133086.45,0
15748231,Hargreaves,Germany,Male,35.0,4,95853.39,2,No,No,192933.37,0
15632185,Yermolayev,FRA,Female,42.0,1,82228.67,2,No,No,71359.78,0
15806249,Kerr,Spain,Female,31.0,4,0.0,2,Yes,Yes,79270.02,0
15743293,Waters,Germany,Female,35.0,1,163700.78,3,Yes,Yes,29583.48,1
15598157,Onyeorulu,FRA,Male,34.0,4,106328.08,1,No,No,88680.65,0
15700946,Kolesnikova,FRA,Female,34.0,7,152992.91,1,Yes,Yes,134691.2,0
15722692,Kazakova,FRA,Male,38.0,3,116439.65,1,No,No,75574.48,0
15696506,MacDonald,Spain,Male,27.0,9,101352.78,1,No,No,30252.3,0
15728823,Sharwood,Spain,Female,37.0,10,0.0,2,No,No,111324.41,0
15808851,Bufkin,Germany,Female,75.0,9,105609.17,1,Yes,Yes,105425.18,0
15675231,Nwankwo,France,Female,45.0,8,0.0,2,Yes,Yes,36193.07,0
15732299,Boniwell,France,Male,67.0,4,0.0,3,Yes,Yes,93081.87,0
15706269,Willis,FRA,Female,47.0,8,103894.38,2,Yes,Yes,107625.46,0
15590078,Burns,Spain,Male,27.0,9,139834.93,1,Yes,Yes,152733.89,0
15776985,Kung,French,Female,36.0,6,112518.71,2,Yes,Yes,110421.31,0
15756743,Howells,French,Female,37.0,7,115895.42,1,No,No,48486.25,0
15782364,Bevan,Spain,Female,39.0,3,146408.68,1,No,No,72993.67,0
15604093,Neitenstein,France,Male,34.0,4,165363.31,2,Yes,Yes,25744.13,1
15749328,Johnson,France,Female,45.0,1,0.0,2,No,No,46807.62,1
15656322,Sandover,Germany,Male,33.0,3,71843.15,1,No,No,26772.04,0
15685564,Nnamutaezinwa,Spain,Male,35.0,5,105492.53,1,Yes,Yes,150057.2,0
15785831,Sinclair,French,Male,35.0,7,183027.25,1,Yes,Yes,56028.79,0
15796218,Wei,Germany,Male,29.0,1,131968.57,2,Yes,Yes,147693.92,0
15716218,Higgins,France,Female,45.0,3,104118.5,1,Yes,Yes,174032.0,0
15572735,Chang,Spain,Male,27.0,2,0.0,2,Yes,Yes,153698.65,0
15633840,Henderson,FRA,Male,20.0,0,125023.1,2,Yes,Yes,108301.45,0
15608760,Cox,France,Female,30.0,4,74323.2,1,Yes,Yes,22929.08,0
15627848,Tsui,FRA,Male,38.0,7,109346.13,2,No,No,102665.92,0
15792029,Lee,French,Male,32.0,6,0.0,2,No,No,56139.09,0
15617331,Sergeyeva,Germany,Female,39.0,3,109698.41,1,Yes,Yes,88391.29,1
15651740,Napolitani,Spain,Female,30.0,5,0.0,2,Yes,Yes,149195.44,0
15636407,Beatham,Germany,Female,34.0,5,127758.09,1,No,No,143357.03,0
15607526,Lu,Germany,Male,50.0,1,102645.48,1,No,No,168359.98,1
15632576,Yashina,France,Male,31.0,4,93249.4,1,No,No,77335.75,0
15581505,Bales,FRA,Male,35.0,5,0.0,2,No,No,93148.93,0
15612207,Hill,Germany,Female,51.0,1,87779.83,1,Yes,Yes,36687.11,1
15707242,Ibeamaka,Spain,Male,40.0,5,0.0,2,No,No,146703.36,0
15721937,Romilly,France,Male,38.0,0,138131.34,1,Yes,Yes,115927.85,0
15773852,Hayes,Germany,Male,38.0,4,70362.52,2,Yes,Yes,104189.46,0
15719778,Chiu,FRA,Female,32.0,1,0.0,2,No,No,9902.39,0
15650538,Sun,Germany,Female,48.0,7,168286.58,1,No,No,16645.77,1
15797475,Brennan,France,Male,44.0,3,86102.27,1,No,No,180134.88,1
15780359,Storey,Germany,Male,25.0,4,115142.9,1,Yes,Yes,148098.95,0
15737104,Lawson,Germany,Female,47.0,0,126597.89,2,Yes,Yes,38798.79,1
15789936,T'ao,French,Female,33.0,2,0.0,2,No,No,153295.0,0
15709523,Yao,Germany,Female,30.0,0,157989.21,2,Yes,Yes,100687.67,0
15593425,Bracewell,Spain,Female,54.0,1,187997.15,1,No,No,111442.71,1
15776725,Kerr,Germany,Male,54.0,8,172192.49,1,Yes,Yes,136902.01,0
15604706,Blake,Germany,Male,38.0,1,133105.47,1,No,No,105732.9,1
15790958,Sanders,Spain,Male,38.0,4,0.0,2,Yes,Yes,35884.91,0
15747534,Torkelson,French,Male,46.0,10,0.0,1,No,No,73489.15,1
15574237,Hsueh,France,Female,21.0,8,0.0,2,Yes,Yes,110114.19,0
15690332,Wang,Germany,Male,35.0,3,192407.97,1,Yes,Yes,40145.28,0
15661290,Hightower,Germany,Female,38.0,9,107199.75,1,No,No,146398.51,0
15651883,Genovesi,Germany,Female,55.0,6,115796.7,1,No,No,160526.36,1
15808905,Levan,France,Male,37.0,5,164858.18,1,Yes,Yes,173516.71,0
15715532,Lai,Germany,Male,38.0,4,117633.28,1,Yes,Yes,88396.6,0
15786078,Loginov,FRA,Female,28.0,9,0.0,2,No,No,185821.41,0
15652401,Lafleur,FRA,Female,36.0,7,0.0,2,No,No,108098.28,0
15673074,Obidimkpa,Germany,Female,30.0,6,126663.51,1,Yes,Yes,162267.91,0
15598744,Ch'ang,Germany,Female,71.0,6,140273.47,1,Yes,Yes,193135.25,1
15785975,Mason,Spain,Female,60.0,7,0.0,2,Yes,Yes,168034.9,0
15613180,Miranda,Germany,Male,21.0,8,153344.72,1,Yes,Yes,163295.87,0
15584229,Simon,Germany,Female,23.0,9,123943.18,1,Yes,Yes,159553.27,0
15773804,Golubeva,France,Male,39.0,5,0.0,1,No,No,99800.87,0
15699515,Manfrin,Germany,Male,33.0,7,98630.31,2,Yes,Yes,40250.82,0
15705313,Stange,France,Female,33.0,2,58036.33,1,Yes,Yes,83335.78,0
15693817,Ferrari,Spain,Male,28.0,5,0.0,2,No,No,48382.4,0
15673790,Taylor,Germany,Male,45.0,7,109200.74,2,Yes,Yes,165990.44,0
15674868,Wei,Spain,Female,30.0,0,0.0,2,Yes,Yes,9002.8,0
15692110,Ch'eng,French,Female,33.0,7,0.0,1,No,No,188156.34,0
15645904,Parsons,French,Female,33.0,6,0.0,2,Yes,Yes,186785.01,0
15581332,Pan,Germany,Female,30.0,1,83173.98,2,Yes,Yes,184259.6,0
15808544,Cameron,FRA,Female,40.0,3,0.0,1,No,No,57817.84,1
15734948,Igwebuike,Spain,Male,24.0,7,0.0,2,No,No,144660.42,0
15654531,Tuan,France,Male,22.0,5,82559.42,2,No,No,163112.9,1
15637774,Fraser,FRA,Male,32.0,5,73494.21,1,No,No,136301.1,0
15677141,Turnbull,Spain,Male,29.0,2,132450.24,1,Yes,Yes,36176.63,0
15739578,Chiazagomekpere,French,Male,49.0,6,128663.9,1,No,No,65769.3,1
15697360,Yudina,FRA,Female,36.0,2,79951.9,1,Yes,Yes,174123.16,1
15655213,Udinese,Germany,Female,51.0,8,132508.3,1,Yes,Yes,161304.68,1
15580872,Chinweike,Germany,Female,38.0,1,120530.13,2,No,No,109394.62,0
15683213,Bergamaschi,France,Female,35.0,10,74988.59,2,Yes,Yes,190155.13,0
15801188,Milliner,French,Female,47.0,6,94722.88,1,Yes,Yes,61450.96,0
15645029,Knowles,Spain,Female,33.0,5,0.0,2,No,No,8673.43,0
15633181,Swinton,French,Male,31.0,6,71269.89,2,Yes,Yes,125912.77,0
15598259,Gregory,Germany,Female,41.0,9,98612.1,1,No,No,151349.35,0
15576000,Chibueze,French,Male,40.0,6,138033.55,1,Yes,Yes,67972.45,0
15766047,Sukhorukova,FRA,Female,41.0,2,91621.69,1,Yes,Yes,71139.31,0
15596339,French,FRA,Male,54.0,3,140014.42,1,Yes,Yes,86350.97,0
15715199,Estrada,Spain,Male,27.0,5,126815.97,2,Yes,Yes,118648.12,0
15615938,Fleming,FRA,Female,64.0,3,139663.37,1,Yes,Yes,100995.11,0
15679991,Kennedy,French,Female,28.0,7,0.0,2,Yes,Yes,147100.72,0
15626135,Combes,FRA,Male,34.0,1,165312.27,1,No,No,155495.63,0
15792934,Carruthers,France,Male,26.0,8,0.0,2,No,No,196875.87,0
15744046,Andrejew,Spain,Male,33.0,8,0.0,2,Yes,Yes,63176.77,0
15700826,Ko,Germany,Female,54.0,1,123699.28,2,Yes,Yes,105221.76,0
15756301,Daniels,Germany,Female,29.0,3,97325.15,1,Yes,Yes,131924.38,0
15586517,Toscano,French,Male,32.0,5,97041.16,1,Yes,Yes,23132.73,0
15751297,Wilson,FRA,Male,36.0,5,0.0,2,No,No,161428.25,0
15710365,Thomson,FRA,Male,50.0,0,104129.24,2,No,No,181794.86,1
15679307,Kazantseva,FRA,Female,43.0,1,0.0,1,Yes,Yes,86634.3,0
15610753,Cremonesi,FRA,Male,28.0,3,104367.5,1,Yes,Yes,29937.75,0
15811036,Ferri,France,Male,46.0,7,135369.71,1,Yes,Yes,140130.22,0
15610912,Ferri,Spain,Female,41.0,6,112119.48,1,No,No,17536.82,0
15619932,Lombardi,France,Male,66.0,7,123760.68,1,Yes,Yes,53157.16,0
15746199,Eluemuno,France,Female,41.0,6,0.0,1,Yes,Yes,143585.29,1
15584967,Chiganu,Spain,Male,57.0,6,0.0,2,Yes,Yes,72402.0,0
15734365,Hsueh,France,Male,39.0,5,0.0,2,Yes,Yes,39891.84,0
15726960,O'Brien,France,Female,36.0,3,0.0,2,Yes,Yes,89804.83,0
15665177,Booth,French,Male,44.0,3,0.0,2,Yes,Yes,136491.72,0
15779915,O'Loghlin,Spain,Male,31.0,5,0.0,1,No,No,35593.18,0
15729110,Lavrov,Spain,Female,42.0,7,0.0,2,No,No,58268.2,1
15575399,Somadina,French,Female,42.0,1,152160.21,2,No,No,101778.9,0
15678374,Colombo,FRA,Female,59.0,5,0.0,2,Yes,Yes,185123.09,0
15792679,Troupe,France,Male,24.0,2,0.0,2,Yes,Yes,119927.81,0
15668767,Kenenna,FRA,Male,36.0,3,0.0,2,No,No,195033.07,0
15761886,Franklin,FRA,Male,36.0,4,172381.8,1,Yes,Yes,86480.29,0
15583076,Deleon,Germany,Male,41.0,6,106116.56,2,No,No,198766.61,0
15815615,Kung,France,Male,36.0,5,141952.07,1,Yes,Yes,185144.08,0
15591942,Zito,Spain,Female,33.0,7,0.0,2,Yes,Yes,3729.89,0
15724924,Giordano,French,Female,37.0,6,138497.84,1,Yes,Yes,18988.58,0
15762123,Davide,Spain,Female,34.0,1,0.0,2,No,No,119313.74,0
15567893,Lei,Germany,Male,33.0,3,124213.36,2,No,No,62627.55,0
15648989,Moss,France,Male,37.0,4,126872.6,1,No,No,197266.58,0
15662021,Lucciano,Spain,Female,42.0,2,0.0,2,No,No,199992.48,0
15691627,Tai,French,Female,37.0,8,0.0,1,Yes,Yes,16403.41,0
15731751,Osinachi,French,Female,26.0,1,120923.52,1,Yes,Yes,78854.57,0
15635277,Coates,Spain,Male,47.0,7,142643.54,1,No,No,189310.27,0
15655252,Larionova,Germany,Male,41.0,10,79857.64,1,Yes,Yes,78088.17,0
15803941,Seleznev,French,Male,46.0,10,95502.21,1,No,No,19842.18,0
15714380,Butcher,FRA,Male,38.0,5,0.0,2,No,No,103305.01,0
15666559,Gould,Germany,Male,23.0,8,197715.93,2,Yes,Yes,116124.28,0
15799998,Cunningham,France,Female,30.0,8,85859.76,1,No,No,142730.27,0
15703763,Sanderson,FRA,Male,44.0,7,85304.27,1,Yes,Yes,58076.52,0
15795640,Mai,Germany,Female,35.0,1,132371.3,2,No,No,186123.57,0
15780056,Reid,Spain,Male,33.0,4,0.0,1,No,No,29664.45,0
15777873,Downer,France,Female,31.0,5,0.0,1,No,No,147963.07,1
15584749,Humphries,Germany,Male,39.0,4,79896.0,1,No,No,38466.39,0
15765258,Bochsa,FRA,Female,29.0,5,0.0,2,Yes,Yes,143301.49,0
15623346,Czajkowski,FRA,Male,36.0,4,0.0,2,No,No,31422.69,0
15614054,Pankhurst,French,Male,36.0,1,0.0,2,Yes,Yes,121505.61,0
15766185,She,Germany,Male,31.0,4,146587.3,1,Yes,Yes,89874.82,0
15667632,Birdseye,France,Female,42.0,7,0.0,2,Yes,Yes,72500.68,0
15599024,Hope,Spain,Male,32.0,8,0.0,2,Yes,Yes,182692.8,0
15798709,Gill,Spain,Male,32.0,3,109109.33,1,Yes,Yes,4993.94,0
15741921,Moon,Spain,Female,26.0,8,0.0,2,Yes,Yes,124964.82,0
15793671,Watt,France,Male,34.0,5,0.0,1,No,No,161971.42,0
15797900,Chinomso,France,Male,56.0,9,142147.32,1,No,No,39488.04,1
15667932,Bellucci,Spain,Female,43.0,10,0.0,2,Yes,Yes,55313.44,0
15795933,Barese,FRA,Female,49.0,3,0.0,2,Yes,Yes,187811.71,0
15660403,Fleming,Spain,Female,35.0,0,0.0,2,Yes,Yes,184514.01,0
15736299,Bell,French,Female,36.0,8,109106.8,1,No,No,121311.12,0
15759034,Li Fonti,French,Male,36.0,2,112262.84,1,No,No,12873.39,0
15724663,Christmas,Spain,Female,36.0,5,0.0,2,No,No,157238.05,0
15594556,Chuter,Spain,Male,52.0,8,0.0,2,Yes,Yes,123242.11,0
15737169,Johnson,Spain,Male,26.0,8,144238.7,1,Yes,Yes,184399.76,0
15632472,Scott,Spain,Female,32.0,1,159397.75,1,Yes,Yes,57323.18,0
15722813,Byrne,Spain,Male,30.0,4,125385.01,1,No,No,68293.93,0
15588450,Chukwudi,French,Female,60.0,8,69365.25,1,Yes,Yes,10288.24,0
15736717,Ma,France,Male,31.0,7,155271.83,1,Yes,Yes,179446.31,0
15680683,Simmons,Spain,Male,29.0,5,197200.04,2,No,No,141453.62,0
15710316,Fang,Spain,Female,48.0,5,144837.79,1,Yes,Yes,93151.77,0
15746333,Blake,French,Female,57.0,3,0.0,3,No,No,6554.97,1
15606861,Tien,FRA,Male,34.0,8,0.0,2,No,No,38570.13,0
15641285,Yusupova,Spain,Male,50.0,3,163085.79,1,Yes,Yes,131048.36,0
15662908,Davidson,Germany,Male,38.0,7,125903.22,2,Yes,Yes,127068.92,0
15814267,Zhdanova,FRA,Male,22.0,6,154377.3,1,Yes,Yes,51721.52,0
15614923,Nielson,Spain,Male,41.0,7,107511.52,1,Yes,Yes,46156.87,0
15579223,Niu,Germany,Male,30.0,8,127406.5,1,No,No,192950.6,0
15651389,Kay,Spain,Male,24.0,8,143656.55,1,Yes,Yes,180932.46,0
15677087,Green,France,Female,39.0,5,138106.75,1,No,No,19596.73,0
15665784,She,French,Male,27.0,9,128940.24,1,No,No,46786.92,0
15576706,Ajuluchukwu,Germany,Male,37.0,9,114453.58,1,Yes,Yes,175820.91,0
15615473,Sabbatini,French,Female,33.0,2,0.0,2,No,No,198208.0,0
15587299,Board,FRA,Female,48.0,3,0.0,1,No,No,55362.45,0
15655389,Leckie,FRA,Male,41.0,1,131762.94,1,Yes,Yes,47675.29,0
15784491,Ho,French,Female,31.0,6,0.0,1,No,No,61326.43,0
15809999,Gordon,France,Female,41.0,3,150300.65,2,No,No,71672.86,0
15681115,Iroawuchi,Spain,Male,39.0,10,108935.39,1,Yes,Yes,101168.3,0
15629390,Liao,FRA,Male,37.0,7,135847.47,1,No,No,144880.81,0
15792668,Hamilton,Germany,Male,37.0,7,109908.06,2,No,No,115037.67,1
15583863,Chimaobim,Germany,Male,49.0,8,142946.18,1,No,No,187280.51,1
15681878,Fan,Germany,Male,45.0,3,104339.11,2,Yes,Yes,183540.22,1
15782875,Cayley,FRA,Male,33.0,5,157274.36,2,Yes,Yes,28531.81,0
15732235,Kuykendall,French,Male,64.0,0,98848.19,1,Yes,Yes,42730.12,0
15735909,McDonald,Germany,Female,39.0,8,105103.33,1,No,No,104721.5,1
15653448,Duncan,France,Male,34.0,7,0.0,2,Yes,Yes,65219.85,0
15587647,Browne,Germany,Female,66.0,0,127120.62,1,Yes,Yes,118929.64,1
15701037,Barton,FRA,Male,39.0,2,0.0,2,No,No,70563.9,0
15727499,Boyle,Germany,Female,36.0,3,129118.5,2,No,No,139435.12,0
15724838,Moretti,FRA,Female,43.0,4,0.0,1,No,No,170347.1,0
15666711,Ukaegbulam,France,Female,46.0,0,0.0,3,Yes,Yes,131553.82,1
15588933,Nwankwo,France,Female,36.0,3,146053.66,1,Yes,Yes,138344.7,0
15763111,Niu,Spain,Female,67.0,10,124577.15,1,Yes,Yes,169894.4,0
15805676,Hsu,Spain,Male,29.0,4,151012.55,2,No,No,9770.97,0
15586674,Shaw,Spain,Female,58.0,5,216109.88,1,Yes,Yes,74176.71,1
15744553,Ho,French,Male,34.0,2,144318.97,1,No,No,112668.06,0
15776629,Christie,France,Female,39.0,4,0.0,2,No,No,186275.7,0
15647207,Onwuemelie,FRA,Male,26.0,7,0.0,2,No,No,98463.99,0
15715638,Ch'ang,Germany,Male,77.0,3,27517.15,2,Yes,Yes,2746.41,0
15750602,Clendinnen,France,Male,29.0,5,147092.65,1,No,No,10928.3,0
15766810,Onyemauchechi,Germany,Female,51.0,2,92246.14,2,Yes,Yes,91346.03,0
15756625,Crawford,France,Female,41.0,8,0.0,2,No,No,139844.04,1
15639552,Mellor,Germany,Female,40.0,8,148897.02,1,No,No,105052.9,0
15633213,Rizzo,Spain,Male,50.0,8,0.0,1,No,No,144366.83,1
15610416,Christie,France,Female,36.0,9,0.0,1,No,No,19605.18,1
15715208,Watkins,Germany,Female,33.0,10,138335.96,1,Yes,Yes,80483.76,0
15619608,Ojiofor,Germany,Female,50.0,10,92895.56,1,No,No,154344.0,1
15628697,Tung,Spain,Male,46.0,9,160736.63,1,Yes,Yes,93503.02,0
15643826,McKay,French,Male,32.0,4,0.0,2,Yes,Yes,153036.97,0
15718588,Meng,France,Female,37.0,9,0.0,2,No,No,98029.58,0
15709741,Hussain,France,Male,28.0,4,107141.27,1,No,No,193018.71,0
15723318,Mactier,French,Female,55.0,0,0.0,3,No,No,60810.64,1
15717328,Hsueh,French,Female,37.0,4,132446.08,2,No,No,87071.18,1
15771299,Nnachetam,French,Female,57.0,1,92053.0,1,Yes,Yes,164064.44,1
15706223,Barnes,Spain,Male,38.0,2,96798.79,2,Yes,Yes,4554.67,0
15612358,Christie,Germany,Male,35.0,9,134498.54,2,Yes,Yes,119924.8,0
15769191,Lipton,FRA,Male,55.0,8,132387.91,2,Yes,Yes,170360.11,0
15618816,Yu,Germany,Female,40.0,2,147171.2,1,Yes,Yes,69850.04,0
15730810,Storey,Spain,Male,44.0,9,100524.69,1,Yes,Yes,47298.95,0
15783463,Read,French,Female,26.0,1,0.0,2,No,No,45443.68,0
15616213,Levy,Germany,Female,51.0,9,138214.5,1,No,No,198715.27,1
15611287,Chiu,FRA,Female,30.0,4,0.0,2,Yes,Yes,115611.97,0
15786454,Moore,Spain,Male,55.0,3,0.0,1,Yes,Yes,40333.94,0
15768682,Amies,Spain,Male,39.0,3,0.0,1,Yes,Yes,105997.25,0
15766172,Tsao,French,Male,34.0,3,128743.55,1,No,No,134851.12,0
15637646,Rowley,FRA,Male,31.0,10,122647.32,1,No,No,61666.87,0
15653404,Aliyev,Spain,Female,24.0,9,79263.9,1,Yes,Yes,196574.48,0
15690546,Riley,France,Female,42.0,2,0.0,4,No,No,111097.39,1
15735636,Toscano,France,Female,53.0,2,121389.78,1,Yes,Yes,48201.64,1
15605424,Oluchukwu,Spain,Male,38.0,7,123906.55,1,No,No,135096.78,0
15568449,Fu,Spain,Male,38.0,7,143006.7,1,Yes,Yes,15650.89,0
15688085,Warner,Spain,Female,28.0,3,157597.61,1,Yes,Yes,34097.22,0
15683483,Fleming,Spain,Male,38.0,3,127117.8,2,Yes,Yes,174822.74,0
15659567,Ch'iu,French,Female,39.0,9,117103.26,2,Yes,Yes,85937.52,1
15766667,Langler,Spain,Male,36.0,2,102989.83,2,Yes,Yes,49185.57,0
15624975,Angelo,Spain,Male,28.0,1,145118.83,1,Yes,Yes,77742.38,0
15660878,T'ien,France,Male,92.0,1,126076.24,2,Yes,Yes,34436.83,0
15586557,Milani,French,Male,41.0,5,0.0,1,Yes,Yes,88279.6,0
15746183,Pye,French,Female,27.0,4,0.0,2,Yes,Yes,157549.6,0
15631457,Asher,French,Male,37.0,5,98186.7,1,Yes,Yes,173386.95,0
15754053,Chung,France,Female,67.0,7,0.0,3,Yes,Yes,82782.08,0
15645839,Yudin,France,Male,37.0,6,0.0,1,Yes,Yes,187758.5,0
15689955,Arcuri,FRA,Female,40.0,7,0.0,2,No,No,176547.8,0
15593510,Capon,Germany,Female,33.0,5,129335.65,1,Yes,Yes,56585.2,1
15654964,Piccio,Spain,Male,48.0,7,75801.74,1,No,No,125762.95,0
15594039,Lung,Spain,Male,42.0,6,0.0,2,No,No,113868.4,0
15625929,Trevisan,FRA,Female,44.0,7,159316.64,1,No,No,24780.13,0
15815295,John,FRA,Female,38.0,2,96479.81,1,No,No,120259.41,0
15621818,Anayolisa,Germany,Male,29.0,7,117726.33,1,Yes,Yes,175398.34,0
15652700,Ritchie,France,Male,39.0,6,0.0,2,Yes,Yes,86767.48,0
15636860,Ch'eng,French,Male,43.0,4,122351.29,1,No,No,71216.6,0
15569432,Macleod,France,Female,48.0,9,0.0,2,Yes,Yes,85240.61,1
15751455,Boyle,FRA,Female,48.0,5,0.0,1,No,No,160529.71,1
15800583,Chukwuemeka,Spain,Female,43.0,8,0.0,1,No,No,102806.6,0
15770214,Bryant,France,Female,27.0,7,0.0,2,No,No,144134.64,0
15613463,Hackett,Germany,Female,50.0,6,132598.38,2,Yes,Yes,184017.98,0
15587066,Kovaleva,FRA,Male,38.0,2,119272.29,1,No,No,195896.59,1
15693752,Reed,France,Male,37.0,2,0.0,2,Yes,Yes,126722.57,0
15714874,Major,France,Female,42.0,3,0.0,2,Yes,Yes,176883.42,0
15657809,Lo,France,Male,55.0,10,106415.57,3,Yes,Yes,122960.98,1
15651955,Hanson,French,Male,31.0,4,0.0,2,Yes,Yes,9607.1,0
15570912,Ogbonnaya,Germany,Female,32.0,9,127772.1,2,Yes,Yes,152643.48,0
15640266,Windsor,Spain,Male,41.0,5,104631.67,1,Yes,Yes,95551.22,0
15652069,Calabrese,FRA,Male,30.0,1,0.0,2,No,No,141860.62,0
15596074,Keating,French,Male,37.0,10,0.0,1,Yes,Yes,76642.68,0
15800268,Costa,Germany,Male,37.0,6,118050.79,1,Yes,Yes,52301.15,0
15809847,Tan,FRA,Male,46.0,0,0.0,2,No,No,29388.02,0
15599074,Ma,Spain,Female,40.0,6,136093.74,1,Yes,Yes,193408.43,0
15599591,Martin,Germany,Female,39.0,7,88477.36,2,No,No,58632.37,0
15776096,Halpern,Spain,Male,34.0,3,161572.24,1,Yes,Yes,191076.22,0
15611669,Nyhan,Germany,Male,50.0,7,126608.37,1,Yes,Yes,645.61,1
15694098,Jackson,FRA,Female,54.0,9,68332.96,1,Yes,Yes,144390.75,0
15713347,Reynolds,Spain,Male,48.0,6,179852.26,1,No,No,193580.32,0
15713094,Tai,French,Female,25.0,8,0.0,2,Yes,Yes,126761.2,0
15811978,Trevisani,Germany,Male,46.0,2,104763.41,1,Yes,Yes,62368.33,0
15799925,Uwakwe,France,Male,60.0,6,88541.57,2,Yes,Yes,131718.12,0
15692575,Kerr,French,Male,38.0,6,162888.73,1,No,No,91098.76,1
15743149,Findlay,French,Female,35.0,8,0.0,1,Yes,Yes,67508.01,0
15776947,Ugorji,Spain,Male,43.0,8,0.0,1,No,No,12156.93,1
15700656,Balashova,France,Male,32.0,9,0.0,2,No,No,65089.38,0
15594515,Cheng,French,Female,44.0,7,0.0,2,No,No,62370.67,1
15787884,Martin,France,Female,30.0,7,0.0,2,Yes,Yes,18826.34,0
15577988,Skinner,France,Female,35.0,1,0.0,2,Yes,Yes,3342.62,0
15795586,McDonald,France,Male,35.0,1,92474.05,1,No,No,178626.07,0
15677739,Dellucci,France,Male,36.0,6,0.0,2,No,No,32845.32,0
15720134,Reynolds,Germany,Male,30.0,9,115479.48,2,Yes,Yes,134732.99,0
15688868,Birdsall,French,Female,26.0,5,87098.91,1,No,No,106095.82,0
15642996,Tsai,Germany,Female,42.0,9,86351.85,2,No,No,57380.13,0
15771222,Oguejiofor,FRA,Female,42.0,5,0.0,2,No,No,25951.91,0
15605059,Mackie,Germany,Male,63.0,3,148843.56,1,No,No,69414.13,1
15568088,Jamieson,Germany,Male,44.0,3,163714.52,1,No,No,96123.72,0
15665943,Mai,France,Male,25.0,6,0.0,2,No,No,119425.94,0
15795571,Patterson,Spain,Male,36.0,0,94153.56,1,Yes,Yes,120138.27,0
15662243,Taylor,French,Male,50.0,5,162702.35,1,No,No,150548.5,1
15593128,Vinogradoff,France,Female,56.0,10,129255.2,2,No,No,142492.04,1
15589739,North,France,Male,41.0,3,90605.29,1,Yes,Yes,14357.0,0
15787602,Carter,Spain,Male,39.0,5,0.0,2,Yes,Yes,129569.92,0
15685019,Graham,France,Male,29.0,3,102787.42,1,No,No,55972.56,0
15704209,Noble,French,Female,39.0,7,120145.96,2,Yes,Yes,59497.01,1
15605264,Walker,Germany,Male,47.0,0,63723.78,2,Yes,Yes,181928.25,0
15708265,Chibugo,Spain,Female,24.0,10,159203.71,1,Yes,Yes,102517.83,1
15740264,Yobachi,French,Male,38.0,9,0.0,2,No,No,88827.67,0
15615477,Ignatyeva,Spain,Female,44.0,1,0.0,2,No,No,14161.3,0
15727361,Chiemela,French,Female,51.0,1,0.0,2,Yes,Yes,56908.41,0
15760216,Pokrovskaya,France,Female,49.0,10,0.0,1,No,No,184474.72,1
15806134,Storey,Germany,Male,34.0,9,162691.16,2,No,No,94912.78,0
15601351,Moroney,France,Male,43.0,9,127806.91,1,Yes,Yes,73069.59,0
15669262,Maslov,France,Male,43.0,9,157960.49,2,No,No,136602.8,0
15696989,Chukwueloka,Germany,Female,52.0,8,139493.25,3,No,No,150093.32,1
15688498,Chu,Germany,Female,21.0,2,87096.82,2,No,No,168186.11,0
15686964,Spence,France,Female,34.0,10,84944.58,1,No,No,146230.63,0
15625035,Mills,French,Male,50.0,8,160139.59,2,Yes,Yes,79314.1,0
15618391,Doyle,FRA,Male,33.0,6,0.0,2,Yes,Yes,77965.67,0
15591344,Donnelly,Spain,Male,42.0,6,0.0,2,Yes,Yes,128745.69,0
15605455,Tai,France,Male,40.0,9,0.0,2,No,No,194767.3,0
15680804,Abbott,FRA,Male,29.0,6,0.0,2,Yes,Yes,10672.54,0
15768282,Perez,Germany,Male,36.0,6,94615.11,2,Yes,Yes,10627.21,0
15685826,Hsiung,France,Male,30.0,7,90727.79,1,No,No,122268.75,0
15793491,Cherkasova,Germany,Male,26.0,3,119545.48,2,No,No,65482.94,0
15797787,Denisov,France,Male,36.0,1,118311.76,1,No,No,146134.68,0
15611171,Fowler,French,Male,33.0,1,129574.98,1,Yes,Yes,123300.38,0
15601627,Siciliano,FRA,Male,33.0,8,148163.57,1,No,No,122925.4,0
15734085,Crocker,Germany,Male,24.0,5,117154.9,1,Yes,Yes,127744.02,0
15809309,Longo,Spain,Female,40.0,5,154251.67,1,Yes,Yes,118319.5,0
15809462,Polyakova,France,Male,30.0,3,0.0,2,Yes,Yes,17104.0,0
15634628,Brown,French,Female,33.0,1,65667.79,2,No,No,164608.98,0
15775678,Uspensky,France,Female,44.0,1,0.0,1,Yes,Yes,152108.47,0
15579526,O'Meara,France,Male,42.0,1,50194.59,1,Yes,Yes,23399.58,0
15779103,Cantamessa,Germany,Female,39.0,9,96748.89,2,No,No,94711.43,0
15738715,Alexander,FRA,Female,37.0,4,0.0,3,No,No,7312.25,1
15593943,Chinagorom,FRA,Female,43.0,1,132667.17,1,Yes,Yes,41876.98,0
15754574,Tomlinson,Spain,Male,36.0,5,0.0,2,Yes,Yes,96881.32,0
15737814,Lo,France,Male,41.0,2,127087.06,1,No,No,102402.91,1
15670889,Nwachukwu,FRA,Male,34.0,1,125566.9,1,Yes,Yes,176763.27,0
15629299,Yang,Germany,Female,52.0,1,106074.89,1,Yes,Yes,23548.45,1
15771569,Bage,Germany,Male,46.0,4,137367.94,1,Yes,Yes,33450.11,0
15811927,Marcelo,France,Female,38.0,3,157658.36,1,No,No,19658.43,0
15785654,Ofodile,Germany,Male,45.0,6,114422.85,2,Yes,Yes,104678.78,1
15665524,Savage,Spain,Male,41.0,5,103154.66,1,No,No,143203.78,0
15736287,Piccio,France,Male,33.0,9,0.0,1,No,No,6975.02,0
15765732,Simmons,Spain,Female,24.0,6,149592.14,1,Yes,Yes,153771.8,0
15797381,DeRose,Germany,Female,48.0,3,133903.12,2,Yes,Yes,85902.39,1
15598536,Onuchukwu,Germany,Female,26.0,0,84587.9,1,Yes,Yes,188037.76,0
15664506,Goodwin,Spain,Male,32.0,8,197436.82,1,Yes,Yes,52710.7,0
15575619,Teakle,Spain,Female,32.0,1,104254.27,1,Yes,Yes,17034.37,0
15587394,Thomson,FRA,Male,39.0,4,140133.08,2,No,No,131304.45,0
15654457,Cross,Spain,Female,30.0,2,0.0,3,Yes,Yes,172576.43,1
15762793,Jones,Germany,Female,36.0,0,136980.23,2,Yes,Yes,99019.65,0
15658067,Walker,Germany,Female,48.0,3,120568.41,1,No,No,190160.04,1
15642816,De Salis,FRA,Female,27.0,7,43658.33,2,Yes,Yes,3025.49,0
15693088,Oliver,FRA,Female,37.0,9,0.0,2,Yes,Yes,34689.77,0
15793883,Lo Duca,FRA,Male,28.0,3,0.0,2,No,No,2305.27,0
15665283,Brookes,French,Female,57.0,7,72092.95,4,Yes,Yes,113228.82,1
15680421,Challis,France,Female,42.0,10,0.0,2,No,No,171099.22,0
15695148,Ibeabuchi,Spain,Female,37.0,9,0.0,2,Yes,Yes,62023.1,0
15636592,Iroawuchi,FRA,Male,35.0,0,181821.96,2,Yes,Yes,36923.67,1
15772618,Tyler,FRA,Male,25.0,7,90920.75,1,Yes,Yes,112256.57,0
15724453,Fan,FRA,Male,23.0,2,0.0,1,No,No,198830.98,0
15565878,Bates,Spain,Male,29.0,3,0.0,2,Yes,Yes,197963.46,0
15609160,Marsden,French,Male,32.0,1,0.0,2,No,No,31635.99,0
15678460,Dodgshun,FRA,Male,30.0,9,0.0,1,No,No,49594.02,0
15662571,Maclean,FRA,Male,35.0,8,0.0,2,No,No,170483.9,0
15606849,Blackall,France,Female,27.0,1,94920.71,1,Yes,Yes,40339.9,0
15670738,Mazzanti,Germany,Male,45.0,2,113939.36,2,No,No,3218.71,0
15662641,Amadi,France,Male,19.0,8,0.0,1,Yes,Yes,68569.89,0
15727539,Schoenheimer,French,Female,31.0,4,0.0,2,No,No,29176.04,0
15651020,Fiorentino,FRA,Female,25.0,6,110666.42,2,No,No,46758.42,0
15673877,Murray,French,Male,39.0,1,0.0,3,No,No,171060.01,1
15760865,Fan,Germany,Female,48.0,7,141819.02,1,No,No,93550.53,1
15705009,Cartwright,FRA,Female,56.0,8,156974.26,1,No,No,89405.26,1
15657540,Cremonesi,FRA,Male,50.0,5,151215.34,2,No,No,169804.4,0
15707441,White,Spain,Male,26.0,8,116318.23,1,Yes,Yes,83253.05,0
15694765,Sabbatini,Germany,Male,49.0,6,113882.33,1,No,No,195813.81,1
15649086,Patterson,France,Male,42.0,7,0.0,2,Yes,Yes,121568.37,0
15650488,Bromley,French,Female,48.0,6,127253.98,1,Yes,Yes,92144.09,1
15760924,Doherty,Spain,Male,41.0,2,100062.39,1,No,No,126307.25,0
15700263,Ifeatu,French,Male,66.0,2,0.0,1,No,No,130784.2,1
15806922,Bergamaschi,Spain,Female,41.0,4,126605.14,1,Yes,Yes,166694.93,0
15637522,Shubina,France,Female,31.0,0,106942.08,1,Yes,Yes,44001.11,0
15636548,Lung,Spain,Male,44.0,7,0.0,2,No,No,185992.36,0
15566891,Kinder,Germany,Female,41.0,3,88594.93,1,No,No,178997.89,0
15627185,Terry,Germany,Male,29.0,6,123737.04,2,No,No,141558.04,0
15754012,Shepherdson,France,Female,35.0,1,110752.15,2,Yes,Yes,47921.22,0
15627514,Short,Spain,Female,46.0,3,0.0,2,Yes,Yes,104902.68,0
15661433,Zetticci,French,Male,34.0,5,0.0,1,No,No,68479.6,0
15610653,Belov,Spain,Female,38.0,5,0.0,2,Yes,Yes,1271.51,0
15667002,Knight,Spain,Male,43.0,5,0.0,2,No,No,29346.1,0
15709199,Burson,Spain,Female,40.0,1,0.0,1,Yes,Yes,184118.73,0
15710087,Nicholls,Germany,Female,54.0,3,125889.3,3,No,No,96013.5,1
15679884,Hs?eh,France,Male,48.0,10,78314.63,3,Yes,Yes,103713.93,1
15784180,Ku,French,Female,36.0,7,206329.65,1,Yes,Yes,46632.87,1
15808849,T'ien,France,Male,40.0,7,145536.9,1,Yes,Yes,135334.24,0
15751549,H?,Germany,Male,31.0,2,77082.65,2,No,No,13482.28,0
15588235,Vasilieva,France,Female,24.0,8,145081.73,1,Yes,Yes,130075.07,0
15640418,Omeokachie,Germany,Female,41.0,4,115897.73,1,No,No,143544.48,0
15721116,Napolitano,Spain,Male,24.0,0,108058.07,2,Yes,Yes,187826.11,0
15599084,Hopwood,FRA,Male,33.0,7,191523.09,1,Yes,Yes,167058.75,0
15773394,Bergamaschi,FRA,Male,38.0,3,0.0,2,Yes,Yes,79928.41,0
15625713,Lindeman,Spain,Female,39.0,7,91187.9,1,Yes,Yes,6075.36,0
15766417,McKinley,FRA,Female,60.0,2,0.0,2,Yes,Yes,43821.56,0
15622578,Sergeyev,France,Male,34.0,5,113958.55,1,Yes,Yes,32125.98,0
15799924,Sanchez,Spain,Male,43.0,1,147167.25,1,No,No,141679.73,0
15618363,Muomelu,Germany,Male,29.0,9,82916.48,1,Yes,Yes,84133.48,0
15637138,Murray,FRA,Male,34.0,1,0.0,2,No,No,9692.58,0
15781665,Ibekwe,FRA,Female,37.0,5,0.0,1,No,No,20708.6,0
15804853,McVey,France,Female,48.0,0,57098.96,1,No,No,85644.06,1
15651627,White,Germany,Male,39.0,1,115341.19,1,Yes,Yes,107674.3,1
15680685,Patterson,French,Male,30.0,3,165257.2,1,No,No,134822.05,0
15808930,Mai,France,Female,37.0,1,0.0,1,No,No,4606.97,0
15570970,Han,FRA,Female,42.0,9,0.0,2,Yes,Yes,51362.82,0
15679961,Davidson,Spain,Male,46.0,7,68799.72,1,Yes,Yes,39704.14,0
15705458,Parkin,Spain,Male,39.0,2,116120.19,2,Yes,Yes,195638.13,0
15750396,McKissick,French,Male,33.0,1,0.0,2,Yes,Yes,86413.11,0
15679928,Horsfall,French,Female,31.0,2,84102.11,2,Yes,Yes,116385.24,0
15711181,Clapp,France,Female,50.0,4,0.0,2,Yes,Yes,182076.97,0
15698324,Azikiwe,France,Female,33.0,4,0.0,1,Yes,Yes,67879.8,0
15807433,Zubarev,France,Female,43.0,9,0.0,2,Yes,Yes,11417.26,0
15636590,Pisano,FRA,Male,46.0,1,0.0,2,Yes,Yes,65998.26,0
15628950,Coates,Germany,Male,25.0,6,104013.79,1,No,No,114774.35,0
15617206,Trentino,Germany,Male,42.0,8,120822.86,2,No,No,126153.24,0
15603741,MacDonnell,Spain,Male,40.0,4,128389.12,1,Yes,Yes,176091.31,0
15742607,Ermakov,Germany,Male,36.0,7,102800.72,1,Yes,Yes,87352.43,0
15747821,K?,Germany,Female,31.0,6,135470.9,1,No,No,107074.81,0
15612043,Hammonds,France,Male,36.0,7,90145.04,1,Yes,Yes,69157.93,0
15809558,Peppin,Spain,Male,31.0,7,0.0,1,Yes,Yes,149970.59,0
15803750,Ball,Spain,Female,33.0,3,161801.47,1,Yes,Yes,153288.97,1
15704681,Yeh,Germany,Male,37.0,2,99660.13,2,Yes,Yes,147700.78,0
15667392,L?,Spain,Female,38.0,6,123081.84,2,Yes,Yes,188657.97,0
15738889,Shih,France,Male,42.0,8,102870.93,1,Yes,Yes,103764.55,1
15598838,Greco,France,Female,37.0,1,151105.68,1,Yes,Yes,140934.57,0
15579109,Napolitano,Germany,Male,35.0,5,163856.76,1,Yes,Yes,15118.2,0
15799042,Zaytseva,France,Male,38.0,7,0.0,1,Yes,Yes,63202.0,0
15697042,Genovesi,Spain,Male,35.0,8,127290.61,1,No,No,16081.62,0
15696605,Angelo,French,Male,49.0,4,180614.04,1,No,No,523.0,0
15802274,Waters,French,Female,44.0,7,55053.62,1,No,No,181757.19,0
15596808,Maclean,Spain,Male,33.0,4,96110.22,1,No,No,1173.23,0
15705403,Seleznyova,Spain,Female,46.0,3,106521.49,1,Yes,Yes,86587.37,0
15732903,Fontenot,French,Male,39.0,7,82255.51,2,No,No,109545.56,0
15581968,Reid,French,Female,33.0,1,0.0,2,Yes,Yes,174431.01,0
15683892,Fraser,Germany,Female,26.0,3,102395.79,1,No,No,119368.99,0
15595447,Tuan,Spain,Male,39.0,8,118201.41,1,No,No,23315.59,0
15569249,Howarth,FRA,Female,55.0,6,44582.07,3,Yes,Yes,67539.85,1
15656188,Davis,Spain,Female,30.0,5,0.0,2,Yes,Yes,185201.58,0
15689661,Gorbunov,French,Male,22.0,6,0.0,2,Yes,Yes,131827.15,0
15644934,Gentry,French,Male,26.0,9,105522.06,1,No,No,10842.46,0
15721793,Chiu,Germany,Female,50.0,7,123936.54,1,Yes,Yes,23768.01,0
15687413,Sunderland,Spain,Female,38.0,6,0.0,2,Yes,Yes,117616.29,0
15761286,Fan,Germany,Female,66.0,7,119499.42,2,Yes,Yes,174027.3,0
15658240,Parry,FRA,Female,44.0,9,135814.7,2,No,No,115091.38,0
15706232,Niu,FRA,Male,52.0,9,0.0,1,Yes,Yes,106340.66,1
15583394,Zuyev,Germany,Male,39.0,8,106259.63,2,Yes,Yes,198103.32,0
15715643,Ijendu,French,Male,44.0,8,0.0,2,Yes,Yes,175314.87,0
15644856,Bird,Spain,Male,38.0,2,115463.16,1,No,No,150679.65,0
15785488,Palmer,Spain,Female,39.0,9,0.0,2,Yes,Yes,110043.88,0
15711571,Y?,Spain,Male,42.0,5,120233.83,1,No,No,194890.33,0
15778604,Nicholson,French,Female,47.0,7,0.0,2,No,No,112366.98,0
15751180,Adams,French,Female,40.0,7,81132.21,1,No,No,167289.82,0
15748360,Cocci,Germany,Female,34.0,10,122196.99,2,Yes,Yes,182099.71,0
15770039,Kuo,Germany,Male,39.0,4,112290.22,1,No,No,49373.97,1
15685096,Trevisani,French,Female,50.0,4,0.0,2,Yes,Yes,861.4,0
15669501,Kuo,French,Male,35.0,5,0.0,2,Yes,Yes,81718.37,0
15622631,H?,FRA,Male,44.0,8,154409.74,1,No,No,49324.03,1
15586699,Thomson,France,Male,32.0,9,0.0,2,No,No,9751.03,0
15702377,Knorr,Spain,Male,48.0,1,132759.8,1,No,No,78899.22,0
15577170,Manfrin,FRA,Male,60.0,5,76705.87,2,Yes,Yes,13889.73,0
15769451,Hayes,French,Female,44.0,1,0.0,2,Yes,Yes,11467.38,0
15811877,Shao,FRA,Female,36.0,4,0.0,2,No,No,130789.15,0
15648725,Sinclair,French,Male,41.0,3,0.0,2,Yes,Yes,108665.89,0
15752801,Bradshaw,Germany,Male,29.0,9,125961.74,2,No,No,160303.08,1
15808175,Castiglione,FRA,Female,39.0,7,49572.73,1,No,No,115287.99,1
15681342,Hurst,FRA,Female,35.0,1,103015.12,2,Yes,Yes,139094.12,0
15589210,Adamson,FRA,Female,24.0,4,0.0,1,No,No,20515.72,0
15696826,James,French,Female,32.0,1,104001.38,1,Yes,Yes,36642.65,0
15614962,Pavlova,Spain,Female,50.0,2,87116.71,1,Yes,Yes,104382.11,0
15689061,Davey,FRA,Male,68.0,5,82547.11,2,Yes,Yes,146448.01,0
15640074,Barrett,Spain,Female,47.0,5,0.0,1,No,No,166650.9,1
15776156,Dolgorukova,France,Male,27.0,4,121325.84,1,Yes,Yes,164223.7,1
15739548,Johnson,France,Male,28.0,9,111167.7,1,No,No,149331.01,0
15662854,Manna,Germany,Male,48.0,5,139714.4,2,No,No,73066.72,0
15687688,Hou,Germany,Female,32.0,10,139875.2,2,No,No,15378.23,0
15715750,Okeke,Germany,Female,44.0,2,113063.83,1,No,No,53072.49,1
15571121,Kodilinyechukwu,French,Female,50.0,8,138340.06,1,Yes,Yes,3159.15,0
15726466,Esposito,FRA,Male,43.0,1,114974.24,1,No,No,125920.54,0
15660390,Boyle,French,Female,33.0,6,0.0,2,Yes,Yes,124113.04,0
15663942,Hsiung,FRA,Female,38.0,5,0.0,2,No,No,93716.38,0
15638610,Kennedy,Germany,Female,65.0,5,117325.54,1,No,No,155799.86,1
15644446,Norton,France,Female,28.0,6,0.0,1,Yes,Yes,8814.69,0
15585892,Zakharov,French,Female,35.0,8,0.0,1,No,No,164453.98,0
15609356,Chimaraoke,France,Female,25.0,1,0.0,2,No,No,87803.32,0
15803378,Small,Spain,Male,44.0,8,0.0,2,Yes,Yes,183617.32,0
15599440,McGregor,FRA,Female,34.0,8,0.0,2,No,No,53584.03,0
15692408,Brown,Spain,Female,35.0,2,0.0,2,Yes,Yes,1950.93,0
15683168,Frederickson,FRA,Female,30.0,6,0.0,1,Yes,Yes,175025.27,0
15790254,Wood,Spain,Male,50.0,1,78737.61,1,Yes,Yes,13018.96,0
15767729,Smith,Spain,Male,25.0,5,182876.88,2,Yes,Yes,42537.59,1
15768600,Harris,Germany,Male,50.0,9,130023.38,1,No,No,62989.82,1
15699839,Hall,French,Male,36.0,2,152606.82,1,Yes,Yes,71692.8,0
15786237,Pickworth,French,Male,28.0,7,0.0,2,No,No,823.96,0
15694530,Porter,French,Male,28.0,4,167268.98,1,Yes,Yes,169469.3,0
15796813,Storey,France,Male,54.0,3,167831.88,2,No,No,150159.95,1
15605791,Li,Germany,Male,29.0,9,144287.6,2,No,No,32063.3,0
15714087,McGill,Germany,Female,45.0,5,151855.33,1,No,No,68794.15,0
15711446,Sinclair,Spain,Female,51.0,3,0.0,3,No,No,75084.96,1
15588123,Horton,FRA,Female,27.0,2,0.0,2,Yes,Yes,114685.92,0
15748552,Sal,Germany,Male,37.0,4,155994.15,1,No,No,143665.44,0
15618410,Murray,Germany,Male,26.0,7,147527.03,1,No,No,51099.56,0
15672432,Giles,France,Female,53.0,4,0.0,1,No,No,5408.74,1
15610042,Brown,FRA,Male,33.0,8,100267.03,1,No,No,103006.27,0
15580914,Okechukwu,Spain,Male,48.0,0,83287.05,2,Yes,Yes,44147.95,1
15583680,White,Spain,Male,41.0,4,0.0,1,Yes,Yes,149278.96,0
15813718,Kirillova,Spain,Male,45.0,4,0.0,2,No,No,193009.21,0
15767264,Lawson,Germany,Male,53.0,1,117438.17,1,No,No,74898.8,1
15686461,Sarratt,France,Female,56.0,7,121235.05,2,Yes,Yes,116253.1,0
15678882,Hay,Germany,Male,37.0,3,129965.18,1,No,No,19374.08,0
15789611,Lin,Germany,Male,46.0,8,150836.92,1,No,No,64516.8,1
15668679,Ozerova,FRA,Male,31.0,0,0.0,2,Yes,Yes,34475.14,0
15631685,Lambert,Germany,Male,60.0,1,163894.35,1,Yes,Yes,57061.71,0
15655658,Bulgakov,French,Female,48.0,2,0.0,2,Yes,Yes,32301.88,0
15753591,He,FRA,Male,38.0,2,0.0,2,No,No,136859.55,0
15617348,Uchechukwu,French,Male,44.0,1,0.0,2,No,No,69244.24,0
15704581,Robertson,Germany,Male,34.0,2,87967.42,2,Yes,Yes,156309.52,0
15738487,Leworthy,FRA,Male,26.0,3,0.0,2,No,No,4989.33,0
15648069,Onyemachukwu,FRA,Female,36.0,6,0.0,2,Yes,Yes,190194.95,0
15737627,Rivero,Germany,Female,20.0,2,121093.29,2,No,No,3529.72,0
15731586,Lai,Spain,Female,31.0,2,121691.54,2,No,No,81778.72,0
15757467,Feng,Spain,Male,57.0,6,0.0,2,Yes,Yes,39297.48,0
15597709,Hornung,FRA,Female,39.0,6,154121.32,2,No,No,176614.86,1
15720529,Schiavone,France,Male,29.0,6,0.0,2,Yes,Yes,108684.65,0
15596797,Barnet,Spain,Male,43.0,1,0.0,2,Yes,Yes,145764.4,0
15681755,Dennys,France,Female,32.0,5,0.0,2,Yes,Yes,42135.28,0
15815271,Ritchie,Germany,Male,43.0,6,165048.5,3,No,No,16929.41,1
15682860,Lo,Spain,Male,38.0,6,0.0,2,No,No,104393.78,0
15621546,Yuriev,French,Female,33.0,9,127638.35,1,Yes,Yes,192717.57,0
15705918,Howarth,France,Male,31.0,8,0.0,2,Yes,Yes,59650.42,0
15684512,Gibson,Germany,Female,72.0,8,135290.42,2,Yes,Yes,63729.72,0
15671769,Zikoranachidimma,France,Female,71.0,4,170252.05,3,Yes,Yes,73679.59,1
15642934,Mason,Germany,Female,35.0,4,108269.2,2,No,No,174969.92,0
15594305,Rizzo,France,Female,32.0,1,0.0,2,No,No,1703.58,0
15789201,Thomson,Germany,Female,35.0,9,145623.36,1,No,No,163181.62,0
15706762,Ignatyev,French,Female,41.0,4,145809.53,2,Yes,Yes,52319.26,0
15766183,Ferguson,Germany,Male,76.0,2,130334.84,2,Yes,Yes,51672.08,0
15777994,Woods,France,Female,39.0,3,0.0,2,Yes,Yes,145355.11,0
15568162,Sung,Spain,Male,53.0,8,0.0,1,Yes,Yes,51711.57,0
15680643,Lo,Spain,Female,42.0,1,0.0,2,Yes,Yes,149535.97,0
15761854,Burn,French,Female,24.0,4,0.0,1,Yes,Yes,94105.0,0
15730793,Russell,Germany,Female,54.0,3,111009.32,1,Yes,Yes,155905.79,1
15692137,Jen,French,Female,46.0,2,0.0,1,Yes,Yes,138380.11,0
15608595,Lo Duca,France,Female,39.0,3,157371.54,1,Yes,Yes,97734.3,0
15709459,Oluchi,Spain,Female,63.0,5,0.0,1,Yes,Yes,173576.71,0
15775750,Yao,French,Male,37.0,9,134560.62,1,No,No,27596.39,0
15585855,Gould,France,Male,40.0,1,0.0,1,Yes,Yes,16897.19,0
15752139,Salter,Germany,Male,36.0,5,72373.62,2,No,No,36895.99,0
15768295,Warner,France,Female,34.0,7,109564.1,1,Yes,Yes,113046.81,0
15766906,Salier,French,Female,25.0,4,132116.13,2,No,No,129933.5,0
15725776,Lazar,Germany,Male,24.0,7,101195.23,1,No,No,133091.32,0
15682576,Onyenachiya,France,Male,67.0,1,149436.73,2,Yes,Yes,106282.74,0
15704081,Findlay,Germany,Male,30.0,9,130682.11,2,Yes,Yes,57862.88,0
15719940,Gibbons,Germany,Female,51.0,10,115280.49,2,No,No,12628.61,1
15672894,McCawley,French,Female,36.0,8,129944.39,2,No,No,198914.8,0
15667451,Taylor,France,Male,36.0,5,0.0,2,Yes,Yes,109127.54,0
15636767,Yang,Spain,Female,32.0,10,0.0,1,Yes,Yes,22487.45,0
15571415,Okwudiliolisa,Germany,Male,56.0,6,151802.29,1,No,No,46791.09,1
15575605,Napolitano,France,Male,38.0,6,0.0,2,Yes,Yes,158697.28,0
15649160,Vavilov,French,Female,38.0,3,138731.95,1,Yes,Yes,194138.36,0
15615832,Teague,Spain,Female,35.0,8,155621.08,1,Yes,Yes,35177.31,0
15600975,Chiemenam,French,Female,54.0,4,150005.38,1,No,No,157015.5,1
15690772,Hughes,Spain,Female,48.0,2,0.0,2,Yes,Yes,136551.25,0
15565714,Cattaneo,France,Male,47.0,1,64430.06,2,Yes,Yes,96517.97,0
15763108,Davis,Germany,Male,53.0,7,106261.63,1,No,No,93629.66,1
15723884,Nekrasova,Spain,Male,40.0,3,0.0,2,No,No,96097.65,0
15644453,Loggia,Germany,Female,41.0,4,132670.53,1,No,No,156476.36,1
15655464,Combes,French,Female,67.0,3,0.0,1,Yes,Yes,42964.63,0
15783883,Onwuka,Germany,Female,38.0,1,117314.92,1,No,No,122021.33,1
15787693,Kharlamov,Spain,Male,38.0,3,145874.35,1,No,No,56311.39,1
15664793,Scott,Spain,Female,50.0,7,146777.44,2,Yes,Yes,150685.52,0
15642391,Lettiere,Germany,Male,51.0,4,109978.83,1,No,No,177740.58,1
15756538,Osonduagwuike,France,Female,37.0,5,0.0,1,Yes,Yes,71492.28,0
15668830,Wan,Spain,Male,24.0,8,108881.73,1,No,No,104492.83,0
15796569,Donaldson,Spain,Female,44.0,10,0.0,1,Yes,Yes,47729.33,0
15677112,Chukwufumnanya,FRA,Male,39.0,2,112957.26,2,No,No,97593.16,0
15815040,Ma,Germany,Female,42.0,8,103362.14,1,Yes,Yes,186869.58,1
15590434,Alexander,Spain,Male,41.0,4,89015.61,1,Yes,Yes,135227.23,0
15597536,Nkemjika,Spain,Male,45.0,5,133618.01,1,No,No,135244.87,0
15723989,Carroll,FRA,Male,40.0,5,93680.43,2,Yes,Yes,179473.26,0
15767358,Obioma,Germany,Female,45.0,1,97486.15,2,No,No,50610.62,0
15594812,Campbell,Spain,Female,37.0,2,137794.18,2,Yes,Yes,75232.02,0
15688210,Sims,FRA,Female,39.0,8,101928.51,1,No,No,89205.54,0
15681509,McKay,Spain,Female,28.0,9,0.0,2,Yes,Yes,61761.77,0
15572390,Huang,Spain,Female,39.0,6,0.0,2,No,No,103921.43,0
15801441,Campbell,Germany,Female,35.0,2,79585.96,1,Yes,Yes,198802.9,0
15783859,Boni,FRA,Female,24.0,3,161884.99,1,Yes,Yes,9617.24,0
15575243,Gorbunova,France,Female,39.0,1,129068.54,2,Yes,Yes,187905.12,0
15773421,Genovese,French,Female,42.0,4,0.0,2,No,No,121440.8,0
15788776,Landor,Germany,Male,49.0,6,132623.76,3,No,No,36292.94,1
15765257,Meng,Spain,Male,31.0,5,121461.87,1,Yes,Yes,20432.09,1
15661412,Wardell,French,Male,32.0,8,175307.32,1,No,No,187051.23,0
15636478,Williams,French,Male,31.0,7,136658.61,1,Yes,Yes,148689.13,0
15603683,Ofodile,Spain,Female,23.0,3,146584.19,2,No,No,125445.8,0
15651868,Clark,French,Male,34.0,6,0.0,1,No,No,22736.06,0
15815443,Lo,Spain,Female,46.0,10,131414.76,1,No,No,54947.51,0
15682686,Chukwuemeka,France,Female,38.0,3,0.0,2,Yes,Yes,167984.72,0
15697460,Lai,Germany,Male,34.0,4,99441.21,2,Yes,Yes,4802.27,0
15748432,Arcuri,France,Female,32.0,4,0.0,2,Yes,Yes,72909.75,0
15698271,Graham,FRA,Female,26.0,4,0.0,2,No,No,185488.81,0
15808662,Krylov,France,Male,44.0,3,0.0,2,No,No,88407.51,0
15690372,Henry,Spain,Male,38.0,1,181110.13,2,No,No,184544.59,0
15781875,Jamieson,Spain,Male,33.0,3,100476.46,2,Yes,Yes,136539.13,0
15801473,Moore,Germany,Male,33.0,2,51949.95,2,No,No,85045.92,0
15704509,Tan,French,Male,35.0,8,121063.49,1,No,No,85421.48,0
15694666,Thornton,Spain,Male,48.0,8,88441.64,1,Yes,Yes,119903.2,1
15731166,Macleod,FRA,Female,30.0,1,127023.39,1,Yes,Yes,138780.89,0
15728523,Rizzo,France,Male,41.0,5,144147.68,1,Yes,Yes,14789.9,0
15788442,Chukwukadibia,Spain,Female,57.0,2,173306.13,1,Yes,Yes,131964.66,0
15689781,Ts'ai,French,Female,49.0,0,0.0,1,No,No,178709.98,1
15764226,Lu,Germany,Female,28.0,8,106425.75,1,Yes,Yes,20344.84,0
15809837,Kent,Germany,Female,66.0,6,135392.31,2,Yes,Yes,172852.06,1
15805212,Black,France,Female,67.0,1,0.0,2,Yes,Yes,103945.58,0
15716082,Chukwubuikem,Spain,Male,39.0,6,152685.4,1,No,No,183656.12,0
15643056,McMillan,Germany,Female,38.0,1,82083.52,1,Yes,Yes,10333.78,0
15654859,Ngozichukwuka,Spain,Female,63.0,2,131629.17,2,No,No,122109.58,1
15761158,Y?an,France,Female,54.0,7,0.0,2,Yes,Yes,125041.52,0
15577515,Sung,Germany,Female,55.0,0,108477.27,1,Yes,Yes,140003.0,1
15723827,Macartney,France,Male,30.0,4,114779.35,1,No,No,183171.47,0
15646594,Ali,French,Male,41.0,5,57568.94,1,Yes,Yes,61128.29,0
15712877,Morley,Spain,Male,36.0,1,0.0,2,No,No,52462.25,0
15598802,Martin,Spain,Male,30.0,8,0.0,2,Yes,Yes,50839.85,0
15699340,Okorie,France,Male,37.0,4,0.0,2,No,No,61240.87,0
15691150,Ku,FRA,Female,32.0,4,110559.46,1,Yes,Yes,127429.56,0
15608688,Andreyeva,French,Male,34.0,4,0.0,2,No,No,68343.08,0
15737998,Cheng,France,Male,46.0,8,0.0,1,No,No,126511.94,1
15735837,Hsia,Spain,Male,36.0,3,0.0,2,Yes,Yes,8559.66,0
15659100,Lane,French,Male,33.0,9,128152.82,1,No,No,147822.81,0
15609070,Findlay,Germany,Male,45.0,7,120961.5,3,Yes,Yes,39288.11,1
15650313,Okonkwo,Germany,Male,65.0,6,129472.33,1,Yes,Yes,85179.48,0
15627699,Pirogova,France,Male,32.0,10,105000.23,1,No,No,190019.61,0
15591010,McDonald,Germany,Male,55.0,8,109339.17,2,No,No,96405.88,1
15798895,Okonkwo,France,Female,59.0,6,55328.4,1,No,No,83342.73,1
15745375,Nnanna,Germany,Male,23.0,3,72012.76,1,No,No,161333.13,0
15775235,Ku,FRA,Female,36.0,6,110480.48,1,No,No,81292.33,0
15780088,Porter,Spain,Male,34.0,9,132439.99,1,No,No,177747.72,0
15649379,Somayina,France,Female,46.0,3,0.0,2,Yes,Yes,187980.21,0
15713983,Mao,Germany,Male,34.0,5,94108.54,2,No,No,177235.21,0
15709252,Fuller,Germany,Female,28.0,10,105173.99,1,Yes,Yes,29835.37,1
15699238,Craig,Spain,Female,40.0,8,0.0,2,No,No,80204.38,0
15732884,Trevisano,France,Male,29.0,7,131959.86,1,No,No,189268.81,0
15587297,Ruiz,French,Male,33.0,7,0.0,2,Yes,Yes,85411.01,0
15684722,Fraser,FRA,Male,34.0,5,122952.9,2,No,No,154360.97,0
15621244,Gallo,FRA,Male,36.0,0,107379.68,1,Yes,Yes,84460.18,0
15744273,Waterhouse,Germany,Male,30.0,6,122641.56,2,No,No,65618.01,0
15682540,Cremonesi,FRA,Female,33.0,8,0.0,2,Yes,Yes,112928.74,0
15636521,Feng,Spain,Female,30.0,1,124037.28,1,Yes,Yes,142210.94,0
15785339,H?,FRA,Female,50.0,9,117565.03,2,No,No,82559.77,0
15638983,Jara,FRA,Female,38.0,5,133189.4,1,No,No,127388.06,0
15654625,Wilson,Germany,Male,39.0,8,120252.02,2,Yes,Yes,10160.23,0
15697310,O'Callaghan,Germany,Female,28.0,3,152264.81,1,No,No,64242.31,0
15678210,Robson,French,Male,38.0,5,105069.98,2,Yes,Yes,198355.28,0
15575438,Pease,France,Male,42.0,7,115076.06,1,Yes,Yes,79323.61,0
15632789,Maclean,FRA,Male,30.0,8,0.0,2,Yes,Yes,24113.91,0
15621423,Lavrentyev,French,Female,42.0,7,117280.23,3,No,No,41921.06,1
15573520,Rhodes,Germany,Male,49.0,6,110540.43,2,Yes,Yes,107472.99,0
15740458,Murphy,Spain,Male,36.0,7,135095.47,1,No,No,143859.66,0
15762799,Alexander,Germany,Male,23.0,0,187861.18,2,Yes,Yes,104120.17,0
15686885,Nekrasov,Germany,Male,44.0,3,124655.59,2,Yes,Yes,79792.3,0
15565996,Arnold,French,Male,44.0,8,0.0,2,Yes,Yes,154639.72,0
15662152,Trevisan,FRA,Female,38.0,9,134105.01,1,No,No,57850.1,0
15711742,Mason,French,Female,34.0,4,0.0,1,Yes,Yes,62868.33,0
15701885,Tucker,France,Female,40.0,9,0.0,2,Yes,Yes,92357.21,0
15774262,Hobson,Germany,Male,52.0,8,83693.34,2,Yes,Yes,161083.53,0
15567839,Gordon,French,Male,42.0,9,114631.23,1,Yes,Yes,91429.74,0
15644400,Anderson,France,Male,44.0,9,128601.98,1,No,No,117031.2,0
15797246,Terry,Germany,Female,34.0,2,91258.52,2,No,No,44857.4,0
15778290,Lappin,France,Male,70.0,8,70416.75,1,Yes,Yes,36483.52,0
15708714,Santiago,French,Female,33.0,6,0.0,2,No,No,34045.61,0
15586183,Wallace,French,Female,35.0,5,0.0,2,No,No,59981.62,0
15761733,King,France,Female,42.0,10,0.0,2,Yes,Yes,152944.39,0
15773934,Fang,French,Male,33.0,6,88294.6,1,No,No,66979.06,0
15705343,May,Spain,Female,32.0,7,0.0,1,No,No,28797.32,0
15593959,Travis,FRA,Male,28.0,1,93577.3,1,Yes,Yes,51670.82,0
15664615,Nnachetam,Germany,Female,30.0,5,136650.89,1,Yes,Yes,41865.72,1
15671014,Zhdanova,Spain,Female,72.0,8,98765.84,1,Yes,Yes,96015.53,0
15657778,Jefferson,France,Male,33.0,1,84309.57,2,No,No,103914.4,0
15585192,Cremonesi,Spain,Male,39.0,10,136258.06,1,No,No,89199.51,0
15592914,Fang,France,Female,29.0,9,0.0,2,Yes,Yes,48849.89,0
15770995,Sinclair,Germany,Female,47.0,1,131160.85,1,No,No,197444.69,0
15570990,Begley,Spain,Female,30.0,4,145222.99,2,No,No,145160.96,0
15596165,Degtyarev,Germany,Male,25.0,4,98141.57,2,Yes,Yes,52309.8,0
15788131,Atkins,France,Male,47.0,6,0.0,1,No,No,50695.93,1
15800773,Ikenna,Spain,Female,28.0,9,102282.61,1,Yes,Yes,157891.11,0
15690153,Sun,France,Female,37.0,4,116121.84,2,Yes,Yes,181850.74,0
15638989,Lettiere,France,Female,25.0,5,190066.54,1,No,No,51345.39,1
15623210,Smith,Germany,Female,55.0,8,149349.58,3,No,No,137519.92,1
15652658,Finch,FRA,Male,36.0,1,155176.83,2,Yes,Yes,49653.37,0
15684440,Monaldo,Germany,Male,32.0,2,98986.28,1,Yes,Yes,55867.38,0
15730287,Ugonna,French,Male,41.0,8,147726.98,3,No,No,172749.4,1
15720353,Chiang,French,Male,41.0,1,0.0,2,No,No,90607.31,0
15767231,Sun,FRA,Male,36.0,7,144852.06,1,No,No,130861.95,0
15761554,Blackburn,FRA,Male,54.0,4,89299.81,1,No,No,5558.47,1
15706637,Chang,Spain,Male,40.0,9,0.0,2,No,No,121537.91,0
15690492,Palermo,France,Male,41.0,6,97663.16,2,No,No,57128.78,0
15694237,McEwan,Spain,Male,39.0,4,95161.75,1,No,No,19409.77,0
15729771,Davide,Germany,Male,31.0,9,154586.92,1,Yes,Yes,88604.89,1
15609823,Chieloka,Spain,Female,34.0,8,127095.14,2,No,No,479.54,0
15793366,Humphreys,Germany,Male,35.0,7,92526.15,2,Yes,Yes,173837.54,0
15614813,Cocci,Germany,Female,46.0,0,107362.8,1,No,No,487.3,0
15566495,Hanson,Spain,Female,24.0,2,0.0,1,No,No,35600.25,1
15707602,Macleod,FRA,Female,47.0,2,127286.04,2,Yes,Yes,166929.43,1
15635244,Ritchie,FRA,Female,29.0,6,0.0,2,Yes,Yes,98998.61,0
15805627,Nebechukwu,France,Male,37.0,2,0.0,2,Yes,Yes,54229.74,0
15607986,Nnamutaezinwa,FRA,Male,40.0,10,139930.18,1,Yes,Yes,105720.09,0
15799785,Ikemefuna,Germany,Female,30.0,4,77949.69,1,Yes,Yes,121151.46,0
15699963,Scott,FRA,Male,38.0,1,121405.04,1,Yes,Yes,154844.22,0
15624595,Chiang,Spain,Female,35.0,5,124580.69,1,Yes,Yes,18785.48,0
15629750,Artyomova,France,Male,35.0,5,133087.76,1,No,No,64771.61,0
15651460,Hsieh,Spain,Male,34.0,7,0.0,1,Yes,Yes,16250.61,0
15753550,Levien,FRA,Female,43.0,7,0.0,2,No,No,131093.99,0
15594133,Erskine,Spain,Male,62.0,7,0.0,1,No,No,129188.18,1
15772329,Fiorentino,Germany,Male,45.0,8,103741.14,1,No,No,47428.73,1
15591552,Okonkwo,France,Female,32.0,7,98877.95,1,No,No,132973.21,0
15750921,Monds,FRA,Male,37.0,5,105843.26,2,Yes,Yes,84908.2,0
15701687,Campbell,Spain,Male,44.0,7,77526.66,3,No,No,57338.56,1
15728906,Ibekwe,FRA,Male,77.0,5,0.0,2,Yes,Yes,161579.85,0
15670029,Marcelo,France,Female,33.0,7,0.0,2,No,No,122625.68,0
15763579,Castro,Germany,Female,36.0,2,105264.88,2,Yes,Yes,52909.87,0
15728010,Capon,France,Male,37.0,5,0.0,2,Yes,Yes,170226.47,0
15663194,Voronova,Germany,Female,40.0,3,110150.43,1,Yes,Yes,191757.65,1
15736510,Loggia,Spain,Female,57.0,2,0.0,3,No,No,66652.75,1
15745804,Law,France,Male,25.0,7,0.0,2,Yes,Yes,195977.75,0
15631451,Grant,Spain,Female,28.0,6,0.0,2,Yes,Yes,69056.26,0
15746995,Greco,Germany,Male,31.0,9,138166.3,1,No,No,12920.43,0
15730673,Dietz,Germany,Male,40.0,7,122265.24,1,No,No,138552.74,0
15734649,Martel,Spain,Female,55.0,0,133295.98,1,No,No,22832.71,1
15701081,Jarvis,France,Male,36.0,2,0.0,1,Yes,Yes,61811.1,0
15632503,Meng,FRA,Female,32.0,0,148326.09,1,No,No,191604.27,1
15585928,Hay,Germany,Female,31.0,2,68927.57,1,Yes,Yes,25445.0,0
15648681,Voronoff,FRA,Female,47.0,5,139914.6,4,Yes,Yes,129964.56,1
15747757,Trevascus,Germany,Female,58.0,8,118723.11,1,No,No,6209.51,1
15718921,Ho,Spain,Male,32.0,7,106957.28,1,Yes,Yes,134794.02,0
15571081,Hansen,FRA,Female,41.0,7,190238.93,1,Yes,Yes,57549.65,0
15734578,Craig,France,Female,53.0,1,113537.73,1,Yes,Yes,28367.21,0
15579583,Hall,Spain,Female,40.0,4,101090.27,1,Yes,Yes,51703.09,0
15622729,Sun,French,Female,46.0,2,0.0,2,Yes,Yes,66602.7,0
15662189,Durant,Spain,Male,33.0,3,0.0,1,Yes,Yes,2739.71,0
15692718,Jackson,FRA,Female,38.0,7,0.0,2,No,No,69227.42,0
15762716,Chigozie,Spain,Female,60.0,10,168920.75,1,No,No,31445.03,1
15724851,Farmer,Germany,Male,31.0,9,111589.67,1,No,No,150037.19,0
15587266,Douglas,Germany,Female,27.0,6,172310.33,1,Yes,Yes,111448.92,0
15675926,Ardis,Germany,Male,34.0,7,118028.35,1,No,No,51226.32,1
15706268,Smith,Germany,Male,51.0,1,147910.3,1,Yes,Yes,53581.14,0
15581871,Butler,Germany,Male,42.0,7,131287.36,2,Yes,Yes,149697.78,0
15666166,Pettry,FRA,Female,74.0,0,121276.32,1,Yes,Yes,160348.31,0
15671582,John,Spain,Male,38.0,6,109869.32,1,Yes,Yes,154641.91,0
15680901,Potter,French,Female,34.0,6,97435.85,2,Yes,Yes,104331.76,0
15642336,Shaw,France,Female,42.0,9,0.0,2,No,No,135630.32,0
15653147,Boyle,French,Male,35.0,2,133853.27,1,Yes,Yes,65361.66,0
15571284,Elmore,Germany,Male,32.0,0,109528.16,2,Yes,Yes,56176.31,0
15591360,Udinesi,FRA,Female,33.0,4,84607.34,2,Yes,Yes,60059.47,0
15810485,Sun,Germany,Male,37.0,1,101438.0,1,No,No,51364.56,0
15611973,Tuan,France,Male,55.0,7,0.0,2,Yes,Yes,118752.6,0
15735572,Lawrence,France,Male,59.0,9,113657.83,1,Yes,Yes,116848.79,1
15567860,Burrows,Spain,Female,44.0,7,189318.16,2,No,No,45026.23,1
15795690,Shao,FRA,Male,31.0,3,99513.91,1,Yes,Yes,189657.26,0
15706464,White,Spain,Male,35.0,4,97585.32,2,No,No,57213.46,0
15725028,Chialuka,France,Male,29.0,3,0.0,2,Yes,Yes,63687.06,0
15751167,Toscano,FRA,Female,43.0,4,0.0,2,Yes,Yes,58761.33,0
15633944,McKay,Spain,Male,32.0,3,136659.74,1,Yes,Yes,14187.78,0
15672637,Voronkov,France,Female,30.0,4,85755.86,1,No,No,145115.95,0
15680895,Sal,Spain,Female,35.0,7,0.0,1,No,No,187718.26,0
15793825,Ikechukwu,FRA,Male,39.0,4,0.0,2,No,No,27150.35,0
15611318,Kruglova,Spain,Male,33.0,4,51690.89,1,No,No,111622.76,1
15768474,Clements,Spain,Male,34.0,3,0.0,2,No,No,27244.35,0
15716276,Kennedy,FRA,Female,34.0,2,111669.68,1,No,No,57029.66,0
15623668,Johnson,Germany,Male,31.0,2,154741.45,2,No,No,25183.01,0
15696361,Chung,Germany,Male,31.0,7,125681.51,1,Yes,Yes,129980.93,0
15607988,Garland,Germany,Female,37.0,8,155303.71,1,No,No,118716.63,0
15637891,Docherty,Germany,Female,43.0,4,140681.68,1,Yes,Yes,20134.07,0
15789865,Nnaife,France,Male,28.0,9,71902.52,1,Yes,Yes,190208.23,0
15627190,Lettiere,France,Male,51.0,6,146606.6,1,Yes,Yes,68021.9,0
15788224,Sanderson,Germany,Male,45.0,1,123949.75,1,No,No,110881.56,0
15702149,Fomin,Germany,Female,33.0,1,144753.21,1,Yes,Yes,132480.75,0
15708236,Wright,French,Female,72.0,6,91285.22,1,Yes,Yes,7032.95,0
15568469,Buckley,French,Male,43.0,0,0.0,2,No,No,27862.58,0
15764444,Pan,Germany,Male,58.0,8,125850.53,2,Yes,Yes,87008.17,0
15794204,Manna,France,Male,28.0,7,108116.66,1,Yes,Yes,27411.19,0
15807546,Chinwendu,France,Female,38.0,2,0.0,2,Yes,Yes,46395.21,0
15782159,Ndubuagha,FRA,Male,28.0,8,67639.56,2,Yes,Yes,194245.29,0
15618703,White,Spain,Female,53.0,6,150200.23,1,Yes,Yes,151317.27,1
15793317,Hale,Spain,Female,22.0,7,141287.15,1,No,No,118142.79,0
15740487,Ross,FRA,Female,41.0,6,0.0,3,Yes,Yes,138700.75,1
15722479,Ikenna,FRA,Male,37.0,1,0.0,2,Yes,Yes,6035.51,0
15688264,Nkemdilim,French,Female,43.0,0,0.0,2,Yes,Yes,41263.69,0
15583067,McMillan,FRA,Female,36.0,4,97157.96,1,Yes,Yes,63185.05,0
15686670,Duke,France,Female,36.0,2,0.0,2,No,No,92536.0,1
15593345,Bradbury,Germany,Female,33.0,6,125241.17,2,Yes,Yes,158736.07,0
15811690,Bayley,Germany,Male,54.0,2,128966.13,1,No,No,18633.4,1
15734008,Bartlett,Germany,Male,59.0,5,152581.06,1,No,No,71830.1,1
15771856,Cremin,Spain,Female,32.0,1,0.0,2,No,No,19525.65,0
15762045,Gilchrist,Germany,Female,37.0,5,142688.57,2,Yes,Yes,110953.33,0
15778142,Shih,Germany,Female,31.0,1,130089.56,2,Yes,Yes,4466.21,0
15689268,Fitzpatrick,French,Male,36.0,9,0.0,1,Yes,Yes,105818.51,0
15721507,Pagan,French,Female,32.0,1,117094.02,1,No,No,149558.83,1
15750476,Hendrick,Spain,Male,24.0,8,0.0,2,No,No,4070.28,0
15810723,Sanderson,FRA,Female,39.0,10,0.0,3,No,No,132741.13,1
15787229,Samsonova,Spain,Female,34.0,2,0.0,2,No,No,61251.25,0
15570508,Azubuike,France,Male,49.0,7,90218.9,1,No,No,91347.76,0
15617065,Pan,Spain,Male,42.0,4,194532.66,1,No,No,171045.31,1
15689786,Massie,Germany,Male,56.0,1,169743.83,1,No,No,155850.4,1
15648876,Sandover,France,Female,34.0,5,0.0,1,No,No,27380.99,0
15802106,Craig,France,Male,34.0,8,155973.88,1,No,No,154208.96,0
15773869,Onwudiwe,Spain,Male,59.0,4,129321.44,1,Yes,Yes,93624.55,0
15711635,Chu,Germany,Female,42.0,6,138650.49,2,No,No,64746.07,0
15795527,Zetticci,Spain,Male,43.0,2,136487.86,2,No,No,82815.93,0
15759133,Vaguine,France,Male,18.0,6,0.0,2,Yes,Yes,27308.58,0
15679394,Owen,France,Female,41.0,4,38617.2,1,Yes,Yes,104876.8,0
15801072,Hurst,French,Female,28.0,7,0.0,2,No,No,151316.37,0
15646082,Harding,FRA,Female,34.0,8,82909.14,1,No,No,91817.38,1
15796111,Smith,Germany,Female,54.0,8,145151.4,1,Yes,Yes,125311.17,1
15670646,Moore,Spain,Female,42.0,0,147187.84,1,Yes,Yes,14868.94,1
15578722,Bradley,FRA,Male,39.0,4,0.0,2,No,No,196112.45,0
15815095,Burfitt,Spain,Male,54.0,7,108185.81,2,No,No,24093.4,1
15730360,Mackenzie,French,Male,30.0,4,0.0,2,Yes,Yes,66263.87,0
15763194,Milanesi,French,Male,34.0,7,0.0,2,Yes,Yes,100304.13,0
15720725,Shubin,FRA,Male,28.0,2,0.0,2,No,No,167909.52,0
15567834,Nieves,FRA,Male,49.0,5,105918.1,1,Yes,Yes,16246.59,0
15720644,Martin,French,Male,27.0,6,0.0,2,No,No,103603.65,0
15811742,Jen,Spain,Male,42.0,7,0.0,2,No,No,7680.23,0
15813363,Woods,Spain,Male,25.0,2,0.0,2,No,No,95215.73,0
15717629,Docherty,Germany,Male,42.0,6,59972.26,2,Yes,Yes,148172.94,0
15713160,Lin,Spain,Male,25.0,7,157228.61,2,No,No,124382.9,0
15568878,Cheng,Spain,Male,34.0,5,0.0,2,No,No,159311.46,0
15809800,Korovina,France,Female,38.0,4,0.0,2,No,No,6787.48,0
15736420,Macdonald,France,Male,21.0,4,210433.08,2,Yes,Yes,197297.77,1
15757933,Hardy,Germany,Female,30.0,1,102452.71,1,No,No,21556.95,0
15623072,Shaw,Spain,Female,35.0,5,0.0,2,No,No,56518.0,0
15683993,Knight,France,Female,37.0,8,142987.46,2,No,No,158840.99,0
15570947,Bruny,Spain,Female,29.0,7,143330.56,2,Yes,Yes,126396.01,0
15797767,Ikedinachukwu,France,Female,49.0,6,0.0,1,Yes,Yes,148087.88,1
15731989,Moran,French,Male,36.0,4,120165.4,2,No,No,33701.5,0
15591035,Macleod,Spain,Male,54.0,6,0.0,1,Yes,Yes,84622.37,0
15586479,Yin,French,Female,36.0,4,0.0,1,No,No,185580.89,1
15605872,Felix,French,Male,73.0,6,66573.17,1,Yes,Yes,62768.8,0
15666012,Rippey,French,Male,40.0,4,102833.46,2,Yes,Yes,38829.11,0
15641733,Mishina,FRA,Female,34.0,5,164757.56,1,No,No,110748.88,0
15593178,Graham,Spain,Female,36.0,10,153610.61,1,Yes,Yes,54083.8,1
15649183,Johnston,Spain,Female,35.0,8,0.0,3,Yes,Yes,88658.73,0
15736399,Korovin,Spain,Male,42.0,10,0.0,2,No,No,177938.52,0
15751137,Lei,Germany,Female,36.0,3,169025.83,1,No,No,174235.06,0
15757188,Chimaijem,Spain,Female,26.0,4,153455.72,2,Yes,Yes,82696.84,0
15726167,Scott,French,Male,37.0,4,0.0,2,Yes,Yes,142415.97,0
15624850,Grant,FRA,Male,30.0,10,153972.89,2,No,No,62811.03,0
15717700,McIntyre,Spain,Male,34.0,9,114609.55,2,Yes,Yes,25339.29,0
15716347,Griffin,Germany,Male,37.0,7,143625.83,2,Yes,Yes,176487.05,0
15696287,Converse,Germany,Female,38.0,1,116520.28,1,Yes,Yes,49833.5,1
15638871,Ch'ang,FRA,Male,77.0,6,80926.02,2,Yes,Yes,55829.25,0
15765093,Coates,French,Male,23.0,6,166594.78,1,Yes,Yes,155823.2,0
15592999,Reid,FRA,Female,40.0,0,115465.98,1,Yes,Yes,60622.61,0
15641715,Ts'ui,French,Male,34.0,8,0.0,2,Yes,Yes,174196.68,0
15607746,Belstead,FRA,Female,36.0,1,0.0,1,Yes,Yes,56905.38,0
15625311,Dickinson,Germany,Female,41.0,7,92618.62,1,Yes,Yes,101178.85,0
15573077,Nwora,Germany,Female,25.0,8,141825.88,1,Yes,Yes,73857.94,1
15735106,Bishop,Spain,Male,28.0,6,149594.02,2,No,No,102325.19,0
15672912,Loggia,Spain,Female,39.0,7,130051.66,2,No,No,55356.39,1
15589881,Rowe,French,Female,41.0,7,0.0,2,Yes,Yes,131284.93,0
15660144,Balashov,FRA,Male,38.0,4,0.0,2,No,No,88080.43,0
15664083,Ulyanova,Germany,Female,37.0,2,158468.76,1,Yes,Yes,93266.01,0
15690898,Bogolyubova,FRA,Male,44.0,8,161889.79,1,No,No,75562.47,0
15808023,Remington,FRA,Female,29.0,9,133681.78,1,Yes,Yes,153747.73,0
15676909,Mishin,Spain,Female,34.0,5,0.0,2,No,No,163830.64,0
15764922,Tu,Spain,Male,20.0,3,187294.46,1,No,No,103456.47,0
15766734,Castiglione,French,Male,31.0,5,0.0,1,No,No,95655.16,0
15795079,Nnaife,Spain,Male,67.0,6,0.0,2,Yes,Yes,138350.74,0
15757434,Yang,FRA,Male,28.0,7,119706.22,1,No,No,31190.42,0
15673747,Ayers,French,Female,22.0,8,0.0,1,Yes,Yes,167553.06,0
15808386,Cocci,Germany,Female,45.0,7,138523.2,1,No,No,59604.45,1
15603565,Mackenzie,Spain,Female,56.0,5,90778.76,2,No,No,162223.67,1
15744044,Fiorentini,Germany,Male,47.0,4,99353.42,1,No,No,196549.85,1
15577771,Akabueze,Germany,Female,40.0,1,111524.49,1,Yes,Yes,120373.84,1
15769548,Hyde,France,Female,37.0,7,128645.67,1,No,No,92149.64,0
15802071,Levi,Germany,Male,35.0,1,117458.51,1,Yes,Yes,178361.48,1
15677395,Nwabugwu,FRA,Female,39.0,9,129189.15,2,No,No,170998.83,0
15632010,Chia,Spain,Male,33.0,7,121260.19,2,No,No,77216.48,0
15779492,Trevisano,Spain,Male,56.0,6,94231.13,1,No,No,121164.6,1
15694677,Bennetts,FRA,Male,39.0,1,0.0,2,Yes,Yes,141841.31,0
15704315,Teng,FRA,Male,34.0,8,163757.06,1,Yes,Yes,104000.06,0
15742009,Hsueh,Spain,Male,58.0,4,0.0,2,Yes,Yes,191419.32,0
15766663,Mahmood,French,Male,22.0,4,0.0,2,No,No,28188.96,0
15742297,Sinclair,FRA,Male,35.0,2,141005.47,1,Yes,Yes,60407.93,0
15688059,Chin,Germany,Female,42.0,9,105356.09,2,Yes,Yes,130489.37,0
15752344,She,Spain,Male,34.0,5,0.0,2,No,No,193040.32,0
15698749,He,Germany,Female,23.0,6,85897.95,1,No,No,109742.8,0
15631693,Hill,France,Male,36.0,7,0.0,2,Yes,Yes,74760.32,0
15604536,Vachon,Germany,Female,31.0,4,164672.66,1,Yes,Yes,61936.1,0
15802869,Ball,Germany,Female,45.0,2,99169.67,2,Yes,Yes,78650.95,0
15635598,Hsieh,French,Male,29.0,6,0.0,2,No,No,168023.6,0
15592326,Baker,France,Male,36.0,8,0.0,2,Yes,Yes,5571.59,0
15736533,Monaldo,Germany,Female,37.0,5,124053.03,1,No,No,118591.67,0
15647191,Lucchesi,France,Male,36.0,4,0.0,2,No,No,7824.31,0
15622507,Hamilton,Germany,Female,40.0,3,103499.09,2,No,No,38153.19,0
15765487,Kuo,Germany,Female,38.0,9,151766.71,1,Yes,Yes,180829.99,0
15646521,Fan,Spain,Female,36.0,1,0.0,1,Yes,Yes,143960.72,0
15746258,Wright,FRA,Male,29.0,7,101486.96,1,Yes,Yes,8788.35,0
15692430,Milano,Germany,Male,36.0,2,123601.56,2,No,No,103557.85,0
15625501,Wall,Germany,Male,38.0,1,127201.58,1,No,No,147168.28,1
15640521,Chidumaga,Germany,Male,33.0,3,144962.74,1,No,No,58844.84,1
15790630,Olisaemeka,France,Female,48.0,4,0.0,1,No,No,18094.96,1
15664720,Kovalyova,Spain,Male,33.0,8,122017.19,1,No,No,162515.17,0
15750055,Onio,Spain,Male,32.0,9,100262.88,2,Yes,Yes,157921.25,0
15644878,Hill,Spain,Female,43.0,6,117302.62,1,No,No,68701.73,0
15754578,Okeke,France,Female,35.0,0,135984.15,2,No,No,186778.89,0
15705379,Upjohn,France,Male,38.0,3,0.0,2,No,No,66561.6,0
15761047,H?,Germany,Male,31.0,2,160997.54,2,Yes,Yes,64831.36,0
15671293,Marcus,Germany,Female,37.0,2,128389.63,1,Yes,Yes,6589.16,1
15687527,Yobachukwu,Spain,Male,35.0,1,0.0,2,No,No,165370.66,0
15647898,Russell,Spain,Female,50.0,5,130554.51,3,No,No,184758.17,1
15671534,Hovell,Germany,Female,57.0,6,90212.0,1,No,No,13911.27,1
15591248,Chukwumaobim,FRA,Female,29.0,9,71996.29,1,Yes,Yes,34857.46,0
15676156,Boyle,FRA,Female,32.0,4,85615.66,2,No,No,156192.43,0
15812918,Scott,French,Female,27.0,6,62339.81,2,No,No,53874.67,0
15604130,Johnstone,Spain,Female,47.0,6,142319.03,1,No,No,100183.05,0
15700549,Alvares,FRA,Male,54.0,5,0.0,2,Yes,Yes,4493.12,0
15715519,McDavid,Spain,Male,36.0,5,0.0,2,No,No,130610.78,0
15707042,Dellucci,France,Female,24.0,2,87413.19,1,No,No,63340.65,0
15605276,Brothers,FRA,Female,29.0,4,0.0,2,Yes,Yes,180066.59,0
15630592,Sanders,French,Female,45.0,4,0.0,1,No,No,95273.73,1
15636626,Morrison,French,Male,35.0,3,97560.16,1,Yes,Yes,53511.74,0
15740411,Molle,Germany,Male,30.0,8,141787.31,2,Yes,Yes,109685.61,0
15593834,Genovese,Spain,Male,36.0,7,129934.64,1,No,No,75664.56,1
15804235,Zetticci,FRA,Female,37.0,2,166178.02,2,Yes,Yes,71972.95,0
15679801,Hsueh,Spain,Female,39.0,5,163097.55,2,Yes,Yes,23702.42,0
15673907,Alexander,France,Male,20.0,8,0.0,2,No,No,112572.02,0
15636562,Muravyova,Spain,Male,44.0,8,0.0,2,No,No,62424.46,0
15702571,Wright,Germany,Female,35.0,1,151958.19,3,Yes,Yes,131238.37,1
15627365,Calabresi,France,Male,46.0,0,0.0,2,Yes,Yes,184350.78,0
15748499,Johnson,Germany,Male,33.0,4,118400.91,1,Yes,Yes,13999.64,1
15598614,Lucchesi,Spain,Male,20.0,8,0.0,2,No,No,168152.76,0
15668889,Galgano,Germany,Female,43.0,2,116322.27,4,No,No,35640.12,1
15800049,Grigoryeva,Spain,Female,43.0,5,0.0,1,Yes,Yes,120088.17,0
15583724,Raymond,Spain,Female,29.0,4,0.0,2,Yes,Yes,74346.11,0
15622083,Paterson,Germany,Male,30.0,6,143138.91,2,No,No,2955.46,0
15645571,Genovese,Spain,Male,32.0,4,0.0,2,Yes,Yes,146504.35,0
15598266,Martin,French,Male,40.0,9,0.0,1,Yes,Yes,149602.54,0
15667934,Moretti,FRA,Male,36.0,0,129804.17,1,No,No,53020.9,0
15569682,Leckie,Germany,Male,37.0,9,108308.11,1,No,No,41788.25,1
15772941,Lane,Germany,Male,30.0,3,110153.27,1,Yes,Yes,74849.46,0
15586174,Brodney,Germany,Female,30.0,4,116377.48,1,Yes,Yes,134417.31,0
15803682,Angelo,Germany,Female,37.0,10,117791.06,2,Yes,Yes,75837.58,0
15627328,Millar,Spain,Female,26.0,2,0.0,2,Yes,Yes,54869.54,0
15717065,Balashov,French,Female,35.0,8,105419.73,1,No,No,35356.46,0
15602456,Afanasyev,Germany,Female,47.0,4,99219.47,2,Yes,Yes,122141.13,0
15721569,Chialuka,Germany,Female,55.0,8,119327.93,1,Yes,Yes,119439.66,0
15573798,Yermolayev,France,Female,36.0,6,83947.12,2,No,No,81999.53,0
15638272,Tien,Spain,Male,32.0,4,99883.16,1,Yes,Yes,120594.85,0
15799859,Lucchesi,France,Male,50.0,4,165438.26,1,No,No,120770.75,1
15599152,Lai,FRA,Male,31.0,1,156111.24,1,No,No,134790.74,0
15737909,Bates,French,Male,44.0,2,111095.58,2,No,No,100137.7,0
15646190,Saunders,FRA,Female,56.0,0,119963.45,1,No,No,158325.87,1
15711249,Chukwuemeka,Spain,Male,22.0,4,0.0,2,No,No,70007.67,0
15671987,Meagher,Spain,Male,35.0,8,153137.74,1,No,No,88659.07,0
15812766,Golubeva,Spain,Male,40.0,6,156111.08,1,No,No,190889.13,0
15778589,Collier,France,Male,34.0,7,113014.7,2,Yes,Yes,56646.28,0
15750104,Chan,Germany,Male,43.0,5,132615.73,2,No,No,32999.1,0
15784526,Chen,FRA,Male,44.0,5,102016.38,1,Yes,Yes,178235.37,1
15646563,Wright,France,Female,35.0,9,0.0,1,Yes,Yes,25448.31,0
15744423,Cocci,FRA,Male,32.0,5,0.0,2,No,No,84871.99,0
15593694,Williams,France,Male,49.0,8,0.0,2,No,No,157822.54,0
15785367,McGuffog,French,Female,56.0,4,0.0,1,No,No,84383.22,1
15687765,Chukwujamuike,Germany,Female,42.0,4,80380.24,1,No,No,119216.46,0
15789014,Scott,France,Female,26.0,6,108909.12,1,No,No,82547.01,0
15703177,Bell,France,Female,35.0,2,90865.8,1,Yes,Yes,86764.46,0
15660263,Olisaemeka,France,Male,40.0,4,99799.76,2,No,No,197372.13,0
15776545,Napolitani,France,Male,28.0,10,200724.96,1,Yes,Yes,82872.64,1
15683276,Sargood,Spain,Female,37.0,10,140363.95,2,Yes,Yes,129563.86,0
15599272,Harrington,French,Female,36.0,1,151844.64,1,Yes,Yes,135388.89,0
15589541,Sutherland,FRA,Female,27.0,2,0.0,2,Yes,Yes,4497.55,0
15608804,Allan,Germany,Male,49.0,8,133231.48,1,Yes,Yes,67885.37,0
15645820,Folliero,FRA,Male,27.0,7,0.0,2,No,No,111471.55,0
15659031,Mordvinova,French,Female,36.0,8,126598.99,2,Yes,Yes,134407.93,0
15790113,Schofield,Germany,Female,71.0,6,113317.1,1,No,No,108258.22,1
15652289,Williams,French,Male,47.0,4,0.0,2,No,No,197528.62,0
15605341,Baird,France,Female,58.0,8,93173.88,1,Yes,Yes,139761.25,0
15697844,Whitehouse,Spain,Female,32.0,10,0.0,1,No,No,136119.96,1
15652048,Thompson,Germany,Male,44.0,7,105007.31,2,Yes,Yes,197812.16,0
15587038,Ogochukwu,Spain,Female,32.0,2,0.0,1,Yes,Yes,51972.92,1
15660528,Niu,Spain,Male,27.0,4,0.0,2,No,No,99341.87,0
15700300,Okoli,Germany,Female,44.0,4,131593.85,1,Yes,Yes,171345.02,1
15642001,Lorenzen,Germany,Male,44.0,9,119530.52,1,No,No,119056.68,1
15580366,Okechukwu,Germany,Male,54.0,4,118614.6,2,Yes,Yes,172601.62,0
15657228,Anderson,Germany,Male,37.0,9,95829.13,2,Yes,Yes,104936.88,0
15729377,Ku,French,Male,36.0,1,0.0,2,Yes,Yes,159044.1,0
15686913,Kung,France,Male,38.0,0,0.0,1,No,No,83263.06,0
15631267,Lu,French,Male,50.0,6,153590.73,2,Yes,Yes,130910.78,0
15632275,Trevisano,France,Male,29.0,2,0.0,1,No,No,126336.72,0
15715907,Onwubiko,French,Male,64.0,9,113109.52,1,No,No,27980.8,1
15764841,Vidler,FRA,Female,35.0,0,130557.24,1,Yes,Yes,47880.71,0
15748649,Shen,French,Male,40.0,8,93183.19,1,No,No,73882.49,0
15771409,McGregor,France,Male,58.0,7,151933.63,1,No,No,162960.05,1
15779207,Nnamdi,Germany,Male,30.0,2,125495.64,2,Yes,Yes,68807.47,0
15814116,Castiglione,FRA,Female,42.0,7,0.0,2,No,No,144039.05,0
15665087,Bergamaschi,Germany,Female,26.0,8,118547.72,1,Yes,Yes,151192.18,0
15611189,Allingham,Spain,Male,43.0,1,97792.21,1,No,No,120225.62,0
15729718,Stelzer,FRA,Male,41.0,6,0.0,3,No,No,56118.81,1
15733602,Rubin,Spain,Female,72.0,2,0.0,2,Yes,Yes,130853.03,0
15620103,Ho,FRA,Female,40.0,8,167181.01,1,Yes,Yes,185156.94,0
15770406,Watson,Germany,Male,35.0,9,121355.19,1,Yes,Yes,35671.45,0
15800554,Perry,FRA,Female,81.0,1,0.0,2,Yes,Yes,59568.24,0
15611409,Sun,Spain,Male,35.0,0,0.0,2,No,No,139911.58,0
15646535,Harrell,FRA,Male,46.0,5,113226.47,1,No,No,56770.76,0
15575430,Robson,French,Female,33.0,1,118392.75,1,Yes,Yes,157564.75,0
15711299,Wilson,Germany,Female,52.0,8,145262.54,1,Yes,Yes,131473.31,0
15642063,Kelechi,French,Male,40.0,6,163505.16,1,No,No,90424.09,0
15706602,Bates,Spain,Female,33.0,1,118114.28,2,Yes,Yes,156660.21,0
15592773,Eberegbulam,Germany,Female,51.0,0,108449.23,3,No,No,88372.69,1
15786539,Olisaemeka,French,Male,32.0,1,0.0,2,Yes,Yes,46200.71,0
15737542,Davey,Germany,Female,36.0,10,103294.56,1,No,No,160548.12,0
15590234,De Luca,France,Female,42.0,1,0.0,1,No,No,1262.83,1
15773776,Ho,French,Female,38.0,6,0.0,1,Yes,Yes,188639.28,0
15728082,Vasiliev,Spain,Male,28.0,6,0.0,2,No,No,14665.28,0
15609987,Smith,France,Male,42.0,2,119919.12,1,No,No,156868.21,0
15735330,Sung,France,Male,37.0,1,0.0,1,No,No,30461.55,0
15649430,White,FRA,Male,28.0,4,0.0,2,Yes,Yes,123885.88,0
15768777,Wang,Spain,Female,34.0,4,0.0,2,Yes,Yes,60688.38,0
15777893,Davide,France,Male,43.0,1,0.0,2,No,No,21785.91,0
15791326,Nnamdi,FRA,Male,34.0,3,0.0,1,No,No,188135.69,0
15615176,Welsh,FRA,Male,26.0,7,0.0,2,No,No,154364.66,0
15735221,Sousa,FRA,Female,42.0,10,0.0,2,No,No,61312.15,0
15617991,Andrews,French,Male,29.0,4,128744.04,1,Yes,Yes,47454.93,0
15658504,Chiawuotu,Germany,Female,62.0,9,137727.34,2,Yes,Yes,121102.9,0
15785705,Thomson,Germany,Female,44.0,10,106731.58,1,No,No,137419.87,1
15801817,Carpenter,French,Female,38.0,7,123544.21,1,Yes,Yes,157664.02,0
15752578,Yefimova,French,Female,37.0,2,133968.96,2,No,No,148689.65,0
15781574,Ma,Spain,Male,76.0,9,126534.6,1,Yes,Yes,39789.62,0
15792107,Black,Spain,Female,35.0,8,0.0,1,Yes,Yes,165162.4,0
15569917,Obijiaku,Spain,Male,30.0,6,87609.68,2,No,No,137674.55,1
15721504,King,Spain,Male,41.0,3,0.0,2,No,No,101371.72,0
15757306,Miller,Spain,Male,49.0,3,0.0,3,Yes,Yes,65066.48,1
15647295,Chin,France,Male,34.0,9,0.0,2,No,No,107876.91,0
15642098,Cox,Spain,Female,36.0,0,108960.0,2,No,No,111180.3,1
15696120,Wallace,Spain,Female,30.0,2,0.0,2,No,No,115650.63,0
15675176,Price,French,Male,51.0,6,144953.31,1,Yes,Yes,165035.17,0
15700046,Yuan,FRA,Male,41.0,4,103544.88,2,No,No,193746.55,0
15782089,Mullen,FRA,Male,33.0,6,0.0,1,No,No,58458.26,0
15706394,Howell,FRA,Male,53.0,7,0.0,2,Yes,Yes,52332.85,0
15759387,McIntosh,Germany,Male,38.0,1,101487.18,1,Yes,Yes,75959.1,1
15623369,Clifton,France,Male,52.0,10,105355.81,1,No,No,123.07,1
15732943,Okwuoma,Spain,Male,36.0,4,77967.5,1,No,No,167066.95,1
15750545,Chidiebere,French,Male,44.0,5,0.0,4,No,No,117572.59,1
15809909,Fan,Spain,Female,54.0,4,0.0,2,Yes,Yes,7166.71,0
15642448,Onyemauchechukwu,Spain,Male,28.0,8,120047.77,1,Yes,Yes,137173.39,0
15791944,Harker,France,Male,32.0,7,175464.85,3,No,No,116442.42,1
15768342,Bolton,FRA,Male,52.0,8,79475.3,3,Yes,Yes,32421.32,1
15567919,Lazarev,Germany,Male,37.0,8,167735.69,2,Yes,Yes,104665.79,0
15674750,Alexeyeva,Spain,Female,37.0,8,0.0,2,No,No,44215.86,0
15778345,Stevens,French,Female,33.0,1,74385.98,1,No,No,20164.47,0
15687634,Glover,Germany,Male,49.0,5,94754.0,1,Yes,Yes,26691.31,0
15666096,Ibekwe,Spain,Male,27.0,4,0.0,1,Yes,Yes,107955.67,0
15581700,Paterson,Germany,Male,43.0,3,86920.86,1,Yes,Yes,150048.37,0
15656417,Marsh,French,Female,39.0,1,132077.48,2,No,No,192255.15,0
15649101,Reeves,FRA,Male,40.0,10,127847.86,1,No,No,173245.68,0
15781975,Rees,FRA,Male,34.0,3,0.0,1,Yes,Yes,121457.88,1
15700511,Hanson,Germany,Male,42.0,9,176702.36,2,Yes,Yes,104804.74,0
15770255,Onwughara,Germany,Female,33.0,10,83555.58,1,No,No,69767.14,0
15643574,Odinakachukwu,French,Male,26.0,8,0.0,2,No,No,178373.43,0
15595010,Huang,Spain,Female,39.0,9,0.0,2,No,No,99924.04,0
15580579,Trevisani,French,Female,40.0,1,0.0,1,Yes,Yes,49594.19,1
15748532,Dale,Spain,Male,42.0,10,0.0,1,Yes,Yes,186071.14,0
15773789,Pavlova,Spain,Female,38.0,7,96858.35,1,No,No,77511.45,0
15600027,Meng,Spain,Male,33.0,1,0.0,2,Yes,Yes,54816.57,0
15620832,Dean,French,Female,35.0,0,0.0,2,Yes,Yes,61290.99,0
15568819,Chiganu,Germany,Female,42.0,8,132796.04,3,Yes,Yes,191821.35,1
15748691,Lung,Spain,Female,30.0,1,154970.54,1,Yes,Yes,156768.45,0
15583552,Donaldson,Germany,Male,44.0,3,88902.21,1,No,No,73731.32,0
15588019,Li Fonti,FRA,Male,28.0,7,98738.92,1,No,No,122190.22,0
15713250,Izmailova,France,Male,33.0,8,0.0,2,Yes,Yes,123509.01,0
15569595,Walker,France,Female,50.0,6,0.0,1,No,No,8199.5,0
15794868,Nnonso,Germany,Male,40.0,10,137456.28,2,Yes,Yes,14113.11,0
15576680,Stevenson,France,Male,29.0,4,0.0,2,No,No,51705.01,0
15613699,Schnaars,FRA,Female,60.0,7,73937.02,1,No,No,161937.62,1
15609758,Geoghegan,France,Female,45.0,7,158621.04,1,No,No,120892.96,1
15762392,Ilyina,Spain,Male,30.0,1,113257.2,1,Yes,Yes,65035.02,0
15693382,Muir,France,Male,31.0,9,0.0,1,Yes,Yes,164257.37,0
15791769,Gardener,French,Female,29.0,9,116536.43,1,No,No,51987.99,0
15712483,Chidi,Spain,Female,28.0,4,0.0,2,No,No,10899.63,1
15636454,Fu,FRA,Female,60.0,6,101070.69,1,No,No,177355.8,1
15710138,Sun,Spain,Male,39.0,6,0.0,2,Yes,Yes,63889.1,0
15571571,Ting,Germany,Female,31.0,3,127331.46,3,Yes,Yes,176433.6,0
15638751,Ashton,Spain,Female,41.0,5,0.0,2,No,No,81313.51,0
15598574,Uwakwe,Spain,Female,31.0,5,0.0,2,Yes,Yes,13998.88,0
15796787,Vassiliev,French,Male,46.0,0,105969.42,1,No,No,5771.56,0
15615670,Kazakova,FRA,Male,36.0,5,119547.46,1,Yes,Yes,42693.65,0
15705506,Perry,Spain,Male,38.0,7,0.0,2,No,No,90839.61,0
15599535,Howell,Spain,Male,28.0,5,138668.18,1,Yes,Yes,54144.01,0
15768449,Ricci,France,Female,37.0,7,51582.5,2,Yes,Yes,184312.88,0
15725002,Smith,French,Male,37.0,7,0.0,2,No,No,20306.79,0
15611682,Rossi,Spain,Male,37.0,6,169902.92,1,Yes,Yes,128256.18,0
15749964,Jones,France,Female,27.0,4,87262.4,2,No,No,182720.07,0
15678779,Quezada,France,Male,33.0,7,0.0,2,Yes,Yes,4082.52,0
15752601,McCulloch,France,Female,40.0,7,0.0,2,No,No,102233.73,0
15758477,Tobeolisa,France,Female,32.0,2,0.0,2,No,No,132002.83,0
15629133,Black,FRA,Female,27.0,9,0.0,2,No,No,126838.7,0
15604963,Fraser,French,Male,39.0,5,0.0,2,No,No,181461.46,0
15796413,Green,FRA,Male,46.0,6,0.0,2,No,No,195325.74,0
15812470,Allan,FRA,Male,61.0,5,0.0,2,Yes,Yes,29132.43,0
15587443,Akudinobi,France,Female,69.0,1,0.0,2,Yes,Yes,131804.86,0
15689692,Walker,Germany,Male,19.0,3,150348.37,1,Yes,Yes,173784.04,0
15779586,Olisaemeka,Germany,Female,46.0,3,115074.02,2,No,No,26249.86,0
15667588,Arcuri,Spain,Female,40.0,3,0.0,1,Yes,Yes,182650.15,0
15624423,Liu,France,Male,28.0,8,99986.98,1,No,No,196582.55,0
15591107,Flemming,Germany,Female,68.0,3,110357.0,1,No,No,141977.54,1
15748986,Bischof,Germany,Male,42.0,8,166685.92,2,Yes,Yes,55313.51,0
15793896,John,Spain,Male,40.0,7,95312.8,1,Yes,Yes,62944.75,0
15620570,Sinnett,FRA,Male,43.0,4,202443.47,1,No,No,72375.03,0
15727811,Ts'ui,Germany,Female,47.0,0,109493.62,1,No,No,188324.01,1
15707681,Pokrovsky,Germany,Male,38.0,9,88977.39,2,Yes,Yes,133403.07,0
15702030,Azarov,FRA,Female,29.0,2,104982.57,1,No,No,157378.5,0
15673238,McCarthy,Germany,Female,59.0,8,154110.99,2,No,No,101240.08,1
15604196,Simpson,France,Male,32.0,6,185714.28,1,Yes,Yes,102502.5,0
15769356,Stevenson,Germany,Female,23.0,3,116022.53,2,Yes,Yes,37577.66,0
15665590,Moore,France,Male,46.0,6,0.0,2,Yes,Yes,83456.67,0
15572361,Chill,Germany,Female,34.0,2,164011.48,1,No,No,199420.41,0
15667460,Moore,France,Male,31.0,9,0.0,2,Yes,Yes,24748.89,0
15654760,Su,French,Male,40.0,1,101514.89,1,Yes,Yes,121765.0,0
15632669,Rees,Spain,Female,32.0,4,0.0,2,Yes,Yes,113666.48,0
15613673,Lung,France,Male,28.0,9,0.0,1,No,No,134110.93,0
15698522,Thomas,Germany,Male,39.0,9,134599.33,2,No,No,183095.87,0
15741633,Fuller,Spain,Male,32.0,10,147511.26,1,Yes,Yes,159891.03,0
15674583,Trevisani,FRA,Male,25.0,0,78396.08,1,Yes,Yes,8316.19,0
15665374,Dumolo,Spain,Female,31.0,5,0.0,2,No,No,63736.36,0
15588854,Wu,FRA,Female,31.0,3,110581.29,1,Yes,Yes,94715.24,0
15810716,Kerr,Germany,Male,42.0,8,151836.36,2,No,No,68695.38,0
15776921,Geoghegan,Germany,Male,45.0,5,83624.55,2,No,No,36899.62,0
15569394,Bailey,FRA,Male,24.0,2,148197.15,2,No,No,182775.08,0
15788215,Hsia,Spain,Female,30.0,5,122924.75,1,No,No,62390.59,1
15641007,Holden,French,Female,38.0,4,72594.0,1,Yes,Yes,76042.48,0
15594651,Milani,French,Male,38.0,4,115221.36,1,Yes,Yes,70956.75,0
15575146,Jamieson,Germany,Male,51.0,8,117808.74,2,Yes,Yes,67311.12,0
15608916,Ndubueze,French,Male,40.0,7,147754.68,1,Yes,Yes,110454.46,0
15666297,Abramova,Spain,Female,53.0,3,0.0,3,No,No,88479.02,1
15598586,Wetherspoon,France,Male,31.0,10,113292.17,1,Yes,Yes,122639.73,0
15665014,Middleton,Spain,Male,36.0,5,0.0,2,No,No,79723.78,0
15701738,Arcuri,Germany,Male,44.0,2,115163.38,1,Yes,Yes,97677.52,1
15650591,Calabrese,Germany,Male,50.0,10,118098.62,1,Yes,Yes,100720.02,1
15652667,Hampton,FRA,Male,39.0,9,0.0,2,Yes,Yes,104730.52,0
15679622,Clayton,France,Male,35.0,8,0.0,1,Yes,Yes,22499.29,0
15730150,Otutodilichukwu,Spain,Male,37.0,0,120825.7,1,No,No,28257.89,0
15813192,Chukwuemeka,FRA,Male,25.0,6,0.0,2,Yes,Yes,109988.09,0
15606554,Douglas,France,Male,29.0,1,0.0,1,Yes,Yes,149991.32,0
15611794,Galloway,Germany,Male,61.0,6,133845.28,2,Yes,Yes,45180.8,0
15672357,Sochima,Spain,Male,38.0,7,0.0,2,No,No,181605.85,0
15711759,Wilkins,FRA,Female,29.0,5,108541.04,1,Yes,Yes,126469.09,0
15615296,Rice,French,Male,39.0,10,0.0,1,No,No,160810.85,1
15699294,Pope,FRA,Male,30.0,1,0.0,2,No,No,88146.86,0
15788634,Romani,Spain,Female,37.0,2,113817.06,1,No,No,88333.74,0
15660871,Ch'ang,FRA,Male,28.0,8,137300.23,1,No,No,90174.83,0
15618258,Chizuoke,Spain,Male,37.0,5,158024.38,1,No,No,81298.09,0
15722535,Ireland,France,Female,33.0,7,127837.54,1,Yes,Yes,60013.17,0
15711977,Finch,FRA,Male,36.0,4,161533.0,1,No,No,100940.91,0
15690169,Meng,France,Male,31.0,7,161171.7,2,No,No,12599.94,1
15790689,Hibbins,Spain,Male,32.0,9,80958.36,1,Yes,Yes,128590.73,0
15665181,Chung,Spain,Male,25.0,7,0.0,2,Yes,Yes,23180.37,0
15633608,Black,France,Male,33.0,2,146193.6,2,Yes,Yes,55796.83,1
15805261,Balashov,Spain,Male,29.0,8,0.0,2,Yes,Yes,152097.02,0
15740356,Palmer,Germany,Male,26.0,4,115021.76,1,Yes,Yes,162443.05,0
15808223,Lea,Spain,Male,41.0,1,126773.43,1,Yes,Yes,55551.26,0
15769980,Singleton,Germany,Female,40.0,3,92889.91,1,Yes,Yes,109496.69,0
15675450,Burt,FRA,Male,48.0,9,0.0,2,Yes,Yes,72105.63,0
15776494,Siciliano,France,Male,61.0,5,146622.35,1,Yes,Yes,41815.22,1
15592412,Sun,Germany,Male,45.0,4,131038.14,1,No,No,74005.04,1
15777452,Sauve,French,Female,46.0,6,88820.29,1,No,No,70224.34,0
15692258,Thompson,Spain,Male,31.0,1,115406.97,1,No,No,145528.22,0
15791045,Boni,FRA,Female,38.0,3,132951.92,1,Yes,Yes,124486.28,0
15807889,Wood,Germany,Male,74.0,5,108891.7,1,No,No,10078.02,0
15602043,Buccho,Germany,Female,46.0,5,141788.63,2,No,No,164967.21,0
15807335,Spencer,Spain,Female,64.0,4,116954.32,1,Yes,Yes,91149.48,0
15629985,Eidson,Germany,Female,47.0,10,90450.0,2,No,No,103379.31,1
15679453,Hung,Germany,Female,39.0,8,125997.22,1,Yes,Yes,128049.34,1
15637315,Melvin,Spain,Female,41.0,3,0.0,2,No,No,54342.83,0
15691513,Dawkins,France,Male,60.0,9,0.0,4,Yes,Yes,13614.01,1
15622289,Rizzo,Spain,Female,36.0,9,0.0,2,Yes,Yes,35521.63,0
15715184,Capon,Spain,Female,31.0,4,144637.86,2,No,No,40496.72,0
15702801,Ts'ao,French,Female,29.0,3,86616.35,1,No,No,91903.9,1
15719931,Johnstone,FRA,Male,31.0,8,0.0,2,No,No,178667.7,0
15806081,Fleming,Germany,Female,48.0,2,127924.25,2,No,No,32202.61,0
15796336,Chang,Spain,Female,34.0,9,0.0,2,No,No,117034.32,0
15647306,Gibbs,FRA,Female,29.0,9,131240.61,1,Yes,Yes,163746.09,1
15742369,Rita,Spain,Male,31.0,5,0.0,2,Yes,Yes,20346.69,0
15655859,Munro,Spain,Male,35.0,5,120046.74,2,No,No,84710.65,0
15675650,Duncan,FRA,Female,39.0,8,97819.36,1,Yes,Yes,120531.31,0
15574119,Okwuadigbo,Spain,Female,64.0,1,62979.93,1,Yes,Yes,152273.57,0
15754168,McIntosh,France,Female,40.0,3,0.0,1,Yes,Yes,144345.58,0
15763029,Ch'iu,Germany,Male,46.0,9,161450.03,1,Yes,Yes,96961.0,1
15765048,Watt,French,Male,30.0,3,0.0,2,No,No,170307.43,0
15786215,Udinese,French,Male,56.0,8,119496.25,2,No,No,29880.99,0
15707559,Clark,France,Female,30.0,9,0.0,2,Yes,Yes,195104.91,0
15582129,Hsia,FRA,Male,62.0,1,43772.66,3,No,No,187756.24,1
15687540,Obiuto,FRA,Male,32.0,9,100249.41,2,Yes,Yes,67599.69,0
15787196,T'ien,Spain,Male,46.0,2,0.0,2,Yes,Yes,105983.09,0
15670898,McKenzie,French,Female,60.0,5,108028.08,2,No,No,25980.42,1
15775433,Tang,Germany,Male,71.0,1,53013.29,2,Yes,Yes,112222.64,0
15700693,Tu,France,Male,68.0,2,0.0,2,Yes,Yes,59864.96,0
15677955,Tsui,Germany,Male,33.0,1,122088.67,1,No,No,42581.09,0
15570086,Lynch,Germany,Male,18.0,9,90544.0,1,Yes,Yes,4777.23,0
15794875,Hung,Spain,Male,35.0,6,0.0,2,Yes,Yes,178038.17,0
15673591,Oluchukwu,France,Male,44.0,3,141252.18,4,Yes,Yes,128521.16,1
15631756,Tuan,FRA,Female,35.0,5,147813.05,2,No,No,109029.72,0
15757617,Lewis,French,Male,55.0,6,134140.68,1,No,No,2267.88,0
15612729,Chidiebere,French,Female,63.0,7,0.0,2,Yes,Yes,55054.48,0
15637857,Woolacott,French,Female,31.0,8,0.0,1,Yes,Yes,76456.17,0
15681007,Yen,FRA,Female,35.0,2,128548.49,4,No,No,75478.95,1
15593622,Service,FRA,Male,43.0,10,122198.21,2,Yes,Yes,179144.54,0
15629273,Lin,Germany,Male,42.0,8,145177.84,1,No,No,193471.74,1
15765846,Chuang,Spain,Female,31.0,2,94222.53,1,No,No,103570.8,0
15596013,Akhtar,Germany,Female,58.0,1,143212.22,1,No,No,102628.56,1
15722473,Faulkner,FRA,Male,41.0,3,0.0,2,No,No,55772.04,0
15774936,Liang,Germany,Male,41.0,6,143350.41,1,Yes,Yes,192070.16,1
15685640,Dancy,France,Female,41.0,3,130931.83,1,Yes,Yes,144808.37,0
15566563,Duigan,FRA,Female,30.0,4,137851.31,1,No,No,5008.23,1
15768746,McLean,FRA,Male,33.0,6,0.0,2,No,No,173680.39,0
15689952,Zuyeva,Spain,Male,41.0,5,0.0,1,Yes,Yes,115753.94,0
15725906,Hankinson,Spain,Female,51.0,8,0.0,1,Yes,Yes,38928.48,1
15634501,Wei,FRA,Male,60.0,1,140614.15,1,Yes,Yes,174381.23,0
15571940,Afamefula,Spain,Male,22.0,3,118680.57,1,Yes,Yes,49829.8,0
15741643,Chiang,Germany,Male,35.0,7,122917.69,1,Yes,Yes,76169.68,0
15806822,Myers,French,Female,36.0,0,0.0,2,No,No,133465.57,0
15701166,Chinedum,French,Male,40.0,5,131754.11,2,Yes,Yes,38761.61,0
15718531,Ukaegbunam,French,Female,35.0,8,0.0,2,Yes,Yes,176779.46,0
15628308,Akubundu,French,Female,24.0,6,0.0,2,Yes,Yes,13159.9,0
15585287,Sal,Germany,Female,35.0,9,119948.09,1,No,No,48217.97,1
15781619,Stevenson,French,Female,38.0,1,0.0,1,No,No,134964.85,1
15805162,Sutherland,French,Male,25.0,0,0.0,2,Yes,Yes,184221.11,0
15588535,Ts'ao,Spain,Female,39.0,6,0.0,2,No,No,19264.33,0
15775307,Sung,Spain,Female,38.0,3,97266.1,1,Yes,Yes,92797.23,0
15777616,Pisani,Germany,Male,28.0,10,113690.83,1,No,No,33114.24,0
15692291,Hs?eh,Spain,Female,42.0,6,99056.22,2,No,No,154347.95,1
15680843,Sherrod,FRA,Male,34.0,8,0.0,2,Yes,Yes,184842.21,0
15606232,Holloway,Spain,Female,36.0,7,116338.68,1,Yes,Yes,155743.48,0
15641585,Newton,France,Male,40.0,6,97339.99,1,Yes,Yes,88815.25,0
15684358,Kang,French,Male,41.0,3,0.0,2,Yes,Yes,193747.57,0
15806389,Walton,Germany,Female,55.0,1,137592.31,2,Yes,Yes,116548.02,1
15641860,Bradley,Germany,Male,34.0,6,108760.27,2,No,No,166324.79,1
15814237,Watkins,Germany,Male,30.0,3,128770.88,2,Yes,Yes,40199.01,0
15808780,Tien,FRA,Female,34.0,2,0.0,2,No,No,51919.04,0
15767064,Davide,Spain,Female,36.0,1,44054.84,1,Yes,Yes,73329.08,0
15751177,Milne,Germany,Female,44.0,2,119657.53,1,No,No,145387.05,1
15613427,Barling,Germany,Female,49.0,7,108797.63,2,No,No,140763.18,0
15647259,Barnett,Spain,Male,35.0,2,0.0,2,No,No,67979.35,0
15748660,Ellis,Germany,Female,49.0,1,102025.32,1,No,No,133051.64,1
15726695,Hsia,Spain,Female,20.0,9,122446.61,2,No,No,86791.9,0
15757473,Chukwujamuike,French,Female,27.0,7,158786.67,2,Yes,Yes,47579.25,0
15809509,Venables,France,Male,29.0,3,125689.29,1,Yes,Yes,151623.71,0
15715512,Hsia,Germany,Male,29.0,1,154640.41,1,Yes,Yes,164039.51,0
15614168,Alexander,Germany,Female,50.0,4,146710.76,1,No,No,16528.4,1
15679818,Yuan,Germany,Male,67.0,7,136709.35,1,Yes,Yes,66753.1,1
15609928,Johnston,Germany,Male,43.0,5,129305.09,2,Yes,Yes,19244.58,0
15731246,Hobler,Spain,Male,40.0,10,0.0,2,No,No,103832.58,0
15685243,Jamieson,French,Female,63.0,10,0.0,2,Yes,Yes,502.7,0
15638730,Macleod,France,Female,21.0,0,82844.33,2,Yes,Yes,1408.68,0
15697034,Norris,Spain,Female,22.0,2,0.0,2,Yes,Yes,5985.36,0
15699225,Pirozzi,French,Male,46.0,0,0.0,2,No,No,37460.05,0
15677387,Folliero,Germany,Female,33.0,10,76692.22,1,Yes,Yes,30396.43,0
15759184,Russell,France,Male,34.0,7,117715.84,1,No,No,2498.67,0
15595991,Hsiung,French,Male,54.0,8,87105.32,1,Yes,Yes,55346.14,0
15681332,Tate,France,Female,43.0,6,0.0,1,No,No,148330.97,1
15756299,Davis,FRA,Female,64.0,2,69311.16,1,Yes,Yes,59237.72,0
15750547,Bair,French,Male,26.0,9,0.0,2,Yes,Yes,48644.94,0
15566380,Drury,Spain,Female,33.0,10,66948.67,2,Yes,Yes,140759.03,0
15675963,Padovano,France,Female,57.0,9,0.0,2,Yes,Yes,107712.42,0
15674671,Conway,Spain,Male,76.0,2,128410.71,2,Yes,Yes,181718.73,0
15621466,Waters,Germany,Male,38.0,3,99897.53,1,No,No,37054.65,0
15607176,Kang,French,Male,22.0,3,0.0,1,Yes,Yes,173940.59,0
15570299,Martin,Germany,Female,31.0,6,152622.34,1,No,No,99298.8,0
15613197,Ugochukwutubelum,France,Male,40.0,8,0.0,2,No,No,62933.03,0
15798885,Burns,France,Male,56.0,4,138227.19,2,Yes,Yes,55287.84,0
15714883,Genovese,French,Female,25.0,2,111395.53,1,Yes,Yes,48197.06,0
15604497,Beale,Germany,Male,44.0,7,84386.57,1,No,No,178642.73,0
15773949,Cherkasova,French,Female,36.0,3,0.0,2,Yes,Yes,8282.22,0
15774164,Coles,Germany,Male,33.0,5,174673.65,2,No,No,33300.56,0
15774127,Potter,France,Male,46.0,3,0.0,2,No,No,76515.79,0
15619016,McMinn,Germany,Male,46.0,5,109019.65,2,Yes,Yes,33680.56,0
15795759,Bergamaschi,Germany,Female,52.0,1,107906.75,1,No,No,168886.39,1
15798844,Chijindum,France,Male,54.0,7,128914.97,1,No,No,191746.23,1
15717962,Ch'iu,Spain,Male,63.0,9,111179.83,1,Yes,Yes,93091.02,0
15691504,Yusupova,Germany,Female,52.0,8,124099.13,1,No,No,23904.52,0
15693893,Davis,Germany,Male,59.0,9,122471.09,1,Yes,Yes,15807.07,0
15672499,Iadanza,FRA,Male,34.0,3,134692.4,2,Yes,Yes,83773.02,0
15750410,Jordan,French,Female,25.0,4,123816.5,1,Yes,Yes,90162.35,0
15568904,Kruglova,Germany,Male,34.0,3,106288.54,1,Yes,Yes,36639.25,0
15649033,Echezonachukwu,Germany,Female,55.0,7,127723.25,2,No,No,139469.11,1
15780989,Hajek,Spain,Male,43.0,2,145843.82,1,Yes,Yes,198402.37,1
15771059,Welch,Germany,Female,34.0,2,148200.72,1,No,No,194584.48,0
15687852,Vinogradoff,French,Male,30.0,2,104145.65,1,No,No,159629.64,0
15695280,Hung,Germany,Male,24.0,8,142755.25,1,No,No,34231.48,0
15592751,Okwudiliolisa,Germany,Female,63.0,3,81245.79,1,No,No,69643.31,1
15598338,Mays,Germany,Female,33.0,3,168560.46,2,No,No,90270.16,0
15735784,Gardner,FRA,Male,38.0,8,0.0,1,No,No,47848.56,0
15629128,Mamelu,Germany,Male,42.0,2,132193.94,2,Yes,Yes,162865.52,0
15642870,Ross,France,Male,58.0,9,0.0,1,Yes,Yes,168650.4,0
15637977,Barese,Germany,Male,25.0,8,139330.1,1,No,No,54372.37,0
15600792,Swayne,Spain,Male,29.0,0,0.0,2,Yes,Yes,133897.32,0
15576131,Phillips,FRA,Male,40.0,5,0.0,2,No,No,147878.05,0
15686588,Manfrin,France,Female,28.0,2,134571.5,1,Yes,Yes,118313.38,0
15761018,Tan,Germany,Male,50.0,2,143829.2,2,No,No,181224.24,1
15616029,Adams,French,Male,32.0,7,0.0,2,No,No,7921.57,0
15761149,Teng,French,Female,44.0,8,133444.97,1,Yes,Yes,5708.19,0
15802758,Chinwendu,Germany,Female,23.0,4,104753.84,2,No,No,56756.52,1
15647838,Davison,Germany,Female,51.0,2,116574.84,1,No,No,4121.04,1
15735968,Hsing,France,Male,41.0,10,0.0,2,Yes,Yes,97213.09,0
15581286,Castro,French,Female,40.0,9,176914.8,1,Yes,Yes,12799.23,0
15625445,Parkin,FRA,Female,36.0,8,68348.18,2,Yes,Yes,50400.32,0
15600173,Manna,French,Female,33.0,9,0.0,2,Yes,Yes,41447.86,0
15635143,Fennescey,French,Male,42.0,2,56726.83,2,Yes,Yes,185543.35,0
15664849,Colon,Spain,Male,46.0,3,65269.23,1,Yes,Yes,189988.65,1
15762455,Yeh,Spain,Male,33.0,6,66220.17,1,Yes,Yes,170819.01,0
15797165,Bergamaschi,French,Male,56.0,9,0.0,1,No,No,85547.33,1
15788189,Matveyeva,French,Female,41.0,8,96147.55,1,No,No,137037.97,0
15780492,Ignatyeva,FRA,Male,42.0,4,0.0,2,No,No,19283.14,0
15678497,Lederer,Spain,Male,48.0,2,0.0,1,No,No,169425.3,1
15588560,Nwabugwu,Germany,Female,32.0,8,145330.43,1,Yes,Yes,132038.65,0
15606003,Abramowitz,French,Female,21.0,3,0.0,2,Yes,Yes,3626.47,0
15611756,Chapman,Germany,Female,47.0,4,124192.28,2,Yes,Yes,50881.51,0
15789563,Fiorentino,Germany,Female,46.0,7,111288.18,1,Yes,Yes,149170.25,1
15702416,Cecil,France,Male,43.0,7,107805.67,1,No,No,182505.68,0
15766288,Ikechukwu,Germany,Female,36.0,5,103700.69,1,No,No,194072.56,1
15667633,Allen,France,Female,38.0,1,0.0,2,Yes,Yes,9209.21,0
15622774,Kao,FRA,Male,34.0,0,0.0,1,Yes,Yes,167931.81,0
15755416,Hart,French,Female,27.0,3,87739.08,1,Yes,Yes,123096.56,0
15769915,Charlton,Spain,Female,20.0,0,133313.34,1,Yes,Yes,3965.69,0
15643908,Turnbull,French,Female,49.0,10,0.0,1,Yes,Yes,87711.61,0
15627395,Manners,Germany,Male,41.0,7,154902.66,1,Yes,Yes,49667.28,0
15679663,Chiazagomekpere,French,Female,36.0,0,0.0,2,No,No,136675.22,0
15651581,Lavrentyev,Germany,Male,68.0,6,112595.85,1,No,No,35865.44,1
15596379,Wallace,Germany,Male,39.0,3,119695.75,1,Yes,Yes,26136.13,0
15746674,Miller,France,Female,47.0,7,0.0,1,No,No,33373.26,1
15801256,Bazhenov,Spain,Male,49.0,7,0.0,2,Yes,Yes,10096.25,0
15663808,Ifesinachi,Germany,Female,59.0,8,152614.51,2,Yes,Yes,188782.3,0
15598521,Ma,Germany,Female,33.0,7,131647.01,2,No,No,79775.19,0
15621457,Chu,French,Male,27.0,6,96654.72,2,No,No,152740.16,0
15764726,Kerr,FRA,Male,22.0,3,137583.04,1,Yes,Yes,5791.85,0
15646374,Wynne,Germany,Female,28.0,3,62717.84,2,Yes,Yes,13182.43,0
15716501,Moon,France,Male,32.0,9,95377.13,1,Yes,Yes,187551.24,0
15589948,Disher,Spain,Male,28.0,1,135936.1,2,Yes,Yes,110560.14,0
15811343,Cattaneo,Germany,Male,35.0,5,161591.11,3,Yes,Yes,63795.62,0
15659677,Beluchi,French,Male,47.0,8,142382.03,1,Yes,Yes,62086.62,0
15594436,Mazzi,Spain,Male,33.0,2,0.0,2,Yes,Yes,12483.56,0
15748995,Ifeajuna,Spain,Male,30.0,9,0.0,2,Yes,Yes,10963.04,0
15677062,Howe,French,Female,38.0,6,127043.09,1,Yes,Yes,8247.0,0
15697201,Yocum,Spain,Female,46.0,3,0.0,1,Yes,Yes,156260.08,0
15666453,Moore,Germany,Female,29.0,4,78885.88,2,Yes,Yes,26927.69,0
15693771,Y?an,Spain,Female,45.0,8,95922.9,1,No,No,84782.42,1
15569867,Chinweuba,FRA,Female,29.0,8,0.0,2,No,No,19842.11,0
15711602,Lowrie,French,Female,36.0,3,91711.59,1,Yes,Yes,95393.43,0
15717736,Shen,Germany,Female,46.0,10,110031.09,2,Yes,Yes,133995.59,0
15750441,Lavarack,France,Male,36.0,5,81210.72,2,Yes,Yes,108003.38,0
15732791,Davide,Germany,Male,32.0,5,122947.92,1,Yes,Yes,99154.86,0
15775104,Gomes,French,Female,38.0,1,182065.85,1,No,No,49503.5,0
15757607,Matveyeva,France,Male,45.0,0,0.0,1,No,No,196533.72,1
15793070,Fiorentino,Spain,Female,41.0,2,69974.66,2,No,No,188426.13,1
15760456,Eberechukwu,France,Female,38.0,10,123711.73,2,No,No,171340.68,1
15665385,Gibney,FRA,Male,44.0,6,76495.04,1,No,No,79071.89,0
15612418,Virgo,France,Female,38.0,9,0.0,2,No,No,20940.76,0
15727138,Kulikova,Spain,Male,46.0,9,0.0,2,Yes,Yes,34774.26,0
15732061,Liu,Germany,Female,45.0,1,121874.89,1,No,No,6865.41,1
15776051,Kao,France,Female,45.0,6,0.0,2,Yes,Yes,51143.43,0
15616530,Foran,France,Male,36.0,6,188455.19,1,No,No,47031.4,1
15632344,Jones,FRA,Female,42.0,0,99045.93,2,No,No,47160.01,0
15744979,Fowler,FRA,Female,36.0,8,0.0,1,Yes,Yes,158666.99,0
15745433,Conti,Germany,Female,30.0,2,205770.78,2,No,No,65464.66,0
15683657,Stephenson,FRA,Female,31.0,0,79340.95,1,No,No,78255.86,0
15718572,Willis,Germany,Male,57.0,9,138456.03,2,Yes,Yes,103548.25,0
15665783,Ts'ui,FRA,Male,49.0,7,0.0,2,Yes,Yes,89609.26,0
15652782,Chibuzo,Germany,Male,48.0,2,101099.9,2,Yes,Yes,193476.04,0
15707025,Fang,Spain,Female,31.0,5,0.0,2,Yes,Yes,5199.02,0
15647807,Wyckoff,French,Male,40.0,8,109219.83,1,No,No,52827.51,0
15718281,Muir,Germany,Male,67.0,1,123276.69,2,Yes,Yes,86507.88,1
15660571,Halpern,Spain,Male,43.0,10,113034.31,1,Yes,Yes,100423.88,0
15727857,Flynn,Spain,Male,41.0,1,0.0,2,No,No,175611.5,0
15639252,Shao,Spain,Male,30.0,6,129548.5,2,Yes,Yes,19282.85,0
15628144,Soares,FRA,Female,72.0,4,74812.84,1,Yes,Yes,27448.33,0
15683560,Gallo,FRA,Female,40.0,7,0.0,2,No,No,183963.34,0
15653275,Lei,Spain,Female,54.0,1,0.0,2,No,No,45113.92,1
15622182,Daniels,Germany,Female,28.0,3,153538.13,2,No,No,110776.01,0
15613962,Kenechi,FRA,Female,38.0,9,0.0,2,Yes,Yes,183042.2,0
15618437,Singleton,Spain,Male,34.0,10,0.0,2,Yes,Yes,161571.79,0
15783338,Williams,Spain,Male,32.0,0,155619.36,1,Yes,Yes,166692.03,0
15764491,Greece,Spain,Male,35.0,10,159693.9,2,Yes,Yes,71173.64,0
15712960,Olisanugo,Spain,Male,37.0,3,171653.17,1,Yes,Yes,5353.12,0
15688157,Padovano,Germany,Female,39.0,2,47685.47,2,Yes,Yes,86019.48,0
15579287,Rossi,France,Male,35.0,4,0.0,2,Yes,Yes,86383.82,0
15570931,Grant,FRA,Male,61.0,5,0.0,1,No,No,31641.52,1
15615177,Ebelegbulam,Spain,Male,28.0,6,123692.0,1,Yes,Yes,70548.96,0
15809906,Mitchell,Germany,Male,26.0,1,148853.29,2,Yes,Yes,24411.02,0
15652169,Buckley,France,Male,35.0,2,133161.95,1,Yes,Yes,122254.86,0
15649450,Repina,Germany,Male,24.0,6,143221.35,2,No,No,186035.72,0
15777179,Ellis,French,Male,35.0,9,0.0,2,Yes,Yes,73133.82,0
15803538,Douglas,Spain,Male,56.0,1,0.0,3,No,No,187734.49,1
15610936,Becher,FRA,Male,33.0,6,0.0,2,No,No,111590.35,0
15590094,Nwachukwu,Germany,Male,38.0,9,126265.88,2,No,No,15859.95,0
15572706,Smith,French,Male,37.0,5,0.0,1,No,No,61324.87,0
15634564,Aksyonov,Spain,Male,31.0,8,112713.34,1,Yes,Yes,176868.89,0
15684296,Artyomova,French,Male,34.0,5,141173.03,1,Yes,Yes,98896.06,0
15702293,Medvedeva,Spain,Female,35.0,7,0.0,2,Yes,Yes,108739.15,0
15642099,Tsui,Spain,Male,39.0,6,0.0,2,No,No,12266.06,0
15773273,Runyon,Spain,Male,38.0,5,118866.36,1,Yes,Yes,163317.5,0
15613337,Gallo,French,Male,47.0,2,0.0,2,Yes,Yes,182247.77,0
15800482,Bradshaw,Spain,Female,33.0,7,0.0,2,Yes,Yes,168261.4,0
15732644,Evans,Spain,Female,54.0,5,92316.31,2,No,No,158590.66,1
15713426,Hancock,Germany,Male,30.0,1,122185.53,1,No,No,102566.46,1
15640789,Butler,French,Male,38.0,4,123345.85,1,No,No,141827.83,0
15598892,Bradshaw,France,Male,30.0,4,73070.18,2,No,No,161671.15,0
15606436,Bergamaschi,Spain,Male,38.0,7,0.0,2,No,No,192013.23,0
15751227,Ebelegbulam,French,Male,47.0,1,95120.59,1,No,No,127875.1,0
15812365,Greco,French,Male,40.0,8,102800.65,1,No,No,60811.56,0
15616088,Lucas,France,Female,70.0,7,97072.42,1,Yes,Yes,131177.22,0
15803886,Barber,Spain,Male,31.0,6,132876.55,1,Yes,Yes,130862.11,0
15587311,Dobbs,Spain,Male,33.0,6,0.0,2,Yes,Yes,72970.93,0
15617401,Thomson,FRA,Male,22.0,2,0.0,2,No,No,28123.99,0
15775886,Su,French,Male,36.0,3,0.0,1,No,No,140754.19,1
15807305,Watkins,France,Male,39.0,2,0.0,1,No,No,166650.32,0
15761717,Ch'ien,France,Male,26.0,10,51962.91,2,No,No,45507.24,0
15628008,Monds,Spain,Female,29.0,6,98759.89,1,No,No,112202.64,0
15583755,McClemans,Germany,Male,33.0,2,156570.86,1,Yes,Yes,37140.2,0
15661409,Shen,FRA,Female,42.0,1,0.0,1,Yes,Yes,178256.58,1
15774250,Gallo,FRA,Male,42.0,1,159024.71,1,No,No,100982.93,1
15681476,Foveaux,French,Female,39.0,1,73493.17,1,Yes,Yes,109626.13,1
15654870,Longo,FRA,Female,45.0,8,0.0,2,Yes,Yes,99251.24,0
15790448,Calabresi,French,Female,35.0,6,69617.36,1,No,No,143345.69,0
15785326,Randall,Spain,Female,35.0,5,136526.26,2,No,No,59653.03,0
15592854,Garcia,FRA,Male,25.0,3,113736.27,1,Yes,Yes,196864.61,0
15617486,Sullivan,French,Male,52.0,1,106723.28,1,No,No,109960.4,1
15806796,Higgins,Germany,Female,33.0,10,138847.9,1,Yes,Yes,127256.7,0
15644699,Crawford,French,Female,40.0,0,0.0,2,No,No,1099.95,0
15622305,Martin,Germany,Female,33.0,2,107868.14,2,Yes,Yes,146192.4,0
15608209,Currey,Germany,Male,33.0,3,96926.12,2,No,No,48553.77,0
15626898,Teng,France,Male,30.0,7,77599.23,1,No,No,144407.1,0
15644297,Austin,Germany,Male,38.0,5,178787.54,1,Yes,Yes,195760.53,0
15731569,Hudson,FRA,Male,81.0,5,0.0,2,Yes,Yes,44827.47,0
15582149,Ts'ui,Germany,Female,34.0,3,129668.43,2,Yes,Yes,88743.99,0
15802483,Hancock,French,Male,34.0,6,146178.13,2,Yes,Yes,88837.11,0
15686999,Nicholas,French,Female,40.0,8,0.0,2,No,No,62112.7,0
15772479,Napolitano,French,Male,37.0,4,0.0,2,No,No,163563.07,0
15778884,Jamieson,France,Female,38.0,2,154763.21,2,Yes,Yes,174800.31,0
15623630,Foster,Germany,Female,56.0,3,116251.24,1,Yes,Yes,42429.88,1
15774316,Moretti,France,Male,37.0,6,0.0,2,Yes,Yes,82647.65,0
15695097,Chiedozie,Germany,Female,30.0,0,100954.88,2,No,No,134175.15,0
15645404,Okwukwe,French,Female,51.0,4,124620.01,2,No,No,92243.94,1
15750574,Lumholtz,Spain,Female,34.0,4,0.0,2,Yes,Yes,6175.53,0
15636812,Rose,FRA,Male,40.0,9,112701.04,1,No,No,29213.63,0
15712068,Wan,Spain,Male,45.0,8,84692.5,1,Yes,Yes,67214.02,0
15652030,De Bernales,Germany,Male,49.0,2,108204.52,1,No,No,169037.84,1
15577398,Ch'eng,France,Male,30.0,6,86449.39,1,Yes,Yes,188809.23,0
15756848,Edmondson,Spain,Male,42.0,10,0.0,1,Yes,Yes,79408.17,0
15806929,Ch'ien,Germany,Male,36.0,5,73194.99,1,Yes,Yes,89222.66,0
15656005,Millar,Germany,Male,31.0,7,124593.23,1,No,No,86079.67,0
15722632,Dickson,Germany,Male,50.0,2,119655.77,1,Yes,Yes,12944.17,1
15794356,Toscani,Germany,Male,42.0,3,121765.37,2,Yes,Yes,166516.84,0
15659656,Pan,FRA,Male,35.0,4,110837.73,1,No,No,126419.8,0
15588341,Chigozie,Spain,Male,47.0,10,99835.17,1,Yes,Yes,89103.05,0
15709142,Sagese,Germany,Female,30.0,2,91057.37,2,No,No,132973.17,0
15627042,Reilly,FRA,Female,26.0,7,0.0,2,No,No,93122.41,0
15627517,Taylor,Spain,Male,27.0,7,149400.27,1,No,No,167522.19,0
15803032,Yen,Germany,Male,38.0,9,89111.63,1,No,No,157239.6,0
15665129,Kapustin,Germany,Male,33.0,1,132527.9,2,Yes,Yes,107429.71,0
15628272,Singh,French,Female,36.0,9,114997.42,1,No,No,75304.09,0
15678206,Yeh,France,Male,46.0,6,161798.53,1,No,No,182944.47,0
15678427,Genovese,Germany,Female,27.0,2,96129.32,2,Yes,Yes,5983.7,0
15678067,Boyle,Spain,Male,45.0,3,0.0,2,No,No,163655.01,0
15793331,Blair,France,Male,32.0,5,133050.97,2,No,No,89385.92,0
15699532,Okagbue,French,Male,51.0,8,120124.35,2,Yes,Yes,168773.54,0
15605827,Khan,FRA,Male,39.0,8,0.0,2,No,No,96864.36,0
15643635,Robertson,Spain,Male,32.0,5,133705.74,1,No,No,134455.84,0
15787710,Tikhonov,Spain,Female,39.0,9,0.0,2,No,No,28368.37,0
15614137,MacDonald,French,Female,40.0,7,0.0,2,No,No,103898.59,0
15754494,Ah Mouy,France,Female,33.0,4,152805.05,1,No,No,63239.65,0
15713440,Barese,Germany,Female,21.0,1,151701.45,3,Yes,Yes,170138.68,1
15803479,Winter-Irving,France,Female,67.0,1,0.0,2,Yes,Yes,3837.08,0
15709639,Wilson,FRA,Female,22.0,5,112465.06,1,Yes,Yes,92977.75,0
15601719,Fiorentino,Germany,Male,24.0,6,156007.09,1,No,No,191368.37,0
15772482,Iloerika,Germany,Male,28.0,3,132405.52,3,No,No,104889.2,1
15591489,Davison,FRA,Male,26.0,5,142662.68,1,No,No,60285.3,0
15629002,Hamilton,Germany,Male,36.0,8,102603.3,2,Yes,Yes,180693.61,0
15798053,Nnachetam,Spain,Male,32.0,9,0.0,2,No,No,126475.79,0
15753895,Blue,Spain,Male,37.0,1,0.0,2,No,No,133535.99,0
15595426,Madukwe,Spain,Male,57.0,6,105000.85,2,Yes,Yes,87412.24,1
15645815,Mills,FRA,Male,45.0,5,0.0,2,Yes,Yes,164886.64,0
15632848,Ferrari,France,Female,36.0,1,69518.95,1,No,No,116238.39,0
15703068,Nixon,Germany,Male,41.0,8,126145.54,2,Yes,Yes,138051.19,0
15791513,Manfrin,FRA,Male,41.0,4,138937.35,1,Yes,Yes,101617.64,1
15587210,McCartney,Germany,Female,44.0,10,113581.98,1,No,No,1985.41,0
15793803,Robinson,French,Male,34.0,1,112572.39,1,No,No,165626.6,0
15787756,Nkemdirim,Germany,Male,51.0,10,114514.71,2,No,No,177784.68,1
15723437,Sal,FRA,Female,35.0,2,0.0,2,Yes,Yes,65765.22,0
15702715,Kao,France,Female,34.0,10,0.0,2,Yes,Yes,50759.8,0
15809872,Ikechukwu,FRA,Male,32.0,2,84906.45,1,No,No,163216.48,0
15644295,Hargreaves,Spain,Female,39.0,2,126816.18,1,Yes,Yes,74850.93,0
15778694,Sievier,Germany,Female,26.0,1,105249.76,2,Yes,Yes,23491.09,0
15759555,Murphy,Spain,Male,41.0,2,0.0,2,No,No,134272.57,0
15631406,Munro,Germany,Male,50.0,5,109387.9,1,No,No,155721.15,0
15616676,Donnelly,Germany,Male,23.0,3,122478.51,1,No,No,147230.77,1
15771154,North,France,Female,73.0,8,137732.23,2,Yes,Yes,133210.44,0
15669491,Cruz,French,Female,46.0,2,157866.77,1,Yes,Yes,18986.12,0
15697691,Sinclair,France,Female,41.0,6,0.0,1,Yes,Yes,100507.81,0
15665180,Vasiliev,FRA,Female,31.0,3,136789.14,1,No,No,59346.4,1
15752588,Vasilyeva,France,Male,36.0,1,0.0,2,Yes,Yes,95372.64,0
15743051,Hamilton,French,Male,30.0,10,144684.03,1,Yes,Yes,31805.49,0
15571873,Sung,France,Male,24.0,9,107065.31,1,Yes,Yes,51959.82,0
15679743,Genovesi,French,Female,33.0,8,91301.72,1,Yes,Yes,130824.57,0
15769412,Atkinson,Spain,Male,39.0,4,207034.96,2,No,No,157694.76,1
15775124,Watterston,Spain,Male,37.0,8,0.0,2,Yes,Yes,933.38,0
15732113,Butters,Spain,Male,50.0,8,0.0,1,Yes,Yes,2560.11,0
15578141,Chien,Spain,Male,38.0,3,0.0,1,Yes,Yes,12905.89,1
15595874,Gorbunova,Spain,Female,36.0,6,0.0,2,No,No,176692.87,0
15755642,Bulgakov,FRA,Male,34.0,5,0.0,2,Yes,Yes,102908.63,0
15576526,Steele,Spain,Male,36.0,6,0.0,2,Yes,Yes,41291.05,0
15792489,Polyakova,Spain,Male,42.0,9,0.0,2,No,No,119127.06,0
15733705,Bull,FRA,Female,30.0,8,92472.1,2,Yes,Yes,126434.61,0
15807221,Weaver,Spain,Male,21.0,1,0.0,2,No,No,103901.35,0
15573045,Earl,France,Male,62.0,10,127738.75,2,Yes,Yes,85153.0,0
15756824,Giordano,Germany,Female,50.0,5,101242.98,2,No,No,12493.61,0
15773520,Begg,French,Female,43.0,4,92599.55,2,Yes,Yes,167336.78,0
15627439,Pickering,Spain,Female,36.0,10,0.0,2,Yes,Yes,186180.42,0
15701439,Fanucci,Spain,Female,50.0,1,0.0,4,No,No,88566.9,1
15785352,Chang,FRA,Male,37.0,6,82373.94,1,No,No,172526.9,1
15616525,Sopuluchi,Spain,Male,31.0,4,141356.47,1,No,No,137985.69,0
15717489,Martin,France,Male,23.0,9,0.0,1,No,No,19793.73,1
15795737,McNaughtan,Spain,Female,47.0,3,72664.0,2,Yes,Yes,107874.39,0
15693877,Stewart,FRA,Female,47.0,3,123365.34,2,No,No,171995.34,0
15576111,Reagan,Germany,Male,33.0,5,121898.58,1,No,No,61829.89,0
15595713,Heller,Spain,Male,33.0,6,0.0,1,Yes,Yes,31728.35,0
15808868,Nwokeocha,FRA,Female,31.0,3,103696.97,3,No,No,155221.05,1
15708193,Liu,France,Male,33.0,2,0.0,2,No,No,130866.95,0
15697801,Sokolova,Germany,Female,56.0,1,74129.18,2,Yes,Yes,62199.78,1
15770121,Bancroft,France,Female,34.0,9,0.0,1,No,No,24255.21,0
15800524,Nnanna,Germany,Male,29.0,3,185379.02,1,No,No,64679.07,0
15686236,Trevisani,Germany,Female,47.0,1,118087.68,1,No,No,88120.78,1
15659807,Nwachinemelu,Spain,Male,41.0,8,109402.13,1,Yes,Yes,66463.62,0
15736078,Ting,Germany,Female,33.0,7,130367.87,1,No,No,15142.1,1
15620836,Lo Duca,Germany,Female,34.0,2,108410.87,2,No,No,102908.91,0
15698184,Marshall,FRA,Female,50.0,2,90408.16,2,No,No,48170.57,0
15717643,Band,France,Female,34.0,6,90425.15,2,Yes,Yes,11597.69,0
15776596,Ferri,Spain,Female,39.0,6,140094.59,1,No,No,172450.04,1
15814757,Carter,Spain,Male,31.0,9,0.0,2,Yes,Yes,184061.17,0
15812607,Wilson,Germany,Female,46.0,6,95439.4,1,Yes,Yes,21038.58,1
15663888,Connor,Germany,Male,34.0,6,204017.4,2,No,No,109538.35,0
15748882,Reid,Spain,Male,29.0,9,0.0,2,No,No,129192.55,0
15690829,Sandefur,Germany,Male,49.0,3,137115.16,1,No,No,146516.86,1
15695819,Bidwill,Germany,Male,43.0,5,134740.19,2,No,No,181430.91,0
15696834,Cone,French,Female,29.0,5,0.0,2,No,No,121451.21,0
15797710,Saunders,Germany,Male,29.0,4,98955.87,1,Yes,Yes,131712.51,0
15700654,Liardet,Germany,Male,44.0,9,49157.09,2,No,No,53294.17,0
15583764,Wilkes,Germany,Male,31.0,1,130240.33,1,No,No,96546.55,0
15688849,Martin,France,Male,48.0,1,108019.27,3,Yes,Yes,184524.65,1
15661473,Boni,Germany,Male,51.0,4,126725.25,1,No,No,195259.31,1
15601030,Patel,Germany,Female,34.0,5,96693.66,1,Yes,Yes,172618.52,0
15789557,Howell-Price,Germany,Female,27.0,7,129810.6,1,Yes,Yes,59259.44,0
15745250,Simpson,FRA,Male,58.0,8,156652.13,1,No,No,25899.21,1
15590349,Rowland,French,Female,36.0,9,0.0,1,No,No,3749.0,1
15741693,Barnard,France,Male,40.0,4,130661.96,1,Yes,Yes,101918.96,0
15618446,Nnonso,FRA,Female,50.0,8,0.0,2,Yes,Yes,57802.62,0
15766552,Rossi,France,Male,37.0,6,0.0,2,No,No,142454.77,0
15668775,Pendred,French,Male,47.0,3,130747.1,1,No,No,143829.54,0
15757895,Martin,Germany,Male,30.0,6,106629.49,1,Yes,Yes,44114.88,0
15774551,K?,Spain,Male,36.0,3,112029.83,1,Yes,Yes,186948.35,0
15684011,Miller,Germany,Male,29.0,7,130575.26,1,Yes,Yes,173629.78,0
15736146,Afamefula,Germany,Male,28.0,4,96679.71,1,Yes,Yes,49133.45,0
15656286,Sims,FRA,Male,33.0,0,0.0,2,No,No,178122.71,0
15774847,Knight,French,Male,50.0,6,171740.69,1,No,No,20893.61,0
15619340,Obijiaku,Spain,Male,38.0,1,0.0,2,No,No,41303.29,0
15815656,Hopkins,Germany,Female,39.0,9,100116.67,1,Yes,Yes,199808.1,1
15623357,Onio,Germany,Male,24.0,2,120596.93,1,Yes,Yes,180490.53,0
15601324,Black,France,Female,48.0,1,0.0,2,Yes,Yes,87400.53,0
15715510,Eluemuno,FRA,Male,29.0,2,95984.69,2,Yes,Yes,73686.75,0
15663770,Doyle,France,Male,38.0,1,142557.11,1,Yes,Yes,172497.73,0
15779267,Onyemere,French,Male,47.0,5,0.0,2,No,No,89286.29,0
15597957,Rahman,Spain,Male,66.0,2,0.0,2,Yes,Yes,180082.7,0
15584620,Su,Germany,Female,36.0,6,143644.16,1,No,No,22102.25,1
15750772,Walker,French,Female,38.0,6,132129.72,1,Yes,Yes,76068.95,0
15706557,Ferguson,France,Female,52.0,0,0.0,2,No,No,32159.46,1
15594391,Samaniego,French,Female,68.0,2,183555.24,1,No,No,159557.28,1
15661656,Onwumelu,French,Male,38.0,2,91902.56,2,Yes,Yes,107673.35,0
15631217,Young,French,Male,40.0,6,156218.19,1,Yes,Yes,33607.72,0
15588955,Mazzi,Germany,Female,43.0,5,93259.57,3,No,No,141035.65,1
15758252,Toscano,Germany,Female,45.0,2,168085.38,2,Yes,Yes,115719.08,0
15740223,Walton,Germany,Male,51.0,1,107714.74,3,No,No,86128.21,1
15805413,Chiang,France,Female,31.0,6,117852.26,2,No,No,147668.64,0
15635116,Burgos,Spain,Male,60.0,2,0.0,1,No,No,177480.45,1
15764892,Spinelli,Spain,Female,51.0,10,84474.62,2,Yes,Yes,190937.09,0
15795936,Lung,France,Male,50.0,3,0.0,2,No,No,84531.79,0
15655232,Noble,Germany,Male,35.0,6,126803.34,2,Yes,Yes,161133.4,0
15640133,Pai,FRA,Female,34.0,0,0.0,2,No,No,185555.63,0
15751524,Chigozie,Germany,Female,36.0,10,68806.84,1,No,No,33075.24,0
15670552,Peavy,French,Female,31.0,3,115141.18,1,No,No,39806.75,0
15623966,Yermakov,France,Female,35.0,2,0.0,2,Yes,Yes,26389.92,0
15752193,Burton,Spain,Male,34.0,6,90723.36,1,Yes,Yes,12162.76,0
15607269,Costa,Germany,Female,49.0,2,151249.45,2,Yes,Yes,167237.94,0
15700752,Pugliesi,France,Female,32.0,6,0.0,2,Yes,Yes,52067.37,0
15777901,Lindell,Germany,Female,43.0,9,94752.49,1,No,No,184006.36,1
15639117,Sorenson,Spain,Female,34.0,6,0.0,1,No,No,582.59,1
15720203,Arcuri,Spain,Male,28.0,7,0.0,1,No,No,143274.41,0
15586236,Banks,French,Male,31.0,5,132084.66,3,Yes,Yes,54474.48,1
15676645,Parry,France,Male,45.0,5,0.0,2,Yes,Yes,121428.2,0
15715988,Cockett,French,Male,35.0,2,0.0,2,Yes,Yes,79704.12,0
15603749,Galkina,FRA,Female,53.0,2,45472.28,1,Yes,Yes,41055.71,1
15608956,Su,France,Male,33.0,1,0.0,1,No,No,41590.4,0
15733872,Marino,Germany,Female,33.0,10,130229.71,2,No,No,54019.93,1
15666982,Spears,Germany,Female,38.0,9,123948.85,1,No,No,76053.07,0
15602647,Cunningham,Germany,Male,39.0,6,127415.85,1,Yes,Yes,184977.2,1
15623063,Taylor,Germany,Male,35.0,8,110067.71,1,No,No,127678.95,1
15682928,Chiazagomekpere,Spain,Male,39.0,4,65521.2,1,Yes,Yes,1243.97,0
15729246,Hardacre,Spain,Male,31.0,5,0.0,2,Yes,Yes,76326.67,0
15588928,Maslow,France,Male,47.0,5,0.0,2,Yes,Yes,145338.61,0
15803352,Scott,Germany,Male,33.0,3,155736.42,2,Yes,Yes,57751.21,0
15607485,Wakelin,Spain,Female,29.0,4,0.0,2,No,No,138880.24,0
15656249,Esposito,French,Female,34.0,3,118307.57,2,Yes,Yes,136120.29,0
15761783,Shah,French,Male,41.0,6,0.0,1,Yes,Yes,167621.18,0
15716605,Chukwufumnanya,Germany,Female,24.0,7,103099.17,2,No,No,173276.62,0
15757425,Fleming,French,Female,38.0,1,0.0,2,Yes,Yes,99661.46,0
15603096,Lori,France,Male,33.0,6,125789.69,1,No,No,66333.56,1
15588580,Kennedy,Germany,Female,36.0,4,109646.83,1,Yes,Yes,70240.79,0
15770539,Walters,French,Male,30.0,1,127187.86,1,Yes,Yes,113553.42,0
15572022,Han,FRA,Female,36.0,6,0.0,1,Yes,Yes,690.84,0
15571843,Lawrence,Spain,Male,24.0,1,0.0,1,No,No,98802.76,0
15752502,Cooke,French,Male,41.0,4,130385.82,1,Yes,Yes,130661.95,0
15609058,Wan,French,Male,23.0,1,107787.47,1,Yes,Yes,116378.82,0
15775108,Lo Duca,FRA,Male,34.0,1,99325.04,2,Yes,Yes,186052.15,0
15708904,Yermakova,French,Female,37.0,9,0.0,1,No,No,100101.06,0
15600086,Combs,FRA,Male,48.0,7,123764.95,1,Yes,Yes,169952.82,0
15814675,Chien,Germany,Female,39.0,8,128264.03,1,No,No,61792.76,1
15572777,Meng,Spain,Male,47.0,7,86006.21,1,Yes,Yes,37973.13,0
15585106,Calabresi,Germany,Female,38.0,8,57068.43,2,No,No,188974.81,0
15738936,Stevenson,Germany,Male,29.0,5,103607.24,2,Yes,Yes,86334.64,0
15750970,Davidson,Spain,Male,40.0,1,99004.24,1,Yes,Yes,152845.99,0
15725772,Ch'in,Spain,Female,36.0,2,0.0,2,Yes,Yes,146652.11,0
15692106,Rose,Spain,Female,25.0,3,147386.72,3,No,No,45482.04,1
15791533,Ch'ien,Spain,Male,42.0,6,93608.28,1,No,No,168816.73,1
15715715,Artyomova,Spain,Male,38.0,2,0.0,2,Yes,Yes,59297.34,0
15785576,Mayrhofer,Germany,Male,71.0,9,119496.87,1,No,No,125848.88,0
15798834,Yefremov,Spain,Female,32.0,7,0.0,1,No,No,76264.27,0
15744127,Kosovich,FRA,Female,37.0,2,0.0,2,No,No,3939.87,0
15637427,Lu,Spain,Female,25.0,6,0.0,2,Yes,Yes,15306.29,0
15576990,Taplin,Germany,Female,25.0,5,152885.77,1,No,No,58214.79,0
15615352,Ebelechukwu,French,Male,31.0,4,99607.37,2,Yes,Yes,35877.03,0
15647333,Fleming,FRA,Male,27.0,4,137003.68,1,No,No,21254.06,0
15572050,Yefimov,Germany,Male,48.0,3,122831.58,1,Yes,Yes,24533.89,1
15581370,Andreyeva,Spain,Male,38.0,2,99811.44,2,No,No,23531.5,0
15813503,Pickering,Spain,Male,37.0,8,154712.58,2,No,No,89099.18,0
15769783,Allan,Spain,Male,37.0,8,0.0,1,Yes,Yes,807.06,0
15793135,Wang,Germany,Female,24.0,7,147687.24,1,Yes,Yes,121592.5,0
15599182,Reynolds,Spain,Female,33.0,2,0.0,2,Yes,Yes,4700.66,0
15689517,Hales,France,Male,27.0,3,127009.83,1,No,No,161909.95,0
15641366,Y?an,Germany,Male,61.0,1,124737.96,1,Yes,Yes,90389.61,1
15588859,Rowley,Spain,Female,44.0,0,179356.28,2,No,No,2919.21,1
15732293,Chia,Spain,Male,31.0,8,0.0,2,Yes,Yes,99086.74,0
15568032,Moore,Germany,Male,31.0,1,127320.36,3,No,No,163170.32,0
15623525,Copeland,Spain,Male,31.0,0,125175.58,1,Yes,Yes,72757.33,0
15606601,Rishel,France,Female,22.0,6,186788.96,2,No,No,73286.8,0
15800811,Wan,French,Male,40.0,3,148556.74,1,Yes,Yes,146056.29,0
15610711,Eluemuno,Germany,Female,40.0,8,128644.46,1,No,No,167673.37,0
15809654,Hsia,French,Female,46.0,7,127476.73,2,Yes,Yes,146011.55,0
15576077,Kelly,French,Female,27.0,9,159561.93,1,Yes,Yes,103381.47,0
15643378,Muir,France,Male,42.0,1,112419.92,1,Yes,Yes,83022.92,0
15566790,McIntyre,France,Male,28.0,8,129991.76,2,Yes,Yes,46041.08,0
15774402,Donaldson,Spain,Male,36.0,5,0.0,1,Yes,Yes,182843.24,0
15694641,Wright,Spain,Female,59.0,2,0.0,2,Yes,Yes,171364.18,0
15605916,Uvarova,French,Female,50.0,3,0.0,1,No,No,183399.12,1
15812356,Doherty,Germany,Female,40.0,6,89175.06,2,Yes,Yes,152883.95,0
15644179,Allen,FRA,Female,39.0,3,0.0,2,No,No,50560.45,1
15771674,Ma,Spain,Female,39.0,5,162390.52,2,No,No,54702.66,0
15623314,Tucker,Germany,Female,59.0,3,190353.08,1,No,No,78365.75,0
15613292,Ch'eng,French,Male,21.0,8,0.0,2,No,No,68666.63,0
15813871,Hs?,France,Male,47.0,2,0.0,2,No,No,151375.73,0
15759480,H?,FRA,Female,40.0,10,139180.97,1,Yes,Yes,19959.67,0
15587712,Chimaijem,FRA,Male,36.0,8,114435.47,1,No,No,26955.72,0
15671165,Esomchi,FRA,Female,66.0,5,149950.19,1,Yes,Yes,76267.59,0
15620746,Lorenzo,France,Male,42.0,4,126115.6,1,No,No,100998.5,0
15706537,Pirogov,Germany,Female,59.0,7,111396.97,1,Yes,Yes,191070.01,0
15589312,Larkin,French,Male,30.0,3,115007.08,1,No,No,176858.5,0
15741180,Eddy,France,Male,54.0,6,102141.9,1,Yes,Yes,45325.26,0
15733888,Sells,Spain,Female,36.0,3,133686.52,1,No,No,190958.48,1
15798532,Crawford,France,Male,32.0,9,120879.73,2,Yes,Yes,78896.59,0
15577359,Bezrukov,Spain,Male,47.0,5,0.0,1,No,No,121964.46,1
15614936,Mancini,Spain,Female,49.0,10,82321.88,1,Yes,Yes,11144.4,0
15747647,Iadanza,Spain,Female,27.0,4,0.0,2,No,No,144181.48,0
15588566,Wilkinson,Spain,Male,33.0,5,116474.28,2,Yes,Yes,32757.55,0
15570141,P'eng,France,Female,34.0,3,132352.69,1,No,No,80320.3,0
15800793,St Clair,Germany,Female,39.0,4,182491.57,1,No,No,185830.72,0
15572415,Preston,FRA,Male,34.0,6,0.0,2,Yes,Yes,160095.31,0
15635125,Findlay,Spain,Male,63.0,2,120787.18,2,Yes,Yes,52198.84,0
15636551,Nixon,France,Female,29.0,3,130181.47,2,No,No,31811.44,0
15600912,Gorshkov,Germany,Male,32.0,5,88348.43,2,Yes,Yes,104181.78,0
15768476,Chukwubuikem,Spain,Male,31.0,6,0.0,2,Yes,Yes,67667.19,0
15650266,Medvedeva,Germany,Male,39.0,2,146186.28,2,Yes,Yes,193974.47,0
15621004,Chukwuhaenye,French,Male,32.0,7,0.0,1,No,No,198055.94,1
15748352,Endrizzi,Spain,Male,34.0,0,104488.17,1,Yes,Yes,43249.67,0
15788920,Ch'ang,Germany,Female,32.0,4,109196.67,2,No,No,55218.02,0
15743236,Piccio,France,Female,61.0,7,80538.56,1,No,No,131305.37,1
15637717,Lockington,Germany,Male,41.0,4,109026.8,2,Yes,Yes,43117.1,0
15635500,Seleznyov,Germany,Male,75.0,2,61319.63,1,Yes,Yes,186655.11,0
15634792,Weston,France,Female,40.0,9,0.0,2,Yes,Yes,33266.29,0
15607560,Groom,FRA,Female,39.0,2,0.0,2,Yes,Yes,555.28,0
15727177,Manfrin,French,Male,42.0,6,177822.03,1,No,No,150944.31,1
15774358,Robertson,Germany,Male,59.0,4,110939.3,1,No,No,72846.58,1
15791304,Ch'ang,Germany,Male,25.0,7,165413.43,1,Yes,Yes,35279.74,0
15603328,Lucchesi,French,Male,27.0,1,77805.66,1,Yes,Yes,2101.89,0
15804937,Cambage,France,Male,50.0,3,0.0,2,No,No,94949.84,0
15804142,Tan,Spain,Female,57.0,3,175575.95,2,No,No,99061.75,1
15608845,Tao,Spain,Female,38.0,3,124197.22,1,No,No,74692.06,0
15702434,Hsieh,FRA,Female,30.0,3,0.0,2,No,No,116692.8,0
15632609,Burdekin,French,Female,39.0,10,160132.75,1,No,No,32824.15,0
15603550,Longo,Germany,Female,37.0,7,70258.88,2,No,No,139607.61,0
15755239,Maughan,Germany,Male,32.0,4,162657.64,2,Yes,Yes,115525.13,0
15670528,Franz,Germany,Male,43.0,0,132217.45,1,No,No,20955.03,1
15732704,Piazza,Spain,Male,25.0,9,148042.97,2,No,No,52341.15,0
15589019,Morant,Spain,Female,33.0,4,92855.02,1,Yes,Yes,159813.18,0
15677796,Becher,Germany,Male,47.0,9,129289.98,1,No,No,169935.46,1
15760177,Lombardi,Spain,Male,37.0,9,100252.18,1,Yes,Yes,146033.52,0
15636595,Loton,Spain,Male,37.0,3,107592.89,2,Yes,Yes,153122.73,0
15737275,Conti,France,Male,39.0,3,113096.41,1,Yes,Yes,60335.24,0
15672905,Sani,Spain,Female,40.0,7,0.0,2,Yes,Yes,163757.29,0
15753955,Lori,Spain,Male,34.0,7,149940.04,2,No,No,156648.81,0
15708504,Wong,Germany,Male,50.0,8,121438.58,1,Yes,Yes,176471.78,1
15592451,Lombardi,French,Male,32.0,9,0.0,2,No,No,5388.3,0
15790455,Obialo,French,Female,50.0,2,0.0,1,Yes,Yes,93332.64,1
15572174,Mazzi,FRA,Male,29.0,3,148874.01,2,Yes,Yes,71192.82,0
15656330,Von Doussa,Spain,Female,32.0,0,68138.37,1,Yes,Yes,170309.19,0
15569626,Miller,Spain,Male,35.0,5,110080.3,1,Yes,Yes,109794.31,0
15608726,Miracle,France,Male,24.0,7,0.0,2,Yes,Yes,166310.82,0
15637366,Su,Germany,Female,25.0,5,114268.85,2,Yes,Yes,126728.27,0
15778049,Wyatt,Germany,Male,29.0,6,117412.35,1,No,No,30338.94,0
15727421,Anayolisa,France,Female,38.0,6,0.0,2,Yes,Yes,37935.83,0
15688865,Wade,FRA,Female,35.0,9,0.0,2,No,No,25329.48,0
15751032,Enemuo,Germany,Female,37.0,1,35549.81,2,No,No,49676.33,0
15734737,Bruno,French,Male,56.0,9,0.0,2,Yes,Yes,169498.61,0
15746515,Greece,French,Male,36.0,7,136492.92,3,Yes,Yes,26500.29,1
15664311,Yang,Germany,Male,28.0,3,123675.69,1,Yes,Yes,166458.41,0
15708139,Brown,France,Female,40.0,1,139532.34,1,No,No,181294.39,0
15768574,Anderson,Spain,Male,58.0,1,178713.98,1,Yes,Yes,21768.21,0
15738018,Johnston,France,Male,40.0,5,0.0,2,No,No,72849.29,0
15699753,Zakharov,French,Male,41.0,1,89086.31,1,No,No,24499.97,0
15703199,Golibe,Spain,Male,38.0,3,96143.47,1,No,No,98994.92,0
15627830,Nikitina,Germany,Female,30.0,5,32197.64,1,Yes,Yes,141446.01,0
15570855,Leonard,France,Male,38.0,7,0.0,2,Yes,Yes,77864.41,0
15772503,Burns,French,Female,33.0,4,0.0,2,No,No,115115.32,0
15584453,Burtch,Spain,Male,32.0,10,0.0,2,Yes,Yes,168605.96,0
15710111,Clark,French,Male,33.0,6,0.0,2,No,No,38550.4,0
15618562,Woodward,Germany,Female,40.0,0,140306.38,1,No,No,160618.61,1
15706764,Spencer,French,Female,35.0,1,0.0,2,No,No,3701.63,0
15798737,Chao,FRA,Male,38.0,8,0.0,2,No,No,88659.44,0
15712608,Costa,Germany,Female,42.0,2,74483.97,2,Yes,Yes,44273.91,0
15636736,McLachlan,French,Female,53.0,7,0.0,2,Yes,Yes,156495.39,1
15703544,Hung,Spain,Male,34.0,0,0.0,1,No,No,182988.94,0
15815645,Akhtar,FRA,Male,37.0,8,152303.66,2,Yes,Yes,175082.2,0
15705739,Toscani,Germany,Male,32.0,5,159904.79,1,No,No,148811.14,0
15709643,Gray,French,Male,32.0,1,0.0,3,No,No,85901.09,0
15669805,Warren,Germany,Female,31.0,1,99557.94,1,No,No,199255.32,0
15737489,Ramsden,Spain,Female,46.0,5,116886.59,1,No,No,107973.44,0
15775131,Bartlett,Spain,Male,32.0,9,142188.2,2,Yes,Yes,128028.6,0
15765283,Wenz,Germany,Female,40.0,3,149961.99,2,No,No,104610.86,0
15628715,Kisch,France,Female,36.0,8,0.0,2,Yes,Yes,69676.55,0
15813283,Mai,French,Female,34.0,2,0.0,1,No,No,35982.42,0
15745716,McGregor,Spain,Male,53.0,7,0.0,2,Yes,Yes,117939.17,0
15598485,Pinto,Spain,Male,40.0,8,28649.64,1,Yes,Yes,95140.62,0
15696552,Newman,French,Female,21.0,4,81025.6,2,No,No,167682.57,0
15754569,Pagnotto,France,Male,57.0,1,0.0,2,Yes,Yes,56562.57,0
15701741,Williams,France,Female,39.0,3,152462.79,1,No,No,90305.97,0
15572631,Ndubuisi,French,Male,25.0,10,0.0,1,Yes,Yes,109895.16,0
15636069,Plummer,Spain,Male,28.0,7,155519.59,1,No,No,1843.24,0
15682467,Chimezie,France,Female,36.0,1,118851.05,1,Yes,Yes,102747.02,0
15790744,Nash,French,Female,34.0,9,92899.27,2,No,No,97465.89,0
15625023,Onochie,French,Male,40.0,4,0.0,1,Yes,Yes,105352.55,0
15731267,Rizzo,French,Male,37.0,4,75263.7,1,No,No,85801.77,0
15742879,Boni,Spain,Male,38.0,1,147904.31,1,Yes,Yes,69370.05,0
15757015,Davies,Germany,Female,41.0,5,106640.5,1,No,No,176945.96,0
15770711,Lu,Germany,Female,28.0,4,90696.78,1,Yes,Yes,21597.2,0
15569430,Burrows,Spain,Female,36.0,2,175509.8,2,No,No,152039.67,0
15617304,Ershova,French,Male,40.0,6,0.0,2,Yes,Yes,111893.09,0
15704466,Udokamma,FRA,Female,34.0,7,0.0,2,No,No,195074.62,0
15664681,Aitken,FRA,Female,35.0,2,114321.28,2,No,No,15959.01,0
15605534,Turnbull,Germany,Female,51.0,4,95560.04,1,No,No,72628.84,1
15792473,Reilly,Germany,Female,50.0,5,88379.81,3,Yes,Yes,64157.24,1
15802625,Hardy,Germany,Male,48.0,7,85915.52,1,Yes,Yes,23860.5,0
15766017,Brookman,Germany,Male,58.0,3,72309.3,1,Yes,Yes,85687.09,1
15762172,Kerr,French,Female,39.0,2,0.0,2,No,No,179451.42,0
15728333,McBurney,FRA,Male,43.0,8,0.0,1,Yes,Yes,93180.09,0
15792868,Mickey,French,Male,69.0,1,0.0,2,No,No,157097.09,0
15605698,Harrison,French,Male,58.0,3,0.0,3,Yes,Yes,80344.96,1
15777060,Olszewski,France,Female,33.0,4,0.0,1,No,No,26080.54,1
15626243,Chijioke,France,Male,30.0,3,133844.22,1,Yes,Yes,31406.93,0
15719898,Young,FRA,Male,36.0,7,154872.08,2,Yes,Yes,32044.64,0
15599976,Bellasis,French,Female,27.0,9,0.0,2,No,No,132734.87,0
15752809,De Mestre,Spain,Male,43.0,6,116121.67,1,No,No,61602.42,0
15589698,De Luca,Germany,Male,42.0,6,107104.5,1,Yes,Yes,41304.44,1
15609977,Mundy,France,Male,47.0,6,71026.77,1,No,No,57962.41,0
15750121,Tung,FRA,Male,38.0,3,0.0,1,No,No,42862.82,0
15734177,Donahue,France,Male,33.0,4,0.0,2,Yes,Yes,152992.04,0
15781347,Okagbue,FRA,Female,41.0,1,0.0,2,Yes,Yes,91193.65,0
15592025,Nnaemeka,FRA,Male,53.0,7,0.0,2,Yes,Yes,130132.41,0
15670163,Verjus,FRA,Female,27.0,4,0.0,2,No,No,88751.45,0
15765402,H?,France,Female,39.0,6,145644.05,1,No,No,104118.93,0
15624343,Napolitani,Spain,Female,50.0,7,129667.77,1,No,No,42028.16,0
15602354,Ginikanwa,Germany,Male,33.0,3,109341.87,1,No,No,75632.78,0
15579183,Spaull,FRA,Male,64.0,1,0.0,2,Yes,Yes,53710.23,0
15584899,Siciliani,FRA,Female,35.0,5,0.0,2,Yes,Yes,13066.3,0
15723658,Voronina,Spain,Female,30.0,6,0.0,2,No,No,152417.97,0
15803965,Tang,France,Male,55.0,3,87485.67,1,Yes,Yes,3299.01,0
15682489,Crumbley,FRA,Male,27.0,9,0.0,2,No,No,198091.81,0
15813645,Hamilton,French,Female,36.0,0,53369.13,1,Yes,Yes,103934.12,0
15766787,Piazza,France,Female,35.0,9,0.0,2,Yes,Yes,70403.65,0
15687171,Birch,Spain,Male,34.0,5,146679.77,1,No,No,102179.86,0
15690744,Custance,FRA,Male,43.0,2,112499.42,2,No,No,30375.18,0
15707974,Anayochukwu,Spain,Female,38.0,2,48387.0,1,No,No,184796.84,0
15673084,Galkin,Spain,Male,38.0,1,68079.8,1,Yes,Yes,166264.89,0
15814772,Adams,Germany,Male,49.0,4,160133.88,1,Yes,Yes,88391.97,0
15743709,Toomey,FRA,Male,30.0,4,66190.33,1,Yes,Yes,115186.97,0
15610343,Marshall-Hall,FRA,Female,37.0,10,0.0,2,Yes,Yes,13935.53,1
15737414,Shen,France,Male,35.0,4,123761.68,1,No,No,83910.4,0
15788480,Pagnotto,Germany,Female,33.0,0,122325.58,1,No,No,34712.34,1
15568519,Wood,French,Male,41.0,9,0.0,2,No,No,13871.34,0
15792453,More,Spain,Female,42.0,1,138912.17,1,Yes,Yes,139494.75,0
15658100,Piccio,France,Female,42.0,0,0.0,2,Yes,Yes,140724.64,0
15695197,Tochukwu,Germany,Female,25.0,7,128524.19,2,No,No,20682.46,0
15749807,Graham,Spain,Female,31.0,3,0.0,2,No,No,124202.26,0
15773876,Tung,France,Female,34.0,3,0.0,2,No,No,159638.77,0
15591698,P'eng,Germany,Female,49.0,9,132934.89,1,No,No,171056.65,1
15712813,Nevzorova,Germany,Male,43.0,3,150805.17,3,Yes,Yes,25333.03,1
15763898,Toscani,Spain,Female,46.0,3,0.0,2,Yes,Yes,29372.62,0
15793324,McKenzie,Spain,Male,32.0,9,0.0,3,Yes,Yes,38533.79,0
15757759,Okwuoma,Spain,Female,28.0,7,165969.26,3,No,No,156122.13,1
15796230,Morley,Germany,Female,36.0,2,124495.98,3,Yes,Yes,57904.22,1
15611729,Kerr,Germany,Male,39.0,1,141559.5,1,Yes,Yes,31257.1,1
15709531,Harding,France,Male,38.0,2,114756.14,1,No,No,193214.05,0
15650751,Butler,France,Female,30.0,6,0.0,2,Yes,Yes,137757.69,0
15641413,Crawford,Germany,Female,49.0,7,155393.98,2,No,No,13308.2,1
15753840,Brown,Spain,Female,32.0,6,0.0,1,Yes,Yes,132861.9,1
15669994,Greece,Germany,Female,31.0,1,128663.81,2,No,No,125083.29,0
15695301,Matthews,Spain,Male,44.0,4,113522.64,1,Yes,Yes,12405.2,0
15792004,Heath,Spain,Female,26.0,3,0.0,2,No,No,37697.29,0
15603035,Vincent,FRA,Male,34.0,3,0.0,2,Yes,Yes,105599.65,0
15717286,Sal,Spain,Female,40.0,8,79035.95,1,No,No,142783.98,1
15577107,Milne,Spain,Female,22.0,6,0.0,3,Yes,Yes,168412.07,1
15754747,Bazile,Germany,Male,33.0,9,141918.09,2,Yes,Yes,184036.47,0
15705676,Wardle,France,Female,35.0,9,107944.33,2,No,No,48478.47,0
15751912,Lilly,FRA,Male,36.0,7,0.0,2,Yes,Yes,3896.08,0
15677336,Aitken,Germany,Male,57.0,1,120043.13,1,No,No,132370.75,1
15684395,Enderby,Spain,Female,45.0,10,125191.69,1,Yes,Yes,128260.86,1
15659949,Chiu,FRA,Male,31.0,1,96399.31,2,No,No,106534.15,0
15812422,Ugorji,FRA,Male,41.0,2,0.0,2,Yes,Yes,102515.42,0
15806941,Sharpe,France,Male,60.0,7,76961.6,2,Yes,Yes,83643.87,0
15637690,Houghton,Germany,Female,34.0,7,98675.74,1,No,No,138906.85,1
15632882,Konovalova,Germany,Male,37.0,1,126817.13,2,Yes,Yes,29995.83,1
15807107,Patel,French,Male,32.0,3,121394.42,1,No,No,164081.42,0
15661034,Ngozichukwuka,Germany,Female,29.0,5,106059.4,1,No,No,187976.88,1
15811958,Medland,Germany,Male,44.0,2,112755.34,2,No,No,158171.36,0
15785167,Padovano,Spain,Male,29.0,4,0.0,2,No,No,155711.64,0
15646720,Tsui,Spain,Female,55.0,7,0.0,3,No,No,85890.75,1
15658614,H?,Germany,Female,38.0,7,145400.69,2,Yes,Yes,83844.79,0
15704657,Denman,FRA,Male,39.0,3,72647.64,1,No,No,41777.9,1
15567147,Ratten,Spain,Male,40.0,4,0.0,2,Yes,Yes,81908.09,0
15701319,Baxter,Germany,Female,37.0,6,96340.81,2,Yes,Yes,139377.24,1
15745266,Norman,Spain,Male,55.0,6,0.0,1,Yes,Yes,73562.05,1
15650437,Shen,Germany,Male,32.0,8,124450.36,2,Yes,Yes,165786.1,0
15764314,Reilly,Germany,Male,36.0,2,113877.23,2,No,No,174921.91,0
15612594,Ifeanacho,Spain,Male,25.0,3,0.0,2,Yes,Yes,120790.02,0
15593501,Graham,French,Female,36.0,5,148667.81,2,No,No,56092.51,0
15804150,Lysaght,FRA,Male,34.0,3,0.0,2,Yes,Yes,158816.03,0
15649297,T'ang,FRA,Female,62.0,4,111065.93,2,Yes,Yes,125660.99,0
15641110,Abron,French,Male,41.0,0,0.0,1,No,No,128400.62,0
15660608,Chimaraoke,French,Male,44.0,8,158697.61,1,No,No,107181.22,0
15806570,Y?an,FRA,Female,53.0,4,0.0,1,No,No,77203.72,1
15715345,Sergeyeva,Spain,Male,25.0,6,0.0,2,No,No,129740.11,0
15755521,Ma,French,Female,48.0,0,90044.32,2,Yes,Yes,187604.97,1
15579074,Obiajulu,Germany,Male,38.0,10,84651.79,1,Yes,Yes,184754.26,0
15641158,Belcher,Germany,Male,32.0,3,102128.27,1,No,No,63981.37,1
15752507,K?,Germany,Male,60.0,9,148846.39,1,No,No,192831.67,1
15597983,Brown,France,Male,69.0,10,154953.94,1,Yes,Yes,70849.47,0
15586069,Abernathy,French,Female,30.0,0,108883.29,1,No,No,27914.95,0
15655082,Pape,French,Female,48.0,4,112070.86,3,No,No,173568.3,1
15720155,Tao,Germany,Male,29.0,6,131354.39,1,Yes,Yes,9324.31,1
15582116,Ma,Germany,Female,45.0,7,132746.2,2,No,No,26628.88,1
15749365,Earle,FRA,Female,34.0,8,0.0,2,Yes,Yes,145601.8,0
15632069,Kazantsev,French,Male,39.0,8,125211.55,2,No,No,144496.07,0
15663134,Uspenskaya,Spain,Male,58.0,1,0.0,2,Yes,Yes,11779.98,1
15766683,Coombes,Germany,Male,36.0,6,139422.37,1,No,No,83983.39,1
15707219,Hopman,French,Female,28.0,4,0.0,2,Yes,Yes,123318.37,0
15709232,McKay,Germany,Female,47.0,5,157099.47,2,Yes,Yes,65481.86,0
15801351,Milanesi,French,Male,40.0,3,0.0,2,No,No,47728.0,0
15578747,Chineze,Spain,Male,26.0,5,83600.24,1,Yes,Yes,59195.05,0
15675626,Dawson,French,Male,28.0,2,0.0,1,No,No,98060.51,0
15583736,Shih,Germany,Male,36.0,4,81795.74,2,No,No,90106.94,0
15590011,Hughes,Spain,Male,38.0,9,129378.32,1,Yes,Yes,13549.34,0
15609913,Clark,French,Female,46.0,9,0.0,1,No,No,113436.08,0
15719479,Chukwuhaenye,Spain,Female,56.0,7,0.0,2,Yes,Yes,42442.21,0
15575147,Wall,France,Male,22.0,9,99339.0,1,No,No,68297.61,1
15597309,Howell,Spain,Male,36.0,7,0.0,2,No,No,80134.65,0
15648367,Lo,Germany,Female,29.0,6,74430.1,2,Yes,Yes,96051.1,0
15758031,Lazarev,Spain,Male,38.0,3,91241.85,1,Yes,Yes,80682.35,0
15751771,Lowe,Germany,Male,32.0,2,99092.45,1,Yes,Yes,111149.98,0
15689288,Folliero,France,Female,26.0,5,0.0,2,No,No,182612.38,0
15731026,Han,Germany,Female,39.0,2,100062.16,2,No,No,109201.43,0
15775809,Holloway,Germany,Female,26.0,6,98723.67,1,Yes,Yes,151146.67,0
15743076,Pai,Spain,Male,29.0,9,0.0,1,Yes,Yes,93901.61,0
15658258,Trejo,French,Male,43.0,6,128760.32,1,No,No,36342.79,0
15756321,Johnston,Spain,Female,52.0,5,144772.69,1,No,No,98302.57,1
15706799,Macknight,Spain,Male,44.0,4,0.0,1,No,No,84972.9,1
15775703,Lo,French,Male,26.0,2,71281.29,1,Yes,Yes,108747.12,1
15642636,Glossop,French,Male,29.0,9,117035.89,1,Yes,Yes,21862.19,0
15704651,Bishop,FRA,Male,26.0,1,0.0,2,No,No,121551.93,0
15806771,Yefremova,France,Female,40.0,0,3768.69,2,No,No,177065.24,1
15566735,Obialo,Germany,Female,36.0,2,108913.84,2,Yes,Yes,140460.01,0
15681671,Nkemjika,Germany,Male,28.0,2,101100.22,2,Yes,Yes,35337.31,0
15775949,Trevisani,France,Female,38.0,7,110615.47,1,Yes,Yes,193502.93,0
15586752,Parkes,Germany,Male,33.0,8,152143.89,1,Yes,Yes,32174.03,0
15582519,Seleznyov,French,Male,47.0,6,121797.09,1,Yes,Yes,5811.9,1
15658233,Naylor,France,Female,41.0,5,109798.25,1,Yes,Yes,149593.61,0
15755330,Forbes,Germany,Male,41.0,7,122403.24,1,Yes,Yes,37439.9,1
15605072,Douglas,France,Female,43.0,3,145860.98,1,Yes,Yes,142763.51,1
15617538,Nwankwo,Spain,Male,40.0,7,0.0,2,No,No,45038.74,0
15591428,Myers,France,Male,29.0,9,0.0,2,No,No,172097.4,0
15692142,Rogova,Germany,Female,48.0,7,105086.74,1,Yes,Yes,180344.69,1
15692931,Hsing,FRA,Male,22.0,2,114991.45,1,Yes,Yes,37392.56,0
15781127,Giordano,Spain,Female,33.0,8,96769.04,1,Yes,Yes,36864.05,0
15677136,Okwukwe,France,Female,23.0,5,0.0,2,No,No,132418.59,0
15677828,Chalmers,France,Female,34.0,4,0.0,2,No,No,60894.26,0
15567897,Chiazagomekpere,Germany,Male,23.0,5,132725.1,1,Yes,Yes,143913.33,0
15793641,Evseyev,France,Female,70.0,3,0.0,2,Yes,Yes,172240.27,0
15678333,Parry-Okeden,French,Female,26.0,7,0.0,2,No,No,86619.77,0
15630511,Picot,France,Female,33.0,6,0.0,2,No,No,164074.89,0
15792627,Reid,Spain,Female,33.0,5,84557.82,1,Yes,Yes,69039.43,0
15717191,Ferri,France,Male,49.0,1,93817.41,2,Yes,Yes,132468.76,1
15625716,Genovesi,French,Female,33.0,9,113913.53,1,Yes,Yes,65316.5,0
15710053,Neumayer,Germany,Female,44.0,5,140406.68,2,Yes,Yes,57164.19,0
15580043,Murray,Spain,Female,22.0,8,105229.34,1,Yes,Yes,34397.08,0
15601410,Tien,Spain,Female,46.0,1,0.0,3,Yes,Yes,177431.59,1
15684669,Parkes,France,Female,41.0,9,137891.35,1,No,No,142009.46,1
15619083,Yip,France,Female,35.0,6,0.0,2,Yes,Yes,80618.47,0
15692207,Ingle,FRA,Female,53.0,6,0.0,2,Yes,Yes,124218.27,0
15730705,Chidubem,French,Male,37.0,9,165252.52,1,No,No,85286.3,0
15749688,Lu,FRA,Male,32.0,8,0.0,2,No,No,40889.14,0
15728542,Vorobyova,French,Female,71.0,4,0.0,2,Yes,Yes,107236.87,0
15760063,Chiedozie,Spain,Male,23.0,7,0.0,2,Yes,Yes,168085.97,0
15658982,Napolitani,Germany,Female,28.0,5,122034.4,3,Yes,Yes,146663.43,1
15758769,Coffey,French,Female,44.0,7,0.0,1,No,No,4791.8,0
15778481,Chigbogu,France,Male,59.0,1,118962.58,1,Yes,Yes,120819.58,0
15661162,Akabueze,Spain,Male,49.0,2,0.0,1,No,No,114539.67,1
15568164,Istomin,FRA,Female,34.0,4,71379.53,2,Yes,Yes,154000.99,0
15601569,Ndubueze,French,Female,40.0,2,171178.25,1,No,No,137980.58,1
15772383,Toscani,FRA,Male,36.0,9,131307.11,1,No,No,83343.73,0
15667456,Ross,Spain,Male,62.0,3,0.0,2,Yes,Yes,82195.15,0
15672983,Fernando,Spain,Female,27.0,5,87099.85,2,No,No,149550.95,0
15799534,McClaran,FRA,Male,71.0,5,183135.39,2,Yes,Yes,197688.5,0
15582847,Yermakova,France,Male,26.0,0,0.0,2,Yes,Yes,72929.96,0
15612478,Somadina,France,Male,51.0,10,0.0,3,No,No,171045.35,1
15709621,Wan,French,Male,31.0,3,0.0,2,Yes,Yes,27731.05,0
15802009,Mazzi,French,Female,33.0,6,0.0,2,Yes,Yes,126131.9,0
15698816,Tuan,Spain,Female,33.0,4,72535.45,1,Yes,Yes,103931.49,0
15574830,Townsley,Germany,Male,58.0,2,128137.42,2,No,No,147635.33,1
15603082,Yashina,France,Male,51.0,9,0.0,2,No,No,61961.57,0
15685947,Henderson,Germany,Male,42.0,0,115915.53,2,Yes,Yes,125435.47,1
15643048,Mueller,French,Male,66.0,0,0.0,2,Yes,Yes,42240.54,0
15807568,Wright,FRA,Male,50.0,2,0.0,2,No,No,57942.88,0
15597591,Lung,French,Male,29.0,5,107000.49,1,Yes,Yes,153419.62,0
15747558,Bryant,Spain,Female,38.0,10,0.0,2,No,No,189727.12,0
15756655,Madukaife,France,Female,34.0,2,0.0,2,No,No,165385.55,0
15589949,Maclean,Spain,Male,34.0,9,152806.74,1,No,No,19687.99,0
15601012,Abdullah,French,Female,60.0,3,92887.06,1,No,No,39473.63,1
15724269,Yao,FRA,Male,25.0,7,0.0,2,Yes,Yes,144723.38,0
15567506,Cheatham,Germany,Female,40.0,6,114940.67,2,Yes,Yes,194895.57,1
15791877,Gallagher,Germany,Male,34.0,0,140641.26,2,Yes,Yes,77271.91,0
15794360,Hao,Germany,Female,70.0,5,71816.74,2,No,No,105096.82,1
15686538,Nixon,French,Female,41.0,7,0.0,2,Yes,Yes,176780.39,0
15585985,Wang,FRA,Male,48.0,5,165282.42,1,No,No,153786.46,1
15699257,Kerr,Spain,Male,42.0,2,143145.87,2,No,No,43612.06,0
15804104,Romani,FRA,Male,28.0,9,114731.76,2,Yes,Yes,79479.74,0
15727619,Lock,Germany,Female,46.0,9,113909.69,3,No,No,92320.37,1
15740237,Millar,Germany,Male,36.0,2,116695.27,1,No,No,193201.86,0
15801436,K'ung,France,Male,42.0,4,0.0,1,No,No,126353.13,1
15705735,Onyekachi,Spain,Male,43.0,3,0.0,2,Yes,Yes,135008.92,0
15649359,Somayina,France,Male,36.0,1,0.0,2,Yes,Yes,17135.6,0
15624892,Dennis,Germany,Male,37.0,7,93978.96,2,No,No,60651.77,0
15784918,Brown,Germany,Male,35.0,2,121968.11,2,Yes,Yes,188343.05,0
15584785,Ogochukwu,FRA,Male,37.0,2,97324.91,1,No,No,23291.83,0
15797197,Macleod,Spain,Male,29.0,6,0.0,2,No,No,64443.75,0
15574858,Page,French,Male,37.0,8,0.0,2,Yes,Yes,287.99,0
15794101,Barese,French,Female,48.0,2,0.0,2,Yes,Yes,137961.41,0
15743245,Agafonova,French,Male,42.0,3,145155.37,1,No,No,72169.95,1
15791535,Caraway,French,Male,28.0,5,137222.77,1,No,No,39608.58,0
15605215,Stevenson,French,Male,48.0,9,0.0,2,Yes,Yes,175458.21,0
15771749,Duncan,Germany,Female,38.0,5,114268.22,2,Yes,Yes,89524.83,0
15616833,Wang,Spain,Male,27.0,2,0.0,2,Yes,Yes,13221.25,0
15750728,Kaur,Spain,Female,42.0,2,0.0,1,No,No,102889.34,0
15769353,Jenkins,FRA,Female,40.0,8,150490.32,1,No,No,166468.21,1
15770091,Edwards,Germany,Male,28.0,9,160858.13,2,No,No,27149.27,0
15716420,Kelly,Spain,Male,39.0,5,170288.38,1,Yes,Yes,59601.15,0
15740602,Boyle,Germany,Female,27.0,4,111568.01,1,Yes,Yes,22026.18,0
15796071,Loane,Spain,Male,29.0,7,83889.03,1,No,No,153059.62,0
15811389,Padovano,Germany,Female,35.0,0,171982.95,2,Yes,Yes,167313.07,0
15783875,Li Fonti,FRA,Female,34.0,4,0.0,2,No,No,12833.96,0
15671800,Robinson,French,Male,20.0,8,137624.4,2,Yes,Yes,197582.79,0
15677288,Geach,France,Male,50.0,3,121159.65,1,No,No,4033.39,1
15633525,Payne,France,Male,29.0,7,0.0,2,Yes,Yes,125877.22,0
15634606,Chinonyelum,Spain,Male,52.0,1,0.0,2,Yes,Yes,176913.42,0
15579207,Watkins,French,Male,37.0,3,91184.01,1,No,No,105476.65,0
15619892,Page,Spain,Male,18.0,8,0.0,2,No,No,59172.42,0
15567778,Genovese,Germany,Female,54.0,1,144027.8,1,Yes,Yes,108731.02,1
15711750,Watson,French,Female,34.0,6,0.0,2,Yes,Yes,175310.38,0
15751084,Mancini,French,Female,29.0,8,140170.61,1,Yes,Yes,38170.04,0
15768945,Chibueze,FRA,Male,27.0,1,62092.9,1,Yes,Yes,105887.04,0
15586931,Hunter,Spain,Male,39.0,3,0.0,1,Yes,Yes,95625.03,0
15636353,Buchi,Spain,Male,35.0,4,0.0,2,No,No,9541.15,0
15623858,Charteris,FRA,Male,45.0,9,0.0,1,No,No,148516.79,0
15703354,Aksenov,France,Female,33.0,2,103516.87,1,No,No,113907.8,0
15663987,Wright,Spain,Male,30.0,1,0.0,3,No,No,164647.72,1
15780805,Lu,French,Female,35.0,2,0.0,2,No,No,98621.04,1
15768566,K?,FRA,Male,34.0,8,0.0,2,Yes,Yes,37479.97,0
15643229,Hou,France,Female,31.0,6,0.0,2,Yes,Yes,15846.42,0
15754940,Descoteaux,Spain,Male,43.0,2,85162.26,1,Yes,Yes,5104.08,1
15676576,Stephenson,FRA,Female,43.0,8,143061.88,1,No,No,61937.6,0
15800068,Cooper,Spain,Female,46.0,6,0.0,2,Yes,Yes,170008.74,0
15648030,Crump,Spain,Female,33.0,5,137388.01,2,No,No,165000.68,0
15668594,Diggs,Germany,Female,25.0,1,137712.01,1,Yes,Yes,76197.05,0
15728709,Shih,Germany,Male,40.0,7,106901.42,2,No,No,118045.98,0
15724181,Hudson,Spain,Male,47.0,5,105603.21,2,Yes,Yes,157360.9,0
15647546,Carvosso,Germany,Female,40.0,8,150679.71,2,Yes,Yes,196226.38,0
15702601,Wyatt,Germany,Male,30.0,4,108300.27,2,Yes,Yes,44384.57,1
15567725,Kodilinyechukwu,France,Female,46.0,7,52016.08,2,Yes,Yes,72993.65,0
15674179,Vorobyova,Germany,Male,34.0,7,60515.13,1,No,No,124571.09,0
15686957,Piccio,Germany,Male,35.0,2,158584.28,2,No,No,43640.16,0
15607690,Hsing,Germany,Male,47.0,2,118812.5,2,No,No,31121.42,0
15806546,Lucas,Spain,Male,46.0,4,0.0,1,No,No,22372.78,0
15632850,T'ang,France,Male,37.0,8,0.0,2,Yes,Yes,170338.35,0
15709016,North,Germany,Female,47.0,1,91219.29,1,No,No,158845.49,1
15638068,Thompson,Spain,Male,32.0,7,0.0,2,No,No,67926.18,0
15749345,Simpson,France,Female,22.0,1,76318.64,1,Yes,Yes,194783.12,0
15791321,Nwora,Spain,Female,58.0,4,0.0,1,No,No,176036.01,0
15699095,Chandler,France,Female,24.0,3,0.0,1,Yes,Yes,198826.03,1
15638329,Uspensky,Germany,Male,25.0,1,111432.13,1,Yes,Yes,168683.57,0
15575445,Ferguson,Spain,Male,41.0,10,150148.51,1,No,No,6936.27,0
15752622,Kerr,France,Female,32.0,7,38550.06,1,Yes,Yes,179230.23,0
15774507,Furneaux,France,Female,39.0,5,119013.86,1,No,No,103421.91,0
15570857,Kambinachi,Germany,Female,39.0,0,111213.64,2,Yes,Yes,147578.26,0
15599386,Black,Germany,Male,28.0,5,71097.23,1,Yes,Yes,130504.49,0
15744913,Chizoba,Spain,Male,36.0,10,109632.85,1,Yes,Yes,16149.13,0
15647292,Peng,FRA,Male,63.0,7,148368.02,1,No,No,118862.08,1
15728838,Leach,FRA,Male,45.0,1,148600.91,1,No,No,143397.14,1
15584704,Chiazagomekpele,French,Male,48.0,10,71083.98,1,No,No,137959.0,0
15749068,Nickson,France,Female,40.0,9,139625.34,1,No,No,93702.96,1
15622985,Lin,France,Female,39.0,4,0.0,1,No,No,172939.3,1
15587676,Alexeieva,France,Male,30.0,9,0.0,1,Yes,Yes,108162.13,0
15779496,Sykes,FRA,Male,64.0,0,81564.1,2,Yes,Yes,35896.09,0
15733460,Martin,Spain,Male,36.0,9,0.0,2,Yes,Yes,104852.6,0
15711457,Herz,French,Female,28.0,7,124540.28,1,Yes,Yes,188850.89,0
15795290,Nikitina,France,Female,42.0,2,133616.39,1,No,No,28615.8,0
15611223,Ko,Germany,Female,38.0,10,101648.5,2,No,No,172001.44,0
15794159,Highett,France,Female,26.0,8,124281.84,1,Yes,Yes,60116.57,0
15780677,Jackson,France,Female,59.0,4,0.0,2,Yes,Yes,170528.63,0
15690175,Ball,Spain,Male,45.0,0,0.0,2,No,No,189683.7,0
15722599,Nelson,French,Female,37.0,9,183613.66,2,No,No,49734.94,0
15569976,Woronoff,Germany,Male,65.0,1,136186.44,1,Yes,Yes,121529.59,1
15707011,Morrison,French,Male,47.0,10,137682.68,1,No,No,71071.47,0
15702277,Smith,French,Male,34.0,4,106005.54,1,Yes,Yes,142995.32,0
15801915,Rendall,France,Female,31.0,6,152310.55,1,No,No,13054.25,0
15580213,McIntyre,FRA,Female,43.0,2,0.0,2,No,No,89402.54,0
15637947,Wei,Spain,Male,32.0,1,134446.04,1,Yes,Yes,111241.37,0
15715888,Allardyce,FRA,Female,38.0,2,142289.28,1,Yes,Yes,119638.85,0
15732967,Cremonesi,FRA,Male,19.0,6,0.0,2,Yes,Yes,151581.79,0
15737047,Weatherford,FRA,Female,45.0,6,0.0,1,No,No,73881.68,1
15694039,Jen,Germany,Female,46.0,9,149003.76,2,No,No,176902.83,0
15649457,Macleod,Germany,Male,41.0,2,131341.46,2,Yes,Yes,7034.94,0
15742809,Mironova,Spain,Female,29.0,7,77919.78,1,No,No,122547.58,0
15637829,Sharpe,French,Female,34.0,7,0.0,2,Yes,Yes,161559.12,0
15633194,Osborne,France,Female,41.0,10,108309.0,4,Yes,Yes,137510.41,1
15611635,Chu,Spain,Female,39.0,6,0.0,1,Yes,Yes,185366.56,0
15638774,Chong,Spain,Female,40.0,9,0.0,2,No,No,182224.14,0
15722037,Alvarez,Germany,Male,36.0,7,115462.02,1,Yes,Yes,42581.04,0
15672930,Palerma,Spain,Male,37.0,9,0.0,2,No,No,31921.95,0
15668774,Chiemenam,Germany,Female,23.0,5,122739.1,1,No,No,102460.84,1
15780966,Pritchard,France,Female,32.0,2,0.0,2,No,No,109681.29,0
15659694,Wallis,Germany,Female,53.0,3,113781.5,2,Yes,Yes,106345.05,1
15624424,Palerma,Spain,Female,49.0,1,0.0,2,Yes,Yes,102472.9,0
15708713,Hill,French,Male,35.0,3,0.0,2,Yes,Yes,36249.76,0
15755405,Hudson,French,Male,43.0,9,128284.45,1,No,No,32996.89,1
15647570,Chung,Germany,Male,45.0,8,120591.19,1,No,No,195123.94,0
15684348,Zhdanova,FRA,Male,63.0,8,0.0,2,Yes,Yes,57014.43,0
15702541,Fraser,France,Female,59.0,2,166968.28,1,No,No,159483.76,1
15646942,Meng,Spain,Female,39.0,7,0.0,2,No,No,100929.59,0
15748920,Cherkasova,FRA,Female,49.0,8,0.0,2,Yes,Yes,12513.07,0
15694581,Rawlings,Spain,Male,42.0,5,0.0,2,Yes,Yes,74900.9,0
15643215,Jen,Germany,Male,38.0,2,71667.97,2,No,No,137111.89,0
15649060,Chien,Germany,Female,31.0,3,82729.47,2,No,No,60212.51,0
15774258,Gorbunov,FRA,Male,40.0,1,0.0,2,Yes,Yes,187343.4,0
15731553,Lucas,FRA,Male,23.0,8,0.0,2,No,No,183284.53,0
15617029,Young,Spain,Female,30.0,1,0.0,2,No,No,8125.39,0
15780716,Colombo,Germany,Male,39.0,3,129626.19,2,Yes,Yes,103220.56,0
15577018,Tsao,Germany,Female,26.0,2,114035.39,1,No,No,96885.19,0
15809515,Lewis,Germany,Male,32.0,1,151922.94,1,No,No,8877.06,0
15789924,Hussain,French,Female,39.0,4,0.0,1,Yes,Yes,147530.06,0
15725076,Anderson,Spain,Female,27.0,6,107751.68,2,Yes,Yes,33389.42,0
15672481,Ulyanov,France,Male,37.0,6,0.0,2,No,No,45309.24,0
15574115,Shaw,Spain,Female,41.0,6,101179.23,2,Yes,Yes,35230.61,0
15661830,Lucciano,Spain,Female,36.0,6,0.0,2,Yes,Yes,59816.41,0
15665879,Gordon,France,Female,40.0,8,0.0,2,Yes,Yes,69080.46,0
15673820,Woodward,French,Male,33.0,7,0.0,2,No,No,143450.61,0
15747772,Cunningham,Germany,Male,36.0,9,58571.18,2,No,No,40774.01,0
15666197,Boni,Germany,Female,38.0,8,153058.64,1,No,No,99377.27,0
15773639,Truscott,Germany,Male,35.0,4,98270.34,1,No,No,133617.43,0
15581893,Ginikanwa,FRA,Male,43.0,1,130788.71,1,Yes,Yes,101495.0,1
15672447,Bailey,Germany,Male,40.0,7,99165.84,1,Yes,Yes,119333.95,1
15777830,Hutchinson,France,Female,42.0,4,0.0,2,No,No,167682.37,0
15713890,Maclean,French,Male,44.0,3,0.0,2,Yes,Yes,152884.85,0
15577598,Chiang,Spain,Male,23.0,4,115636.05,2,No,No,70400.86,0
15786042,Willmore,Germany,Female,44.0,2,185932.18,2,No,No,65413.41,0
15753462,Godson,Germany,Male,30.0,2,72549.0,2,Yes,Yes,182728.8,0
15759690,Smith,French,Male,42.0,4,0.0,2,Yes,Yes,81442.6,0
15801414,Bitter,French,Female,35.0,2,0.0,2,No,No,144251.38,0
15656141,Ts'ao,FRA,Male,39.0,5,0.0,1,Yes,Yes,40207.06,0
15608701,Chialuka,Germany,Male,29.0,3,121890.06,1,No,No,54530.51,1
15582892,Scott,FRA,Male,46.0,2,99786.07,1,Yes,Yes,32683.88,1
15632967,Feng,France,Male,34.0,3,0.0,2,Yes,Yes,104703.96,0
15587573,Castiglione,Germany,Male,27.0,4,115084.53,2,Yes,Yes,26907.43,0
15654891,He,France,Male,30.0,6,0.0,2,Yes,Yes,180591.32,0
15611365,Fanucci,France,Female,32.0,9,127661.69,1,No,No,60905.51,0
15749103,Ginikanwa,Germany,Female,47.0,4,118907.6,1,Yes,Yes,47777.15,1
15810203,Manning,Germany,Female,44.0,6,77627.33,2,No,No,108222.68,0
15813660,Forlonge,Spain,Male,40.0,2,160625.17,1,Yes,Yes,3554.63,0
15605673,Liang,Spain,Female,29.0,8,0.0,2,No,No,78616.92,0
15669282,Uchechukwu,French,Female,20.0,10,124266.86,1,No,No,100566.81,0
15792726,Sung,French,Female,25.0,8,127974.06,2,Yes,Yes,183259.35,0
15593241,Tochukwu,France,Male,43.0,3,0.0,2,Yes,Yes,159131.21,0
15683053,Reyna,Spain,Female,48.0,2,0.0,1,No,No,160976.85,1
15632736,Liang,Germany,Female,30.0,3,104911.35,2,Yes,Yes,42933.26,0
15731865,Unwin,FRA,Male,27.0,1,0.0,2,No,No,91291.2,0
15760450,Rutherford,FRA,Male,43.0,1,0.0,2,Yes,Yes,52471.36,0
15787204,Howe,Spain,Female,43.0,1,110646.54,1,No,No,108804.28,0
15650454,Tran,France,Male,57.0,5,0.0,2,Yes,Yes,122449.18,0
15573730,Thompson,Germany,Male,42.0,6,126704.49,2,No,No,41682.3,0
15705050,Linger,French,Male,30.0,9,0.0,2,Yes,Yes,148887.69,0
15791342,Johnston,Spain,Male,31.0,1,84560.04,1,Yes,Yes,137784.25,0
15684316,Udokamma,French,Male,43.0,9,0.0,2,No,No,190573.91,1
15700540,Barrera,Germany,Female,38.0,2,129893.56,1,No,No,102076.03,0
15770631,Sutherland,Spain,Male,25.0,5,167385.81,1,Yes,Yes,56307.51,0
15790594,Bednall,French,Female,27.0,6,0.0,2,Yes,Yes,49775.58,0
15604020,Otoole,Germany,Female,36.0,4,105858.71,1,Yes,Yes,4395.45,0
15637599,Cremonesi,Germany,Female,44.0,4,123070.89,1,No,No,28461.29,1
15736578,Hamilton,French,Male,39.0,1,0.0,1,Yes,Yes,28184.7,0
15666332,Donaldson,Spain,Female,48.0,2,0.0,2,Yes,Yes,3149.1,0
15727291,McKay,French,Female,40.0,1,0.0,2,No,No,194273.12,0
15785920,Black,Germany,Male,35.0,1,125141.24,2,Yes,Yes,148537.07,0
15658987,Kane,France,Female,46.0,4,96173.17,2,Yes,Yes,116378.31,0
15687719,She,Spain,Female,37.0,5,0.0,2,Yes,Yes,6761.84,0
15799641,Bruno,Spain,Male,39.0,2,0.0,2,No,No,81995.92,0
15758702,Watson,FRA,Female,55.0,8,0.0,2,Yes,Yes,14392.68,0
15689526,Shih,Germany,Female,35.0,9,127543.11,2,No,No,468.94,1
15586848,Rose,FRA,Male,38.0,1,0.0,2,No,No,122379.54,0
15707637,Zikoranachukwudimma,French,Female,56.0,1,0.0,1,No,No,13228.93,1
15719426,Cole,France,Male,67.0,8,103101.56,2,Yes,Yes,154002.02,1
15639265,Isaacs,FRA,Male,54.0,7,126113.28,1,No,No,112777.38,0
15576124,Muravyova,France,Male,41.0,1,40488.76,1,No,No,128528.83,0
15757829,Timperley,Germany,Female,40.0,10,137389.77,2,No,No,170122.22,0
15633227,Kenechukwu,France,Female,28.0,9,85146.36,1,No,No,2803.89,0
15753092,He,Germany,Male,35.0,5,129828.58,1,Yes,Yes,181918.26,1
15782939,Storey,French,Male,42.0,4,80214.36,1,No,No,115241.96,1
15746338,Onyekachukwu,France,Female,40.0,2,0.0,2,Yes,Yes,129956.13,0
15590676,Kharlamova,France,Male,34.0,1,141796.43,1,No,No,45858.49,0
15599329,Christopher,France,Female,49.0,7,195238.29,4,Yes,Yes,131083.56,1
15783097,Lombardo,Germany,Male,27.0,6,111348.15,1,No,No,46422.46,0
15597885,Kerr,French,Male,43.0,6,0.0,2,Yes,Yes,57675.88,0
15597467,Duncan,French,Female,71.0,8,0.0,2,Yes,Yes,169741.96,0
15724764,Lawley,Germany,Female,42.0,10,64404.26,2,No,No,26022.37,0
15778418,Burns,Germany,Male,40.0,9,154309.67,1,Yes,Yes,125334.16,1
15684769,Whitson,French,Male,67.0,10,129431.36,1,Yes,Yes,21343.74,0
15756167,Doyne,Spain,Female,43.0,5,134204.67,1,Yes,Yes,139971.01,0
15632439,Pinto,FRA,Female,39.0,4,0.0,2,Yes,Yes,47455.82,0
15755138,Chin,French,Female,32.0,8,0.0,2,Yes,Yes,55593.8,0
15659092,Davide,FRA,Female,50.0,5,0.0,2,No,No,191756.54,1
15742116,Torres,Germany,Female,48.0,9,116711.06,2,No,No,76373.38,0
15801994,Buccho,French,Male,31.0,9,0.0,2,No,No,169278.51,0
15647572,Greece,Spain,Male,34.0,0,54980.81,1,Yes,Yes,136909.88,0
15644551,Wimble,Spain,Female,37.0,3,99773.85,2,No,No,54865.92,0
15709135,Pirozzi,Germany,Male,30.0,7,101231.77,2,No,No,156529.44,0
15684469,Hsiung,Germany,Male,32.0,2,117070.21,1,No,No,113482.2,0
15627637,Obioma,Germany,Male,23.0,8,73314.04,2,No,No,63446.47,0
15667093,Onio,France,Male,37.0,2,0.0,1,Yes,Yes,13624.02,0
15690589,Udinesi,French,Male,37.0,9,212314.03,1,Yes,Yes,148814.54,0
15595350,Fermin,FRA,Female,31.0,3,136067.82,2,No,No,65567.91,0
15777586,Moss,Spain,Female,42.0,2,109052.04,2,No,No,6409.55,0
15804064,Docherty,French,Female,35.0,2,79126.17,1,Yes,Yes,126997.53,0
15717770,Marcelo,Spain,Female,55.0,7,0.0,1,No,No,171762.87,1
15754443,Fadden,France,Female,35.0,9,108308.0,1,No,No,129031.19,1
15776939,Zox,Germany,Female,48.0,3,102290.56,2,No,No,182691.31,0
15713517,Otitodilinna,France,Male,39.0,6,102025.08,2,No,No,12351.01,0
15683522,Kennedy,Germany,Female,37.0,2,113383.07,1,Yes,Yes,135123.96,0
15673995,Tu,Spain,Female,65.0,9,102541.1,1,No,No,181490.42,0
15771054,Barnes,Spain,Male,35.0,5,0.0,2,No,No,186490.37,0
15578788,Bibi,Spain,Male,40.0,6,0.0,2,No,No,41248.8,0
15737408,L?,French,Female,41.0,6,109941.51,1,No,No,116267.28,0
15750837,Landseer,Germany,Male,41.0,0,141749.68,1,Yes,Yes,9201.53,0
15576022,Nwachinemelu,French,Male,38.0,5,0.0,2,Yes,Yes,80630.32,0
15635502,Ch'iu,French,Male,44.0,2,0.0,1,No,No,159165.7,0
15627298,Vinogradova,France,Male,37.0,7,85146.48,2,No,No,86490.09,1
15811415,Jenks,France,Female,44.0,6,134066.1,2,Yes,Yes,197572.41,0
15645059,Crace,FRA,Female,28.0,8,0.0,2,No,No,105159.89,0
15689671,Packham,Spain,Male,27.0,4,0.0,1,Yes,Yes,40807.26,0
15718667,T'ien,France,Male,35.0,7,87619.29,1,No,No,143.34,0
15803202,Onyekachi,France,Male,51.0,10,0.0,1,Yes,Yes,125823.79,1
15593683,Solomina,Spain,Female,30.0,8,0.0,2,No,No,138465.7,0
15703394,Hawes,Spain,Male,27.0,3,0.0,2,No,No,44008.91,0
15570289,Benson,Germany,Male,43.0,8,103409.16,1,No,No,66893.28,1
15567437,Emenike,Germany,Female,30.0,7,123040.38,1,Yes,Yes,76503.06,0
15711687,Nero,French,Male,41.0,4,108128.52,1,Yes,Yes,56784.11,0
15656592,Toscano,Germany,Male,48.0,8,169023.33,2,Yes,Yes,175657.55,0
15634373,Yang,FRA,Male,30.0,5,0.0,2,Yes,Yes,105155.66,0
15769125,Palerma,Spain,Female,41.0,10,0.0,2,Yes,Yes,47468.56,0
15711386,Trentini,France,Female,29.0,6,0.0,2,Yes,Yes,64729.51,0
15714241,Haddon,Spain,Male,42.0,9,222267.63,1,No,No,101108.85,1
15642530,Coates,Germany,Female,47.0,10,144090.42,1,No,No,140938.95,1
15713599,Castiglione,France,Male,30.0,10,114835.43,1,Yes,Yes,37662.49,0
15744770,Stone,French,Male,44.0,2,0.0,2,No,No,86414.41,0
15780498,Maynard,France,Male,34.0,3,145030.92,1,Yes,Yes,41820.65,0
15624397,Moore,FRA,Male,43.0,8,71240.3,1,Yes,Yes,127734.16,0
15615219,Obielumani,FRA,Male,59.0,5,138772.15,1,Yes,Yes,123872.0,0
15570908,Harding,Spain,Female,29.0,7,93617.07,1,Yes,Yes,113050.92,0
15762855,Hill,Spain,Female,23.0,8,0.0,2,Yes,Yes,131389.39,0
15661827,Brown,Spain,Female,45.0,4,0.0,2,Yes,Yes,26589.56,0
15746035,Pagnotto,Spain,Male,25.0,9,74237.2,2,Yes,Yes,195463.35,0
15691906,Esposito,Germany,Female,49.0,5,127421.78,2,No,No,108876.75,1
15793424,Tan,Spain,Female,28.0,8,61274.7,2,No,No,136054.45,0
15577905,Hammond,French,Male,34.0,8,106486.66,2,Yes,Yes,182262.66,0
15667216,Chung,France,Female,29.0,10,73194.52,2,Yes,Yes,129209.09,0
15673971,Houghton,Germany,Female,44.0,6,146498.76,1,No,No,64853.51,1
15701238,Chia,French,Male,47.0,1,0.0,2,No,No,148989.15,0
15644849,Zikoranachidimma,France,Female,32.0,2,0.0,1,Yes,Yes,71047.51,0
15635531,Boag,Spain,Female,30.0,8,0.0,2,No,No,185341.63,0
15632263,Pagnotto,Spain,Male,30.0,5,120355.0,1,No,No,137793.35,0
15720110,Oluchukwu,FRA,Male,32.0,2,117265.21,1,Yes,Yes,198317.23,0
15619045,Baxter,France,Female,43.0,4,0.0,2,Yes,Yes,162137.5,0
15697510,Tien,Spain,Female,52.0,7,0.0,1,No,No,109688.82,1
15784923,Chimezie,Germany,Female,37.0,3,109974.22,1,Yes,Yes,36320.87,1
15567383,Slone,Germany,Female,44.0,2,98009.13,2,Yes,Yes,31384.86,0
15732621,Martin,France,Male,34.0,10,0.0,1,Yes,Yes,114083.73,0
15757981,Loggia,FRA,Male,66.0,8,0.0,1,Yes,Yes,163331.65,0
15727819,Hartley,Spain,Female,34.0,10,171671.9,1,Yes,Yes,50777.77,0
15738088,Parkin,Spain,Male,63.0,10,0.0,2,No,No,30772.86,1
15765173,Lin,France,Female,60.0,3,0.0,1,No,No,113796.15,1
15665159,Brooks,FRA,Male,61.0,0,128213.96,2,Yes,Yes,188729.08,1
15618203,Tien,Germany,Male,51.0,8,116197.65,2,Yes,Yes,86701.4,0
15791452,Dann,French,Male,39.0,1,0.0,2,No,No,153129.22,0
15638159,Trentino,Spain,Female,36.0,6,86607.39,1,No,No,19825.09,0
15585466,Russo,France,Male,29.0,10,0.0,2,No,No,12186.83,0
15677310,Christie,Germany,Male,62.0,5,98854.34,1,No,No,86920.97,1
15646262,Ross,FRA,Male,31.0,7,0.0,1,No,No,35408.77,0
15656901,Nnonso,France,Male,59.0,8,0.0,2,Yes,Yes,165576.55,0
15621093,Teng,Germany,Male,31.0,4,97338.19,2,No,No,48226.76,0
15592123,Buccho,France,Male,30.0,6,0.0,2,Yes,Yes,199454.37,0
15589200,Madukaife,Spain,Male,34.0,9,0.0,2,No,No,118749.58,0
15602934,Dunn,France,Female,33.0,6,131698.57,2,No,No,151623.91,0
15812720,Hooker,Germany,Male,37.0,10,130110.45,2,Yes,Yes,172097.95,0
15695383,Griffin,Spain,Male,44.0,9,0.0,2,No,No,87677.15,0
15723064,Kistler,Spain,Male,24.0,1,165149.13,2,No,No,21858.28,0
15761606,Law,Spain,Female,37.0,9,101707.8,1,No,No,123866.28,0
15650322,Grigoryeva,FRA,Female,34.0,3,105588.66,1,Yes,Yes,74694.41,0
15669782,Chu,Germany,Male,39.0,9,111336.89,1,No,No,16770.31,1
15751628,Onyemachukwu,FRA,Male,60.0,7,78391.17,1,Yes,Yes,49424.6,0
15809057,Lu,Spain,Female,27.0,6,0.0,2,Yes,Yes,172031.22,0
15617052,Watson,France,Male,34.0,9,0.0,1,No,No,183021.06,1
15590810,Fallaci,Germany,Female,41.0,9,144326.09,1,No,No,73979.85,1
15801293,Ni,Germany,Male,27.0,1,101278.25,2,Yes,Yes,26265.18,0
15770968,Leason,Germany,Female,19.0,8,108711.57,2,No,No,24857.25,0
15572356,Tsai,Spain,Male,73.0,1,108555.07,1,Yes,Yes,167969.15,0
15603247,Bruner,Germany,Female,35.0,1,146781.24,1,No,No,189307.7,0
15619116,Wallace,France,Female,36.0,2,0.0,2,Yes,Yes,99770.3,0
15691792,Young,Spain,Male,35.0,8,0.0,1,No,No,119712.78,0
15783276,Forbes,FRA,Female,25.0,9,0.0,2,Yes,Yes,168607.74,0
15766137,Muir,FRA,Male,34.0,2,0.0,2,Yes,Yes,83087.13,0
15574554,Pugh,Germany,Male,66.0,8,103291.25,2,Yes,Yes,130664.79,0
15578671,Webb,Spain,Female,29.0,1,209490.21,1,Yes,Yes,133267.69,1
15716608,Walker,Spain,Male,38.0,2,0.0,3,No,No,67029.82,1
15690670,Cox,French,Male,33.0,2,0.0,2,Yes,Yes,141031.08,0
15630466,Maclean,French,Male,45.0,8,0.0,1,No,No,125110.02,0
15630349,Hollis,Spain,Male,23.0,5,0.0,2,No,No,117832.39,0
15803801,Jamieson,France,Male,34.0,4,0.0,2,No,No,198817.72,0
15647890,Su,French,Male,37.0,9,149405.18,1,Yes,Yes,146411.6,0
15606115,P'eng,France,Female,52.0,6,191665.21,1,Yes,Yes,131312.56,1
15714642,Hawkins,Spain,Female,40.0,7,0.0,1,No,No,141652.2,0
15741181,Ndubuagha,France,Male,41.0,6,135071.12,1,Yes,Yes,64477.25,0
15773973,Hill,FRA,Male,41.0,2,0.0,2,Yes,Yes,191215.61,0
15758546,Norton,Spain,Male,39.0,8,0.0,2,Yes,Yes,37090.44,0
15598940,Achebe,Germany,Male,38.0,6,181804.34,2,Yes,Yes,57517.71,0
15669783,Simpson,France,Female,60.0,3,47020.65,2,Yes,Yes,63241.21,1
15624993,Chiang,FRA,Female,36.0,7,128518.98,1,Yes,Yes,44567.83,1
15760568,Dalrymple,Germany,Female,38.0,5,142658.04,2,Yes,Yes,135337.11,0
15699047,Chukwuemeka,French,Female,21.0,9,120150.39,2,Yes,Yes,33964.03,0
15616168,Ojiofor,French,Female,35.0,7,81905.95,1,Yes,Yes,61623.19,0
15773146,Rubeo,France,Male,26.0,3,137998.2,2,Yes,Yes,168989.77,0
15770375,Fanucci,Germany,Female,26.0,8,123126.29,1,No,No,74425.41,0
15589725,Zubarev,FRA,Female,51.0,4,0.0,2,Yes,Yes,178929.84,0
15710034,T'ao,Germany,Male,43.0,1,135645.29,2,Yes,Yes,101382.86,1
15800806,Pai,Spain,Male,31.0,7,122449.31,2,Yes,Yes,180769.55,0
15570485,Udegbunam,Spain,Male,40.0,4,161766.87,1,No,No,92378.54,0
15575391,Claypool,France,Female,37.0,3,0.0,2,Yes,Yes,38252.25,0
15790750,Manfrin,Germany,Male,36.0,10,123187.51,1,Yes,Yes,146111.35,0
15714832,Baker,Germany,Male,36.0,9,150956.71,1,No,No,72350.17,0
15619953,Efremov,Spain,Female,42.0,6,105021.28,1,No,No,48242.38,0
15673929,Chin,French,Male,64.0,4,0.0,2,Yes,Yes,148305.82,0
15578835,Brookes,Spain,Female,50.0,1,133204.91,1,Yes,Yes,8270.06,0
15752388,Doyle,Spain,Female,35.0,6,0.0,2,Yes,Yes,41549.64,0
15797081,Ajuluchukwu,Germany,Female,49.0,9,115488.52,2,Yes,Yes,138656.81,1
15570194,Ikemefuna,French,Male,29.0,5,0.0,2,No,No,12510.53,0
15580149,Fowler,Spain,Male,41.0,7,0.0,2,No,No,43889.41,0
15777708,Liao,Spain,Female,38.0,3,0.0,2,No,No,192800.25,0
15769955,Onuora,FRA,Female,40.0,1,0.0,2,No,No,75762.0,0
15810444,Aksenov,Germany,Female,39.0,6,130565.02,1,No,No,9854.72,1
15645593,Trevisani,France,Female,41.0,2,91328.71,1,No,No,115724.78,0
15765345,Wood,French,Male,35.0,4,0.0,2,Yes,Yes,106303.4,0
15760873,Lombardo,France,Male,50.0,7,81310.34,1,Yes,Yes,183868.01,0
15794178,Walpole,French,Male,34.0,3,107136.6,1,No,No,153895.46,0
15589361,Chikwendu,Spain,Male,34.0,9,0.0,1,Yes,Yes,66695.71,0
15662483,Ko,French,Male,43.0,7,0.0,2,Yes,Yes,173851.11,0
15809736,Steigrad,France,Male,46.0,2,0.0,1,Yes,Yes,177423.02,1
15731148,Isayeva,FRA,Male,33.0,0,108477.49,1,Yes,Yes,109096.71,1
15774328,Boni,Germany,Male,40.0,1,144757.97,2,Yes,Yes,166656.18,0
15646969,Anayolisa,Spain,Male,33.0,2,0.0,2,Yes,Yes,176921.0,0
15718769,Fallaci,Spain,Male,36.0,1,113110.26,1,No,No,98413.1,0
15610226,Fenton,FRA,Female,27.0,9,106414.57,2,No,No,77500.81,0
15616270,Chao,Spain,Male,42.0,4,106920.91,1,Yes,Yes,119747.08,0
15790717,Osinachi,Spain,Male,35.0,7,0.0,2,No,No,160387.98,0
15635703,Chu,Germany,Female,39.0,1,131513.26,1,Yes,Yes,193715.0,0
15616365,Obiuto,FRA,Female,53.0,2,0.0,2,No,No,28045.77,0
15630244,Chu,France,Male,40.0,10,134320.23,2,No,No,150757.35,0
15734714,Nash,French,Female,29.0,3,79715.36,1,No,No,82252.28,0
15721433,Hixson,French,Female,38.0,4,74306.19,2,No,No,154395.56,0
15590201,Fiorentini,Spain,Female,50.0,5,0.0,4,Yes,Yes,83866.35,1
15590828,Chidimma,Germany,Male,42.0,7,126428.38,1,No,No,39830.1,0
15752097,Chiazagomekpere,Spain,Male,38.0,8,99640.89,1,No,No,12429.22,0
15800031,Laura,France,Male,43.0,3,66338.68,1,Yes,Yes,18772.5,1
15630857,Wu,Spain,Female,39.0,6,0.0,2,Yes,Yes,9574.83,0
15689953,Toscani,Spain,Male,43.0,10,128226.37,1,No,No,188486.94,0
15759733,McMillan,France,Female,26.0,5,0.0,2,Yes,Yes,64716.08,0
15810826,Chiekwugo,French,Male,36.0,6,0.0,2,No,No,84749.96,0
15668009,Hendley,Spain,Male,37.0,1,0.0,2,Yes,Yes,180551.76,0
15743456,Birnie,FRA,Female,32.0,10,0.0,2,No,No,60907.49,0
15725762,Kemp,France,Male,24.0,4,122168.65,1,No,No,174107.04,0
15761713,Johnstone,FRA,Female,43.0,7,178074.33,1,No,No,110405.9,0
15769246,Lo Duca,Germany,Male,59.0,2,135078.41,1,No,No,187636.06,1
15781129,Montgomery,Spain,Male,38.0,8,69434.4,2,Yes,Yes,66580.13,1
15599124,Miller,France,Female,29.0,5,0.0,2,No,No,178779.52,0
15639004,Chiemezie,FRA,Male,72.0,2,0.0,2,Yes,Yes,70783.61,0
15810995,Wright,Germany,Male,34.0,3,122726.56,1,Yes,Yes,46772.36,0
15653773,Shaw,FRA,Female,38.0,7,164496.99,1,Yes,Yes,163327.27,0
15708357,Chapman,Spain,Female,38.0,8,0.0,1,No,No,103760.53,0
15733597,Y?an,French,Female,41.0,0,150219.41,2,No,No,107839.03,0
15789560,Clark,French,Male,42.0,8,187534.79,1,Yes,Yes,32900.41,1
15699524,Howells,France,Female,30.0,3,0.0,1,No,No,193984.6,0
15626475,Gamble,FRA,Male,30.0,2,0.0,2,Yes,Yes,140889.32,0
15810839,Rogers,FRA,Male,34.0,0,103108.17,1,No,No,125646.82,0
15684318,McMillan,Germany,Female,50.0,6,96486.57,2,Yes,Yes,20344.02,0
15768120,Brown,Germany,Male,36.0,9,90560.48,2,No,No,174268.87,0
15712807,Robertson,Spain,Male,46.0,3,131764.96,1,Yes,Yes,108500.66,1
15696371,Thomas,Spain,Female,24.0,1,92476.88,1,No,No,83247.14,0
15675794,Hsing,Germany,Male,47.0,9,152076.93,1,No,No,121840.2,1
15774277,Chiu,France,Male,43.0,2,0.0,2,Yes,Yes,132908.07,0
15603764,Chang,FRA,Male,49.0,4,0.0,1,Yes,Yes,100075.1,1
15618647,Kornilova,FRA,Male,29.0,1,43504.42,1,Yes,Yes,119327.75,0
15614643,Chifo,Spain,Female,39.0,2,0.0,2,No,No,136737.13,0
15707696,Lu,Spain,Female,28.0,5,0.0,2,Yes,Yes,22356.97,0
15749583,Bellucci,Germany,Female,38.0,2,93569.86,3,No,No,10137.34,1
15815125,Michael,Spain,Male,45.0,4,102486.21,2,Yes,Yes,158379.25,0
15779620,Sinclair,France,Male,36.0,1,0.0,1,Yes,Yes,94570.56,0
15768233,Chukwuebuka,Germany,Male,37.0,8,114346.3,1,Yes,Yes,980.93,1
15637788,Schmidt,FRA,Male,23.0,3,110203.77,1,No,No,95583.45,0
15777046,Parry,FRA,Female,39.0,9,128362.59,1,No,No,86044.98,0
15788723,McIntyre,Germany,Female,49.0,10,143888.22,2,Yes,Yes,166236.38,1
15790489,Lo Duca,Spain,Male,34.0,5,170600.78,1,Yes,Yes,5240.53,0
15739476,Ferrari,France,Female,32.0,5,0.0,1,Yes,Yes,150684.23,0
15612670,Berry,Spain,Female,46.0,10,0.0,2,Yes,Yes,129508.96,0
15631222,Cattaneo,French,Female,39.0,2,75339.64,1,Yes,Yes,70665.16,0
15658972,Foster,French,Female,40.0,8,122038.34,1,No,No,102085.35,0
15724691,Gordon,French,Male,34.0,1,0.0,2,Yes,Yes,195052.12,0
15740442,May,France,Male,51.0,8,186825.57,1,No,No,93739.71,1
15760427,Cameron,French,Male,40.0,6,124788.18,1,No,No,65612.12,0
15677939,Ch'eng,FRA,Female,41.0,3,0.0,2,Yes,Yes,160095.48,0
15611599,Curtis,France,Female,71.0,2,0.0,2,Yes,Yes,49506.82,0
15633474,Whitehead,FRA,Male,51.0,2,138553.57,1,Yes,Yes,92406.22,0
15671973,Chukwuemeka,Spain,Male,39.0,5,0.0,2,Yes,Yes,7415.96,0
15790019,Onwughara,France,Male,35.0,9,105387.89,1,Yes,Yes,25059.06,0
15737735,Grant,Spain,Male,40.0,4,95053.1,1,Yes,Yes,116816.54,1
15661745,Browne,FRA,Male,36.0,3,0.0,1,Yes,Yes,144078.02,0
15797065,Goloubev,Spain,Female,32.0,0,0.0,2,Yes,Yes,126675.62,0
15710671,Gordon,FRA,Male,34.0,3,137361.96,1,No,No,183682.09,0
15656522,Sutherland,Spain,Male,32.0,10,158537.42,1,No,No,166850.57,0
15705085,Quesada,Spain,Female,29.0,9,0.0,2,No,No,27359.19,0
15744873,Wright,Germany,Female,48.0,5,143595.87,1,No,No,101314.65,1
15781914,Simmons,Germany,Male,32.0,9,169947.41,2,Yes,Yes,27979.16,0
15637354,Yobachukwu,France,Female,24.0,7,148167.83,2,Yes,Yes,109470.34,0
15717307,Read,French,Male,31.0,5,0.0,2,No,No,93713.13,0
15746695,Wunder,French,Female,39.0,6,48023.83,1,No,No,74870.99,0
15804962,Nnaife,France,Male,36.0,1,155655.46,1,Yes,Yes,192387.51,1
15665378,Shen,France,Female,46.0,6,0.0,2,No,No,73457.55,0
15757865,Powell,French,Male,62.0,7,0.0,2,Yes,Yes,61120.75,0
15578787,Goddard,FRA,Female,52.0,4,0.0,1,No,No,90964.54,1
15794323,Buckley,French,Male,32.0,8,121240.76,1,No,No,116969.73,0
15697546,McIntyre,France,Female,36.0,3,0.0,2,No,No,92118.75,0
15629519,Yen,French,Female,37.0,1,0.0,2,Yes,Yes,48357.9,0
15624703,Okonkwo,Germany,Male,35.0,9,129847.75,2,No,No,197325.4,0
15570002,Burlingame,Germany,Female,55.0,8,118772.71,4,No,No,135853.62,1
15808566,Hs?,French,Male,46.0,2,0.0,2,Yes,Yes,169122.54,0
15805463,Board,Germany,Male,32.0,2,105163.88,2,Yes,Yes,164170.46,0
15709136,Adams,FRA,Male,28.0,8,0.0,2,Yes,Yes,199909.32,0
15801605,Rizzo,France,Female,39.0,0,0.0,2,Yes,Yes,83295.09,0
15567855,Chukwufumnanya,FRA,Female,29.0,1,0.0,2,No,No,39382.06,0
15675141,Fraser,FRA,Female,35.0,4,93934.63,1,No,No,184748.23,0
15665759,Russell,French,Female,69.0,5,117866.92,1,Yes,Yes,62280.91,0
15761487,Yefimova,FRA,Female,55.0,5,0.0,1,Yes,Yes,196794.11,1
15700394,Palermo,Spain,Female,26.0,4,122857.46,2,No,No,144682.17,1
15631162,Bergamaschi,France,Male,32.0,10,0.0,2,Yes,Yes,196342.66,0
15630641,Shao,FRA,Female,37.0,6,127103.97,1,Yes,Yes,41516.44,0
15585066,Chimaraoke,French,Female,43.0,1,0.0,1,Yes,Yes,112026.1,1
15722991,McGregor,FRA,Male,54.0,9,96402.96,1,No,No,52035.29,1
15737404,Kesteven,French,Male,31.0,1,132512.26,1,Yes,Yes,185466.85,0
15722409,Ritchie,Spain,Male,47.0,8,107604.66,1,Yes,Yes,80149.27,0
15806420,Jenks,French,Male,34.0,9,0.0,2,No,No,170980.86,0
15658148,Udokamma,France,Male,38.0,7,0.0,2,No,No,185827.74,0
15810660,Boyle,Germany,Male,34.0,4,120875.23,2,Yes,Yes,113407.26,0
15709780,Azuka,France,Female,37.0,9,71786.9,2,Yes,Yes,67734.79,0
15727350,Pai,French,Female,37.0,8,113143.12,1,No,No,3363.36,0
15752312,Howells,Spain,Male,49.0,1,150777.72,2,Yes,Yes,135757.27,0
15616745,Hs?,Spain,Male,35.0,2,174894.53,1,Yes,Yes,22314.55,0
15572294,Kelly,French,Male,28.0,7,0.0,1,No,No,129526.57,0
15674110,Walton,France,Female,43.0,2,160416.56,1,Yes,Yes,37266.43,0
15662501,Ebelechukwu,FRA,Male,48.0,3,91246.53,1,No,No,60017.46,1
15649239,Vasilieva,Spain,Male,46.0,10,0.0,2,No,No,153015.42,0
15700424,Hsiao,FRA,Female,35.0,5,0.0,1,Yes,Yes,54209.02,0
15636388,Abrego,Germany,Female,23.0,7,98775.23,1,No,No,114603.96,0
15713975,Gibson,Germany,Female,47.0,10,139756.12,1,No,No,165849.49,1
15592925,Giordano,Spain,Male,42.0,3,177626.77,3,Yes,Yes,16392.72,1
15581626,Mancini,FRA,Male,54.0,8,0.0,1,Yes,Yes,162719.69,1
15641319,Afanasyeva,Spain,Male,50.0,4,0.0,1,No,No,107112.25,1
15723481,Wright,Spain,Male,42.0,8,0.0,2,Yes,Yes,41823.22,0
15787825,Okwudiliolisa,Germany,Male,37.0,6,152496.82,1,Yes,Yes,99907.29,0
15710726,Hughes,France,Male,52.0,8,0.0,2,Yes,Yes,178229.04,0
15627195,Parrott,Germany,Male,26.0,1,112930.28,2,No,No,22095.73,0
15657957,Hughes,Germany,Female,26.0,8,113674.2,1,No,No,197861.16,1
15676117,Zinachukwudi,France,Male,44.0,9,0.0,1,No,No,138328.24,0
15607874,Keane,France,Male,38.0,0,144450.58,1,Yes,Yes,137276.83,0
15796993,McCollum,FRA,Male,52.0,1,171236.3,2,No,No,21834.4,1
15649858,Simpson,Spain,Male,37.0,9,96776.49,1,Yes,Yes,119890.86,0
15811032,Gambrell,Germany,Female,58.0,8,145984.92,1,Yes,Yes,24564.7,0
15679963,Moretti,Germany,Male,43.0,8,96353.8,1,No,No,10209.8,0
15579131,Ricci,France,Male,25.0,7,0.0,2,Yes,Yes,83449.65,0
15572428,Rieke,Germany,Female,33.0,0,115777.23,1,Yes,Yes,81508.1,0
15622461,Ndubuagha,France,Female,51.0,7,122822.0,2,No,No,32626.21,0
15636105,Chung,Spain,Male,61.0,2,0.0,2,Yes,Yes,43982.41,0
15583849,Ts'ai,FRA,Male,40.0,3,0.0,2,No,No,124874.23,0
15718780,Cox,Spain,Female,32.0,4,79450.09,1,Yes,Yes,118324.75,0
15739271,Lei,Germany,Male,33.0,2,122394.0,1,Yes,Yes,22113.93,0
15697129,Ulyanova,Spain,Female,43.0,1,0.0,2,No,No,31962.77,0
15763415,Gray,Germany,Male,41.0,0,134378.89,1,Yes,Yes,105746.94,0
15796617,McGregor,France,Male,29.0,2,0.0,2,No,No,39925.52,0
15626628,Tretiakova,Spain,Female,31.0,2,88161.85,2,No,No,127630.88,0
15765857,Genovesi,Spain,Male,41.0,2,142412.13,1,No,No,28778.98,0
15742511,Gordon,FRA,Male,35.0,3,121030.9,1,No,No,10008.68,0
15786433,Aitken,Germany,Female,35.0,3,165982.43,2,Yes,Yes,24482.16,0
15685805,Ginikanwa,Spain,Female,35.0,6,0.0,2,No,No,98618.79,0
15627971,Coates,France,Female,32.0,8,206663.75,1,No,No,16281.94,0
15783025,Piazza,Germany,Male,37.0,3,94661.53,2,No,No,121239.65,0
15726289,Cawood,FRA,Male,25.0,0,174400.36,1,No,No,42669.37,0
15802118,Ignatieff,Spain,Male,41.0,7,123428.69,1,Yes,Yes,164924.11,0
15607990,Gallo,Spain,Male,43.0,6,175735.5,1,Yes,Yes,157337.29,0
15695932,Yelverton,Spain,Male,36.0,5,78381.13,1,Yes,Yes,153831.6,0
15812279,William,FRA,Male,37.0,5,115345.86,2,No,No,168781.8,0
15687558,Mault,Germany,Female,31.0,10,118613.34,1,No,No,168469.65,0
15729065,Mackay,Germany,Male,28.0,2,109960.06,2,Yes,Yes,170829.87,0
15698902,McIntyre,Germany,Female,42.0,1,142703.4,1,No,No,86207.49,1
15570192,Henry,Germany,Female,40.0,8,121729.42,1,No,No,61164.45,0
15809265,Kao,French,Female,35.0,4,0.0,1,Yes,Yes,133287.73,0
15745201,Frewin,France,Female,43.0,4,139496.35,2,Yes,Yes,77128.23,0
15580623,Yefremova,Spain,Male,28.0,8,0.0,2,No,No,77660.03,0
15578156,Anenechukwu,Spain,Male,32.0,5,138521.83,1,Yes,Yes,56897.1,0
15631063,Trentino,France,Female,33.0,2,0.0,2,No,No,72945.32,0
15692577,Tomlinson,Germany,Female,38.0,10,83727.68,1,No,No,45418.12,0
15810910,Royston,Spain,Female,38.0,9,0.0,2,Yes,Yes,158527.45,0
15723217,Cremonesi,FRA,Male,37.0,9,0.0,1,No,No,111312.96,0
15733111,Yeh,Spain,Male,32.0,6,124179.3,1,Yes,Yes,138759.15,0
15610727,Ch'in,French,Male,36.0,7,128829.25,1,No,No,190588.59,0
15792720,Martinez,French,Male,33.0,6,171490.78,1,No,No,79099.64,0
15723153,Wearing,Spain,Male,33.0,3,0.0,2,No,No,138613.21,0
15802823,Maclean,Spain,Female,38.0,7,0.0,2,Yes,Yes,194230.82,0
15756118,T'ao,Spain,Male,20.0,8,0.0,1,No,No,110252.53,0
15684934,Rose,FRA,Male,31.0,9,0.0,2,Yes,Yes,106117.3,0
15776936,Whitworth,FRA,Male,40.0,7,160818.08,1,Yes,Yes,169642.13,1
15729087,Suttor,Germany,Male,54.0,9,156367.6,2,Yes,Yes,116179.92,0
15786463,Hsing,Germany,Female,59.0,8,121669.93,2,No,No,91.75,1
15717498,Boni,French,Male,42.0,6,133970.22,2,Yes,Yes,187839.9,0
15718406,Marshall,FRA,Male,41.0,3,0.0,2,No,No,121098.65,0
15799468,Catchpole,FRA,Female,34.0,3,96127.27,1,No,No,30972.06,0
15626383,Tang,Spain,Male,60.0,7,121907.97,1,Yes,Yes,30314.04,0
15597385,Siddons,Spain,Male,41.0,5,0.0,2,Yes,Yes,14479.29,0
15570271,Wan,Spain,Male,31.0,6,0.0,1,Yes,Yes,196395.25,0
15690330,Efimov,Germany,Female,40.0,8,77701.64,1,Yes,Yes,19512.38,0
15680611,Rose,FRA,Male,67.0,9,0.0,3,Yes,Yes,72318.77,0
15810227,Fanucci,French,Male,34.0,2,0.0,2,Yes,Yes,96615.23,0
15807194,Iweobiegbulam,Spain,Male,34.0,5,113922.44,2,No,No,30772.22,0
15712199,Ijendu,Germany,Female,61.0,2,183997.7,2,Yes,Yes,161217.18,0
15694995,O'Sullivan,France,Male,23.0,2,0.0,2,Yes,Yes,66795.78,0
15723400,Hutchinson,France,Male,28.0,4,0.0,2,Yes,Yes,123969.64,0
15654772,Kwemto,France,Female,47.0,6,89799.46,2,Yes,Yes,13783.77,1
15574743,Chiu,Spain,Male,29.0,2,0.0,1,Yes,Yes,168924.41,0
15807593,Berry,Spain,Female,36.0,7,85660.96,1,No,No,134778.01,0
15686718,Hung,Germany,Male,37.0,9,115569.21,1,Yes,Yes,119782.89,0
15695299,Mordvinova,French,Female,45.0,2,81828.22,1,No,No,52167.97,0
15722701,Bruno,Germany,Male,18.0,1,132694.73,1,No,No,167689.56,0
15799635,Arbour,Spain,Male,51.0,2,108867.0,1,No,No,140800.66,1
15742323,Barese,French,Male,39.0,7,0.0,2,No,No,19823.02,0
15658435,Hingston,French,Female,27.0,5,0.0,2,No,No,72969.9,0
15586029,Davis,Germany,Male,34.0,2,96152.68,2,No,No,143711.02,0
15772337,Lawrence,Germany,Female,49.0,0,153855.52,1,Yes,Yes,180862.26,1
15807555,Chung,FRA,Male,45.0,2,0.0,2,No,No,125658.28,0
15603378,Padovano,France,Female,36.0,3,141334.95,1,Yes,Yes,125870.5,0
15792862,Blinova,Germany,Male,41.0,1,104584.11,1,No,No,15126.32,1
15657349,Carter,Germany,Female,50.0,8,98173.02,1,No,No,22457.25,1
15777614,Webb,Spain,Female,44.0,1,0.0,2,Yes,Yes,82614.89,0
15653952,T'an,Germany,Female,38.0,3,135157.05,1,Yes,Yes,32919.42,0
15724336,Yates,Germany,Female,49.0,5,171601.27,1,No,No,126223.84,0
15689594,Su,FRA,Male,29.0,5,179539.2,1,No,No,112010.02,0
15801920,Christian,Germany,Male,39.0,5,80615.46,2,No,No,180962.32,0
15653347,Chiu,Spain,Male,47.0,1,0.0,1,No,No,128882.66,1
15749951,Sacco,Germany,Male,27.0,5,126285.73,1,No,No,177614.17,1
15648178,Lettiere,Germany,Female,23.0,4,137964.51,1,Yes,Yes,174570.55,0
15738662,Daluchi,Germany,Male,41.0,9,159434.03,1,No,No,178373.93,0
15640855,T'ien,Germany,Male,40.0,5,113574.61,2,No,No,103396.08,0
15584288,Hung,France,Female,33.0,6,0.0,2,Yes,Yes,59129.72,0
15760988,Liu,Germany,Male,33.0,9,124573.33,2,No,No,683.37,0
15569624,Feng,Germany,Female,31.0,6,105864.6,2,No,No,145567.34,0
15597949,Gilbert,Germany,Female,47.0,5,104552.61,1,No,No,48137.08,1
15604551,Robb,FRA,Female,35.0,3,0.0,2,No,No,90876.95,0
15617476,Manfrin,French,Female,30.0,5,0.0,2,Yes,Yes,198543.09,0
15645323,Chinwenma,French,Male,55.0,2,0.0,1,Yes,Yes,106202.07,1
15793311,Smith,Germany,Female,46.0,8,119492.88,2,Yes,Yes,166896.01,1
15764153,Rowe,France,Female,33.0,0,130499.09,2,Yes,Yes,74804.36,0
15802560,Moran,Spain,Female,48.0,6,140576.11,1,Yes,Yes,116971.05,0
15728608,Walker,Germany,Female,34.0,9,91025.58,2,Yes,Yes,163783.0,0
15770474,Myers,FRA,Female,33.0,1,0.0,3,Yes,Yes,70221.13,1
15724444,Wall,French,Female,38.0,1,125877.65,2,Yes,Yes,107841.77,0
15753110,McKay,Spain,Male,64.0,3,45752.78,2,No,No,79623.28,1
15711521,Egobudike,FRA,Male,39.0,3,121778.71,1,Yes,Yes,138399.67,0
15632816,Williams,Germany,Female,49.0,2,127948.57,1,Yes,Yes,182765.14,0
15693637,Ochoa,French,Female,30.0,7,0.0,2,Yes,Yes,186648.19,0
15725509,Otutodilinna,Germany,Male,30.0,5,115286.68,2,Yes,Yes,149587.92,0
15684645,Ajuluchukwu,Germany,Male,41.0,9,62078.21,2,No,No,129050.67,0
15692235,Bellucci,French,Female,38.0,1,0.0,2,No,No,47764.99,0
15777459,Gordon,Spain,Female,32.0,4,175406.13,2,Yes,Yes,172792.43,1
15656937,Johnston,Spain,Male,26.0,1,131643.25,1,No,No,64436.16,0
15610643,De Luca,Germany,Male,44.0,3,151739.65,1,No,No,167461.5,0
15777315,Hill,FRA,Male,43.0,6,93616.35,2,No,No,98348.66,0
15611058,Eluemuno,Germany,Female,60.0,5,138597.54,2,Yes,Yes,41536.59,1
15630413,Howarth,FRA,Female,41.0,5,0.0,2,Yes,Yes,72462.25,0
15635942,Thomson,French,Male,40.0,9,0.0,2,No,No,112465.19,1
15648858,King,FRA,Female,27.0,1,85225.21,1,Yes,Yes,64511.44,0
15810732,Grant,FRA,Female,36.0,8,148749.29,2,No,No,91830.75,0
15705448,Gilbert,Germany,Male,52.0,7,130013.12,1,Yes,Yes,190806.36,1
15730488,Richmond,Spain,Female,27.0,1,0.0,1,Yes,Yes,112311.15,0
15620443,Fiorentino,FRA,Female,81.0,6,0.0,2,Yes,Yes,72276.24,0
15741078,Greece,French,Male,54.0,7,111729.47,2,Yes,Yes,84920.49,0
15753161,Dickson,France,Female,36.0,5,180169.44,2,No,No,17348.56,0
15711396,Henderson,Spain,Male,40.0,8,0.0,2,Yes,Yes,82870.75,0
15593499,Stevens,Spain,Female,47.0,6,0.0,1,No,No,32080.69,1
15579189,Mitchell,France,Female,42.0,5,0.0,2,Yes,Yes,120512.08,0
15743545,Nworie,Spain,Female,29.0,2,0.0,2,No,No,179032.68,0
15791316,Boni,French,Male,35.0,3,0.0,2,Yes,Yes,95623.28,0
15608246,Wentcher,Germany,Female,36.0,8,103914.17,1,Yes,Yes,110035.88,1
15676526,Bentley,France,Female,34.0,4,88772.87,1,Yes,Yes,168822.01,0
15813911,Hayes-Williams,French,Female,39.0,5,0.0,1,No,No,77705.75,0
15630195,Johnstone,French,Female,40.0,6,131184.67,1,Yes,Yes,49815.62,0
15736250,Johnstone,French,Male,38.0,2,117810.79,1,Yes,Yes,65632.33,1
15671334,Nixon,FRA,Male,31.0,4,0.0,1,No,No,169361.89,0
15574169,Trevisano,Germany,Female,32.0,0,92466.21,1,No,No,4721.3,0
15718839,Tsui,Germany,Female,38.0,2,102741.15,2,Yes,Yes,23974.85,0
15762331,Moss,FRA,Male,37.0,9,178755.84,1,No,No,199929.17,0
15606901,Graham,French,Male,43.0,7,0.0,2,No,No,40023.7,0
15713559,Onyemauchechukwu,Germany,Female,32.0,5,146602.25,2,Yes,Yes,72946.95,0
15768881,Saunders,FRA,Male,29.0,2,0.0,2,Yes,Yes,170421.13,0
15743075,Ko,France,Male,35.0,6,0.0,2,Yes,Yes,58879.11,0
15660980,Cairns,Spain,Male,38.0,6,115702.67,2,Yes,Yes,25059.05,0
15810942,Chiemela,Germany,Female,61.0,2,137655.31,1,Yes,Yes,29909.84,0
15728362,Robertson,France,Female,29.0,3,0.0,2,No,No,158043.11,0
15683339,P'eng,Spain,Female,34.0,6,59877.33,1,No,No,14032.62,1
15685476,Tseng,France,Male,31.0,5,100082.14,1,Yes,Yes,49809.88,0
15663650,Russell,Germany,Male,52.0,10,107304.39,3,No,No,28806.32,1
15617434,Yen,Spain,Male,38.0,9,0.0,1,Yes,Yes,90490.33,0
15622470,Yeh,Spain,Male,41.0,10,96032.22,1,Yes,Yes,75825.57,0
15703682,Kalinina,Spain,Male,33.0,10,0.0,1,No,No,158336.36,0
15727391,Collier,Germany,Male,29.0,9,144553.5,2,No,No,143454.95,0
15711062,Thomas,Germany,Male,40.0,5,86172.81,2,Yes,Yes,117279.49,0
15567339,Shaw,France,Male,73.0,9,0.0,1,Yes,Yes,114283.33,0
15760662,Francis,Germany,Female,29.0,2,87212.8,1,Yes,Yes,994.86,0
15605737,George,FRA,Male,36.0,5,0.0,2,No,No,124795.84,0
15692977,Ikenna,Germany,Female,36.0,2,130700.92,2,No,No,77592.8,0
15672082,Schatz,French,Male,62.0,3,0.0,2,No,No,105986.01,0
15600280,Tao,FRA,Female,32.0,6,0.0,2,No,No,33606.52,0
15804052,Scott,Spain,Male,23.0,6,0.0,2,Yes,Yes,134188.11,0
15576065,Sims,Spain,Female,40.0,5,171325.98,1,Yes,Yes,159718.27,1
15796838,Chibugo,Spain,Male,58.0,4,92930.92,1,Yes,Yes,85148.78,0
15693526,Ku,France,Female,40.0,0,0.0,1,No,No,119059.13,0
15748595,Stanton,France,Female,29.0,1,77556.79,2,Yes,Yes,122998.26,0
15679029,Kung,French,Male,33.0,7,102874.28,1,No,No,117841.06,0
15753639,Gibson,French,Male,37.0,5,146093.39,2,No,No,160593.41,0
15604138,Iheanacho,Spain,Male,34.0,2,0.0,1,No,No,174189.04,1
15666095,Costa,Spain,Male,51.0,4,79811.72,2,Yes,Yes,68260.27,1
15643487,Sal,Spain,Male,39.0,10,105473.74,1,No,No,58854.88,1
15764033,Lin,Germany,Female,43.0,1,121927.92,1,No,No,87994.95,1
15747288,Ferri,Spain,Female,40.0,6,61671.19,1,Yes,Yes,150659.35,1
15790599,Yin,Germany,Female,39.0,5,149363.12,2,Yes,Yes,109098.39,0
15737705,Avdeyeva,FRA,Female,27.0,4,152309.37,1,No,No,104112.0,0
15737194,Tu,FRA,Female,33.0,5,0.0,2,No,No,122949.71,0
15726776,Donnelly,Spain,Male,36.0,1,111629.29,1,Yes,Yes,21807.16,0
15804357,Loggia,French,Male,40.0,3,0.0,1,Yes,Yes,32319.93,0
15664432,Chao,Spain,Female,49.0,7,96296.78,1,No,No,190457.87,1
15688984,Belonwu,France,Male,20.0,4,95830.43,1,No,No,177738.98,0
15583026,Welch,FRA,Female,38.0,0,135919.33,1,No,No,80425.65,0
15771668,Henderson,France,Male,59.0,10,185966.64,1,No,No,9445.42,1
15779904,Yobanna,France,Female,29.0,5,0.0,2,Yes,Yes,174825.57,0
15784323,Gallo,French,Female,21.0,7,0.0,2,No,No,175743.92,0
15756277,Wilson,Germany,Female,43.0,8,92244.83,2,No,No,54949.73,0
15663312,Marino,France,Female,35.0,9,112727.06,2,No,No,183752.91,0
15793197,Bailey,FRA,Female,34.0,8,100359.54,1,No,No,46038.28,0
15731463,Gboliwe,Germany,Male,43.0,10,105301.5,1,Yes,Yes,78941.59,0
15621768,Chukwuhaenye,Spain,Male,45.0,6,112994.65,1,No,No,198398.68,0
15691323,Bianchi,Germany,Male,40.0,4,89025.88,2,No,No,188892.19,0
15781326,Ford,FRA,Male,35.0,9,95478.17,1,No,No,169286.74,0
15595640,Rizzo,FRA,Male,37.0,8,0.0,2,No,No,145004.39,0
15814331,Lung,Germany,Female,43.0,7,119127.46,2,No,No,55809.92,0
15602030,Ramirez,France,Male,28.0,4,128206.79,1,Yes,Yes,54272.12,0
15747974,Sabbatini,France,Male,49.0,1,0.0,2,No,No,192440.54,0
15611315,Ts'ao,Germany,Female,23.0,4,71433.08,1,No,No,103697.57,0
15636977,Trevisan,Germany,Male,36.0,9,118214.32,3,No,No,119110.03,1
15690337,Chinwenma,France,Female,27.0,5,102258.11,2,No,No,194681.6,0
15680666,Berry,Spain,Female,39.0,2,151963.26,2,No,No,158948.63,0
15679551,Colombo,Spain,Female,46.0,2,163764.84,1,Yes,Yes,165122.55,1
15778915,Harris,FRA,Female,32.0,7,128551.36,2,Yes,Yes,189402.71,0
15568849,Bryan,Spain,Female,31.0,10,118158.74,1,Yes,Yes,158027.57,0
15747762,Chigozie,French,Male,32.0,7,118520.41,1,No,No,3815.48,0
15753679,Mullawirraburka,French,Male,24.0,4,0.0,2,Yes,Yes,162809.2,0
15750049,Steele,French,Male,40.0,10,163823.37,1,No,No,89519.47,0
15606097,Zakharov,Germany,Male,63.0,7,104469.58,1,Yes,Yes,25165.36,1
15802368,Ch'eng,France,Female,47.0,6,0.0,1,Yes,Yes,126012.57,0
15767488,Berry,Spain,Male,36.0,7,0.0,2,No,No,20109.21,0
15669946,Jen,Germany,Female,46.0,2,141726.88,1,Yes,Yes,58257.23,0
15612103,Wang,Germany,Female,35.0,2,137852.96,1,Yes,Yes,172269.21,1
15645353,Chubb,FRA,Male,26.0,1,0.0,1,No,No,29818.2,0
15650018,Chen,France,Female,43.0,8,154100.3,1,No,No,114659.81,0
15659002,Mazzanti,French,Female,45.0,6,0.0,2,No,No,147184.74,0
15616028,T'ao,France,Male,30.0,2,0.0,3,Yes,Yes,15039.41,0
15660475,Ndubueze,French,Female,54.0,9,0.0,1,Yes,Yes,76621.49,0
15652615,Ferri,France,Male,39.0,8,140004.96,1,Yes,Yes,92985.78,0
15653572,Thornton,Spain,Male,43.0,8,127132.96,1,Yes,Yes,6009.27,1
15628059,DeRose,FRA,Male,61.0,1,0.0,2,Yes,Yes,191370.97,0
15703413,Montes,French,Female,38.0,7,125328.56,1,No,No,188225.67,0
15610433,Kwemto,French,Male,35.0,9,0.0,2,No,No,11743.89,0
15770548,Lucchese,Germany,Female,28.0,3,139986.65,1,No,No,136846.75,0
15645637,Huggins,Germany,Female,39.0,6,119787.76,1,Yes,Yes,164248.33,0
15590888,Wade,Spain,Female,34.0,10,107556.06,2,No,No,154631.35,0
15568326,Kenenna,FRA,Female,44.0,2,0.0,2,No,No,149665.65,0
15655368,Wheeler,French,Male,47.0,1,0.0,1,No,No,91574.92,0
15665579,Cartwright,FRA,Female,28.0,0,142705.95,1,No,No,127233.39,0
15676091,Iloerika,French,Male,42.0,7,0.0,1,Yes,Yes,56650.47,0
15716984,Palermo,Spain,Female,56.0,4,0.0,2,No,No,84644.76,0
15715078,Nkemakolam,FRA,Male,35.0,6,161613.94,2,Yes,Yes,148238.16,0
15569452,Butler,Germany,Female,58.0,3,116353.2,2,Yes,Yes,193502.9,0
15628863,Calabresi,French,Male,38.0,4,60013.81,1,Yes,Yes,38020.05,0
15778192,Nkemdilim,Spain,Male,28.0,4,0.0,2,Yes,Yes,176750.81,0
15793723,Ch'iu,Germany,Male,32.0,9,144272.07,2,No,No,176580.63,0
15798943,Alexander,France,Female,46.0,8,0.0,2,No,No,133059.15,0
15764708,Chiabuotu,FRA,Male,30.0,6,117696.67,1,No,No,100843.82,0
15791040,Vasilyeva,Spain,Male,58.0,1,79954.61,2,Yes,Yes,30484.19,0
15631512,Schneider,France,Female,26.0,8,149989.39,1,No,No,42330.58,0
15640106,Mason,FRA,Male,40.0,7,124339.9,1,No,No,193309.58,0
15710315,Chukwukadibia,Germany,Male,29.0,4,135759.4,1,No,No,112813.79,1
15771535,Tsui,Spain,Female,37.0,9,0.0,2,No,No,68008.85,0
15611947,Banks,France,Male,34.0,3,83074.0,1,No,No,132673.22,0
15670266,Shih,France,Female,28.0,4,141792.61,1,Yes,Yes,22001.91,0
15609083,Tretiakova,France,Female,26.0,6,0.0,1,No,No,100200.4,1
15567923,Barese,FRA,Female,30.0,6,0.0,1,No,No,122604.44,0
15788183,Longo,Germany,Female,43.0,1,106870.12,2,No,No,100564.37,0
15735782,MacDonald,FRA,Male,31.0,9,120962.59,1,No,No,5419.31,0
15774401,Chambers,Spain,Male,51.0,4,0.0,2,No,No,123587.83,1
15737971,Cowen,FRA,Female,30.0,5,0.0,2,No,No,13935.32,0
15758750,Iweobiegbunam,French,Male,31.0,0,110527.17,1,Yes,Yes,87060.77,0
15611767,Mai,Germany,Female,52.0,0,133723.43,1,No,No,4859.59,1
15643770,Yu,FRA,Female,52.0,5,112670.48,1,No,No,21085.17,1
15744717,Duffy,French,Female,44.0,2,0.0,2,Yes,Yes,26733.86,0
15570681,Chiang,FRA,Male,24.0,1,116084.32,1,No,No,89734.7,0
15792650,Watts,Spain,Male,36.0,0,0.0,1,Yes,Yes,179540.73,1
15605531,Daly,Spain,Female,38.0,6,0.0,2,No,No,173219.09,0
15605339,Baker,French,Female,37.0,10,0.0,2,Yes,Yes,37411.35,0
15672216,Uvarov,French,Female,40.0,4,82441.75,1,No,No,80852.11,0
15812893,Costa,French,Female,39.0,10,0.0,2,Yes,Yes,43174.49,1
15624180,Genovesi,Germany,Female,37.0,10,134171.8,4,Yes,Yes,70927.11,1
15701364,Doherty,FRA,Male,30.0,10,0.0,2,Yes,Yes,54265.55,0
15762588,Kaleski,France,Male,31.0,5,0.0,2,Yes,Yes,41872.17,0
15806318,Wright,Germany,Female,48.0,2,124442.38,1,No,No,15068.53,1
15712596,Huang,FRA,Male,31.0,4,0.0,1,No,No,25950.49,0
15600399,Trentino,French,Male,60.0,4,0.0,1,No,No,197727.14,1
15576216,Chienezie,Germany,Female,37.0,4,108862.76,1,No,No,79555.08,1
15620750,Sugden,France,Male,28.0,3,141099.43,1,Yes,Yes,15607.27,0
15623489,Tu,French,Female,67.0,0,128843.67,1,Yes,Yes,134612.48,0
15667944,Onuchukwu,FRA,Male,39.0,0,86843.61,1,Yes,Yes,159830.58,0
15584928,Ugochukwutubelum,Germany,Female,32.0,4,120074.97,2,Yes,Yes,162961.79,0
15779913,Davidson,FRA,Male,27.0,5,130231.8,2,Yes,Yes,192427.16,0
15644977,Goddard,FRA,Female,31.0,5,0.0,2,No,No,92647.94,0
15749679,Beck,French,Male,39.0,2,109724.38,1,Yes,Yes,180022.39,0
15629010,Beam,Germany,Female,35.0,5,111743.43,1,Yes,Yes,183584.14,0
15768465,Sheppard,Germany,Male,35.0,8,121309.17,2,Yes,Yes,28750.67,0
15767781,Godfrey,France,Male,38.0,10,82697.28,1,No,No,74846.67,0
15635364,Gray,FRA,Female,49.0,9,44301.43,3,Yes,Yes,89729.3,1
15722004,Hsiung,FRA,Female,31.0,4,138317.94,1,No,No,61843.73,0
15766044,Cameron,Germany,Male,49.0,4,120688.61,1,No,No,24770.22,1
15586680,Fleming,France,Male,27.0,4,176913.52,1,No,No,80587.27,0
15635388,Austin,Spain,Male,47.0,6,89047.14,1,No,No,116286.25,0
15655175,Wallace,Germany,Male,40.0,4,114318.78,2,No,No,129333.69,1
15639133,Ku,French,Female,50.0,4,0.0,2,No,No,129372.94,0
15799653,Fiorentino,Germany,Female,32.0,7,94753.55,2,Yes,Yes,18149.03,0
15723872,Buccho,Spain,Female,46.0,10,0.0,2,Yes,Yes,168369.37,0
15775627,Gordon,French,Male,35.0,8,0.0,2,Yes,Yes,67431.28,0
15630704,Haworth,Germany,Male,32.0,9,106520.73,2,No,No,177092.16,0
15815534,Guidry,Spain,Male,37.0,0,134006.39,1,Yes,Yes,93736.69,0
15697249,Lettiere,Germany,Female,25.0,3,132837.7,1,No,No,131647.31,0
15681316,Tai,FRA,Female,41.0,0,120549.29,2,No,No,175722.31,0
15682523,Chigozie,FRA,Male,20.0,1,139432.55,1,Yes,Yes,85606.83,0
15650244,Bezrukov,Spain,Male,29.0,7,80895.44,2,No,No,64945.57,0
15648638,Chia,Spain,Male,34.0,6,0.0,2,No,No,190347.72,0
15795747,Sheppard,Spain,Female,39.0,7,171646.76,1,Yes,Yes,100791.36,0
15607330,Vasilyev,Spain,Male,42.0,0,109121.71,1,Yes,Yes,167873.49,0
15624013,Maxwell,France,Female,39.0,6,109844.81,1,No,No,25289.23,0
15800805,Maher,French,Female,31.0,7,140931.82,1,Yes,Yes,20388.77,0
15667321,Cocci,Spain,Male,49.0,10,0.0,2,Yes,Yes,145089.64,0
15601116,P'an,French,Male,32.0,6,0.0,2,Yes,Yes,179093.26,0
15622033,Rapuluchukwu,Germany,Female,41.0,3,101543.51,4,No,No,16025.17,1
15758451,Azuka,Germany,Male,37.0,7,102708.77,1,No,No,9087.81,0
15688689,Esposito,Germany,Female,37.0,8,149000.91,2,Yes,Yes,21472.42,0
15652674,Hou,French,Male,20.0,0,83459.86,1,Yes,Yes,146752.67,0
15806327,Cyril,FRA,Female,40.0,3,75893.11,2,No,No,132562.23,0
15649618,Tomlinson,Germany,Female,39.0,7,167395.6,2,Yes,Yes,139537.43,0
15677117,Crawford,French,Female,61.0,6,0.0,2,Yes,Yes,133672.61,0
15751445,Chikwado,Germany,Female,52.0,6,71283.09,2,Yes,Yes,38984.37,0
15749669,Hargreaves,French,Female,31.0,3,0.0,2,Yes,Yes,115217.59,0
15656351,Laidley,Spain,Male,60.0,3,0.0,2,Yes,Yes,93844.82,0
15667438,Ferguson,French,Female,38.0,1,104016.88,1,No,No,22068.83,1
15682273,Burns,French,Female,38.0,5,127616.56,1,No,No,123846.07,0
15580912,McNeill,France,Male,32.0,5,154737.88,2,Yes,Yes,172638.13,0
15785183,Chukwuebuka,Spain,Male,29.0,2,0.0,2,Yes,Yes,1591.19,0
15705383,Shen,French,Male,35.0,4,125476.31,1,Yes,Yes,91775.51,0
15712903,Diaz,French,Female,21.0,3,176511.08,1,Yes,Yes,153920.22,0
15774285,Kentish,Spain,Female,47.0,8,110783.28,1,Yes,Yes,71420.16,0
15583138,Persse,French,Male,42.0,2,141642.92,2,No,No,172149.76,0
15740160,Okwukwe,FRA,Male,31.0,1,0.0,2,Yes,Yes,54706.75,0
15793425,Watt,Spain,Female,33.0,9,0.0,1,Yes,Yes,183358.21,0
15749265,Carslaw,Germany,Male,42.0,1,75681.52,1,Yes,Yes,57098.0,0
15623989,Griffin,France,Male,54.0,3,0.0,1,No,No,156910.46,1
15604832,Hsia,FRA,Male,29.0,7,0.0,1,Yes,Yes,130224.73,0
15584580,Fyodorova,French,Male,35.0,6,161111.45,1,No,No,13946.66,0
15573854,Chukwujekwu,FRA,Male,62.0,5,0.0,2,Yes,Yes,38652.96,0
15614847,Townsend,French,Female,45.0,6,72494.69,1,Yes,Yes,140041.78,0
15679966,Marsh,French,Female,31.0,3,133964.3,1,Yes,Yes,166187.1,0
15799435,Hayes,Spain,Male,34.0,1,0.0,1,No,No,139919.38,0
15752186,Padovano,French,Female,27.0,3,0.0,2,No,No,28137.03,0
15705544,Ma,France,Male,61.0,3,157201.48,1,Yes,Yes,50368.63,0
15713632,Ham,Spain,Female,48.0,5,95679.29,1,No,No,94978.1,0
15586523,Paten,Germany,Female,29.0,7,106230.92,1,Yes,Yes,69903.93,1
15609176,Cawthorne,French,Female,32.0,5,0.0,2,Yes,Yes,177607.77,0
15769308,Herbert,Germany,Female,36.0,9,81231.85,2,No,No,196731.08,0
15676810,Jen,French,Female,31.0,1,81480.27,2,Yes,Yes,65234.6,0
15634591,Saunders,French,Male,33.0,8,73059.38,1,Yes,Yes,186281.0,0
15679804,Esquivel,France,Male,36.0,5,117559.05,2,Yes,Yes,111573.3,0
15677764,Chao,Germany,Female,74.0,1,186445.31,2,Yes,Yes,196767.83,0
15571917,Eluemuno,Germany,Female,38.0,5,137657.71,2,No,No,72985.61,0
15574608,Sidorova,France,Male,36.0,8,133889.35,1,Yes,Yes,143265.65,0
15740868,Pirogova,Germany,Female,45.0,9,134562.8,1,Yes,Yes,159268.67,0
15702442,Benson,Germany,Female,56.0,9,100781.75,2,Yes,Yes,54448.41,0
15699797,Santana,FRA,Male,30.0,8,174356.13,1,No,No,31928.5,0
15648047,Williamson,Germany,Male,27.0,5,190125.43,2,No,No,21793.59,0
15766826,North,France,Male,26.0,7,146266.0,1,No,No,21903.62,1
15591628,Davies,Germany,Male,41.0,9,164046.1,1,No,No,49405.93,0
15583857,Siciliano,Spain,Female,43.0,4,123536.52,2,No,No,154908.52,0
15752534,Mironov,FRA,Male,36.0,10,0.0,2,Yes,Yes,182867.84,0
15741403,Amechi,Spain,Female,38.0,1,171848.38,1,No,No,16957.45,0
15783589,Toscano,France,Male,40.0,9,0.0,2,No,No,93717.55,0
15598046,Su,France,Female,39.0,5,139562.05,2,No,No,61636.22,0
15643330,Chukwuemeka,French,Male,37.0,2,0.0,2,Yes,Yes,95864.5,0
15680405,P'eng,FRA,Male,40.0,2,168001.34,2,Yes,Yes,167400.29,0
15728683,Lombardo,France,Male,27.0,0,0.0,2,Yes,Yes,131534.96,0
15621644,Lombardi,Germany,Male,83.0,6,123356.63,1,Yes,Yes,92934.41,0
15733032,Butler,Spain,Male,47.0,2,0.0,2,Yes,Yes,119808.64,0
15608381,Dean,Germany,Male,50.0,2,125845.66,1,No,No,9439.31,1
15658946,Piccio,Germany,Male,40.0,10,45408.85,2,No,No,18732.91,0
15757912,Bradley,Germany,Female,37.0,0,125977.81,1,No,No,160162.42,0
15645371,Cameron,Germany,Female,51.0,7,147262.11,1,Yes,Yes,53630.9,1
15653110,Chan,FRA,Male,42.0,8,133767.19,1,No,No,36405.21,0
15766355,Lettiere,Germany,Male,49.0,0,108806.96,3,No,No,61446.92,1
15585249,Mironova,France,Male,42.0,6,106036.52,1,No,No,194686.78,1
15611786,Tsui,Spain,Female,69.0,9,0.0,1,Yes,Yes,134483.07,0
15575486,Okoli,FRA,Female,27.0,1,0.0,2,Yes,Yes,37769.98,0
15780215,Berry,France,Male,31.0,6,0.0,2,Yes,Yes,2382.61,0
15686099,Ruse,Spain,Male,61.0,1,82182.1,1,No,No,106826.92,1
15739042,Bogolyubov,French,Female,35.0,9,0.0,2,No,No,39511.61,0
15815316,Kennedy,FRA,Male,50.0,9,76817.0,4,No,No,196371.13,1
15778489,Bolton,Germany,Male,71.0,9,142550.25,2,Yes,Yes,122506.78,0
15786389,Chuang,Spain,Female,41.0,10,0.0,2,Yes,Yes,61994.2,0
15601787,Greco,Germany,Male,35.0,2,103711.56,1,Yes,Yes,192464.21,1
15624715,Ma,Spain,Female,40.0,2,0.0,1,Yes,Yes,5194.95,0
15763093,Nucci,Germany,Female,35.0,7,128369.75,2,No,No,198256.15,0
15572073,Yao,Spain,Male,35.0,5,0.0,2,Yes,Yes,62634.94,0
15780256,Palfreyman,FRA,Male,34.0,9,0.0,2,Yes,Yes,114006.35,0
15659305,Webster,Germany,Male,19.0,8,166133.28,1,Yes,Yes,107994.99,0
15638882,Cardell,Germany,Female,62.0,9,148214.36,1,No,No,48571.14,1
15714680,Bianchi,France,Female,78.0,5,121206.96,1,Yes,Yes,76016.49,0
15777217,Somadina,Spain,Male,25.0,10,0.0,2,Yes,Yes,180808.39,0
15739123,Mellor,Germany,Male,50.0,4,127552.85,2,No,No,4225.11,0
15594450,Tomlinson,France,Male,49.0,9,159458.53,1,No,No,135841.35,0
15797751,Pai,Germany,Female,47.0,5,102085.72,1,Yes,Yes,183536.24,1
15691543,Lennox,Germany,Male,58.0,2,142537.18,1,Yes,Yes,88791.83,0
15722845,Meldrum,Spain,Male,29.0,1,182781.74,2,Yes,Yes,63732.9,0
15605804,Watson,France,Male,45.0,10,0.0,2,No,No,1364.54,0
15702061,Findlay,French,Male,29.0,7,0.0,2,Yes,Yes,149184.15,0
15694321,Su,French,Female,28.0,3,0.0,2,No,No,53394.12,0
15798749,Davidson,Germany,Female,43.0,3,152063.59,2,No,No,97910.06,0
15720050,Barrett,French,Female,28.0,2,110997.76,1,No,No,101433.76,0
15758048,Miah,France,Male,50.0,2,148942.0,1,Yes,Yes,116944.3,0
15805681,Chamberlain,FRA,Male,41.0,9,0.0,1,Yes,Yes,113267.48,0
15802809,Vidal,Spain,Female,36.0,0,84438.57,1,Yes,Yes,181449.51,0
15807239,Lung,France,Female,34.0,7,93920.47,1,No,No,179913.98,0
15749093,Tretyakova,FRA,Male,43.0,4,158713.08,2,No,No,98586.14,0
15689344,Montgomery,Spain,Male,42.0,4,0.0,3,Yes,Yes,120321.09,0
15606076,Golubev,Germany,Male,63.0,7,123204.88,1,Yes,Yes,100538.8,0
15610090,Han,French,Male,40.0,8,72945.29,2,No,No,98931.5,0
15693926,Pan,Spain,Male,37.0,0,178742.71,1,Yes,Yes,194493.57,0
15791501,Carroll,France,Male,43.0,8,0.0,2,Yes,Yes,143628.31,0
15621870,Hawkins,Spain,Female,40.0,8,0.0,1,No,No,167030.51,0
15734711,Loggia,French,Male,42.0,7,0.0,1,No,No,77786.37,1
15814405,Chesnokova,FRA,Female,46.0,9,0.0,1,Yes,Yes,81014.5,1
15729359,Chambers,French,Female,29.0,9,0.0,2,Yes,Yes,41866.26,0
15606944,Fleming,Germany,Male,43.0,9,140121.17,1,No,No,11302.7,1
15671934,Veale,Germany,Male,39.0,2,132906.88,1,Yes,Yes,149384.43,0
15641773,Browne,Germany,Male,45.0,2,179334.83,2,Yes,Yes,169303.65,0
15701972,Parsons,FRA,Male,35.0,3,137179.39,1,Yes,Yes,37264.11,0
15749114,Bailey,Spain,Male,35.0,3,0.0,2,Yes,Yes,19515.48,0
15780362,Ferrari,France,Female,49.0,9,119960.29,2,No,No,103068.22,0
15753229,Genovese,French,Male,29.0,9,127414.55,1,Yes,Yes,134459.12,0
15656009,McIntyre,French,Female,36.0,6,0.0,1,No,No,70496.66,0
15785024,Warner,FRA,Female,40.0,9,137409.19,1,No,No,175877.7,1
15670492,Gordon,French,Male,28.0,8,0.0,2,No,No,106390.01,0
15795458,McMillan,Spain,Female,39.0,2,0.0,1,Yes,Yes,52138.49,0
15732438,Cheng,FRA,Male,43.0,4,0.0,4,No,No,18522.91,1
15781987,Akhtar,French,Male,31.0,9,112494.99,1,Yes,Yes,32231.6,0
15775826,Iadanza,France,Male,30.0,1,78133.15,1,Yes,Yes,174225.88,0
15807457,Abernathy,Spain,Female,36.0,1,0.0,2,No,No,102021.39,0
15632538,Watson,Spain,Female,32.0,5,145553.07,1,Yes,Yes,31484.76,0
15641389,Shen,Germany,Male,48.0,4,123593.22,2,No,No,82469.06,1
15657306,Kershaw,French,Female,47.0,2,0.0,1,No,No,110900.43,1
15709447,Reed,FRA,Female,26.0,0,146286.22,1,No,No,105105.35,0
15762682,Mitchell,Spain,Female,35.0,1,111827.27,2,No,No,12674.68,0
15626042,Webb,Spain,Female,26.0,2,0.0,2,Yes,Yes,93255.85,0
15597109,Vanzetti,FRA,Male,70.0,1,94416.78,1,Yes,Yes,145299.5,0
15756148,Nnanna,Spain,Male,45.0,2,91549.78,1,Yes,Yes,47139.44,0
15665634,Campbell,FRA,Female,38.0,7,59568.57,1,Yes,Yes,167723.25,0
15739997,Capon,FRA,Female,23.0,2,94464.81,2,Yes,Yes,185900.88,0
15686242,Otutodilichukwu,France,Female,57.0,4,0.0,1,No,No,85876.67,1
15759244,Boone,Germany,Male,44.0,8,95368.14,2,Yes,Yes,1787.85,0
15672027,McIntyre,Germany,Female,33.0,10,102185.42,2,No,No,23231.93,0
15594576,Zhdanov,French,Male,32.0,1,144875.71,1,No,No,187740.04,0
15707138,Nagy,Spain,Male,39.0,5,0.0,2,Yes,Yes,100060.54,0
15756954,,France,Female,,2,0.0,1,Yes,Yes,-999999.0,0
15619130,Simpson,Germany,Female,37.0,5,113291.05,2,Yes,Yes,132467.54,0
15639665,Herbert,Spain,Male,61.0,0,0.0,2,Yes,Yes,96202.44,0
15571065,Lehr,Spain,Female,39.0,0,0.0,2,No,No,94977.3,0
15686060,Chou,Germany,Male,43.0,9,111677.88,1,No,No,178827.3,1
15615753,Upchurch,Germany,Female,35.0,8,131101.04,1,Yes,Yes,192852.67,0
15800961,Ugorji,Germany,Male,52.0,1,76101.81,2,Yes,Yes,177238.35,0
15763065,Palerma,Spain,Female,40.0,2,0.0,2,No,No,199753.97,0
15672467,Coles,FRA,Female,52.0,7,92510.9,2,Yes,Yes,66193.61,0
15752915,Hsueh,France,Female,34.0,2,0.0,2,Yes,Yes,181270.84,0
15744695,Tu,France,Male,39.0,5,77652.4,1,Yes,Yes,25407.59,0
15584897,Kuo,France,Female,31.0,3,98360.03,1,No,No,20973.8,0
15601857,Woodhouse,Germany,Female,46.0,4,115518.07,1,No,No,76544.9,1
15674156,Tretiakova,Germany,Male,69.0,3,27288.43,1,Yes,Yes,110509.9,0
15695465,Gibson,France,Female,36.0,6,0.0,1,No,No,164247.51,0
15792232,Moss,Spain,Female,43.0,5,0.0,2,No,No,105149.8,0
15807900,Chineze,French,Male,36.0,7,0.0,1,Yes,Yes,55868.97,1
15743760,Davidson,FRA,Male,31.0,6,131996.66,2,Yes,Yes,178747.43,0
15652835,Liang,Spain,Female,27.0,2,121580.42,1,Yes,Yes,134720.51,0
15767818,Graham,FRA,Male,55.0,10,132436.34,1,No,No,978.66,0
15591150,Nwebube,Spain,Male,34.0,10,0.0,2,Yes,Yes,183387.12,0
15734659,Sozonov,Germany,Female,46.0,5,107978.4,2,No,No,155876.06,0
15796115,Forbes,Germany,Female,40.0,4,78119.59,4,No,No,119259.34,1
15724648,Chikezie,France,Male,26.0,6,98684.15,1,No,No,133720.57,0
15737732,Onwuemelie,France,Female,44.0,10,0.0,2,No,No,170634.49,0
15632280,Toth,Spain,Female,53.0,9,0.0,1,No,No,125692.07,1
15750407,Hunt,Germany,Female,43.0,2,129264.05,2,No,No,19150.14,0
15795370,Mazure,Germany,Male,37.0,6,131753.41,1,No,No,86894.67,0
15656829,Hughes,Spain,Female,33.0,6,0.0,2,No,No,57975.8,0
15643794,Bennett,Spain,Female,27.0,2,0.0,1,Yes,Yes,82938.99,0
15798605,Tien,Germany,Male,26.0,1,57422.62,1,Yes,Yes,79189.4,0
15637324,Kay,France,Female,28.0,7,0.0,2,Yes,Yes,5177.62,0
15589589,Bryan,FRA,Male,34.0,5,144094.2,1,No,No,44510.26,0
15778936,Ingamells,French,Male,33.0,9,147510.34,1,No,No,190611.92,0
15757385,Milne,Spain,Female,28.0,8,161592.76,1,No,No,177834.79,0
15666200,Lombardo,French,Female,40.0,1,0.0,2,Yes,Yes,119446.64,0
15683977,Owens,Spain,Female,72.0,4,0.0,2,Yes,Yes,50267.69,0
15675518,Charlton,Spain,Female,53.0,1,75225.53,2,No,No,144849.1,1
15584812,Overby,Spain,Female,39.0,0,0.0,2,No,No,81901.6,0
15752984,Chifley,FRA,Female,70.0,9,87542.89,2,Yes,Yes,42576.86,0
15577913,Oliver,French,Female,32.0,8,144581.96,1,Yes,Yes,87609.5,0
15591980,Hill,French,Male,33.0,5,122568.05,2,Yes,Yes,82820.85,0
15598948,DeRose,Spain,Female,24.0,5,172231.93,1,Yes,Yes,155144.12,0
15574142,Chuang,Germany,Female,28.0,2,171932.26,2,Yes,Yes,9578.24,0
15582903,Edwards,French,Male,39.0,7,0.0,2,Yes,Yes,170392.59,0
15733229,Rodriguez,Spain,Female,34.0,7,0.0,2,No,No,3946.29,0
15635752,Lo,Germany,Male,38.0,4,111798.06,2,Yes,Yes,102184.66,0
15771000,Powell,French,Male,38.0,4,0.0,3,No,No,75609.84,0
15804864,Chu,France,Female,27.0,5,79336.61,1,Yes,Yes,26170.08,0
15641175,Munro,Germany,Male,63.0,3,120916.52,3,No,No,144727.45,1
15692226,Onwumelu,French,Female,31.0,3,142905.51,1,Yes,Yes,58134.97,0
15584156,Siciliani,Spain,Male,27.0,10,0.0,3,No,No,94620.0,1
15702656,Yobachi,French,Female,33.0,1,96834.78,1,No,No,108764.69,0
15606552,Akabueze,French,Male,37.0,9,105261.76,2,Yes,Yes,149503.54,0
15687001,Chiemenam,Germany,Male,54.0,1,123544.0,1,Yes,Yes,120314.75,1
15781903,Odinakachukwu,Germany,Male,41.0,2,127913.71,2,Yes,Yes,44205.95,0
15731951,Reilly,Spain,Female,28.0,5,95328.6,1,No,No,6129.61,1
15580953,Forbes,French,Male,30.0,4,73218.89,1,Yes,Yes,126796.69,0
15810390,Amadi,FRA,Female,41.0,1,0.0,2,Yes,Yes,27509.52,1
15628274,Ferri,Germany,Male,35.0,8,149995.72,2,No,No,42143.55,0
15615444,Y?an,Germany,Male,28.0,8,123674.28,2,Yes,Yes,87985.2,0
15784010,Williamson,Germany,Male,33.0,2,124125.26,1,No,No,81884.8,0
15571586,Briggs,Spain,Male,29.0,3,159035.45,1,No,No,2705.31,1
15748616,Napolitani,France,Male,27.0,5,0.0,2,No,No,30546.4,0
15769402,Carpenter,France,Male,27.0,7,156811.74,1,Yes,Yes,149402.59,0
15739248,Lin,France,Male,52.0,4,0.0,2,Yes,Yes,118429.02,0
15603481,Robinson,Spain,Female,55.0,4,0.0,2,Yes,Yes,58442.25,0
15723604,Collins,France,Male,39.0,6,150555.83,1,No,No,30414.17,0
15797822,Kingsley,France,Male,28.0,2,109137.12,1,Yes,Yes,58814.41,0
15665064,Harvey,FRA,Male,36.0,8,158351.02,2,No,No,155304.53,0
15640580,Obiora,FRA,Female,47.0,9,0.0,1,No,No,187943.6,0
15581089,Knight,Spain,Male,35.0,7,0.0,2,Yes,Yes,43036.6,0
15728605,Hung,French,Male,40.0,4,0.0,2,Yes,Yes,26543.28,0
15737385,Curtis,Spain,Female,46.0,6,0.0,2,No,No,171928.04,0
15714789,Perez,France,Male,24.0,7,0.0,1,Yes,Yes,35611.35,0
15786035,Gosnell,French,Male,39.0,9,0.0,2,No,No,19047.23,0
15815259,Fang,French,Female,56.0,2,0.0,2,Yes,Yes,39820.13,0
15592716,Clarke,French,Male,52.0,2,0.0,1,No,No,129013.59,1
15734850,Milanesi,Spain,Male,36.0,1,82729.49,1,No,No,113810.12,0
15638047,Chia,Germany,Female,45.0,9,142765.24,2,No,No,34749.65,0
15674573,Gearhart,French,Female,25.0,4,121172.97,1,Yes,Yes,56268.98,0
15694859,McLean,Germany,Female,28.0,10,132932.14,2,Yes,Yes,46630.47,0
15776404,Williamson,French,Male,22.0,8,123374.46,1,Yes,Yes,124906.59,0
15579345,Murphy,Germany,Female,74.0,0,161371.5,1,Yes,Yes,134869.93,0
15690733,Angelo,Spain,Male,45.0,4,0.0,2,No,No,36697.48,1
15631481,Thomson,France,Male,51.0,8,79563.36,2,Yes,Yes,172200.91,0
15620988,Murray,FRA,Male,46.0,2,0.0,2,No,No,137136.46,0
15571529,Kirby,Germany,Female,48.0,7,138232.24,1,No,No,57594.78,0
15592104,Lane,FRA,Female,41.0,5,0.0,1,No,No,36548.0,1
15651900,Bergamaschi,Germany,Female,53.0,1,81571.05,1,No,No,182960.46,1
15596212,Yang,Spain,Male,35.0,1,0.0,2,No,No,42117.9,0
15710687,Mills,French,Female,33.0,0,95927.04,1,No,No,199478.05,0
15613787,Chidubem,Spain,Male,35.0,8,116932.59,1,No,No,91092.84,0
15599211,Findlay,France,Male,40.0,1,0.0,2,No,No,14090.4,1
15675983,Wood,France,Female,36.0,3,79551.12,1,Yes,Yes,178267.07,0
15622370,Boyle,Germany,Male,30.0,1,116416.94,1,Yes,Yes,85808.22,0
15656319,Toscano,Spain,Male,37.0,4,88141.1,1,No,No,109659.12,0
15605130,Seccombe,French,Male,32.0,6,177729.13,1,Yes,Yes,161642.08,0
15672574,Uspenskaya,Spain,Female,32.0,5,0.0,1,Yes,Yes,3830.59,0
15659355,McKenzie,Spain,Male,32.0,6,123912.78,2,Yes,Yes,146636.44,0
15777907,Liang,France,Female,33.0,3,0.0,1,Yes,Yes,144413.92,1
15655171,Yermakova,FRA,Male,80.0,3,0.0,1,Yes,Yes,65801.44,0
15619674,White,FRA,Female,35.0,4,108306.44,1,Yes,Yes,192486.24,0
15775192,Rounsevell,Germany,Female,48.0,4,102962.62,1,No,No,120852.85,1
15617657,Ts'ai,French,Female,36.0,0,103502.22,1,Yes,Yes,146191.82,0
15688951,Stoneman,Germany,Male,43.0,8,119654.44,2,Yes,Yes,148412.24,1
15763460,Yao,France,Male,33.0,10,183768.47,1,No,No,164119.35,0
15756992,Chukwukere,FRA,Male,37.0,1,0.0,2,No,No,163457.55,0
15617454,Ifeatu,FRA,Female,25.0,1,0.0,2,Yes,Yes,144978.47,0
15701932,Millar,France,Female,52.0,6,140900.97,1,Yes,Yes,67288.89,0
15700813,Igwebuike,Germany,Female,25.0,5,94049.92,2,No,No,103269.0,0
15645600,Obidimkpa,Spain,Female,27.0,8,98926.4,1,Yes,Yes,106969.98,0
15634146,Hou,Germany,Male,18.0,2,142872.36,1,Yes,Yes,117632.63,0
15686743,Moody,Spain,Male,29.0,3,46057.96,2,Yes,Yes,189777.66,0
15698792,Keldie,France,Female,48.0,6,119769.77,1,Yes,Yes,66032.65,0
15591724,Liu,FRA,Female,44.0,5,143244.97,1,No,No,98661.27,0
15571281,Ts'ao,France,Male,28.0,10,79562.98,1,Yes,Yes,74687.37,0
15661380,Walker,French,Male,69.0,6,0.0,2,Yes,Yes,149604.18,0
15728885,Defalco,French,Male,41.0,0,0.0,1,Yes,Yes,79888.78,0
15618950,Lo Duca,Spain,Male,26.0,8,96659.64,2,Yes,Yes,138775.69,0
15609804,Hyde,French,Male,29.0,1,0.0,2,No,No,154695.57,0
15735849,Kanayochukwu,French,Female,26.0,2,165947.99,2,Yes,Yes,168834.38,0
15652948,Yen,FRA,Male,33.0,4,92676.3,1,No,No,105817.63,0
15618155,Ts'ui,FRA,Male,45.0,5,83195.12,1,Yes,Yes,48682.1,0
15566378,Tillman,French,Male,48.0,5,129387.94,1,Yes,Yes,147955.91,1
15565879,Riley,French,Female,28.0,9,0.0,2,Yes,Yes,56185.98,0
15792922,Tu,Spain,Male,38.0,9,130233.14,1,Yes,Yes,81861.1,0
15770567,Ruiz,French,Female,32.0,3,123502.53,1,Yes,Yes,69826.8,0
15738042,Goliwe,Germany,Male,37.0,8,140894.06,2,Yes,Yes,118059.19,0
15714920,Balashov,Germany,Male,44.0,7,163867.86,1,Yes,Yes,112333.22,0
15782121,Leonard,French,Female,27.0,2,0.0,2,No,No,14546.76,0
15673180,Onyekaozulu,Germany,Female,18.0,2,93816.7,2,No,No,126172.11,0
15660636,Carpenter,Spain,Female,40.0,8,0.0,2,No,No,3560.0,0
15664504,Beede,France,Male,35.0,7,0.0,2,Yes,Yes,88878.15,0
15790322,Beneventi,France,Female,32.0,0,114668.89,1,No,No,84605.0,0
15739847,Sadlier,Germany,Male,38.0,5,146756.68,1,No,No,78268.61,0
15699415,Lewis,French,Female,46.0,6,150213.71,1,No,No,120668.46,1
15665521,Chiazagomekpele,Germany,Male,18.0,5,111183.53,2,Yes,Yes,10063.75,0
15682868,Elliott,French,Female,40.0,9,99816.46,1,Yes,Yes,163989.66,1
15584462,Liang,FRA,Male,34.0,9,0.0,1,No,No,60584.33,0
15661708,She,French,Female,41.0,5,0.0,2,Yes,Yes,94170.84,0
15584452,Bozeman,FRA,Male,41.0,6,0.0,2,No,No,167181.77,0
15717010,Yu,France,Female,60.0,5,0.0,1,Yes,Yes,38914.51,0
15643828,Teng,France,Male,29.0,7,0.0,2,Yes,Yes,91196.67,0
15733361,Davide,Germany,Female,45.0,6,86714.06,1,No,No,85869.89,1
15795488,Beneventi,Spain,Male,52.0,2,0.0,2,No,No,57337.79,0
15581551,Yobachukwu,Spain,Male,41.0,8,132838.07,1,Yes,Yes,175347.28,0
15632051,Douglas,Germany,Female,42.0,10,128707.31,1,No,No,63092.65,1
15780409,Egobudike,FRA,Male,40.0,6,0.0,2,No,No,109742.55,0
15572767,Shelby,French,Male,29.0,2,0.0,2,No,No,124489.88,0
15590337,Golubov,French,Male,29.0,6,123192.12,1,Yes,Yes,56971.41,1
15634551,Williamson,Germany,Male,46.0,3,115248.11,4,No,No,130752.01,1
15669290,Fan,FRA,Male,38.0,8,59360.77,1,Yes,Yes,191457.06,0
15621140,Nwebube,Spain,Male,37.0,9,0.0,2,Yes,Yes,96442.86,0
15613518,Bellucci,France,Female,35.0,6,112668.7,1,Yes,Yes,122584.29,0
15728043,Udinese,Germany,Female,37.0,7,138503.51,2,No,No,57215.85,0
15570073,Marian,Spain,Male,57.0,1,0.0,1,Yes,Yes,195940.96,0
15777033,Chizoba,French,Male,29.0,7,0.0,2,Yes,Yes,105448.74,0
15682454,McFarland,France,Female,34.0,3,0.0,2,Yes,Yes,37870.29,0
15758513,McDonald,FRA,Male,43.0,7,0.0,2,No,No,52534.81,0
15772604,Chiemezie,Spain,Male,36.0,1,157267.95,2,No,No,141533.19,0
15721715,Fane,FRA,Female,40.0,9,133871.05,1,Yes,Yes,50568.02,0
15688563,Marchesi,Germany,Male,31.0,4,141989.27,2,No,No,26116.82,0
15772009,Scott,France,Female,41.0,5,0.0,1,Yes,Yes,152054.33,0
15809585,H?,FRA,Male,38.0,7,0.0,2,No,No,1528.4,0
15593778,Craig,FRA,Female,29.0,3,46388.16,3,No,No,127939.26,1
15655360,Chikelu,Germany,Female,72.0,5,148666.99,1,No,No,2605.65,1
15780909,Caffyn,Germany,Male,34.0,7,115101.5,1,No,No,57841.89,1
15757310,Otitodilichukwu,Germany,Male,67.0,6,148363.38,1,Yes,Yes,186995.17,0
15801411,Green,Spain,Male,46.0,4,0.0,1,No,No,5549.11,1
15761706,Y?an,Spain,Female,39.0,8,144102.32,1,Yes,Yes,11682.36,0
15658409,Mao,French,Male,41.0,5,128876.71,3,Yes,Yes,106939.34,1
15810010,Dahlenburg,Germany,Male,36.0,6,118448.15,2,No,No,53172.02,0
15627027,Shih,French,Male,39.0,5,0.0,2,Yes,Yes,114388.98,0
15624374,Maclean,France,Male,28.0,9,0.0,2,Yes,Yes,2151.17,0
15720083,Fiorentino,Spain,Male,42.0,1,0.0,2,Yes,Yes,183492.9,0
15752294,Long,French,Female,38.0,9,135979.01,4,Yes,Yes,76582.95,1
15743193,Olson,France,Male,37.0,6,117271.8,2,No,No,104217.96,1
15696733,McKenzie,French,Male,29.0,4,0.0,1,No,No,8982.75,0
15677522,Rossi,FRA,Male,33.0,1,0.0,2,No,No,9984.4,0
15643523,Power,Spain,Female,30.0,10,0.0,2,No,No,19500.1,0
15624936,Yen,FRA,Male,35.0,8,129205.49,1,Yes,Yes,79146.36,0
15716085,Norris,Spain,Female,41.0,8,0.0,1,No,No,191694.77,1
15641688,Collier,Spain,Male,18.0,7,0.0,1,Yes,Yes,59645.24,1
15796834,Rivers,Germany,Male,35.0,7,104015.54,2,Yes,Yes,55207.88,0
15720123,Hudson,Spain,Male,37.0,3,0.0,2,No,No,166177.3,0
15604732,Milani,French,Female,30.0,9,0.0,2,No,No,136356.97,0
15723484,Hunt,Germany,Female,42.0,1,103873.39,1,No,No,148611.52,0
15807120,Oluchukwu,Germany,Female,52.0,3,112383.03,1,No,No,85516.37,1
15810891,Lorenzo,French,Male,34.0,2,117731.79,2,Yes,Yes,55120.79,0
15640407,Chidiegwu,Germany,Male,45.0,0,135827.33,2,Yes,Yes,131778.58,0
15778838,Warren,FRA,Male,38.0,9,114135.17,1,No,No,153269.98,0
15709256,Glover,France,Female,28.0,9,0.0,2,Yes,Yes,164864.67,0
15742285,Andersen,France,Male,62.0,6,118756.62,1,Yes,Yes,20367.68,0
15729019,Arcuri,Spain,Male,34.0,8,98382.72,1,No,No,39542.0,0
15608588,Mackinlay,Germany,Male,41.0,2,100520.92,1,Yes,Yes,19412.8,1
15610557,McCarthy,Spain,Female,35.0,7,79858.13,2,Yes,Yes,127977.66,0
15786418,Chiu,France,Female,20.0,6,0.0,1,Yes,Yes,20508.85,0
15653050,Norriss,Germany,Female,76.0,10,95052.29,1,No,No,176244.87,0
15744914,Moore,Germany,Male,42.0,1,177728.55,1,No,No,105013.63,0
15669611,Mott,FRA,Male,71.0,3,83116.68,1,Yes,Yes,27597.76,0
15594786,Ts'ai,Germany,Male,34.0,7,111565.91,1,Yes,Yes,121073.23,0
15649211,Fokina,Spain,Male,40.0,8,83015.71,1,No,No,101089.76,0
15766066,Nikitina,Germany,Female,28.0,1,124511.01,1,No,No,114258.18,0
15772216,Henry,French,Female,67.0,1,130652.52,1,Yes,Yes,22762.23,0
15619898,Chiefo,FRA,Male,55.0,5,0.0,2,Yes,Yes,7008.65,0
15724543,Mao,French,Male,61.0,5,0.0,2,Yes,Yes,81299.17,0
15755084,Bezrukova,French,Male,37.0,7,121854.45,1,No,No,147521.35,0
15730441,Dodd,France,Male,26.0,10,0.0,2,Yes,Yes,6177.83,0
15666767,Lori,French,Male,35.0,1,86893.28,1,No,No,59374.82,0
15690456,Yudina,Germany,Female,32.0,7,79523.13,1,Yes,Yes,157648.12,0
15570533,Conti,Germany,Female,55.0,7,131033.76,1,Yes,Yes,75685.59,1
15797692,Volkova,France,Female,33.0,7,89939.62,1,No,No,136540.09,0
15603135,Boni,Germany,Female,59.0,3,95727.05,1,No,No,97939.4,1
15698927,Ritchie,FRA,Male,39.0,7,0.0,2,Yes,Yes,36267.21,0
15687363,McMillan,France,Male,31.0,3,155047.56,2,Yes,Yes,186064.34,0
15733444,Phillips,French,Female,29.0,9,0.0,2,No,No,176152.7,0
15678057,Lombardi,France,Male,44.0,10,118569.03,2,No,No,82117.2,0
15806918,Ireland,France,Male,28.0,5,0.0,1,Yes,Yes,151925.25,0
15638247,Boan,Spain,Male,44.0,9,0.0,2,No,No,142287.65,0
15674833,Shao,France,Female,35.0,1,0.0,2,No,No,36557.55,0
15812534,Chiemenam,FRA,Male,40.0,1,0.0,3,Yes,Yes,129975.34,0
15586522,Hunter,Spain,Male,37.0,2,130461.02,1,No,No,21967.15,0
15794297,McKay,France,Male,36.0,1,0.0,2,No,No,53477.76,0
15737025,Roberts,FRA,Male,33.0,1,0.0,3,No,No,178067.33,1
15615931,Aitken,French,Female,37.0,4,0.0,2,Yes,Yes,171039.56,0
15664860,Chao,Spain,Female,47.0,3,0.0,2,No,No,150802.41,1
15664539,Bruce,Spain,Male,35.0,9,61172.04,1,No,No,82951.12,0
15583692,Chan,Germany,Female,35.0,2,90194.34,2,No,No,57064.57,0
15693131,Watts,France,Female,24.0,3,95508.2,1,Yes,Yes,45755.0,0
15779973,Gibbons,Germany,Male,35.0,3,99967.76,1,Yes,Yes,176882.08,0
15620557,Ni,Spain,Male,37.0,4,101470.29,1,Yes,Yes,88838.14,0
15639549,Jen,Germany,Female,33.0,4,70541.06,1,No,No,88592.8,0
15618750,Phillips,France,Male,31.0,8,112211.61,1,No,No,26261.42,0
15796790,Amaechi,France,Female,47.0,8,154543.98,1,No,No,29586.73,0
15668309,Maslow,FRA,Female,40.0,0,111098.85,1,Yes,Yes,172321.21,1
15732437,Rowley,Germany,Female,44.0,0,131873.07,2,Yes,Yes,158036.72,1
15665158,Chukwuemeka,Spain,Male,27.0,1,137275.36,1,Yes,Yes,115733.16,0
15689322,Bevan,Spain,Male,31.0,3,153316.14,1,No,No,59927.99,0
15596624,Topp,France,Female,22.0,9,0.0,2,Yes,Yes,44377.65,0
15601977,Burgoyne,Spain,Male,44.0,2,121250.04,1,Yes,Yes,79691.4,0
15801462,Yermakov,FRA,Male,31.0,8,109578.04,2,Yes,Yes,51503.51,0
15566139,Ts'ui,France,Female,37.0,5,53573.18,1,No,No,62830.97,0
15791006,Kodilinyechukwu,Germany,Female,34.0,6,58003.41,1,No,No,90346.1,0
15668057,K?,French,Female,31.0,6,113000.66,1,No,No,40467.82,0
15580805,Marino,France,Male,27.0,10,0.0,2,No,No,51620.94,0
15658768,Lucas,France,Female,49.0,2,0.0,1,No,No,65466.93,1
15613048,Anderson,Germany,Female,40.0,5,139973.65,1,Yes,Yes,667.66,1
15803654,Wei,FRA,Female,31.0,2,151290.16,1,Yes,Yes,172437.12,0
15662337,Baldwin,Germany,Female,50.0,1,121498.11,2,Yes,Yes,106061.47,1
15650924,Foster,Spain,Female,32.0,4,103515.39,2,Yes,Yes,177622.38,0
15647203,Gebhart,French,Female,35.0,3,0.0,1,No,No,191520.5,0
15682778,Fedorov,FRA,Male,34.0,9,0.0,2,Yes,Yes,95686.6,0
15579820,Robertson,Spain,Male,38.0,6,106687.76,1,No,No,173776.5,0
15709354,Tudawali,France,Female,41.0,2,0.0,2,Yes,Yes,113089.43,0
15728480,Iloerika,French,Female,35.0,8,0.0,2,Yes,Yes,149614.81,0
15641091,Onyemauchechukwu,France,Female,31.0,5,106089.2,1,No,No,99537.68,0
15603111,Muir,Spain,Male,71.0,10,69608.14,1,No,No,97893.4,1
15679693,Walker,French,Male,31.0,5,0.0,2,Yes,Yes,90.07,0
15797190,Charlton,Germany,Female,40.0,7,96202.32,1,No,No,161154.85,0
15788025,Tseng,France,Female,38.0,0,0.0,2,Yes,Yes,332.81,0
15646168,Ifeatu,Spain,Male,33.0,5,0.0,2,No,No,66285.18,0
15580493,Chin,France,Male,33.0,1,127818.52,1,No,No,163477.22,0
15726720,Blinova,FRA,Female,40.0,7,0.0,1,No,No,170332.67,1
15735799,Maconochie,Germany,Male,58.0,3,137318.42,1,Yes,Yes,126144.96,0
15773098,Ch'in,Spain,Male,34.0,5,0.0,2,No,No,53437.1,0
15668971,Nicholson,French,Female,40.0,4,55776.39,2,No,No,26920.43,0
15603221,Burgess,Germany,Male,32.0,4,84421.62,1,Yes,Yes,52314.71,0
15740043,Young,French,Male,32.0,5,83161.65,1,Yes,Yes,116885.59,0
15712264,Plumb,FRA,Female,39.0,10,0.0,2,Yes,Yes,126263.97,0
15751926,Trentino,Germany,Male,42.0,3,87807.29,2,Yes,Yes,64613.81,0
15589401,Allen,France,Female,30.0,4,0.0,2,No,No,89216.29,0
15742019,Benford,France,Female,39.0,6,0.0,2,No,No,83419.15,0
15660611,Gallo,Spain,Male,39.0,3,0.0,2,Yes,Yes,123998.52,0
15607634,Cobb,Germany,Male,40.0,9,95293.86,2,Yes,Yes,96985.58,0
15595036,Doherty,Germany,Male,30.0,7,92847.59,1,No,No,146154.06,0
15745794,Cocci,France,Male,30.0,6,0.0,2,Yes,Yes,18471.86,0
15781689,Macadam,Spain,Male,35.0,5,0.0,2,No,No,95009.6,0
15696054,Tychonoff,France,Male,37.0,2,0.0,1,Yes,Yes,121175.86,0
15752467,Johnson,Spain,Male,34.0,3,0.0,2,Yes,Yes,77047.78,0
15597739,Tu,FRA,Male,37.0,3,0.0,1,No,No,158049.9,0
15651336,Chidiebere,France,Female,32.0,4,0.0,2,No,No,147040.25,0
15636061,Pope,Germany,Male,78.0,4,68345.86,2,Yes,Yes,142566.75,0
15723013,Sutherland,Germany,Male,28.0,7,76656.4,2,Yes,Yes,185483.24,0
15784148,Beneventi,France,Male,62.0,9,0.0,2,No,No,155870.82,0
15578098,Jamieson,France,Male,31.0,8,0.0,2,Yes,Yes,121555.51,0
15638621,Simmons,Spain,Male,39.0,1,60374.98,1,No,No,40223.74,0
15720924,Chijioke,France,Female,34.0,1,0.0,1,Yes,Yes,75503.6,0
15566531,Iloerika,Germany,Male,33.0,4,88046.88,1,Yes,Yes,186942.49,1
15718064,Chia,Spain,Male,29.0,2,0.0,2,No,No,117173.8,0
15605067,Nwachinemelu,FRA,Male,19.0,9,0.0,2,No,No,3453.4,0
15655335,Becher,FRA,Male,36.0,1,0.0,2,No,No,48876.84,0
15607301,Romano,Spain,Female,63.0,8,129968.67,1,Yes,Yes,11830.53,0
15694628,Walker,Germany,Female,39.0,4,157731.6,2,No,No,162820.6,0
15607112,Chiawuotu,FRA,Male,32.0,6,0.0,2,Yes,Yes,36540.63,0
15635775,Watt,FRA,Male,33.0,3,89276.48,1,No,No,6959.0,0
15644280,Udegbunam,France,Male,45.0,4,138825.19,1,No,No,10828.78,0
15708362,Watson,French,Male,63.0,4,103729.79,2,Yes,Yes,80272.06,0
15771997,Bryant,France,Female,31.0,10,75499.24,1,No,No,22184.14,0
15730579,Ward,France,Male,68.0,5,169445.4,1,Yes,Yes,186335.07,0
15728005,Urban,France,Female,57.0,9,111359.55,2,No,No,105715.01,0
15791674,Sutherland,FRA,Female,34.0,10,142388.61,2,Yes,Yes,68393.64,1
15754599,K'ung,France,Male,42.0,4,123311.39,2,Yes,Yes,82868.34,0
15693690,Iweobiegbunam,Spain,Male,52.0,7,115532.52,1,No,No,196257.67,0
15728963,Wei,Germany,Female,51.0,10,167273.71,1,No,No,93439.75,1
15659710,Lascelles,FRA,Male,25.0,5,77886.53,2,No,No,150319.49,0
15658675,Ts'ao,Germany,Male,37.0,6,135795.63,1,Yes,Yes,46523.6,0
15638788,Mack,French,Male,32.0,8,97514.07,1,Yes,Yes,199138.84,0
15609735,Campbell,Germany,Male,51.0,6,127545.56,2,No,No,79559.02,1
15771477,Fiorentini,France,Male,49.0,9,106160.37,1,No,No,116893.87,0
15570145,Long,French,Female,23.0,2,0.0,2,No,No,153983.99,0
15797149,Lloyd,Spain,Female,36.0,4,143680.47,2,Yes,Yes,63531.19,0
15636912,Sneddon,Spain,Male,38.0,3,124483.53,1,No,No,126253.31,0
15687828,Gorshkov,Spain,Female,31.0,5,86006.3,1,Yes,Yes,73922.95,0
15667424,Forbes,Germany,Female,43.0,7,111094.05,2,Yes,Yes,64679.3,0
15759872,L?,France,Male,22.0,9,0.0,2,No,No,157072.91,0
15572374,Hopetoun,Spain,Male,36.0,1,0.0,2,Yes,Yes,108377.82,0
15754926,Lucchesi,France,Female,30.0,6,0.0,2,No,No,88827.31,0
15687431,Faria,French,Female,41.0,7,115171.71,1,Yes,Yes,37674.47,0
15604515,Yefremov,Germany,Female,22.0,10,111543.26,2,No,No,106327.85,0
15682839,Genovesi,France,Female,57.0,8,137936.94,1,Yes,Yes,84475.13,0
15624677,Marquez,Germany,Female,37.0,3,122304.65,2,No,No,33998.7,0
15646366,Trevisani,Germany,Male,41.0,8,120586.54,1,Yes,Yes,20491.15,0
15701768,Tung,FRA,Male,32.0,3,0.0,2,Yes,Yes,197827.06,0
15623566,Barnhill,FRA,Male,40.0,9,46520.69,1,Yes,Yes,96687.25,0
15681274,Marshall,Spain,Female,56.0,2,105473.74,1,Yes,Yes,46044.7,0
15762573,Bednall,Spain,Female,34.0,7,0.0,2,No,No,98949.85,0
15706458,Pan,Germany,Male,39.0,5,115730.71,3,Yes,Yes,185599.34,1
15654222,Ogg,Spain,Male,30.0,3,145396.49,1,Yes,Yes,198341.15,0
15704053,T'ang,Spain,Male,62.0,3,131078.42,2,No,No,119348.76,1
15724321,Baresi,Germany,Female,47.0,9,128298.74,1,No,No,149614.17,1
15621815,Obiajulu,FRA,Female,40.0,6,165526.71,1,No,No,12328.08,0
15724876,McGregor,French,Female,38.0,5,83714.41,1,Yes,Yes,33245.97,0
15696588,Lung,FRA,Female,36.0,3,0.0,2,Yes,Yes,2243.41,0
15612832,Jamieson,French,Male,32.0,7,125540.05,1,No,No,86786.41,0
15804295,Pinto,France,Male,41.0,2,100254.76,2,Yes,Yes,12706.67,0
15712536,Fallaci,FRA,Female,36.0,3,0.0,2,No,No,41295.1,1
15662494,Goliwe,Spain,Male,43.0,7,138150.57,1,Yes,Yes,177357.16,0
15807728,Ferri,French,Female,45.0,1,0.0,1,Yes,Yes,190663.89,1
15764916,Rowley,Germany,Female,43.0,7,95984.21,1,Yes,Yes,115262.54,1
15615330,Tretiakova,FRA,Male,23.0,10,0.0,2,Yes,Yes,170099.23,0
15638487,She,Germany,Male,38.0,2,136858.42,1,Yes,Yes,189143.94,0
15627859,Nebeolisa,Germany,Male,29.0,7,102609.0,1,No,No,163257.44,0
15622192,Young,Spain,Male,39.0,3,0.0,2,Yes,Yes,95562.81,0
15789413,Fitzgerald,France,Male,64.0,3,0.0,2,Yes,Yes,75272.63,0
15583221,Arnold,Germany,Male,70.0,3,77356.92,2,Yes,Yes,20881.96,0
15768495,Chidimma,FRA,Female,32.0,8,110923.15,2,Yes,Yes,161845.81,1
15644103,Wells,Spain,Male,78.0,2,151675.65,1,Yes,Yes,49978.67,0
15741197,Calzada,Spain,Male,22.0,8,0.0,3,No,No,107292.91,0
15664547,Black,France,Male,37.0,7,0.0,1,No,No,32863.24,1
15797293,Sopuluchukwu,France,Female,25.0,3,0.0,2,No,No,179608.96,0
15572021,Ts'ao,Germany,Female,29.0,8,80204.11,2,No,No,70223.22,0
15637461,Ukaegbunam,France,Male,35.0,7,0.0,2,No,No,77951.84,0
15620577,Wood,France,Male,45.0,4,0.0,2,Yes,Yes,55043.93,0
15609643,Furneaux,Germany,Male,32.0,9,115587.49,2,Yes,Yes,101677.46,0
15785358,Gresswell,Germany,Male,46.0,8,106968.96,1,Yes,Yes,79366.98,1
15603883,Ch'in,France,Male,36.0,4,0.0,2,Yes,Yes,8037.03,0
15782550,Ma,Germany,Female,41.0,0,139659.04,1,Yes,Yes,176254.12,0
15775761,Iweobiegbunam,Germany,Female,69.0,5,86038.21,3,No,No,192743.06,1
15680201,Marcelo,Germany,Male,24.0,5,102773.2,2,No,No,56793.02,1
15767594,Azubuike,French,Female,35.0,8,0.0,2,Yes,Yes,187900.12,0
15591985,Stewart,French,Female,51.0,8,70754.18,1,Yes,Yes,92920.04,1
15789339,Yen,France,Male,59.0,4,122781.51,1,Yes,Yes,140166.95,0
15781530,Hsieh,FRA,Male,21.0,8,0.0,2,Yes,Yes,155782.89,0
15705174,Chiedozie,Germany,Male,68.0,7,153545.11,1,Yes,Yes,186574.68,0
15572114,Shih,Spain,Male,40.0,1,121629.22,1,Yes,Yes,3258.6,0
15804009,Amechi,Germany,Male,36.0,8,167983.17,2,Yes,Yes,106714.28,0
15662698,Ko,Spain,Female,43.0,7,81153.82,1,Yes,Yes,144532.85,1
15696047,Chimezie,FRA,Male,35.0,6,99760.84,1,Yes,Yes,13591.52,0
15701160,Azubuike,Germany,Female,43.0,4,125890.72,1,Yes,Yes,74854.97,0
15790093,Aguirre,FRA,Female,27.0,2,0.0,2,No,No,125451.01,0
15632143,Lung,France,Male,31.0,2,119148.55,1,No,No,149740.22,0
15736778,Adams,Germany,Female,60.0,1,72948.58,2,Yes,Yes,17355.36,0
15734917,Castiglione,Germany,Male,21.0,8,133974.36,2,No,No,50294.09,0
15643903,Yao,French,Male,27.0,1,154483.98,1,No,No,156394.74,0
15569526,Morales,FRA,Male,40.0,10,98627.13,2,No,No,77977.69,0
15777067,Thomas,French,Male,64.0,2,136770.67,1,Yes,Yes,43678.06,0
15795511,Vasiliev,Germany,Male,39.0,4,95252.72,1,No,No,13906.34,0
15610419,Chukwueloka,FRA,Male,33.0,3,117413.95,1,Yes,Yes,12766.74,0
15644994,Ko,Germany,Male,54.0,4,137986.58,2,Yes,Yes,51308.54,1
15703707,Atkins,French,Male,44.0,10,143571.52,1,No,No,127444.14,0
15659327,Moffitt,French,Male,49.0,5,121197.64,1,No,No,72577.33,1
15771323,Panicucci,Spain,Male,39.0,5,121626.9,1,Yes,Yes,82438.13,0
15750549,Akobundu,Germany,Male,30.0,1,84440.1,2,Yes,Yes,60485.98,0
15698462,Chiu,FRA,Male,36.0,4,0.0,2,Yes,Yes,132798.78,0
15739692,Tsui,FRA,Male,42.0,1,0.0,2,No,No,71823.15,0
15744041,Yobanna,France,Female,26.0,3,140356.7,1,No,No,117144.15,0
15700714,Hollis,France,Male,29.0,7,0.0,2,Yes,Yes,141706.43,0
15777743,Cattaneo,French,Female,39.0,3,92224.56,1,Yes,Yes,54517.25,0
15623143,Lung,FRA,Female,43.0,9,0.0,2,No,No,183147.17,0
15712568,Angelo,Spain,Male,40.0,10,121355.99,1,No,No,138360.29,0
15617432,Folliero,Germany,Female,40.0,9,109003.26,1,Yes,Yes,79580.56,0
15650424,Bryant,France,Female,48.0,3,147341.43,1,Yes,Yes,157458.61,1
15728829,Weigel,FRA,Male,18.0,7,102983.91,1,No,No,171770.58,0
15680430,Ajuluchukwu,Germany,Female,49.0,4,96252.98,2,No,No,104263.82,0
15687626,Zhirov,FRA,Male,39.0,4,0.0,2,No,No,167183.07,1
15609187,Cox,FRA,Female,27.0,5,155879.09,2,No,No,70774.97,0
15609521,Chimaraoke,Germany,Male,34.0,4,142929.16,2,Yes,Yes,114869.56,0
15752626,Genovese,French,Male,32.0,7,64082.09,1,Yes,Yes,109159.58,0
15571756,Ohearn,FRA,Female,28.0,5,0.0,1,No,No,59351.68,0
15814040,Munroe,France,Female,45.0,1,0.0,2,Yes,Yes,199657.46,0
15658211,Morrison,Spain,Female,39.0,2,0.0,2,Yes,Yes,121151.1,0
15742091,Parkhill,Germany,Female,35.0,6,118336.95,1,No,No,26342.33,1
15787168,Y?,Spain,Female,28.0,8,168253.21,1,Yes,Yes,102799.14,0
15772363,Hilton,Germany,Female,42.0,0,101979.16,1,No,No,90928.48,0
15659364,Thompson,Spain,Male,23.0,5,164902.43,1,No,No,141152.28,0
15738980,Yobanna,FRA,Male,43.0,2,0.0,2,No,No,105568.6,0
15794236,Thorpe,Germany,Male,22.0,10,111812.52,2,Yes,Yes,183045.46,0
15721383,Harvey,Spain,Male,40.0,10,0.0,2,Yes,Yes,194792.42,0
15652981,Robinson,Germany,Male,30.0,2,119755.0,1,Yes,Yes,21852.91,0
15722731,Manna,France,Male,46.0,0,119556.1,1,No,No,78250.13,1
15640507,Li,Spain,Female,35.0,3,119349.69,3,Yes,Yes,47114.18,1
15578878,Hancock,Spain,Female,30.0,3,139528.23,1,Yes,Yes,33230.37,0
15744295,Hao,France,Male,40.0,1,94773.11,1,No,No,114279.63,0
15776558,Nicholls,French,Male,31.0,1,108345.22,1,Yes,Yes,38802.03,0
15596136,Folliero,France,Female,36.0,9,166939.88,1,Yes,Yes,72504.76,0
15704597,Trumbull,FRA,Male,33.0,7,174571.36,1,Yes,Yes,43943.09,0
15648272,Medvedeva,Spain,Male,35.0,9,71829.34,1,Yes,Yes,68141.92,0
15594915,Crist,French,Female,36.0,8,0.0,2,Yes,Yes,109179.89,0
15581115,Middleton,France,Female,39.0,9,76769.68,1,No,No,48224.72,0
15763907,Watts,France,Female,39.0,1,104614.29,1,No,No,61538.43,1
15705994,Udinese,Spain,Male,27.0,10,0.0,1,No,No,94544.88,0
15772421,Tretiakov,Germany,Female,31.0,1,128927.93,1,Yes,Yes,2850.01,0
15711572,O'Kane,Germany,Female,31.0,9,110941.93,2,No,No,163484.8,0
15691170,Vasilyeva,Spain,Female,29.0,10,99250.08,1,Yes,Yes,129629.41,0
15600106,Wei,French,Male,36.0,1,0.0,2,No,No,133141.34,0
15745431,Chinonyelum,France,Male,34.0,7,0.0,2,Yes,Yes,188078.55,0
15649508,Chin,Spain,Male,48.0,8,0.0,2,No,No,174729.3,0
15812611,Lorimer,Spain,Female,30.0,5,0.0,2,Yes,Yes,78700.03,0
15619699,Yeh,French,Male,31.0,7,0.0,1,No,No,198269.08,0
15813946,Duffy,Germany,Male,51.0,1,104682.83,1,No,No,55266.96,1
15762762,Onyekachukwu,Germany,Female,45.0,5,118886.55,1,No,No,51636.7,0
15629793,Banks,Spain,Male,28.0,8,156823.7,2,No,No,198251.52,0
15781298,Hughes,Germany,Male,39.0,3,124216.93,1,Yes,Yes,171442.36,0
15622658,Lai,France,Female,26.0,2,144258.52,1,No,No,49778.79,0
15658980,Matthews,Germany,Male,26.0,9,128793.63,1,No,No,19262.05,0
15701936,Bell,Germany,Male,28.0,10,126315.26,1,No,No,32349.29,1
15686917,Tu,Spain,Female,40.0,4,0.0,2,No,No,137402.27,0
15807312,Hsia,Spain,Male,33.0,5,0.0,2,Yes,Yes,64038.34,0
15574523,Cheng,France,Male,39.0,1,0.0,2,Yes,Yes,68814.23,0
15724200,Cheng,French,Male,38.0,1,115341.55,1,Yes,Yes,173632.92,0
15738224,Lin,French,Male,32.0,6,99162.29,1,No,No,128384.11,0
15593283,Higgins,Germany,Female,48.0,1,156848.13,2,Yes,Yes,99475.95,1
15814690,Chukwujekwu,Germany,Female,64.0,2,105736.32,1,Yes,Yes,89935.73,1
15807245,McKay,Germany,Female,41.0,1,200117.76,2,No,No,94142.35,0
15799358,Vincent,French,Female,46.0,6,62212.29,1,Yes,Yes,171681.86,1
15616172,Ubanwa,French,Male,31.0,2,0.0,2,No,No,8222.96,0
15777958,Ch'ien,France,Male,39.0,10,0.0,2,Yes,Yes,170409.45,0
15809124,T'ien,FRA,Male,38.0,5,151532.4,1,Yes,Yes,46555.15,0
15616367,Ricci,Germany,Male,39.0,1,121523.51,1,No,No,161655.55,1
15687385,McDowell,France,Male,41.0,5,0.0,1,Yes,Yes,74267.35,0
15607877,Maclean,Spain,Male,26.0,8,0.0,2,Yes,Yes,34101.06,0
15736327,Manna,Germany,Female,46.0,1,68238.51,2,Yes,Yes,109572.58,0
15746704,Jibunoh,Spain,Male,30.0,9,136808.53,2,Yes,Yes,106642.97,0
15778304,Fan,Germany,Male,24.0,0,92398.08,1,Yes,Yes,18897.29,0
15588456,Hsieh,France,Female,40.0,5,143566.12,1,Yes,Yes,189607.71,0
15664035,Parsons,Spain,Female,38.0,9,0.0,2,Yes,Yes,148750.16,0
15596405,Udinese,Spain,Male,25.0,7,127728.24,2,Yes,Yes,105279.74,0
15815097,Root,French,Female,34.0,9,0.0,2,No,No,167916.35,0
15762708,Chiemezie,Spain,Female,38.0,10,119658.49,1,Yes,Yes,8646.58,0
15776211,Toscani,France,Female,34.0,6,0.0,2,Yes,Yes,124592.84,0
15626012,Obidimkpa,France,Male,26.0,4,149879.66,1,No,No,50016.17,0
15792077,Degtyaryov,Germany,Male,28.0,8,119859.52,2,No,No,125422.66,0
15718765,Maclean,Spain,Male,43.0,6,104533.24,1,No,No,81123.59,1
15576615,Giordano,Spain,Male,37.0,10,145382.61,1,No,No,80408.59,0
15752650,Saad,Spain,Female,37.0,6,121231.39,1,Yes,Yes,146366.08,0
15797502,Lord,Spain,Male,24.0,2,141078.57,1,Yes,Yes,24402.87,0
15687329,Hope,Germany,Female,32.0,1,108465.65,2,No,No,60552.44,1
15779423,K?,France,Male,39.0,1,70657.61,2,Yes,Yes,76476.05,0
15619514,Bull,Germany,Male,40.0,3,120105.43,1,No,No,92075.01,1
15615430,Adams,Germany,Male,55.0,4,129646.91,1,Yes,Yes,184125.1,1
15716431,Brookes,French,Female,30.0,10,191091.74,2,Yes,Yes,96170.38,0
15798341,Victor,FRA,Male,38.0,8,0.0,1,Yes,Yes,98208.62,0
15651958,Giles,FRA,Male,27.0,8,0.0,2,Yes,Yes,157932.75,0
15726179,Ferrari,Germany,Female,43.0,5,131433.33,2,Yes,Yes,3497.43,1
15652999,Milne,Germany,Male,33.0,1,137937.95,1,Yes,Yes,51387.1,0
15691950,Parry,French,Male,49.0,3,0.0,2,No,No,50123.44,0
15632446,Allan,French,Male,24.0,4,0.0,2,No,No,180329.83,0
15620936,Warren,FRA,Male,32.0,4,0.0,2,Yes,Yes,13238.93,0
15587640,Rowntree,FRA,Female,43.0,0,93143.39,1,No,No,167554.86,0
15782231,Andrejew,France,Male,38.0,6,0.0,2,No,No,51454.06,0
15580462,Corby,Spain,Male,40.0,1,112544.45,1,Yes,Yes,19842.22,0
15736371,Kennedy,French,Female,34.0,3,123034.43,2,Yes,Yes,38315.04,0
15648032,Young,Spain,Male,37.0,2,0.0,2,Yes,Yes,187816.59,0
15610454,Poole,Germany,Female,33.0,9,119278.44,1,Yes,Yes,197148.24,0
15671358,Fletcher,France,Male,44.0,4,0.0,2,No,No,163471.01,0
15747130,Tsao,FRA,Male,39.0,7,0.0,2,Yes,Yes,653.58,0
15578374,Gilroy,Spain,Male,36.0,7,169312.72,1,No,No,45414.09,0
15572182,Onwuamaeze,Germany,Female,33.0,3,106506.77,3,No,No,45445.78,1
15770041,Manna,Spain,Female,43.0,8,128412.61,1,Yes,Yes,139024.31,0
15669414,Pisano,Germany,Male,62.0,9,118356.89,2,No,No,168034.83,1
15777054,Thorpe,Germany,Male,42.0,3,137479.13,1,No,No,25669.1,0
15621021,Dwyer,Spain,Female,40.0,1,0.0,2,No,No,8207.36,0
15785490,Okeke,French,Male,50.0,3,105229.72,1,Yes,Yes,16281.68,1
15577695,Zito,France,Male,41.0,2,148088.11,1,No,No,14083.12,0
15686974,Sergeyeva,FRA,Female,48.0,4,0.0,1,Yes,Yes,30165.06,1
15574584,Fang,France,Male,33.0,8,126679.69,1,Yes,Yes,39451.09,0
15719541,Flannagan,Spain,Male,31.0,2,90826.27,2,No,No,60270.87,0
15646310,Mao,Spain,Male,24.0,8,143582.89,1,Yes,Yes,22527.27,0
15697606,Sturdee,France,Female,21.0,10,125712.2,1,No,No,175072.47,0
15711489,Azikiwe,Spain,Female,32.0,2,0.0,1,Yes,Yes,114565.35,0
15670427,Chidi,Spain,Male,37.0,4,155187.3,1,No,No,48930.8,0
15731755,Hull,France,Male,49.0,10,0.0,2,No,No,187008.45,0
15796370,Shah,Spain,Male,40.0,5,155455.43,1,Yes,Yes,113581.85,0
15598331,Morgan,FRA,Female,40.0,9,100480.53,1,No,No,124095.69,0
15704795,Vagin,French,Female,77.0,6,0.0,2,Yes,Yes,49054.1,0
15796764,Bruno,Germany,Female,56.0,3,127585.98,3,Yes,Yes,80593.49,1
15589420,Osinachi,France,Female,40.0,2,101891.1,1,Yes,Yes,183044.86,0
15810563,Ho,Spain,Female,61.0,8,0.0,2,Yes,Yes,159938.82,0
15746569,Tsui,France,Male,38.0,4,0.0,1,No,No,95483.48,1
15811594,Gordon,Spain,Female,28.0,3,128929.88,1,Yes,Yes,198069.71,0
15645896,Duncan,Germany,Male,39.0,6,121681.91,2,Yes,Yes,61793.47,0
15802909,Hu,Germany,Female,56.0,3,139603.22,1,Yes,Yes,86383.61,0
15797665,Docherty,French,Female,27.0,7,0.0,2,No,No,144099.48,0
15778959,Brookes,French,Female,36.0,10,0.0,2,Yes,Yes,155641.46,0
15722532,Angelo,Spain,Female,36.0,10,91760.11,1,Yes,Yes,135784.94,0
15784124,Emenike,Germany,Male,41.0,2,93925.3,1,No,No,123982.14,1
15776518,Pugh,France,Female,38.0,4,175739.36,1,Yes,Yes,193130.55,0
15611247,McKenzie,France,Female,28.0,10,0.0,2,No,No,145215.96,0
15721469,Mach,Germany,Male,45.0,9,170295.04,2,No,No,164741.81,0
15773338,Endrizzi,French,Male,58.0,2,101579.28,1,Yes,Yes,72168.53,0
15784042,L?,France,Male,55.0,7,118793.6,1,Yes,Yes,95022.02,1
15776229,MacPherson,FRA,Male,44.0,3,115282.3,1,No,No,23766.4,0
15655903,Michael,Spain,Female,34.0,6,107980.37,1,Yes,Yes,119374.74,0
15590177,Chiedozie,French,Female,44.0,1,133866.22,1,Yes,Yes,139049.24,0
15568876,Hughes,French,Female,34.0,1,102723.35,2,No,No,180844.81,0
15813140,Taylor,Spain,Male,41.0,5,0.0,2,Yes,Yes,143980.29,0
15770516,Evdokimov,Spain,Female,44.0,7,193213.02,2,Yes,Yes,137392.77,0
15755731,Davis,Germany,Male,53.0,8,117005.55,1,Yes,Yes,123646.57,1
15574480,Ubanwa,Spain,Male,31.0,1,132862.59,1,No,No,158054.49,0
15798084,Murray,FRA,Male,26.0,0,0.0,2,No,No,105784.85,0
15673020,Smith,FRA,Female,49.0,3,204510.94,1,Yes,Yes,738.88,1
15643575,Evseev,Germany,Male,36.0,1,65349.71,1,No,No,64539.64,0
15596811,Mitchell,French,Male,36.0,8,139753.35,1,No,No,79871.16,0
15786789,Ni,French,Female,29.0,6,0.0,2,Yes,Yes,190776.83,0
15578865,Palerma,Germany,Female,50.0,5,107959.39,1,Yes,Yes,6985.34,1
15605672,Yuan,FRA,Female,38.0,5,195926.39,1,Yes,Yes,85522.84,0
15603674,Knight,French,Male,36.0,1,0.0,2,Yes,Yes,149370.93,0
15759915,Rapuokwu,France,Female,31.0,6,87772.52,1,No,No,188516.45,0
15686219,Wan,French,Male,38.0,4,71018.6,2,No,No,2444.29,0
15696388,Artamonova,Germany,Male,38.0,4,111096.91,1,Yes,Yes,19762.88,0
15713604,Rossi,Germany,Male,40.0,9,166776.6,2,Yes,Yes,172646.88,0
15647800,Greco,France,Female,34.0,6,101266.51,1,No,No,33501.98,0
15813451,Fleetwood-Smith,Spain,Male,18.0,8,134796.87,2,Yes,Yes,114858.9,0
15765375,Butusov,FRA,Female,46.0,8,0.0,1,No,No,162668.33,0
15774586,West,Germany,Female,43.0,10,118588.83,1,Yes,Yes,161241.65,1
15603454,Sanders,Germany,Male,28.0,5,160454.15,2,Yes,Yes,114957.22,0
15653037,Parks,FRA,Male,77.0,1,0.0,1,Yes,Yes,18708.76,0
15782475,Edith,France,Female,42.0,8,0.0,2,Yes,Yes,105305.72,0
15593496,Korovin,Spain,Female,36.0,5,91132.18,1,No,No,58111.71,0
15808971,Lajoie,Spain,Female,57.0,9,0.0,2,Yes,Yes,135502.77,0
15791972,Bergamaschi,French,Female,20.0,7,0.0,2,No,No,10792.42,0
15676869,T'ien,Spain,Male,36.0,8,0.0,2,Yes,Yes,123866.43,0
15683007,Torode,Germany,Female,25.0,5,113113.12,1,No,No,129181.27,0
15659495,Fu,Spain,Male,23.0,2,0.0,1,Yes,Yes,6847.73,0
15703923,Cameron,Germany,Male,41.0,7,190409.34,2,Yes,Yes,138361.48,0
15674000,Cattaneo,French,Male,44.0,10,0.0,2,Yes,Yes,166707.22,0
15618171,James,French,Female,33.0,9,0.0,2,Yes,Yes,107221.03,0
15732202,Abramovich,French,Male,34.0,1,83503.11,2,Yes,Yes,73124.53,1
15735078,Onwughara,Germany,Female,53.0,1,139687.66,2,Yes,Yes,12913.92,0
15798615,Wan,FRA,Female,47.0,9,137301.87,1,No,No,44351.77,0
15638494,Salinas,Germany,Female,39.0,10,129845.26,1,Yes,Yes,96444.88,0
15763874,Ho,Spain,Male,46.0,8,0.0,2,Yes,Yes,60739.16,0
15696355,Cleveland,Germany,Male,37.0,6,125489.4,1,No,No,118570.53,0
15655952,Burke,France,Male,47.0,2,0.0,2,Yes,Yes,97057.28,0
15739850,Trentino,France,Male,45.0,6,155417.61,1,Yes,Yes,3449.22,0
15611338,Kashiwagi,Spain,Male,29.0,4,0.0,2,Yes,Yes,37605.9,0
15707861,Nucci,France,Female,46.0,10,85216.61,1,No,No,117369.52,1
15672237,Oluchi,France,Male,25.0,1,0.0,1,No,No,100598.98,0
15657771,Ts'ui,FRA,Male,37.0,6,0.0,1,Yes,Yes,17802.42,0
15677783,Graham,Spain,Male,38.0,4,113607.47,1,No,No,91094.46,0
15681026,Lucciano,Germany,Female,33.0,9,104552.72,1,Yes,Yes,120853.83,1
15566543,Aldridge,Spain,Male,44.0,9,0.0,2,No,No,107124.17,0
15594612,Flynn,Spain,Male,44.0,9,0.0,1,No,No,59207.41,1
15814664,Scott,Germany,Male,33.0,2,126524.11,1,No,No,136869.31,0
15642785,Douglas,French,Male,34.0,5,117593.48,2,No,No,113308.29,0
15690164,Shao,Germany,Female,33.0,4,83199.05,1,No,No,159334.93,0
15590213,Ch'en,Spain,Male,35.0,4,125920.98,1,Yes,Yes,20393.44,0
15603794,Pugliesi,French,Male,48.0,5,118469.38,1,Yes,Yes,158590.25,0
15733491,McGregor,Germany,Female,40.0,8,153537.57,2,No,No,23101.13,0
15806360,Hou,FRA,Male,41.0,6,0.0,1,Yes,Yes,112585.19,0
15587133,Thompson,FRA,Male,42.0,7,151027.05,2,No,No,119377.36,0
15721377,Chou,FRA,Female,34.0,3,144751.81,1,No,No,166472.81,0
15747927,Ch'in,FRA,Male,26.0,4,155739.76,1,No,No,171552.02,0
15806455,Miller,FRA,Male,27.0,7,0.0,2,Yes,Yes,157474.1,0
15695474,Barker,FRA,Male,33.0,7,122531.86,1,No,No,13549.24,0
15666295,Smith,Germany,Male,50.0,1,113957.01,2,No,No,196526.55,1
15656062,Azikiwe,France,Female,33.0,7,103377.81,1,No,No,84419.78,0
15579969,Mancini,FRA,Female,32.0,9,0.0,2,Yes,Yes,24991.92,0
15703563,P'eng,French,Male,40.0,9,93017.47,2,No,No,191608.97,0
15692664,Diribe,France,Female,58.0,1,90022.85,1,Yes,Yes,2988.28,0
15719276,T'ao,Spain,Male,35.0,6,74371.49,1,No,No,99595.67,0
15672754,Burbidge,Germany,Male,42.0,3,152039.7,1,Yes,Yes,53445.17,1
15768163,Griffin,Germany,Female,46.0,7,137145.12,1,No,No,115146.4,1
15656710,Cocci,FRA,Male,40.0,4,0.0,1,No,No,151325.24,0
15696175,Echezonachukwu,Germany,Male,35.0,7,90602.42,2,Yes,Yes,51695.41,0
15586914,Nepean,French,Male,36.0,6,123841.49,2,No,No,96833.0,0
15581736,Bartlett,Germany,Male,47.0,1,183579.54,2,Yes,Yes,34047.54,0
15588839,Mancini,Spain,Male,30.0,8,180307.73,2,Yes,Yes,1914.41,0
15589329,Pirozzi,France,Male,30.0,4,0.0,2,No,No,49337.84,0
15605622,McMillan,Spain,Male,28.0,4,0.0,2,Yes,Yes,179436.6,0
15798964,Nkemakonam,Germany,Male,33.0,3,35016.6,1,No,No,53667.08,0
15769959,Ajuluchukwu,France,Female,53.0,4,88381.21,1,No,No,69384.71,1
15657105,Chukwualuka,Spain,Male,36.0,2,0.0,1,No,No,195192.4,0
15569266,Rahman,FRA,Male,28.0,7,155060.41,1,No,No,29179.52,0
15719294,Wood,France,Female,29.0,2,0.0,2,No,No,167773.55,0
15606229,Obijiaku,France,Male,39.0,5,0.0,2,No,No,96270.64,0
15569892,Johnstone,French,Male,35.0,10,57369.61,1,Yes,Yes,101699.77,0
15584532,Liu,FRA,Female,36.0,7,0.0,1,Yes,Yes,42085.58,1
15682355,Sabbatini,Germany,Male,42.0,3,75075.31,2,No,No,92888.52,1
15628319,Walker,French,Female,28.0,4,130142.79,1,No,No,38190.78,0
