CustomerId,Surname,Geography,Gender,Age,Tenure,Balance,NumOfProducts,HasCrCard,IsActiveMember,EstimatedSalary,Exited
15634602,Hargrave,FRA,Female,42.0,2,€0.00,1,Yes,Yes,"€101,348.88",1
15634602,Hargrave,FRA,Female,42.0,2,€0.00,1,Yes,Yes,"€101,348.88",1
15647311,Hill,Spain,Female,41.0,1,"€83,807.86",1,Yes,Yes,"€112,542.58",0
15619304,Onio,French,Female,42.0,8,"€159,660.80",3,No,No,"€113,931.57",1
15701354,Boni,FRA,Female,39.0,1,€0.00,2,No,No,"€93,826.63",0
15737888,Mitchell,Spain,Female,43.0,2,"€125,510.82",1,Yes,Yes,"€79,084.10",0
15574012,Chu,Spain,Male,44.0,8,"€113,755.78",2,No,No,"€149,756.71",1
15592531,Bartlett,France,Male,50.0,7,€0.00,2,Yes,Yes,"€10,062.80",0
15656148,Obinna,Germany,Female,29.0,4,"€115,046.74",4,No,No,"€119,346.88",1
15792365,He,French,Male,44.0,4,"€142,051.07",2,Yes,Yes,"€74,940.50",0
15592389,H?,France,Male,27.0,2,"€134,603.88",1,Yes,Yes,"€71,725.73",0
15767821,Bearce,French,Male,31.0,6,"€102,016.72",2,No,No,"€80,181.12",0
15737173,Andrews,Spain,Male,24.0,3,€0.00,2,No,No,"€76,390.01",0
15632264,Kay,FRA,Female,34.0,10,€0.00,2,No,No,"€26,260.98",0
15691483,Chin,France,Female,25.0,5,€0.00,2,No,No,"€190,857.79",0
15600882,Scott,Spain,Female,35.0,7,€0.00,2,Yes,Yes,"€65,951.65",0
15643966,Goforth,Germany,Male,45.0,3,"€143,129.41",2,Yes,Yes,"€64,327.26",0
15737452,Romeo,Germany,Male,58.0,1,"€132,602.88",1,No,No,"€5,097.67",1
15788218,Henderson,Spain,Female,24.0,9,€0.00,2,Yes,Yes,"€14,406.41",0
15661507,Muldrow,Spain,Male,45.0,6,€0.00,1,No,No,"€158,684.81",0
15568982,Hao,French,Female,24.0,6,€0.00,2,Yes,Yes,"€54,724.03",0
15577657,McDonald,French,Male,41.0,8,€0.00,2,Yes,Yes,"€170,886.17",0
15597945,Dellucci,Spain,Female,32.0,8,€0.00,2,No,No,"€138,555.46",0
15699309,Gerasimov,Spain,Female,38.0,4,€0.00,1,No,No,"€118,913.53",1
15725737,Mosman,France,Male,46.0,3,€0.00,2,Yes,Yes,"€8,487.75",0
15625047,Yen,FRA,Female,38.0,5,€0.00,1,Yes,Yes,"€187,616.16",0
15738191,Maclean,France,Male,25.0,3,€0.00,2,Yes,Yes,"€124,508.29",0
15736816,Young,Germany,Male,36.0,2,"€136,815.64",1,Yes,Yes,"€170,041.95",0
15700772,Nebechi,FRA,Male,44.0,9,€0.00,2,No,No,"€38,433.35",0
15728693,,Germany,Female,,3,"€141,349.43",1,Yes,Yes,"-€999,999",0
15656300,Lucciano,French,Male,29.0,0,"€59,697.17",2,Yes,Yes,"€53,483.21",0
15589475,Azikiwe,Spain,Female,39.0,3,€0.00,3,No,No,"€140,469.38",1
15706552,Odinakachukwu,France,Male,36.0,7,"€85,311.70",1,Yes,Yes,"€156,731.91",0
15750181,Sanderson,Germany,Male,41.0,9,"€110,112.54",2,No,No,"€81,898.81",0
15659428,Maggard,Spain,Female,42.0,6,€0.00,2,Yes,Yes,"€34,410.55",0
15732963,Clements,Spain,Female,29.0,9,€0.00,2,Yes,Yes,"€142,033.07",0
15794171,Lombardo,France,Female,45.0,0,"€134,264.04",1,No,No,"€27,822.99",1
15788448,Watson,Spain,Male,31.0,3,"€145,260.23",1,Yes,Yes,"€114,066.77",0
15729599,Lorenzo,Spain,Male,33.0,7,"€76,548.60",1,Yes,Yes,"€98,453.45",0
15717426,Armstrong,French,Male,36.0,7,€0.00,1,Yes,Yes,"€40,812.90",0
15585768,Cameron,Germany,Male,41.0,6,"€70,349.48",2,Yes,Yes,"€178,074.04",0
15619360,Hsiao,Spain,Male,40.0,4,€0.00,1,No,No,"€70,154.22",0
15738148,Clarke,FRA,Female,51.0,8,"€122,522.32",1,No,No,"€181,297.65",1
15687946,Osborne,FRA,Female,61.0,2,"€117,419.35",1,Yes,Yes,"€94,153.83",0
15755196,Lavine,FRA,Female,49.0,2,"€131,394.56",1,No,No,"€194,365.76",1
15684171,Bianchi,Spain,Female,61.0,5,"€155,931.11",1,Yes,Yes,"€158,338.39",0
15754849,Tyler,Germany,Female,32.0,4,"€109,421.13",2,Yes,Yes,"€126,517.46",0
15602280,Martin,Germany,Female,27.0,9,"€112,045.67",1,Yes,Yes,"€119,708.21",1
15771573,Okagbue,Germany,Female,39.0,9,"€137,843.80",1,Yes,Yes,"€117,622.80",1
15766205,Yin,Germany,Male,38.0,2,"€103,391.38",1,Yes,Yes,"€90,878.13",0
15771873,Buccho,Germany,Female,37.0,2,"€103,769.22",2,No,No,"€194,099.12",0
15616550,Chidiebele,Germany,Male,44.0,10,"€116,363.37",2,No,No,"€198,059.16",0
15768193,Trevisani,Germany,Male,36.0,5,"€146,050.97",2,No,No,"€86,424.57",0
15683553,O'Brien,FRA,Female,33.0,5,€0.00,2,No,No,"€116,978.19",0
15702298,Parkhill,Germany,Male,41.0,8,"€125,561.97",1,No,No,"€164,040.94",1
15569590,Yoo,Germany,Male,42.0,1,"€98,495.72",1,No,No,"€40,014.76",1
15760861,Phillipps,French,Male,43.0,1,"€125,211.92",1,Yes,Yes,"€113,410.49",0
15630053,Tsao,France,Male,45.0,5,"€127,864.40",1,No,No,"€87,107.57",0
15647091,Endrizzi,Germany,Male,19.0,0,"€75,888.20",1,No,No,"€45,613.75",0
15623944,T'ien,Spain,Female,66.0,4,€0.00,1,No,No,"€1,643.11",1
15804771,Velazquez,FRA,Male,51.0,4,"€40,685.92",1,Yes,Yes,"€46,775.28",0
15651280,Hunter,Germany,Male,35.0,5,"€136,857.00",1,No,No,"€84,509.57",0
15773469,Clark,Germany,Female,27.0,9,"€152,328.88",2,No,No,"€126,494.82",0
15702014,Jeffrey,Spain,Male,33.0,1,"€56,084.69",2,No,No,"€178,798.13",0
15751208,Pirozzi,Spain,Male,56.0,8,"€78,707.16",1,Yes,Yes,"€99,398.36",0
15592461,Jackson,Germany,Male,26.0,4,"€109,166.37",1,Yes,Yes,"€92,840.67",0
15789484,Hammond,Germany,Female,36.0,6,"€169,831.46",2,Yes,Yes,"€27,758.36",0
15696061,Brownless,Germany,Female,34.0,1,"€101,633.04",1,No,No,"€110,431.51",0
15641582,Chibugo,Germany,Male,43.0,10,"€123,180.01",2,Yes,Yes,"€196,673.28",0
15638424,Glauert,Germany,Female,35.0,5,"€150,725.53",2,Yes,Yes,"€113,656.85",0
15755648,Pisano,FRA,Female,21.0,8,"€98,373.26",1,No,No,"€18,203.00",0
15703793,Konovalova,Germany,Male,58.0,2,"€133,745.44",4,No,No,"€28,373.86",1
15620344,McKee,France,Male,29.0,6,€0.00,1,No,No,"€33,953.87",0
15812518,Palermo,Spain,Female,37.0,0,"€163,607.18",1,Yes,Yes,"€44,203.55",0
15779052,Ballard,Germany,Female,25.0,5,"€157,780.84",2,Yes,Yes,"€58,426.81",0
15770811,Wallace,FRA,Male,36.0,9,€0.00,2,Yes,Yes,"€145,562.40",0
15780961,Cavenagh,France,Female,21.0,1,"€178,718.19",2,No,No,"€22,388.00",0
15614049,Hu,FRA,Male,55.0,8,€0.00,2,Yes,Yes,"€139,161.64",0
15662085,Read,FRA,Female,32.0,9,€0.00,1,Yes,Yes,"€148,210.64",0
15575185,Bushell,Spain,Male,33.0,5,"€77,253.22",1,Yes,Yes,"€194,239.63",0
15803136,Postle,Germany,Female,41.0,10,"€122,189.66",2,No,No,"€98,301.61",0
15706021,Buley,France,Female,34.0,1,"€96,645.54",2,No,No,"€171,413.66",0
15663706,Leonard,France,Female,32.0,2,€0.00,1,No,No,"€136,458.19",1
15641732,Mills,France,Female,36.0,3,€0.00,2,No,No,"€26,019.59",0
15701164,Onyeorulu,FRA,Female,34.0,4,"€90,307.62",1,Yes,Yes,"€159,235.29",0
15738751,Beit,France,Female,46.0,4,€0.00,2,No,No,"€1,907.66",0
15805254,Ndukaku,Spain,Female,75.0,10,€0.00,2,Yes,Yes,"€114,675.75",0
15762418,Gant,Spain,Male,22.0,3,"€121,681.82",1,No,No,"€128,643.35",1
15625759,Rowley,France,Male,30.0,9,€0.00,2,No,No,"€151,869.35",0
15622897,Sharpe,French,Female,46.0,4,€0.00,3,No,No,"€93,251.42",1
15767954,Osborne,Germany,Female,28.0,3,"€81,623.67",2,Yes,Yes,"€156,791.36",0
15757535,Heap,Spain,Female,44.0,5,€0.00,3,Yes,Yes,"€174,205.22",1
15731511,Ritchie,France,Male,45.0,7,"€118,626.55",2,No,No,"€147,132.46",0
15809248,Cole,FRA,Female,36.0,10,€0.00,2,No,No,"€109,614.57",0
15640635,Capon,FRA,Male,29.0,8,€0.00,2,Yes,Yes,"€172,290.61",0
15676966,Capon,Spain,Male,42.0,4,€0.00,2,Yes,Yes,"€85,982.47",0
15699461,Fiorentini,Spain,Male,35.0,10,"€176,273.95",1,Yes,Yes,"€121,277.78",0
15738721,Graham,Spain,Male,41.0,9,"€102,827.44",1,Yes,Yes,"€64,595.25",0
15693683,Yuille,Germany,Male,29.0,8,"€97,086.40",2,Yes,Yes,"€197,276.13",0
15604348,Allard,Spain,Male,22.0,8,€0.00,2,No,No,"€99,645.04",0
15633059,Fanucci,France,Male,34.0,9,€0.00,2,No,No,"€6,534.18",0
15808582,Fu,FRA,Female,40.0,6,€0.00,1,Yes,Yes,"€161,848.03",0
15743192,Hung,French,Female,44.0,6,€0.00,2,No,No,"€167,162.43",0
15580146,Hung,France,Male,31.0,9,"€82,674.15",1,No,No,"€41,970.72",0
15776605,Bradley,Spain,Male,36.0,7,€0.00,2,No,No,"€60,536.56",0
15804919,Dunbabin,Spain,Female,65.0,1,€0.00,1,Yes,Yes,"€177,655.68",1
15613854,Mauldon,Spain,Female,46.0,4,"€107,073.27",2,Yes,Yes,"€30,984.59",1
15599195,Stiger,Germany,Male,32.0,1,"€88,938.62",1,Yes,Yes,"€10,054.53",0
15812878,Parsons,Germany,Female,36.0,2,"€99,806.85",1,Yes,Yes,"€36,976.52",0
15602312,Walkom,Spain,Male,33.0,5,"€150,092.80",1,No,No,"€71,862.79",0
15744689,T'ang,Germany,Male,35.0,9,"€92,833.89",1,No,No,"€99,449.86",1
15803526,Eremenko,Germany,Male,30.0,3,"€90,536.81",1,Yes,Yes,"€63,082.88",0
15665790,Rowntree,Germany,Male,39.0,7,"€108,055.10",2,No,No,"€27,231.26",0
15715951,Thorpe,France,Male,42.0,2,"€100,238.35",1,No,No,"€86,797.41",0
15591100,Chiemela,Spain,Male,36.0,9,"€106,190.55",1,Yes,Yes,"€22,994.32",0
15609618,Fanucci,Germany,Male,28.0,9,"€154,475.54",2,Yes,Yes,"€101,300.94",1
15675522,Ko,Germany,Female,30.0,9,"€132,351.29",2,Yes,Yes,"€74,169.13",0
15705512,Welch,Germany,Female,37.0,6,"€167,864.40",1,No,No,"€115,638.29",0
15698028,Duncan,France,Female,41.0,1,€0.00,2,No,No,"€31,766.30",0
15661670,Chidozie,Germany,Female,31.0,8,"€107,818.63",1,No,No,"€199,725.39",1
15600781,Wu,Germany,Male,34.0,4,"€185,173.81",2,No,No,"€120,834.48",0
15682472,Culbreth,French,Male,34.0,8,"€129,433.34",2,No,No,"€38,131.77",0
15580203,,Spain,Male,,6,"€120,193.42",1,No,No,"-€999,999",0
15690673,Cameron,French,Female,39.0,6,€0.00,2,No,No,"€141,069.88",0
15760085,Calabresi,Germany,Female,48.0,10,"€126,384.42",1,Yes,Yes,"€198,129.36",0
15779659,Zetticci,FRA,Female,28.0,3,€0.00,1,No,No,"€183,646.41",0
15627360,Fuller,France,Male,42.0,9,"€152,603.45",1,No,No,"€110,265.24",1
15671137,MacDonald,France,Female,52.0,1,€0.00,1,Yes,Yes,"€8,636.05",1
15782688,Piccio,Germany,Male,56.0,0,"€148,507.24",1,No,No,"€46,824.08",1
15575492,Kennedy,FRA,Female,41.0,7,€0.00,2,No,No,"€171,378.77",0
15591607,Fernie,FRA,Male,24.0,9,"€101,827.07",1,No,No,"€167,256.35",0
15740404,He,FRA,Female,34.0,3,€0.00,2,Yes,Yes,"€124,226.16",0
15718369,Kaodilinakachukwu,Germany,Female,33.0,9,"€130,862.43",1,Yes,Yes,"€114,935.21",0
15677871,Cocci,France,Male,38.0,9,"€122,570.87",1,Yes,Yes,"€35,608.88",0
15642004,Alekseeva,French,Male,25.0,1,€0.00,2,Yes,Yes,"€16,459.37",0
15712543,Chinweike,Germany,Male,39.0,7,"€124,828.46",2,Yes,Yes,"€124,411.08",0
15584518,Arthur,Germany,Female,50.0,5,"€144,895.05",2,Yes,Yes,"€34,941.23",0
15802381,Li,Germany,Female,34.0,5,"€63,663.93",1,Yes,Yes,"€167,784.28",0
15610156,Ma,FRA,Male,40.0,2,"€133,463.10",1,Yes,Yes,"€93,165.34",0
15594408,Chia,Spain,Female,48.0,2,"€213,146.20",1,No,No,"€75,161.25",1
15640905,Vasin,Spain,Female,35.0,1,"€129,490.36",2,Yes,Yes,"€8,590.83",1
15698932,Groves,Germany,Male,44.0,10,"€137,452.09",1,No,No,"€189,543.90",0
15724944,Tien,France,Male,34.0,7,€0.00,2,Yes,Yes,"€180,427.24",0
15628145,Forwood,FRA,Female,43.0,5,"€125,851.93",1,Yes,Yes,"€193,318.33",0
15713483,Greeves,Spain,Male,52.0,2,€0.00,1,No,No,"€159,123.82",1
15612350,Taylor,FRA,Female,31.0,5,"€40,915.55",1,No,No,"€126,213.84",1
15800703,Madukwe,Spain,Female,21.0,5,"€113,157.22",1,Yes,Yes,"€54,141.50",0
15705707,Bennelong,Spain,Female,29.0,8,"€138,296.94",2,No,No,"€141,075.51",0
15754105,Olisanugo,French,Male,37.0,5,"€106,967.18",1,No,No,"€24,495.03",0
15703264,Chukwufumnanya,France,Male,44.0,9,"€120,681.63",1,No,No,"€74,836.34",0
15794413,Harris,France,Male,32.0,0,€0.00,2,Yes,Yes,€878.87,0
15650237,Morgan,Spain,Female,32.0,7,€0.00,2,No,No,"€89,520.75",0
15759618,Alexeeva,French,Female,48.0,9,€0.00,1,No,No,"€149,892.79",1
15811589,Metcalfe,Spain,Male,42.0,8,€0.00,2,No,No,"€180,800.42",0
15689044,Humphries,France,Male,37.0,2,"€127,609.59",1,No,No,"€98,646.22",0
15709368,Milne,French,Female,43.0,6,€0.00,2,Yes,Yes,"€109,041.53",0
15679145,Chou,Spain,Male,57.0,7,€0.00,1,No,No,"€17,941.16",1
15655007,Li,French,Female,33.0,7,€0.00,2,No,No,"€82,996.47",0
15623595,Clayton,Spain,Female,28.0,2,€0.00,2,Yes,Yes,"€92,067.35",0
15589975,Maclean,French,Female,73.0,6,"€97,259.25",1,Yes,Yes,"€104,719.66",0
15804017,Chigolum,Germany,Female,33.0,4,"€123,246.70",1,No,No,"€112,687.57",0
15692132,Wilkinson,Spain,Female,22.0,6,"€101,060.25",1,Yes,Yes,"€84,699.56",0
15641122,Wei,French,Male,30.0,2,€0.00,2,No,No,"€83,473.82",0
15630910,Treacy,FRA,Female,49.0,7,"€108,007.36",1,No,No,"€47,125.11",0
15680772,Hu,Spain,Female,36.0,2,€0.00,2,Yes,Yes,"€106,977.80",0
15658929,Taverner,Spain,Male,29.0,0,"€133,702.89",1,No,No,"€55,582.54",1
15585388,Sherman,Germany,Male,31.0,9,"€125,189.75",2,Yes,Yes,"€139,874.43",0
15724623,Taubman,Germany,Female,24.0,7,"€113,034.22",1,No,No,"€162,503.48",1
15588537,Robinson,Spain,Female,41.0,9,"€109,013.23",1,No,No,"€196,499.96",0
15574692,Pinto,Spain,Female,39.0,2,€0.00,2,No,No,"€40,721.24",1
15611325,Wood,Germany,Male,24.0,9,"€57,929.81",2,No,No,"€53,134.30",0
15587562,Hawkins,French,Female,29.0,4,"€130,114.39",1,No,No,"€164,017.89",0
15613172,Sun,Germany,Male,27.0,5,"€95,826.49",2,No,No,"€155,996.96",0
15651022,Yost,Germany,Male,44.0,10,"€129,608.57",1,No,No,"€5,472.70",1
15586310,Ting,French,Male,30.0,4,"€169,462.09",1,No,No,"€112,187.11",0
15625524,Rowe,France,Male,40.0,5,€0.00,2,Yes,Yes,"€146,457.83",0
15755209,Fu,Spain,Female,35.0,7,"€133,868.21",1,Yes,Yes,"€27,286.10",0
15645248,Ho,French,Female,30.0,0,€0.00,2,Yes,Yes,"€130,553.47",0
15790355,Okechukwu,Germany,Male,36.0,5,"€190,479.48",2,No,No,"€179,351.89",0
15762615,Campbell,Spain,Female,40.0,8,"€101,993.12",1,Yes,Yes,"€94,774.12",0
15625426,Ashbolt,Germany,Female,55.0,3,"€161,608.81",1,No,No,"€8,080.85",1
15716334,Rozier,Spain,Female,45.0,2,"€122,311.21",1,Yes,Yes,"€19,482.50",0
15789669,Hsia,FRA,Male,65.0,2,€0.00,2,Yes,Yes,"€48,071.61",0
15621075,Ogbonnaya,Germany,Female,45.0,1,"€162,150.42",2,No,No,"€174,531.27",0
15810845,T'ang,FRA,Male,42.0,2,€0.00,2,Yes,Yes,"€55,470.78",0
15719377,Cocci,French,Female,50.0,4,€0.00,1,Yes,Yes,"€8,546.87",1
15654506,Chang,France,Male,32.0,8,€0.00,2,No,No,"€95,857.18",0
15771977,T'ao,FRA,Female,39.0,1,"€99,010.67",1,No,No,"€194,945.80",0
15708710,Ford,Spain,Female,37.0,0,€0.00,1,Yes,Yes,"€131,521.72",0
15726676,Marshall,Spain,Male,30.0,5,€0.00,2,Yes,Yes,"€196,108.51",0
15587421,Tsai,Germany,Female,34.0,7,"€111,388.18",2,No,No,"€148,564.76",0
15726931,Onwumelu,FRA,Female,41.0,8,"€56,214.85",2,No,No,"€92,982.61",1
15771086,Graham,French,Female,36.0,3,"€84,327.77",2,No,No,"€17,675.36",0
15756850,Golovanov,French,Male,40.0,1,€0.00,2,No,No,"€114,996.43",0
15702741,Potts,French,Male,32.0,8,"€93,012.89",1,No,No,"€86,957.42",0
15679200,Crawford,Spain,Male,29.0,9,"€61,710.44",2,No,No,"€128,077.80",0
15594815,Aleshire,France,Male,35.0,3,"€174,790.15",1,Yes,Yes,€600.36,0
15635905,Moran,Spain,Female,32.0,6,€0.00,2,Yes,Yes,"€43,001.46",0
15777892,Samsonova,Germany,Male,37.0,3,"€107,720.64",1,Yes,Yes,"€158,591.12",0
15656176,Jenkins,France,Male,57.0,10,€0.00,2,Yes,Yes,"€47,847.19",0
15811127,Volkov,FRA,Male,35.0,6,"€96,423.84",1,No,No,"€10,488.44",0
15604482,Chiemezie,Spain,Male,30.0,2,"€141,040.01",1,Yes,Yes,"€5,978.20",0
15622911,Jude,FRA,Male,42.0,4,"€105,420.18",1,Yes,Yes,"€121,409.06",0
15600974,He,Spain,Male,50.0,5,€0.00,1,Yes,Yes,"€146,145.93",1
15727868,Onuora,France,Female,38.0,2,"€129,022.06",2,Yes,Yes,"€14,374.86",1
15627801,Ginikanwa,Spain,Male,33.0,3,"€176,666.62",1,No,No,"€94,670.77",0
15773039,Ku,France,Male,37.0,3,€0.00,1,Yes,Yes,"€179,670.31",0
15755262,McDonald,Spain,Female,41.0,3,"€89,763.84",1,No,No,"€199,304.74",1
15679531,Collins,France,Male,34.0,5,"€134,954.53",1,Yes,Yes,"€151,954.39",0
15684181,Hackett,French,Male,45.0,5,€0.00,1,No,No,"€142,513.50",1
15612087,Dike,France,Male,45.0,2,"€106,376.85",1,Yes,Yes,"€158,264.62",0
15752047,Trevisano,Germany,Male,33.0,2,"€161,814.64",2,No,No,"€169,381.90",0
15624592,Tan,French,Male,31.0,8,€0.00,2,Yes,Yes,"€169,915.02",0
15573152,Glassman,French,Female,41.0,9,€0.00,2,No,No,"€88,852.47",0
15594917,Miller,French,Female,34.0,1,"€63,095.01",1,Yes,Yes,"€40,645.81",0
15785542,Kornilova,Germany,Male,26.0,4,"€118,287.01",2,No,No,"€60,427.30",0
15723488,Watson,Germany,Male,47.0,7,"€106,854.21",1,Yes,Yes,"€157,959.02",1
15680920,Marchesi,French,Male,46.0,7,"€49,512.55",1,No,No,"€133,007.34",0
15786308,Millar,Spain,Female,33.0,9,€0.00,2,No,No,"€176,576.62",0
15659366,Shih,FRA,Male,43.0,1,"€105,799.32",2,No,No,"€34,888.04",1
15774854,Fuller,FRA,Male,54.0,8,€0.00,1,Yes,Yes,"€28,737.71",1
15725311,Hay,France,Female,31.0,9,"€114,722.05",2,Yes,Yes,"€98,178.57",0
15787155,Yang,Spain,Male,30.0,7,€0.00,1,Yes,Yes,"€125,010.24",0
15727829,McIntyre,FRA,Male,42.0,2,€0.00,2,Yes,Yes,"€167,984.61",0
15733247,Stevenson,France,Male,33.0,10,€0.00,1,No,No,"€4,861.72",1
15568748,Poole,Germany,Male,45.0,6,"€99,564.22",1,Yes,Yes,"€108,872.45",1
15699029,Bagley,FRA,Male,37.0,4,"€170,557.91",2,No,No,"€198,252.88",0
15774393,Ch'ien,French,Female,30.0,9,€0.00,2,Yes,Yes,"€26,960.31",0
15676895,Cattaneo,Germany,Female,39.0,6,"€74,596.15",3,Yes,Yes,"€85,746.52",1
15637753,O'Sullivan,Germany,Male,50.0,2,"€96,888.39",1,No,No,"€77,206.25",1
15605461,Lucas,Germany,Female,29.0,3,"€130,830.22",1,No,No,"€61,048.53",0
15808473,Ringrose,France,Male,72.0,1,€0.00,2,Yes,Yes,"€111,981.19",0
15627000,Freeman,FRA,Male,40.0,0,€0.00,2,No,No,"€62,232.60",0
15787174,Sergeyev,French,Female,37.0,1,€0.00,2,Yes,Yes,"€156,105.03",0
15723886,Fiore,Germany,Male,20.0,3,"€119,714.25",2,Yes,Yes,"€150,135.38",0
15704769,Smith,French,Female,67.0,5,"€113,978.97",2,Yes,Yes,"€93,146.11",0
15772896,Dumetochukwu,Germany,Male,42.0,6,"€100,160.75",1,No,No,"€33,462.94",1
15711540,Pacheco,France,Female,29.0,2,€0.00,1,Yes,Yes,"€144,375.00",0
15764866,Synnot,Germany,Female,43.0,3,"€116,220.50",3,No,No,"€55,803.96",1
15794056,Johnston,France,Female,46.0,2,€0.00,3,No,No,"€89,048.46",1
15795149,Stevens,FRA,Male,28.0,2,"€81,173.83",2,Yes,Yes,"€162,812.16",0
15812009,Grant,Spain,Male,38.0,4,€0.00,2,No,No,"€136,259.65",0
15651001,Tsao,Germany,Female,39.0,5,"€116,803.80",1,No,No,"€124,052.97",0
15813844,Barnes,FRA,Male,37.0,8,"€105,961.68",2,Yes,Yes,"€74,158.80",0
15596175,McIntosh,Germany,Male,67.0,6,"€117,411.60",1,Yes,Yes,"€45,071.09",1
15576269,Madison,Spain,Male,34.0,7,€0.00,2,No,No,"€62,030.06",0
15797219,Ifesinachi,France,Female,40.0,10,"€123,497.58",1,No,No,"€131,953.23",1
15685500,Glazkov,Germany,Male,26.0,7,"€152,400.51",2,No,No,"€79,414.00",0
15599792,Dimauro,FRA,Female,26.0,1,€0.00,2,Yes,Yes,"€199,638.56",0
15657566,Wieck,Germany,Male,24.0,8,"€103,097.85",1,Yes,Yes,"€157,577.29",0
15772423,Liao,Germany,Male,54.0,8,"€126,418.14",1,No,No,"€134,420.75",1
15628112,Hughes,Germany,Female,36.0,5,"€77,846.90",1,No,No,"€99,805.99",0
15753754,Morrison,Spain,Female,34.0,1,€0.00,2,Yes,Yes,"€97,932.68",0
15793726,Matveyeva,France,Female,79.0,0,€0.00,2,Yes,Yes,"€170,968.99",0
15694717,Ku,Germany,Male,37.0,2,"€79,731.91",1,Yes,Yes,"€57,558.95",0
15665834,Cheatham,Spain,Male,28.0,8,€0.00,1,No,No,"€176,713.47",0
15765297,Yao,Spain,Male,41.0,0,€0.00,2,Yes,Yes,"€34,283.23",0
15636684,Kirkland,FRA,Male,34.0,10,€0.00,2,Yes,Yes,"€198,637.34",0
15592979,Rose,Germany,Female,34.0,6,"€37,266.67",2,No,No,"€156,917.12",0
15750803,Jess,FRA,Female,30.0,6,"€127,992.25",1,Yes,Yes,"€50,457.20",0
15607178,Welch,Germany,Male,38.0,3,"€54,901.01",1,Yes,Yes,"€140,075.55",0
15713853,Ifeajuna,Germany,Male,42.0,9,"€108,748.08",2,Yes,Yes,"€65,323.11",0
15673481,Morton,Spain,Female,48.0,6,"€99,906.19",1,No,No,"€64,323.24",0
15686776,Rossi,FRA,Female,32.0,6,"€184,686.41",2,No,No,"€14,956.44",0
15673693,Reppert,France,Female,26.0,0,"€110,654.02",1,Yes,Yes,"€111,879.21",0
15700696,Kang,Spain,Male,31.0,9,"€79,019.80",1,Yes,Yes,"€18,606.23",0
15813163,Ch'iu,Spain,Female,36.0,9,"€99,240.51",1,No,No,"€123,137.01",0
15653857,Wallis,French,Male,34.0,2,€0.00,2,Yes,Yes,"€148,528.24",0
15777076,Clark,France,Male,36.0,7,€0.00,2,No,No,"€13,898.31",0
15717398,Fielding,Spain,Female,39.0,7,€0.00,1,No,No,"€81,259.25",1
15799217,Zetticci,Germany,Female,35.0,7,"€52,436.20",1,No,No,"€161,051.75",0
15787071,Dulhunty,Spain,Male,41.0,9,€0.00,2,Yes,Yes,"€191,599.67",0
15619955,Bevington,Germany,Male,34.0,3,"€100,337.96",3,No,No,"€48,559.19",1
15796505,Boyle,Germany,Female,34.0,1,"€149,297.19",2,Yes,Yes,"€186,339.74",0
15725166,Newton,French,Male,30.0,8,€0.00,2,No,No,"€33,159.37",0
15800116,Bowman,Germany,Male,28.0,4,"€145,605.44",1,Yes,Yes,"€93,883.53",0
15758685,Dubinina,Spain,Female,37.0,7,€0.00,2,Yes,Yes,"€110,899.30",0
15694456,Toscani,French,Male,62.0,3,€0.00,1,Yes,Yes,"€11,199.04",1
15767339,Chiazagomekpere,French,Female,53.0,10,€0.00,2,No,No,"€189,992.97",0
15683562,Allen,French,Male,35.0,6,"€84,026.86",1,Yes,Yes,"€164,255.69",0
15782210,K'ung,French,Male,46.0,1,€0.00,1,No,No,"€152,167.79",1
15668893,Wilsmore,France,Male,39.0,8,€0.00,2,Yes,Yes,"€33,949.67",0
15669169,Hargreaves,Spain,Male,29.0,10,€0.00,2,Yes,Yes,"€68,143.93",0
15643024,Huang,Germany,Male,35.0,4,"€138,718.92",1,Yes,Yes,"€47,251.79",1
15699389,Ch'ien,French,Male,42.0,7,"€118,274.71",1,Yes,Yes,"€25,885.72",0
15708608,Wallwork,FRA,Female,22.0,8,"€174,185.98",2,Yes,Yes,"€192,633.85",0
15626144,Chu,French,Male,40.0,7,"€113,208.86",2,No,No,"€34,577.36",0
15573112,Kang,Spain,Male,29.0,5,"€103,907.28",1,No,No,"€161,229.84",0
15790678,Davidson,FRA,Female,32.0,8,"€119,023.28",1,No,No,"€100,816.29",0
15727556,O'Donnell,Spain,Female,26.0,5,"€166,297.89",1,Yes,Yes,"€181,694.44",0
15697307,Nnachetam,Spain,Male,34.0,10,€0.00,2,No,No,"€79,078.91",0
15652266,Chidiebele,Germany,Male,42.0,9,"€63,227.00",1,Yes,Yes,"€137,316.32",0
15607098,Ahmed,Spain,Female,41.0,5,"€94,521.17",2,No,No,"€194,926.86",0
15655774,Booth,French,Male,27.0,7,€0.00,2,No,No,"€51,285.49",0
15590241,Chuang,Spain,Female,34.0,9,"€112,822.26",1,No,No,"€150,401.53",1
15785819,Shao,FRA,Male,38.0,3,€0.00,2,Yes,Yes,"€112,491.96",0
15723654,Tsao,French,Male,25.0,2,"€135,903.33",1,No,No,"€73,656.38",0
15774510,Tien,FRA,Female,31.0,4,"€125,169.26",1,Yes,Yes,"€106,636.89",0
15684173,Chang,Spain,Female,44.0,7,€0.00,3,No,No,"€155,853.52",1
15650068,Johnson,French,Male,58.0,0,"€149,117.31",1,Yes,Yes,"€162,599.51",0
15811490,French,France,Male,33.0,5,€0.00,2,Yes,Yes,"€103,737.82",0
15803976,Efremov,FRA,Female,31.0,10,€0.00,2,No,No,"€160,990.27",0
15682541,Hartley,Spain,Female,36.0,6,"€132,311.71",1,No,No,"€15,462.84",0
15695699,Calabrese,FRA,Male,35.0,8,€0.00,2,No,No,"€10,334.05",0
15624188,Chiu,FRA,Female,33.0,6,€0.00,2,Yes,Yes,"€190,686.16",0
15812191,Brennan,French,Male,33.0,4,"€118,082.89",1,No,No,"€94,440.45",0
15636673,Onwuatuegwu,France,Male,31.0,1,"€119,266.69",1,Yes,Yes,"€28,257.63",0
15594898,Hewitt,French,Male,43.0,2,€0.00,1,Yes,Yes,"€170,034.95",1
15660211,Shih,Germany,Male,35.0,7,"€156,847.29",2,No,No,"€31,824.29",0
15773972,Balashov,FRA,Male,50.0,4,"€137,104.47",1,No,No,"€127,166.49",1
15746726,Doyle,Germany,Male,31.0,8,"€78,398.69",1,No,No,"€44,937.01",0
15712287,Pokrovskii,FRA,Female,80.0,4,€0.00,2,Yes,Yes,"€188,603.07",0
15702919,Collins,Germany,Male,30.0,6,"€63,669.42",1,No,No,"€145,111.37",0
15674398,Russo,French,Male,38.0,3,€0.00,2,No,No,"€171,463.83",0
15797960,Skinner,Germany,Female,59.0,0,"€135,296.33",1,No,No,"€182,822.50",0
15631868,Robertson,Spain,Male,36.0,2,"€153,804.44",1,Yes,Yes,"€87,213.33",0
15581539,Atkinson,Spain,Male,37.0,3,€0.00,2,No,No,"€57,175.32",0
15662736,Doyle,FRA,Male,49.0,2,"€147,069.78",1,No,No,"€120,540.83",1
15666252,Ritchie,Spain,Male,42.0,9,€0.00,2,Yes,Yes,"€28,714.34",0
15677512,McEncroe,Spain,Female,22.0,3,€0.00,1,No,No,"€85,426.28",0
15626114,Pearson,France,Male,24.0,4,"€95,741.75",1,No,No,"€46,170.75",0
15810834,Gordon,Spain,Female,57.0,2,"€145,965.33",1,Yes,Yes,"€64,448.36",0
15678910,Ts'ai,FRA,Female,30.0,8,"€141,441.75",1,Yes,Yes,"€16,278.97",0
15694408,Lung,France,Male,40.0,1,"€139,290.41",1,No,No,"€182,855.42",1
15585215,Yuan,France,Female,31.0,4,€0.00,2,No,No,"€50,404.72",0
15682757,Pardey,FRA,Male,30.0,3,€0.00,2,No,No,"€107,640.25",0
15736601,Tai,FRA,Male,35.0,4,"€144,428.87",1,No,No,"€134,132.65",0
15601848,Scott,FRA,Male,35.0,2,€0.00,2,No,No,"€103,480.69",0
15736008,Hunter,French,Female,46.0,9,"€95,441.27",1,No,No,"€108,761.05",1
15669064,Mazzanti,Germany,Male,35.0,1,"€144,848.74",1,Yes,Yes,"€179,012.30",0
15624528,L?,Germany,Male,26.0,7,"€116,244.14",2,Yes,Yes,"€95,145.14",0
15598493,Beach,FRA,Male,50.0,7,€0.00,2,Yes,Yes,"€72,143.44",0
15601274,Hsieh,Spain,Female,40.0,1,"€146,502.07",1,No,No,"€19,162.89",0
15702669,Faulkner,Germany,Male,44.0,2,"€117,028.60",2,Yes,Yes,"€144,680.18",0
15728669,Knowles,Germany,Female,30.0,8,"€112,013.81",1,No,No,"€177,772.03",1
15742668,Day,Spain,Female,37.0,6,"€108,269.37",1,No,No,"€5,597.94",0
15697441,Hsueh,French,Male,29.0,7,"€182,123.79",1,No,No,"€116,828.51",1
15740476,Tsao,Germany,Female,32.0,3,"€150,923.74",2,Yes,Yes,"€174,652.51",0
15648064,Kennedy,FRA,Male,33.0,2,€0.00,2,No,No,"€2,010.98",0
15636624,Nwabugwu,Spain,Female,39.0,5,"€165,272.13",1,No,No,"€14,109.85",1
15807923,Young,Germany,Female,39.0,10,"€115,301.31",1,No,No,"€43,527.40",1
15745844,Kerr,Germany,Female,40.0,6,"€129,502.49",2,Yes,Yes,"€86,099.23",1
15786170,Tien,FRA,Male,31.0,4,"€118,342.26",1,No,No,"€161,574.19",0
15681081,Marrero,Spain,Female,47.0,5,€0.00,2,Yes,Yes,"€38,970.14",0
15684484,White,French,Male,22.0,8,€0.00,2,No,No,"€127,587.22",0
15785869,Pisano,FRA,Female,25.0,7,€0.00,2,No,No,"€30,380.12",0
15763859,Brown,French,Female,43.0,7,€0.00,2,No,No,"€90,908.95",0
15658935,Freeman,Germany,Female,34.0,9,"€106,937.05",2,No,No,"€138,275.01",0
15747358,Russell,Germany,Male,59.0,3,"€170,331.37",1,Yes,Yes,"€32,171.79",0
15735203,Seleznyov,Germany,Female,32.0,1,"€114,510.85",1,Yes,Yes,"€126,143.23",0
15576256,Yusupova,French,Male,39.0,5,€0.00,2,Yes,Yes,"€129,892.93",0
15659420,Foley,Spain,Male,32.0,3,"€107,594.11",2,Yes,Yes,"€102,416.84",0
15593365,Shih,Spain,Male,39.0,2,"€81,273.13",1,Yes,Yes,"€18,719.67",0
15777352,Ikedinachukwu,Spain,Female,32.0,7,"€169,399.60",1,No,No,"€61,936.22",0
15812007,Power,Spain,Male,25.0,6,€0.00,2,Yes,Yes,"€78,358.94",0
15625461,Amos,French,Female,45.0,1,"€187,841.99",2,Yes,Yes,"€147,224.27",0
15739438,Reed,FRA,Male,30.0,0,€0.00,2,No,No,"€160,979.66",0
15611759,Simmons,Spain,Female,57.0,8,"€126,776.30",2,Yes,Yes,"€132,298.49",0
15661629,Ricci,Spain,Male,34.0,9,"€126,436.29",1,No,No,"€174,248.52",1
15633950,Yen,FRA,Male,41.0,1,"€101,960.74",1,Yes,Yes,"€123,547.28",0
15592386,Campbell,France,Male,58.0,3,€0.00,2,Yes,Yes,"€32,790.02",0
15803716,West,Spain,Male,28.0,3,€0.00,2,Yes,Yes,"€181,543.67",0
15696674,Robinson,Germany,Female,45.0,2,"€150,842.93",1,Yes,Yes,"€2,319.96",1
15706365,Bianchi,French,Female,50.0,9,"€102,535.57",1,Yes,Yes,"€189,543.19",0
15745088,Chen,Germany,Female,29.0,9,"€99,027.61",2,No,No,"€10,940.40",0
15676715,Madukaego,FRA,Male,68.0,9,€0.00,2,Yes,Yes,"€199,493.38",0
15613085,Ibrahimova,Spain,Female,33.0,3,€0.00,1,Yes,Yes,"€188,193.25",0
15633537,Nolan,Germany,Female,42.0,9,"€87,271.41",2,No,No,"€172,572.64",0
15594720,Scott,Germany,Female,35.0,8,"€102,742.91",2,Yes,Yes,"€189,339.60",0
15684042,Blair,Germany,Male,34.0,2,"€40,105.51",2,Yes,Yes,"€53,512.16",0
15583303,Monaldo,FRA,Female,29.0,2,"€152,265.43",1,No,No,"€34,004.44",0
15611579,Sutherland,Spain,Male,42.0,4,"€141,947.67",1,Yes,Yes,"€10,598.29",0
15774696,Cole,Germany,Female,75.0,1,"€106,307.91",2,Yes,Yes,"€113,428.77",0
15694506,Briggs,Germany,Male,31.0,0,"€107,884.81",2,Yes,Yes,"€183,487.98",0
15688074,Gregory,Germany,Male,31.0,1,"€125,013.72",1,Yes,Yes,"€187,658.09",0
15759537,Bianchi,Germany,Male,35.0,7,"€58,469.37",2,Yes,Yes,"€172,459.39",0
15758449,Angelo,FRA,Female,39.0,8,€0.00,1,Yes,Yes,"€21,016.00",0
15583456,Gardiner,Germany,Male,45.0,10,"€117,231.63",3,Yes,Yes,"€122,381.02",1
15667871,Kerr,Spain,Male,35.0,4,"€152,390.26",1,No,No,"€128,123.66",0
15677371,Ko,Spain,Female,30.0,2,"€34,013.63",1,No,No,"€19,570.63",0
15629677,Distefano,Spain,Female,39.0,2,€0.00,3,No,No,"€188,150.60",1
15713578,Farrell,France,Female,50.0,9,€0.00,2,Yes,Yes,"€111,020.24",0
15591509,Milano,FRA,Male,36.0,7,"€101,583.11",2,No,No,"€123,775.15",0
15568240,Ting,Germany,Female,30.0,10,"€77,168.87",2,Yes,Yes,"€146,700.22",0
15622993,Boyd,Germany,Male,28.0,8,"€124,695.72",2,No,No,"€145,251.35",0
15689294,Onyemaechi,Germany,Male,44.0,3,"€105,934.96",1,No,No,"€82,463.69",0
15720910,Black,FRA,Female,66.0,9,€0.00,1,Yes,Yes,"€15,928.49",0
15721181,Oliver,Spain,Male,46.0,6,€0.00,2,No,No,"€45,886.33",0
15776433,Greco,Spain,Male,62.0,2,€0.00,2,Yes,Yes,"€186,489.95",0
15748936,Whitehead,Spain,Female,45.0,2,€0.00,2,Yes,Yes,"€162,922.65",0
15717225,Ikemefuna,France,Female,21.0,10,"€161,525.96",2,No,No,"€9,262.77",0
15685226,Morrison,Germany,Female,29.0,7,"€147,199.07",1,Yes,Yes,"€84,932.40",0
15785611,Onyeoruru,Germany,Male,38.0,3,"€183,102.29",1,Yes,Yes,"€71,557.12",0
15573456,Cunningham,Spain,Male,46.0,9,"€127,209.00",2,No,No,"€77,405.95",1
15684548,Demidov,Spain,Male,38.0,8,€0.00,2,No,No,€417.41,1
15620505,Celis,Spain,Female,24.0,0,"€97,378.54",1,Yes,Yes,"€71,405.17",0
15807432,Cheng,Germany,Female,37.0,2,"€136,925.09",2,Yes,Yes,"€153,400.24",0
15584766,Knight,France,Male,33.0,3,"€54,503.55",1,Yes,Yes,€371.05,0
15612187,Morin,Germany,Male,32.0,8,"€155,726.85",1,No,No,"€67,789.99",0
15762218,Mills,FRA,Female,39.0,9,€0.00,2,Yes,Yes,"€145,894.90",0
15646372,Outhwaite,France,Female,66.0,1,"€135,842.41",1,No,No,"€183,840.51",1
15690452,Tung,French,Male,52.0,1,"€63,349.75",1,No,No,"€108,887.44",0
15747795,Pai,Germany,Female,38.0,4,"€129,499.42",1,Yes,Yes,"€154,071.27",0
15781589,Carpenter,Spain,Male,52.0,8,€0.00,2,Yes,Yes,"€179,291.85",0
15732674,Fennell,Spain,Male,36.0,6,"€70,438.01",2,Yes,Yes,"€56,937.43",0
15642291,Fontaine,France,Male,23.0,8,€0.00,2,Yes,Yes,"€112,239.03",0
15692761,Pratt,French,Male,36.0,9,€0.00,1,No,No,"€45,909.87",0
15578045,Mitchell,Spain,Female,49.0,9,"€141,434.04",1,No,No,"€173,779.25",1
15745354,Franklin,Spain,Female,37.0,4,€0.00,2,No,No,"€125,696.26",0
15701376,K'ung,Germany,Male,37.0,10,"€152,958.29",2,Yes,Yes,"€159,585.61",0
15691625,Ko,Germany,Female,41.0,3,"€138,306.34",1,No,No,"€106,761.47",0
15566594,McKenzie,Spain,Male,23.0,10,€0.00,2,No,No,"€129,590.18",0
15760431,Pino,French,Male,38.0,1,€0.00,2,Yes,Yes,"€80,006.65",0
15686302,Fisk,Spain,Female,31.0,3,"€124,328.84",1,Yes,Yes,"€140,451.52",0
15801559,Chiang,Germany,Female,41.0,9,"€181,461.48",3,Yes,Yes,"€187,929.43",1
15810432,Moseley,Spain,Male,35.0,8,€0.00,2,No,No,"€167,155.36",0
15809616,Hsiung,Spain,Male,26.0,8,€0.00,2,No,No,"€191,420.71",0
15720559,Heath,Germany,Female,61.0,5,"€110,368.03",1,No,No,"€11,384.45",1
15695632,Dellucci,France,Female,39.0,9,"€89,588.35",1,Yes,Yes,"€94,898.10",0
15659843,Li,FRA,Female,46.0,6,€0.00,2,No,No,"€106,781.59",0
15615624,De Salis,FRA,Female,28.0,6,€0.00,2,No,No,"€159,508.52",0
15810418,T'ang,Germany,Female,60.0,3,"€115,924.89",1,No,No,"€93,524.19",1
15716186,Richardson,FRA,Female,38.0,2,€0.00,2,No,No,"€87,168.46",0
15674551,Fitch,Germany,Male,40.0,7,"€111,756.50",1,No,No,"€8,128.32",1
15622834,Stevenson,France,Female,35.0,4,€0.00,1,No,No,"€125,518.32",0
15566111,Estes,FRA,Male,39.0,9,€0.00,1,No,No,"€48,963.59",0
15784597,Lattimore,France,Male,26.0,9,"€162,923.85",1,No,No,"€98,368.24",0
15652883,Chung,Germany,Male,39.0,10,"€124,576.65",2,No,No,"€148,584.61",0
15806964,Utz,FRA,Male,45.0,0,"€80,793.58",1,Yes,Yes,"€27,474.81",0
15576313,Wei,Germany,Female,40.0,9,"€71,340.09",1,No,No,"€76,192.21",0
15806467,Boyle,Germany,Male,40.0,1,"€99,282.63",1,No,No,"€134,600.94",1
15597602,Nwachinemelu,Germany,Male,57.0,3,"€137,946.39",1,Yes,Yes,"€72,467.99",1
15743040,Kuznetsova,Germany,Male,41.0,2,"€127,892.57",2,Yes,Yes,"€199,645.45",0
15705521,Pisani,Germany,Female,33.0,0,"€101,084.36",1,No,No,"€42,749.85",0
15595039,Manna,Germany,Female,37.0,8,"€114,754.08",1,No,No,"€136,050.44",1
15799384,Collier,French,Male,33.0,8,€0.00,1,No,No,"€73,564.44",0
15581197,Ricci,FRA,Female,51.0,3,"€99,286.98",1,Yes,Yes,"€85,578.63",0
15693737,Carr,Germany,Female,30.0,4,"€79,871.02",2,No,No,"€129,826.89",0
15624623,Hs?,FRA,Male,35.0,10,"€104,088.59",2,No,No,"€119,666.00",0
15783501,Findlay,France,Female,38.0,2,"€168,190.33",2,No,No,"€68,052.08",0
15690134,Hughes,Germany,Female,42.0,3,"€85,679.25",1,Yes,Yes,"€164,104.74",0
15782735,Chukwuemeka,French,Female,35.0,3,€0.00,1,No,No,"€80,190.36",0
15611088,Genovese,FRA,Female,31.0,9,€0.00,2,No,No,"€84,126.75",0
15672145,Swift,French,Female,34.0,7,"€121,551.58",2,Yes,Yes,"€70,179.00",0
15732628,Ugoji,France,Male,46.0,2,"€122,220.19",1,Yes,Yes,"€118,024.10",0
15787470,Parkinson,Spain,Male,47.0,3,"€116,528.15",1,No,No,"€145,704.19",1
15803406,Ross,French,Female,26.0,1,"€77,780.29",1,Yes,Yes,"€183,049.41",0
15730460,Oleary,French,Male,37.0,2,€0.00,1,No,No,"€120,906.83",0
15644572,Turnbull,FRA,Male,40.0,4,"€125,832.20",1,Yes,Yes,"€100,433.83",0
15694860,Uspensky,French,Female,38.0,6,"€68,065.80",1,No,No,"€138,777.00",1
15658169,Cook,Spain,Female,47.0,6,"€127,299.34",2,No,No,"€124,694.99",0
15794396,Newbold,Germany,Female,38.0,7,"€174,937.64",1,No,No,"€40,084.32",0
15785798,Uchechukwu,FRA,Male,40.0,9,€0.00,2,Yes,Yes,"€119,232.33",0
15710825,Ch'en,Spain,Male,31.0,7,"€110,071.10",1,No,No,"€43,921.36",0
15668444,He,Spain,Female,44.0,3,"€139,432.37",1,No,No,"€62,222.81",0
15726631,Hilton,French,Female,39.0,6,"€127,357.76",1,Yes,Yes,"€56,577.00",0
15733797,Sal,French,Male,36.0,5,€0.00,2,No,No,"€164,253.35",0
15747960,Eluemuno,France,Male,33.0,3,€0.00,1,Yes,Yes,"€7,666.73",0
15634632,Titus,FRA,Male,38.0,3,€0.00,2,No,No,"€68,487.51",0
15707362,Yin,Germany,Male,43.0,1,"€95,556.31",1,Yes,Yes,"€199,273.98",1
15662976,Lettiere,Spain,Male,37.0,8,€0.00,1,Yes,Yes,"€186,062.36",0
15732778,Templeman,Germany,Male,29.0,1,"€111,681.98",2,Yes,Yes,"€195,711.16",0
15718443,Chibuzo,France,Male,39.0,3,€0.00,2,No,No,"€36,692.17",0
15670039,Sun,Spain,Female,25.0,3,"€108,738.71",2,No,No,"€106,920.57",0
15773792,Evans,French,Female,32.0,4,"€133,950.37",1,Yes,Yes,"€48,725.68",1
15613786,Ogbonnaya,Spain,Male,26.0,4,€0.00,2,Yes,Yes,"€167,036.94",0
15726032,Enyinnaya,France,Male,33.0,9,"€89,968.69",1,No,No,"€68,777.26",0
15663252,Olisanugo,Spain,Female,32.0,9,€0.00,2,Yes,Yes,"€18,924.92",0
15593782,Brookes,Germany,Female,38.0,5,"€130,878.75",3,No,No,"€71,905.77",1
15633283,Padovano,French,Male,35.0,8,€0.00,2,No,No,"€64,833.28",0
15749167,Fisk,FRA,Male,35.0,3,€0.00,2,Yes,Yes,"€184,843.77",0
15759298,Shih,Spain,Male,27.0,10,"€134,169.62",1,Yes,Yes,"€176,730.02",0
15683625,Hare,FRA,Male,37.0,1,"€149,762.08",1,No,No,"€20,629.40",1
15635367,Muir,French,Male,26.0,2,"€93,844.69",1,No,No,"€28,415.36",0
15681705,Fanucci,French,Male,28.0,8,€0.00,2,No,No,"€77,231.27",0
15603156,Elewechi,French,Female,33.0,1,€0.00,2,No,No,"€102,750.70",0
15591986,Johnston,Germany,Male,46.0,6,"€141,078.37",1,No,No,"€34,580.80",1
15798888,Pisano,Germany,Female,31.0,1,"€117,992.59",1,Yes,Yes,"€183,598.77",0
15809722,Ankudinov,FRA,Female,40.0,8,"€100,812.33",2,No,No,"€147,358.27",0
15677538,Nwokike,French,Male,38.0,7,€0.00,1,Yes,Yes,"€108,469.20",0
15797736,Smith,France,Male,29.0,4,"€80,262.60",1,Yes,Yes,"€20,612.82",0
15695585,Atkins,Spain,Male,34.0,6,"€156,478.62",1,Yes,Yes,"€181,196.76",0
15744398,Burns,FRA,Female,23.0,5,€0.00,2,No,No,"€160,249.10",0
15750658,Obiuto,France,Male,37.0,8,€0.00,3,No,No,"€110,783.28",0
15578186,Pirozzi,Germany,Male,37.0,9,"€115,217.99",2,No,No,"€144,995.33",0
15676519,George,Spain,Male,61.0,9,€0.00,2,No,No,"€150,227.85",1
15637954,Lewis,French,Female,35.0,0,"€155,470.55",1,Yes,Yes,"€53,718.28",0
15758639,Moran,French,Male,37.0,7,€0.00,2,No,No,"€75,248.30",0
15613772,Dalrymple,France,Male,39.0,3,"€135,096.77",1,Yes,Yes,"€14,353.43",1
15731744,Carslaw,FRA,Male,30.0,2,€0.00,2,Yes,Yes,"€130,486.57",0
15807709,Kirby,Germany,Female,55.0,9,"€180,075.22",1,Yes,Yes,"€100,127.71",0
15714689,Houghton,Spain,Male,29.0,1,"€97,541.24",1,Yes,Yes,"€196,356.17",0
15699005,Martin,French,Female,41.0,2,"€156,067.05",1,Yes,Yes,"€9,983.88",0
15624170,Tan,FRA,Female,38.0,4,"€81,550.94",2,Yes,Yes,"€118,974.77",0
15725679,Hsia,France,Female,47.0,6,€0.00,1,No,No,"€194,998.34",1
15585865,Westerberg,France,Female,38.0,2,"€170,061.92",2,No,No,"€134,901.34",1
15804256,Hale,Germany,Male,36.0,8,"€92,310.54",2,Yes,Yes,"€72,924.56",0
15662403,Kryukova,French,Female,32.0,6,"€169,089.38",2,No,No,"€101,057.95",0
15733616,Sopuluchukwu,French,Male,40.0,5,"€80,613.93",1,Yes,Yes,"€142,838.64",0
15591995,Barry,Germany,Male,26.0,8,"€121,581.56",2,Yes,Yes,"€127,059.04",0
15677020,Selezneva,France,Female,58.0,8,€0.00,1,Yes,Yes,"€116,503.92",1
15727688,Chizuoke,Spain,Male,32.0,4,€0.00,2,Yes,Yes,"€54,405.79",0
15715941,Lueck,France,Male,54.0,5,€0.00,2,Yes,Yes,"€88,721.84",0
15714485,Udinese,France,Male,60.0,5,"€85,891.55",1,No,No,"€74,135.48",1
15730059,Udobata,Spain,Male,44.0,9,"€77,637.35",2,Yes,Yes,"€111,346.22",0
15715527,Freeman,Spain,Female,41.0,4,€0.00,1,No,No,"€194,902.16",0
15576623,Outlaw,French,Male,31.0,5,€0.00,2,No,No,"€31,474.27",0
15805565,Obiuto,Germany,Male,30.0,7,"€116,927.89",1,No,No,"€21,198.39",0
15677307,Lo,Germany,Female,40.0,6,"€137,326.65",1,No,No,"€186,976.60",0
15773890,Okechukwu,FRA,Male,22.0,5,€0.00,2,Yes,Yes,"€117,202.19",0
15598883,King,Spain,Female,37.0,2,€0.00,2,Yes,Yes,"€143,739.29",0
15568506,Forbes,Germany,Female,31.0,10,"€67,238.98",2,Yes,Yes,"€161,811.23",0
15761043,Macleod,Germany,Female,38.0,6,"€86,569.76",2,No,No,"€98,090.91",0
15782236,Gibbs,Spain,Male,34.0,5,€0.00,2,No,No,"€71,095.41",0
15593601,Isayev,French,Male,34.0,6,"€133,598.40",1,Yes,Yes,"€13,107.24",0
15682048,Pisano,FRA,Female,51.0,3,"€136,188.78",1,Yes,Yes,"€67,110.59",1
15746902,Belstead,Spain,Male,38.0,9,€0.00,2,No,No,"€88,225.02",0
15752081,Vassiliev,France,Female,56.0,10,€0.00,3,Yes,Yes,"€62,256.87",1
15781307,Schneider,Germany,Male,37.0,7,"€120,092.52",2,No,No,"€135,925.72",0
15775912,Mazzanti,France,Male,48.0,4,"€101,238.24",2,Yes,Yes,"€177,815.87",1
15745417,Knipe,FRA,Male,58.0,6,"€89,685.92",1,Yes,Yes,"€126,471.13",0
15671256,Macartney,French,Female,35.0,1,"€211,774.31",1,No,No,"€188,574.12",1
15653547,Madukwe,FRA,Male,56.0,7,"€131,317.48",1,Yes,Yes,"€119,175.45",0
15595766,Watts,Spain,Male,37.0,5,"€93,722.73",2,Yes,Yes,"€139,093.73",0
15742358,Humphreys,Germany,Male,32.0,8,"€101,160.99",1,Yes,Yes,"€115,916.55",0
15763274,Wu,FRA,Male,48.0,3,"€120,320.54",1,No,No,"€96,463.25",0
15786063,Chin,FRA,Female,31.0,2,€0.00,2,Yes,Yes,"€112,349.51",0
15600258,Chesnokova,FRA,Male,43.0,2,€0.00,2,Yes,Yes,"€165,303.79",0
15573318,Kung,FRA,Male,26.0,8,€0.00,2,No,No,"€166,031.08",0
15653849,Lu,Germany,Female,48.0,3,"€152,827.99",1,No,No,"€38,411.79",1
15694272,Nkemakolam,French,Male,30.0,1,"€64,097.75",1,Yes,Yes,"€77,783.35",0
15736112,Walton,Spain,Female,57.0,2,"€119,035.35",2,Yes,Yes,"€29,871.79",0
15749851,Brookes,Spain,Female,26.0,4,"€135,219.57",1,Yes,Yes,"€59,747.63",0
15663478,Baldwin,French,Male,32.0,6,"€93,694.42",1,Yes,Yes,"€79,919.13",0
15592300,Mai,Spain,Male,35.0,10,"€59,408.63",1,No,No,"€76,773.53",0
15567832,Shih,French,Female,40.0,7,"€114,354.95",1,No,No,"€54,018.93",0
15776780,He,French,Male,59.0,1,€0.00,1,No,No,"€70,649.64",1
15592846,Fiorentini,Germany,Male,35.0,10,"€128,173.90",2,No,No,"€59,093.39",0
15739803,Lucciano,Spain,Male,34.0,9,€0.00,2,No,No,"€127,569.80",0
15794142,Ferreira,Germany,Female,62.0,5,"€114,931.35",3,Yes,Yes,"€18,260.98",1
15762729,Ukaegbunam,Germany,Female,28.0,1,"€111,071.36",1,No,No,"€73,275.96",1
15667896,De Luca,France,Male,37.0,8,"€151,226.18",2,Yes,Yes,"€136,129.49",0
15626578,Milne,FRA,Male,26.0,9,€0.00,2,Yes,Yes,"€153,237.59",0
15776223,Davide,French,Female,42.0,4,"€64,740.12",1,Yes,Yes,"€106,841.12",0
15705953,Kodilinyechukwu,Spain,Male,51.0,0,"€169,312.13",1,No,No,"€109,078.35",1
15802593,Little,France,Female,49.0,7,€0.00,3,Yes,Yes,"€87,822.14",1
15615457,Burns,Spain,Female,44.0,2,"€112,652.08",2,No,No,"€126,644.98",0
15708916,Paterson,France,Male,38.0,0,€0.00,2,No,No,"€47,414.15",0
15720187,Han,Germany,Female,30.0,7,"€143,964.36",2,No,No,"€41,879.99",0
15595440,Kryukova,French,Male,49.0,7,"€122,451.46",2,Yes,Yes,"€75,808.10",0
15600651,Ijendu,FRA,Male,24.0,1,€0.00,3,Yes,Yes,"€47,911.03",0
15750141,Reichard,Germany,Female,36.0,3,"€65,253.07",2,No,No,"€28,737.78",0
15657284,Day,Germany,Male,47.0,6,"€106,901.94",1,Yes,Yes,"€2,079.20",1
15763063,Price,Spain,Female,25.0,10,"€128,509.63",1,No,No,"€121,562.33",0
15709324,Bruce,French,Male,34.0,7,€0.00,2,No,No,"€55,003.79",0
15711309,Sumrall,Germany,Male,33.0,3,"€129,834.67",1,No,No,"€193,131.42",0
15775318,Lu,Spain,Female,51.0,3,"€154,962.99",3,Yes,Yes,"€191,932.27",1
15705515,Lazarev,Germany,Male,40.0,5,"€138,241.90",2,No,No,"€159,418.10",0
15634844,Miller,Germany,Male,41.0,3,"€91,536.93",1,No,No,"€191,468.78",1
15717046,Wentworth-Shields,Spain,Male,53.0,3,€0.00,2,Yes,Yes,"€38,913.68",0
15571816,Ritchie,Spain,Female,70.0,5,€0.00,1,Yes,Yes,€705.18,0
15670080,Mackenzie,Germany,Female,29.0,7,"€105,204.01",1,Yes,Yes,"€138,490.03",0
15800440,Power,Spain,Male,61.0,1,"€152,968.73",1,Yes,Yes,"€82,970.69",0
15665678,Tan,Spain,Male,36.0,8,"€158,261.68",1,Yes,Yes,"€76,744.72",0
15665956,Pendergrass,FRA,Female,46.0,1,€0.00,1,No,No,"€71,244.59",1
15788126,Evans,Spain,Female,38.0,6,"€121,021.05",1,Yes,Yes,"€12,182.15",0
15811773,Hsia,France,Male,36.0,4,€0.00,2,Yes,Yes,"€141,210.50",0
15651674,Billson,Spain,Female,54.0,2,€0.00,1,No,No,"€191,763.07",1
15689614,Teng,Spain,Female,63.0,1,"€137,715.66",1,Yes,Yes,"€37,938.74",0
15795564,Moretti,Germany,Male,31.0,5,"€121,192.22",2,Yes,Yes,"€74,890.58",0
15706647,Jordan,French,Male,31.0,7,€0.00,3,Yes,Yes,"€166,698.18",0
15728505,Ts'ao,France,Male,44.0,1,"€100,486.18",2,Yes,Yes,"€62,678.53",0
15730076,Osborne,France,Male,45.0,1,€0.00,1,No,No,"€67,740.08",1
15622003,Carslaw,French,Male,35.0,9,"€92,566.53",2,No,No,"€161,519.77",0
15607312,Ch'ang,Spain,Female,49.0,10,€0.00,2,Yes,Yes,"€159,835.78",1
15644753,Hung,Spain,Male,40.0,3,"€110,929.96",1,Yes,Yes,"€30,876.84",0
15653620,Gordon,FRA,Female,27.0,8,€0.00,2,Yes,Yes,"€14,858.10",0
15761986,Obialo,Spain,Female,32.0,3,"€138,901.61",1,No,No,"€75,685.97",0
15633922,Gray,FRA,Male,30.0,4,"€123,217.66",2,Yes,Yes,"€144,183.10",0
15734674,Lin,FRA,Female,41.0,6,€0.00,1,No,No,"€65,170.66",0
15658032,Hopkins,France,Male,39.0,2,€0.00,2,Yes,Yes,"€82,526.92",0
15692671,Dobson,Spain,Male,36.0,8,€0.00,2,No,No,"€169,161.46",0
15737741,McKay,Spain,Female,33.0,2,"€108,431.87",2,Yes,Yes,"€109,291.39",1
15576352,Revell,Spain,Female,57.0,3,€0.00,2,Yes,Yes,"€6,057.81",0
15753719,Rickards,Germany,Female,30.0,9,"€72,392.41",1,No,No,"€77,077.14",0
15803689,Begum,Germany,Female,51.0,1,"€119,741.77",2,No,No,"€54,954.51",1
15718057,Onyinyechukwuka,FRA,Female,51.0,2,"€100,946.71",1,No,No,"€179,614.80",1
15722010,Zuyev,Spain,Male,53.0,9,"€170,491.84",1,No,No,"€35,588.07",1
15680998,Nwankwo,French,Male,44.0,5,€0.00,1,Yes,Yes,"€117,356.14",0
15614782,Hao,France,Male,36.0,1,€0.00,1,No,No,"€160,696.72",0
15591047,Ma,Spain,Female,47.0,6,"€157,296.02",2,No,No,"€147,278.43",1
15788291,Okwuadigbo,Germany,Female,38.0,7,"€144,606.22",1,Yes,Yes,"€56,594.36",1
15604044,Mitchell,FRA,Male,38.0,8,"€134,811.30",1,No,No,"€1,299.75",0
15679587,Chan,France,Female,34.0,9,"€115,897.12",1,Yes,Yes,"€25,095.03",0
15775153,Buchi,Spain,Male,32.0,4,"€82,034.00",1,No,No,"€146,326.45",0
15603925,Greco,Spain,Female,26.0,4,"€174,318.13",2,Yes,Yes,"€38,296.21",0
15680970,Lombardi,Germany,Female,41.0,2,"€114,206.84",1,No,No,"€164,061.60",0
15697183,Uchenna,Spain,Male,43.0,9,€0.00,2,No,No,"€107,811.28",0
15567446,Coffman,Germany,Male,39.0,9,"€111,574.41",1,Yes,Yes,"€30,838.51",0
15637476,Alexandrova,Germany,Female,57.0,5,"€162,448.69",1,No,No,"€9,221.78",1
15714939,Fallaci,Germany,Female,34.0,4,"€148,249.54",1,Yes,Yes,"€33,738.27",0
15683503,Hudson,France,Female,43.0,8,€0.00,3,Yes,Yes,"€110,916.15",1
15645569,Mai,Spain,Female,26.0,7,"€123,709.46",2,Yes,Yes,"€169,654.57",0
15782569,Stout,France,Female,72.0,9,€0.00,1,Yes,Yes,"€69,829.40",0
15592387,Burke,FRA,Male,30.0,5,€0.00,1,No,No,"€54,926.51",1
15609286,Chadwick,FRA,Male,37.0,10,"€150,525.80",1,Yes,Yes,"€94,728.49",0
15814035,Lawrence,France,Male,29.0,9,€0.00,1,Yes,Yes,"€80,393.27",0
15661249,Bellucci,French,Male,53.0,4,€0.00,2,Yes,Yes,"€111,307.98",0
15629117,Harper,French,Male,28.0,10,€0.00,2,No,No,"€19,834.32",0
15607170,Boyle,FRA,Male,35.0,5,€0.00,2,Yes,Yes,"€78,397.24",0
15586585,Duncan,Germany,Female,51.0,2,"€111,018.98",1,No,No,"€86,410.28",0
15686611,Moss,France,Male,30.0,10,"€129,755.99",1,No,No,"€172,749.65",0
15603203,Avdeyeva,FRA,Female,27.0,6,€0.00,2,No,No,"€1,002.39",0
15619857,Crawford,French,Female,64.0,2,"€129,555.70",1,Yes,Yes,"€13,601.79",0
15805062,Lynton,Spain,Male,38.0,1,"€87,202.38",1,Yes,Yes,"€77,866.91",0
15660271,Duncan,Germany,Male,26.0,8,"€146,133.39",1,Yes,Yes,"€175,296.76",0
15745295,Gether,Spain,Female,31.0,0,€0.00,1,No,No,"€121,751.04",1
15719352,Davidson,Spain,Male,39.0,6,"€170,184.99",2,No,No,"€89,593.26",0
15766575,Larionova,Germany,Female,62.0,8,"€140,745.33",1,No,No,"€193,437.89",1
15594594,Loggia,Spain,Male,42.0,7,"€139,070.51",1,Yes,Yes,"€86,945.00",0
15646161,Steinhoff,Spain,Female,37.0,8,€0.00,2,Yes,Yes,"€183,318.79",0
15682585,Guerra,France,Male,35.0,9,"€114,193.24",1,No,No,"€71,154.10",0
15603134,Pai,Spain,Female,40.0,10,"€167,878.50",1,Yes,Yes,"€151,887.16",0
15636444,Craig,Germany,Female,53.0,5,"€141,616.55",2,Yes,Yes,"€75,888.65",0
15773456,Lazareva,Germany,Male,36.0,3,"€145,747.67",2,Yes,Yes,"€89,566.74",0
15745307,Ch'iu,Spain,Female,48.0,2,"€129,120.64",1,Yes,Yes,"€26,475.79",0
15604119,Alderete,Spain,Male,35.0,7,"€110,349.82",1,No,No,"€126,355.80",0
15626900,Kung,French,Male,29.0,1,"€141,325.56",1,Yes,Yes,"€93,839.30",0
15605447,Palermo,French,Male,49.0,2,"€78,653.84",1,No,No,"€7,698.60",0
15589030,Ts'ai,French,Male,47.0,1,€0.00,2,Yes,Yes,"€145,593.85",0
15692463,Rahman,Spain,Female,28.0,3,"€142,253.65",1,No,No,"€45,042.56",0
15712403,McMillan,FRA,Female,61.0,1,€0.00,1,No,No,"€61,108.56",1
15811762,Pickering,Germany,Female,54.0,6,"€115,988.86",1,No,No,"€57,553.98",1
15718673,Mirams,Spain,Female,33.0,10,"€75,592.43",1,No,No,"€62,674.42",0
15724282,Tsao,Germany,Male,44.0,3,"€164,113.04",2,Yes,Yes,"€12,120.79",0
15738181,Douglas,French,Male,31.0,6,"€67,996.23",2,No,No,"€50,129.87",1
15633648,Jideofor,Spain,Female,51.0,5,€0.00,2,No,No,"€55,022.43",0
15603323,Bell,Spain,Female,33.0,1,€0.00,2,No,No,"€117,834.91",0
15583725,Mairinger,France,Male,48.0,1,"€138,778.15",1,Yes,Yes,"€168,840.23",0
15588350,McIntyre,French,Female,43.0,10,"€147,832.15",1,Yes,Yes,"€24,234.11",0
15798398,Pagnotto,FRA,Female,36.0,4,"€135,438.40",1,No,No,"€190,627.01",0
15784844,K'ung,Spain,Male,48.0,5,"€116,060.08",1,No,No,"€156,618.38",1
15580684,Feng,French,Female,29.0,5,"€112,564.62",1,No,No,"€42,334.38",0
15809663,Donaldson,FRA,Female,27.0,1,"€125,406.58",1,Yes,Yes,"€110,784.42",0
15640078,Chambers,Germany,Female,39.0,5,"€135,134.99",1,No,No,"€173,683.00",1
15698786,Marcelo,France,Female,39.0,9,"€133,102.92",1,No,No,"€27,046.46",1
15569807,Ejimofor,French,Female,34.0,8,"€42,157.08",1,No,No,"€20,598.59",1
15730830,Dale,France,Female,30.0,3,€0.00,2,Yes,Yes,"€104,991.28",0
15805112,Pokrovsky,FRA,Male,38.0,7,"€82,259.29",1,No,No,"€8,996.97",0
15633064,Stonebraker,FRA,Female,36.0,4,€0.00,2,No,No,"€64,420.50",0
15703119,Liang,French,Male,38.0,6,€0.00,2,Yes,Yes,"€145,700.22",0
15730447,Anderson,French,Female,49.0,4,€0.00,2,Yes,Yes,"€196,335.48",0
15813850,Christian,French,Male,52.0,7,€0.00,1,Yes,Yes,"€14,781.12",0
15711889,Mao,France,Male,42.0,3,"€150,461.07",1,No,No,"€108,139.23",0
15664610,Campbell,Germany,Male,48.0,4,"€133,994.52",1,Yes,Yes,"€19,287.06",1
15751710,Ginikanwa,Spain,Male,31.0,8,"€164,870.81",2,Yes,Yes,"€9,567.39",0
15692926,Toscani,Germany,Male,25.0,8,"€121,702.73",1,Yes,Yes,"€132,210.49",0
15813741,Nnachetam,Spain,Male,25.0,6,"€193,858.20",1,Yes,Yes,"€21,600.11",0
15698474,Sagese,Germany,Female,54.0,1,"€131,039.97",2,Yes,Yes,"€199,661.50",0
15568595,Fleming,France,Male,64.0,9,"€113,829.45",1,Yes,Yes,"€124,341.49",0
15603065,Grubb,France,Female,30.0,6,€0.00,2,No,No,"€15,766.10",0
15592937,Napolitani,Germany,Female,41.0,3,"€81,877.38",1,Yes,Yes,"€33,642.21",0
15699637,Anenechi,Spain,Male,57.0,8,"€116,326.07",1,Yes,Yes,"€117,704.65",0
15667215,Chandler,FRA,Male,31.0,2,€0.00,2,Yes,Yes,"€58,803.28",0
15788659,Howells,French,Male,46.0,4,€0.00,2,Yes,Yes,"€137,537.22",0
15763218,Akeroyd,France,Female,41.0,1,€0.00,2,Yes,Yes,"€131,300.68",0
15645772,Onwumelu,France,Male,33.0,9,€0.00,2,Yes,Yes,"€84,174.81",0
15725511,Wallace,FRA,Female,31.0,3,"€127,070.73",1,Yes,Yes,"€160,941.78",0
15575024,Uwaezuoke,FRA,Male,29.0,3,€0.00,2,Yes,Yes,"€143,954.99",0
15640825,Loyau,Spain,Male,46.0,3,"€122,549.64",1,Yes,Yes,"€56,297.85",0
15662397,Small,French,Female,42.0,5,"€176,099.13",1,Yes,Yes,"€8,404.73",0
15576368,Bledsoe,Germany,Female,48.0,3,"€122,388.38",2,No,No,"€30,020.09",0
15674991,Kao,France,Male,42.0,9,€0.00,2,Yes,Yes,"€58,137.42",0
15721024,Wickens,French,Male,26.0,0,€0.00,1,No,No,"€47,472.68",0
15745621,Wertheim,Spain,Female,32.0,6,"€118,879.35",2,Yes,Yes,"€19,131.71",0
15642394,He,Spain,Male,35.0,5,€0.00,2,Yes,Yes,"€187,288.50",0
15754605,Jarvis,FRA,Female,39.0,5,€0.00,2,Yes,Yes,"€17,603.81",0
15607040,P'an,Spain,Female,38.0,4,"€88,736.44",2,No,No,"€67,020.03",0
15715142,Repina,Germany,Male,45.0,7,"€102,703.62",1,Yes,Yes,"€147,802.94",1
15810978,Pugliesi,Spain,Female,70.0,1,€0.00,2,Yes,Yes,"€41,610.62",0
15668886,Blakey,Spain,Female,38.0,3,€0.00,2,No,No,"€44,255.65",0
15780804,Nucci,FRA,Male,55.0,5,"€97,318.25",1,Yes,Yes,"€78,416.14",0
15613880,Higinbotham,Spain,Male,58.0,5,"€128,468.69",1,Yes,Yes,"€137,254.55",0
15775238,Achebe,Germany,Female,41.0,4,"€133,432.59",1,Yes,Yes,"€151,303.48",0
15786905,Russo,Germany,Female,40.0,8,"€141,782.57",2,No,No,"€86,333.63",0
15747867,Trevisani,France,Male,24.0,9,"€135,125.28",1,No,No,"€89,801.90",0
15600337,Dobie,Spain,Male,42.0,2,"€178,820.91",1,No,No,"€29,358.57",1
15801277,Maccallum,French,Female,31.0,2,"€112,212.14",2,Yes,Yes,"€181,600.72",0
15579334,Watkins,Germany,Female,45.0,5,"€126,674.81",1,No,No,"€124,118.71",1
15802741,Mitchel,FRA,Female,51.0,7,"€136,294.97",1,No,No,"€38,867.46",1
15720649,Ferdinand,France,Female,36.0,5,"€66,392.64",1,No,No,"€31,106.67",0
15589493,Otitodilinna,Germany,Male,27.0,1,"€122,552.34",2,No,No,"€67,611.36",0
15688251,Mamelu,France,Male,43.0,1,"€76,408.85",2,No,No,"€77,837.63",0
15665238,Beneventi,Germany,Male,36.0,8,"€145,071.24",1,No,No,"€6,078.46",0
15740900,Perrodin,French,Male,34.0,6,€0.00,2,Yes,Yes,"€177,896.92",0
15681068,Chinagorom,France,Female,45.0,2,"€109,730.22",1,Yes,Yes,"€123,882.73",0
15748625,Napolitano,French,Male,57.0,6,€0.00,2,Yes,Yes,"€15,304.08",0
15727299,Edgar,Spain,Male,62.0,1,"€64,119.38",1,Yes,Yes,"€76,569.64",1
15620204,Walker,Germany,Female,57.0,1,"€106,138.33",2,Yes,Yes,"€120,657.32",1
15669516,Steele,Spain,Male,36.0,2,€0.00,2,Yes,Yes,"€16,436.56",0
15736534,Elkins,Germany,Male,33.0,0,"€181,656.51",1,Yes,Yes,"€107,667.91",0
15803457,Hao,French,Female,32.0,5,€0.00,2,No,No,"€95,611.47",0
15659098,Toscano,FRA,Male,30.0,7,"€95,128.86",1,No,No,"€19,799.26",0
15603436,Savage,Spain,Female,49.0,2,"€126,615.94",2,Yes,Yes,"€123,214.74",0
15566292,Okwuadigbo,Spain,Male,36.0,1,€0.00,2,Yes,Yes,"€71,709.12",0
15808621,Mordvinova,Germany,Male,36.0,2,"€76,190.48",2,Yes,Yes,"€149,066.14",0
15580148,Welch,Germany,Male,40.0,5,"€168,286.81",3,No,No,"€20,451.99",1
15776231,Kent,Germany,Male,35.0,4,"€88,109.81",1,Yes,Yes,"€32,825.50",0
15773809,Campbell,France,Male,42.0,4,€0.00,2,No,No,"€6,232.31",0
15649423,Cooper,French,Female,35.0,8,€0.00,2,Yes,Yes,"€10,357.03",0
15734886,Mazzi,FRA,Female,34.0,3,"€123,971.51",2,No,No,"€147,794.63",0
15722548,Fisher,French,Male,48.0,0,"€148,116.48",1,No,No,"€116,973.48",0
15650288,Summers,Germany,Male,35.0,6,"€116,269.01",1,No,No,"€129,964.94",0
15629448,Brady,Spain,Male,38.0,1,"€120,599.21",1,No,No,"€92,816.86",0
15716164,Nicholls,France,Female,41.0,3,"€144,260.50",1,No,No,"€172,114.67",0
15807609,Yuan,Spain,Female,25.0,3,"€86,605.50",3,No,No,"€16,649.31",1
15578977,Robinson,France,Male,34.0,9,€0.00,2,No,No,"€144,517.19",0
15677369,Golubov,Germany,Female,37.0,4,"€58,629.97",1,No,No,"€182,038.60",0
15804072,Chen,Spain,Female,42.0,5,€0.00,2,No,No,"€24,210.56",0
15696859,Oldham,France,Male,45.0,10,€0.00,2,No,No,"€172,175.90",0
15653780,Kambinachi,France,Female,43.0,5,€0.00,1,Yes,Yes,"€47,578.45",0
15721658,Fleming,Spain,Female,56.0,2,"€209,767.31",2,Yes,Yes,"€150,694.42",1
15578761,Cunningham,Spain,Female,42.0,6,"€129,634.25",2,Yes,Yes,"€177,683.02",1
15736879,Obinna,French,Male,23.0,1,€0.00,2,No,No,"€66,088.83",0
15571973,Chinwemma,French,Female,38.0,2,"€169,824.46",1,No,No,"€169,291.70",0
15626742,Carpenter,FRA,Male,36.0,3,"€97,530.25",1,Yes,Yes,"€117,140.41",0
15672692,Yin,French,Female,42.0,10,"€145,988.65",2,Yes,Yes,"€79,510.37",0
15673570,Olsen,France,Male,37.0,9,€0.00,2,Yes,Yes,"€77,108.66",0
15767432,Ts'ai,FRA,Female,25.0,7,€0.00,3,Yes,Yes,"€9,679.28",0
15654238,Jen,French,Female,40.0,5,"€137,494.28",1,No,No,"€81,753.92",0
15612525,Preston,French,Female,57.0,1,€0.00,1,No,No,"€131,372.38",1
15812750,Ozioma,France,Male,24.0,6,"€147,360.00",1,Yes,Yes,"€25,310.82",0
15790757,Cody,FRA,Female,25.0,10,€0.00,2,No,No,"€187,925.75",0
15723873,Ponomarev,Spain,Male,31.0,3,"€125,167.02",1,No,No,"€98,820.39",0
15744607,Martin,Germany,Male,43.0,9,"€121,152.05",2,No,No,"€64,166.70",1
15612966,Milani,Germany,Female,60.0,7,"€128,981.07",1,Yes,Yes,"€176,924.21",1
15784209,Tang,FRA,Male,47.0,6,€0.00,1,Yes,Yes,"€90,055.08",0
15794278,Romani,Spain,Male,67.0,6,"€151,858.98",1,Yes,Yes,"€72,814.31",0
15766741,McIntyre,France,Male,36.0,2,"€114,628.40",1,Yes,Yes,"€168,290.06",0
15661036,Davis,France,Male,46.0,6,€0.00,2,No,No,"€161,767.38",0
15705639,Onyemauchechukwu,France,Female,28.0,8,"€95,059.02",2,No,No,"€44,420.18",0
15637414,Gell,French,Female,24.0,7,"€128,736.39",1,Yes,Yes,"€37,147.61",0
15716835,Rossi,France,Male,24.0,8,"€156,325.38",1,Yes,Yes,"€125,381.02",0
15696231,Chiwetelu,French,Male,29.0,7,"€105,405.97",1,Yes,Yes,"€149,853.89",0
15641675,Kirillova,FRA,Female,49.0,2,"€88,915.37",3,No,No,"€161,435.02",1
15670755,Shaw,France,Male,60.0,8,€0.00,2,Yes,Yes,"€102,925.76",0
15640059,Smith,France,Male,40.0,5,€0.00,2,Yes,Yes,"€70,899.27",0
15787619,Hsieh,FRA,Male,18.0,2,"€160,980.03",1,No,No,"€145,936.28",0
15587535,Onyemauchechukwu,Spain,Female,46.0,5,"€177,619.71",1,No,No,"€54,227.06",0
15813034,Martin,Spain,Male,38.0,2,"€62,276.99",1,Yes,Yes,"€59,280.79",0
15698839,Okwudilichukwu,Germany,Male,46.0,4,"€127,559.97",2,Yes,Yes,"€126,952.50",0
15790314,Onuoha,France,Male,41.0,0,€0.00,2,Yes,Yes,"€130,567.02",0
15634245,Muecke,Germany,Female,47.0,9,"€95,523.16",1,No,No,"€73,294.48",0
15677305,Hsieh,FRA,Female,35.0,7,"€107,749.03",1,Yes,Yes,"€3,937.37",0
15661526,Anderson,Germany,Male,37.0,2,"€110,777.26",2,No,No,"€2,383.59",0
15685997,Azubuike,Spain,Female,39.0,5,"€166,733.92",2,No,No,"€14,279.44",0
15660101,Nnonso,France,Male,31.0,9,"€157,120.86",2,No,No,"€141,300.53",0
15637979,Fuller,Germany,Female,36.0,2,"€127,160.78",2,No,No,"€78,140.75",0
15815364,Ashley,Spain,Female,28.0,2,€0.00,2,Yes,Yes,"€117,431.10",0
15647099,Ts'ui,FRA,Female,37.0,9,"€156,091.97",1,No,No,"€72,008.61",0
15625944,Buccho,France,Male,58.0,5,"€98,668.18",1,Yes,Yes,"€60,887.58",0
15583212,Chidozie,France,Female,43.0,5,"€134,022.06",1,No,No,"€194,764.83",0
15582741,Maclean,FRA,Female,35.0,5,"€124,151.09",1,No,No,"€88,705.14",1
15637876,Burns,Germany,Female,36.0,6,"€77,253.50",1,No,No,"€35,817.97",1
15622750,Chu,Germany,Female,21.0,1,"€114,292.48",1,No,No,"€31,520.40",0
15672056,Kenenna,Germany,Male,43.0,2,"€140,080.32",3,Yes,Yes,"€157,908.19",1
15812351,Beluchi,Spain,Female,27.0,2,"€135,277.96",1,No,No,"€142,200.15",0
15810864,Williamson,France,Female,82.0,2,€0.00,2,Yes,Yes,"€182,055.36",0
15677921,Bobrov,Germany,Male,60.0,9,"€115,920.62",2,No,No,"€157,552.08",1
15724296,Kerr,Spain,Male,41.0,2,"€119,782.72",2,No,No,"€120,284.67",0
15685329,McKenzie,FRA,Female,63.0,1,"€114,715.71",1,Yes,Yes,"€24,506.95",1
15584091,Pitts,Germany,Female,36.0,2,"€129,748.54",2,No,No,"€47,271.61",1
15640442,Standish,France,Male,31.0,4,"€129,722.57",1,No,No,"€41,176.60",0
15639314,Cartwright,French,Male,32.0,2,€0.00,2,Yes,Yes,"€9,468.64",0
15685320,Johnstone,FRA,Male,36.0,3,"€139,180.20",1,No,No,"€123,880.19",0
15789158,Nikitina,Germany,Male,49.0,6,"€113,599.74",2,No,No,"€158,887.09",1
15752137,McElroy,France,Male,33.0,7,"€134,944.00",1,Yes,Yes,"€117,036.38",0
15712551,Shen,Germany,Female,58.0,7,"€116,922.25",1,No,No,"€120,415.61",1
15628936,Archer,Spain,Male,28.0,9,"€118,945.09",1,No,No,"€16,064.25",1
15797227,Otutodilinna,French,Male,28.0,8,€0.00,2,Yes,Yes,"€52,615.62",0
15769974,Shih,Spain,Female,35.0,8,"€119,182.73",1,No,No,"€121,210.09",0
15737051,Denisov,FRA,Male,27.0,8,€0.00,2,No,No,"€192,247.35",0
15585595,Owens,FRA,Female,28.0,1,"€71,264.02",2,Yes,Yes,"€68,759.57",0
15654060,P'eng,France,Male,41.0,2,€0.00,2,Yes,Yes,"€75,937.47",0
15745196,Verco,France,Female,35.0,8,€0.00,2,No,No,"€84,569.13",0
15571221,Bergamaschi,Germany,Male,58.0,7,"€116,313.57",1,Yes,Yes,"€190,696.35",1
15660155,Lorenzo,Spain,Male,36.0,5,"€92,140.15",1,Yes,Yes,"€67,468.67",0
15605284,Outtrim,France,Male,26.0,1,€0.00,2,Yes,Yes,"€104,435.94",0
15694366,Hou,Germany,Male,42.0,2,"€177,640.09",1,Yes,Yes,"€47,166.55",0
15600739,Galkin,Spain,Female,35.0,0,€0.00,2,No,No,"€119,899.52",0
15653253,Pagnotto,Spain,Male,48.0,8,"€167,997.60",1,Yes,Yes,"€173,498.45",0
15763431,Echezonachukwu,FRA,Male,36.0,2,"€82,275.35",2,Yes,Yes,"€93,249.26",0
15643696,Young,France,Male,49.0,3,€0.00,2,Yes,Yes,"€142,917.54",0
15707473,Summers,Germany,Female,48.0,6,"€111,962.99",1,No,No,"€111,755.80",0
15769504,Munro,Germany,Female,34.0,1,"€131,736.88",1,Yes,Yes,"€108,543.21",0
15776807,Brennan,French,Male,29.0,1,€0.00,1,No,No,"€180,345.44",0
15686870,Ball,Germany,Male,36.0,8,"€108,239.11",2,No,No,"€99,444.02",0
15668747,Virgo,FRA,Female,46.0,9,"€98,444.19",1,Yes,Yes,"€109,563.28",0
15766908,Trevisani,Germany,Male,32.0,3,"€114,540.38",1,No,No,"€92,568.07",0
15570134,Padovano,France,Female,35.0,6,"€187,530.66",2,Yes,Yes,"€37,976.36",0
15567367,Tao,Germany,Female,42.0,9,"€133,636.16",1,Yes,Yes,"€103,315.74",0
15747542,Perez,French,Male,52.0,7,€0.00,2,Yes,Yes,"€173,952.50",0
15762238,Fraser,Germany,Female,44.0,0,"€84,745.03",2,Yes,Yes,"€34,673.98",0
15681554,Alley,Germany,Female,31.0,7,"€120,599.38",2,Yes,Yes,"€46,163.44",0
15712825,Howells,Spain,Female,29.0,9,€0.00,2,Yes,Yes,"€140,676.98",0
15640280,Cameron,France,Male,39.0,4,"€127,771.35",2,Yes,Yes,"€151,738.54",0
15756026,Hooper,Spain,Female,46.0,9,€0.00,1,No,No,"€14,679.81",1
15613319,Rice,France,Female,33.0,0,€0.00,1,No,No,"€175,544.02",0
15798906,Cox,France,Male,69.0,5,€0.00,2,Yes,Yes,"€181,964.60",0
15708917,Martin,Germany,Male,53.0,10,"€167,772.96",1,Yes,Yes,"€136,886.86",0
15778463,Ikenna,French,Female,37.0,6,"€95,845.60",1,No,No,"€122,218.23",0
15699430,Davide,France,Female,35.0,10,€0.00,2,No,No,"€180,439.75",0
15649992,Alexander,Spain,Male,65.0,7,"€134,714.70",2,Yes,Yes,"€190,419.81",0
15578980,Piazza,Spain,Female,33.0,3,€0.00,2,Yes,Yes,"€58,685.59",0
15775306,Ni,Germany,Male,28.0,8,"€122,384.22",3,Yes,Yes,"€89,017.38",1
15641655,Black,French,Female,26.0,2,€0.00,2,No,No,"€50,051.42",0
15619708,Harker,French,Male,25.0,5,"€157,993.15",2,No,No,"€146,041.45",0
15734565,Hughes,France,Male,29.0,8,€0.00,2,No,No,"€191,166.09",0
15806438,Chiabuotu,Germany,Female,42.0,2,"€123,331.36",1,No,No,"€103,516.08",1
15591969,Kuo,Spain,Male,27.0,9,"€75,263.16",1,Yes,Yes,"€164,825.04",0
15747807,Gallagher,FRA,Female,43.0,6,"€137,824.03",2,No,No,"€172,557.77",0
15596939,Calabresi,Germany,Male,36.0,4,"€132,578.92",2,No,No,"€84,320.94",0
15716155,Shaw,France,Female,36.0,5,"€156,021.31",1,No,No,"€122,662.98",0
15765311,Zhirov,Spain,Male,34.0,8,€0.00,1,No,No,"€72,085.10",0
15757811,Lloyd,Spain,Female,69.0,9,"€137,453.43",1,Yes,Yes,"€110,932.24",1
15603830,Palmer,Spain,Male,36.0,4,€0.00,2,No,No,"€143,635.36",0
15660602,Ch'eng,Germany,Male,33.0,8,"€164,284.72",2,Yes,Yes,"€3,710.34",0
15660535,Avent,France,Female,47.0,5,€0.00,2,Yes,Yes,"€179,843.33",0
15666633,Huang,Spain,Male,56.0,1,€0.00,2,Yes,Yes,"€10,643.38",0
15596914,Shaw,Germany,Female,31.0,2,"€112,373.49",2,Yes,Yes,"€131,167.98",0
15639788,Yuan,France,Female,39.0,10,€0.00,2,No,No,"€10,553.31",0
15695846,Hawkins,France,Female,34.0,6,€0.00,2,Yes,Yes,"€130,928.22",0
15726234,Trentini,Spain,Female,41.0,5,€0.00,1,Yes,Yes,"€157,003.99",0
15797964,Cameron,Germany,Female,29.0,1,"€154,333.82",1,Yes,Yes,"€138,527.56",0
15625881,Koehler,Germany,Male,37.0,3,"€111,432.77",2,Yes,Yes,"€167,032.49",0
15780628,Wu,French,Female,30.0,6,€0.00,2,No,No,"€41,642.29",0
15575883,Manna,French,Male,34.0,2,"€137,390.11",2,No,No,"€9,677.00",0
15585036,Okoli,Spain,Female,37.0,3,€0.00,2,Yes,Yes,"€147,012.22",0
15589488,Ch'eng,Germany,Female,56.0,5,"€111,642.08",1,Yes,Yes,"€80,553.87",0
15585888,Nwokezuike,Spain,Female,48.0,3,€0.00,1,Yes,Yes,"€30,730.95",1
15727915,Artemiev,FRA,Male,36.0,4,"€83,543.37",1,No,No,"€140,134.43",0
15707567,Esposito,Germany,Male,50.0,6,"€145,338.76",1,No,No,"€91,936.10",1
15737792,Abbie,FRA,Female,31.0,1,"€186,796.37",1,No,No,"€178,252.63",0
15599433,Fanucci,Germany,Male,35.0,8,"€58,641.43",1,Yes,Yes,"€198,674.08",0
15672012,Jen,Spain,Female,41.0,5,€0.00,1,No,No,"€28,266.90",1
15806983,Moss,FRA,Male,44.0,3,"€137,148.68",1,No,No,"€92,381.01",0
15592222,Lo,French,Male,49.0,7,"€80,001.23",1,No,No,"€135,180.11",0
15608968,Averyanov,Germany,Male,21.0,6,"€86,402.52",2,No,No,"€27,330.59",0
15586959,Unaipon,France,Female,42.0,5,€0.00,2,No,No,"€125,305.34",0
15646558,Clamp,Spain,Male,51.0,1,"€122,874.74",1,Yes,Yes,"€149,648.45",0
15725811,Lim,FRA,Male,25.0,0,"€97,544.29",1,Yes,Yes,"€59,887.15",0
15572265,Wu,Germany,Male,46.0,1,"€170,826.55",2,No,No,"€45,041.32",0
15794048,Wan,Germany,Female,48.0,1,"€97,133.92",2,No,No,"€113,316.77",1
15677610,Chambers,Germany,Female,41.0,8,"€153,895.65",1,Yes,Yes,"€39,087.42",0
15745012,Pettit,France,Female,43.0,6,€0.00,2,Yes,Yes,"€7,330.59",0
15601589,Baresi,France,Female,57.0,8,€0.00,2,Yes,Yes,"€95,463.29",0
15686436,Newbery,Spain,Male,32.0,4,€0.00,2,No,No,"€167,848.02",0
15693864,Iheanacho,Germany,Female,49.0,5,"€134,956.02",1,No,No,"€93,953.84",1
15760550,Duncan,Spain,Male,39.0,7,"€143,637.58",2,Yes,Yes,"€174,227.66",0
15686137,Barry,Spain,Male,32.0,9,"€147,506.25",1,Yes,Yes,"€135,399.21",0
15809087,Landry,FRA,Male,64.0,1,€0.00,2,No,No,"€195,635.30",1
15807663,McGregor,France,Male,43.0,8,"€190,227.46",1,No,No,"€97,508.04",1
15809100,Nucci,FRA,Female,32.0,2,"€172,448.77",1,No,No,"€188,083.77",1
15794916,Pirogov,France,Male,41.0,7,"€113,980.21",1,Yes,Yes,"€116,704.25",0
15614215,Oguejiofor,French,Male,53.0,6,€0.00,2,Yes,Yes,"€97,614.87",0
15805449,Ugochukwu,FRA,Male,38.0,4,€0.00,2,No,No,"€186,884.04",0
15686983,Rohu,Germany,Female,25.0,10,"€76,968.12",2,Yes,Yes,"€131,501.72",0
15808017,Cary,France,Male,38.0,1,"€88,293.13",2,Yes,Yes,"€24,302.95",0
15756804,O'Loghlen,French,Female,48.0,1,"€170,833.46",1,No,No,"€110,510.28",1
15646810,Quinn,Germany,Male,44.0,6,"€108,122.39",2,No,No,"€108,488.33",1
15710424,Page,French,Male,36.0,4,€0.00,1,Yes,Yes,"€197,015.20",0
15799422,Evans,French,Female,40.0,8,€0.00,1,Yes,Yes,"€27,689.77",0
15692750,McGregor,Germany,Female,45.0,7,"€129,818.39",3,No,No,"€9,217.55",1
15794549,Andrews,French,Female,35.0,2,"€163,943.89",2,Yes,Yes,"€15,068.18",0
15803764,Stanley,France,Male,28.0,7,€0.00,2,No,No,"€7,797.01",0
15674840,Chiazagomekpere,FRA,Female,38.0,5,"€101,430.30",2,Yes,Yes,"€4,400.32",0
15653762,Chidiebele,French,Female,39.0,9,"€117,301.66",1,No,No,"€182,025.95",0
15581229,Gregory,Germany,Female,32.0,1,"€173,340.83",1,Yes,Yes,"€122,763.95",0
15800228,Bednall,Spain,Female,42.0,4,€0.00,2,Yes,Yes,"€38,152.01",0
15656333,Jen,FRA,Female,33.0,3,"€134,348.57",1,No,No,"€63,163.99",0
15697497,She,FRA,Female,45.0,9,"€105,525.65",2,Yes,Yes,"€73,418.29",0
15585362,Simmons,French,Female,60.0,6,€0.00,1,No,No,"€17,978.68",1
15571928,Fraser,France,Female,43.0,4,€0.00,3,No,No,"€115,136.51",1
15785519,May,France,Male,36.0,6,"€106,192.10",1,No,No,"€149,575.59",0
15743007,Seabrook,France,Female,45.0,4,"€45,144.43",1,No,No,"€60,917.24",1
15777211,Herrera,France,Male,65.0,7,"€92,113.61",1,Yes,Yes,"€142,548.33",0
15721935,Kincaid,France,Male,25.0,7,€0.00,2,Yes,Yes,"€157,878.67",0
15591711,Sleeman,Spain,Male,38.0,0,"€128,366.44",1,No,No,"€12,796.43",0
15625021,Hung,French,Male,42.0,2,€0.00,2,Yes,Yes,"€18,657.77",0
15702968,Artemieva,Germany,Male,74.0,3,"€106,545.53",1,Yes,Yes,"€134,589.58",0
15600462,Barwell,FRA,Female,43.0,8,"€145,618.37",1,Yes,Yes,"€10,350.74",0
15768104,Wright,Spain,Male,37.0,8,"€141,541.25",1,No,No,"€66,013.27",0
15780140,Bellucci,Germany,Male,32.0,2,"€57,017.06",2,Yes,Yes,"€5,907.11",0
15585255,Moore,France,Male,42.0,9,€0.00,1,No,No,"€74,077.91",0
15772781,Ball,France,Female,51.0,3,€0.00,3,Yes,Yes,"€77,294.56",1
15669987,Sung,Germany,Female,35.0,8,"€125,884.95",2,No,No,"€54,359.02",1
15697000,Mello,Germany,Male,32.0,5,"€61,825.50",1,Yes,Yes,"€156,124.93",0
15733119,Mistry,French,Male,35.0,8,€0.00,2,No,No,"€94,820.85",0
15782390,T'ien,FRA,Female,40.0,6,€0.00,1,No,No,"€155,155.25",0
15654700,Fallaci,FRA,Female,40.0,2,"€102,967.41",1,No,No,"€128,702.10",1
15632210,Hill,Germany,Male,25.0,2,"€171,770.55",1,No,No,"€22,745.50",0
15642041,Burns,Germany,Male,40.0,1,"€93,051.64",2,No,No,"€71,865.31",1
15709737,Hunter,French,Male,36.0,7,"€161,064.64",2,Yes,Yes,"€84,294.82",0
15792388,Li,France,Female,48.0,7,"€90,612.34",1,Yes,Yes,"€149,139.13",0
15786014,Ku,French,Male,28.0,5,"€145,105.64",2,No,No,"€185,489.11",0
15794580,Ch'en,France,Male,58.0,4,€0.00,1,No,No,"€176,407.15",1
15675964,Chukwukadibia,FRA,Female,45.0,9,€0.00,1,Yes,Yes,"€92,027.69",1
15814275,Zikoranachidimma,French,Male,33.0,6,"€174,912.72",1,Yes,Yes,"€43,932.54",0
15724848,Oluchukwu,French,Female,46.0,1,"€104,947.72",1,No,No,"€115,789.25",1
15754713,Rivera,Spain,Male,31.0,10,"€135,213.71",1,Yes,Yes,"€125,777.28",0
15693814,Niu,Spain,Male,25.0,7,€0.00,2,No,No,"€18,461.90",0
15599660,Bennett,FRA,Male,36.0,6,"€116,229.85",2,Yes,Yes,"€79,633.38",0
15746490,Wollstonecraft,Spain,Female,53.0,6,"€111,201.41",1,Yes,Yes,"€121,542.29",0
15566091,Thomsen,Spain,Female,32.0,4,€0.00,1,No,No,"€94,739.20",0
15655961,Palermo,Germany,Male,27.0,1,"€131,899.00",1,No,No,"€93,302.29",0
15710404,Chinwendu,France,Male,35.0,10,"€124,525.52",1,Yes,Yes,"€193,793.78",0
15775625,McKenzie,French,Male,47.0,6,€0.00,1,No,No,"€74,835.65",0
15792328,James,French,Male,39.0,6,€0.00,1,Yes,Yes,"€56,999.90",1
15719856,Lamb,French,Female,45.0,3,"€47,134.75",1,Yes,Yes,"€57,236.44",0
15593773,Olejuru,Spain,Male,35.0,3,€0.00,2,No,No,"€81,483.64",0
15733114,Hay,Spain,Male,45.0,9,€0.00,2,No,No,"€26,752.56",0
15797748,Lu,French,Male,44.0,5,€0.00,2,Yes,Yes,"€9,200.54",0
15743411,Chiawuotu,Spain,Male,61.0,1,€0.00,1,No,No,"€22,447.85",1
15753337,Yeates,France,Male,51.0,5,€0.00,3,No,No,"€189,122.89",1
15601026,Gallagher,Germany,Female,19.0,1,"€138,657.08",1,Yes,Yes,"€16,161.82",0
15658485,Heath,France,Female,34.0,9,"€70,302.48",1,Yes,Yes,"€68,600.36",0
15636731,Ts'ai,Germany,Female,36.0,1,"€101,609.01",2,Yes,Yes,€447.73,0
15628303,Thurgood,Spain,Male,35.0,3,€0.00,1,Yes,Yes,"€15,650.73",0
15633461,Pai,Germany,Male,38.0,5,"€130,170.82",1,Yes,Yes,"€149,599.62",0
15677135,Lorenzo,Germany,Male,61.0,8,"€133,802.29",2,Yes,Yes,"€90,304.01",0
15590876,Knupp,France,Female,24.0,7,"€106,234.02",1,No,No,"€115,676.38",0
15790782,Baryshnikov,Spain,Male,39.0,6,"€132,628.98",1,No,No,"€38,812.67",0
15700476,Azubuike,Germany,Male,41.0,9,"€103,522.75",2,Yes,Yes,"€34,338.21",0
15634141,Shephard,Germany,Female,42.0,8,"€192,390.52",2,No,No,€823.36,0
15737795,Scott,Spain,Male,36.0,1,€0.00,1,Yes,Yes,"€135,482.26",1
15790299,Williamson,Spain,Male,37.0,9,€0.00,3,Yes,Yes,"€10,656.89",0
15675316,Avdeeva,French,Female,38.0,3,€0.00,2,Yes,Yes,"€116,467.35",0
15613630,Tang,France,Male,52.0,8,"€109,922.61",1,Yes,Yes,"€96,823.32",1
15662100,Hsu,Germany,Female,44.0,5,"€128,605.32",1,Yes,Yes,"€171,096.20",0
15668032,Buchanan,FRA,Female,37.0,4,€0.00,1,Yes,Yes,"€79,881.39",0
15599289,Yeh,France,Female,37.0,10,"€68,598.56",1,No,No,"€157,862.82",0
15754084,Palazzi,Spain,Male,35.0,1,"€106,518.52",1,Yes,Yes,"€127,951.81",0
15676521,Y?an,French,Female,31.0,8,€0.00,2,No,No,"€191,074.11",0
15804586,Lin,French,Female,46.0,6,€0.00,1,No,No,"€157,333.69",1
15781465,Schofield,Germany,Female,29.0,8,"€121,326.42",1,No,No,"€133,457.52",0
15729362,Lombardi,France,Male,36.0,8,"€67,226.37",1,No,No,"€130,789.60",0
15709295,Wall,Spain,Female,25.0,5,"€82,931.85",2,Yes,Yes,"€128,373.88",0
15745324,Milani,Spain,Female,39.0,4,€0.00,1,No,No,"€194,273.20",1
15741336,Ejimofor,FRA,Female,38.0,5,"€118,590.41",1,Yes,Yes,"€5,684.17",1
15783659,Blackburn,France,Male,67.0,4,"€145,981.87",1,Yes,Yes,"€131,043.20",0
15620981,Wickham,FRA,Female,48.0,3,"€73,309.38",1,No,No,"€21,228.34",1
15630328,Bird,France,Female,48.0,8,"€130,796.33",2,Yes,Yes,"€43,250.30",0
15785899,Ch'en,Germany,Male,33.0,8,"€151,607.56",1,No,No,"€4,389.40",0
15606149,Wood,Germany,Female,66.0,9,"€111,577.01",1,Yes,Yes,"€189,271.90",0
15671139,Brizendine,Spain,Male,39.0,0,"€107,042.74",1,Yes,Yes,"€102,284.20",0
15660429,Ch'in,Spain,Female,42.0,2,"€156,371.61",2,Yes,Yes,"€156,774.94",1
15571002,Yusupov,French,Female,44.0,4,"€129,605.99",1,No,No,"€69,865.49",0
15631681,Jibunoh,Spain,Female,43.0,0,€0.00,2,Yes,Yes,"€85,523.24",0
15731522,Ts'ui,Spain,Female,67.0,8,€0.00,2,Yes,Yes,"€51,219.80",0
15619529,Ndukaku,Spain,Male,27.0,8,"€132,576.25",1,No,No,"€7,222.92",0
15628034,Wilder,FRA,Female,37.0,6,"€129,101.30",1,Yes,Yes,"€23,971.33",0
15686164,Maclean,Germany,Female,31.0,1,"€108,822.40",1,Yes,Yes,"€132,173.31",0
15582797,Ch'iu,Spain,Male,35.0,4,"€137,948.51",1,No,No,"€113,639.64",0
15753831,Cox,Spain,Male,32.0,7,"€100,433.80",1,Yes,Yes,"€39,768.59",0
15731815,Nepean,Spain,Male,63.0,4,"€96,134.11",3,No,No,"€108,732.96",1
15580956,McNess,Germany,Female,43.0,4,"€115,888.04",1,Yes,Yes,"€117,349.19",1
15602084,Coles,France,Female,42.0,5,"€124,626.07",1,Yes,Yes,"€78,004.50",0
15589805,Benson,France,Female,34.0,6,"€139,810.34",1,Yes,Yes,"€152,417.79",0
15720893,Gilbert,Spain,Female,34.0,9,€0.00,2,No,No,"€26,057.08",0
15641009,Wilhelm,France,Male,37.0,3,"€84,496.71",1,No,No,"€79,972.09",0
15605926,Sinclair,Germany,Male,70.0,9,"€116,854.71",2,Yes,Yes,"€107,125.79",0
15805955,L?,FRA,Female,48.0,10,"€138,333.03",1,Yes,Yes,"€47,679.14",0
15801488,Buckner,FRA,Male,25.0,3,€0.00,2,Yes,Yes,"€134,509.47",0
15605918,Padovesi,Germany,Male,43.0,5,"€78,992.75",2,No,No,"€153,265.31",0
15779711,Gray,Spain,Female,38.0,7,"€97,257.41",2,Yes,Yes,"€179,883.04",0
15705620,Lu,France,Male,34.0,5,"€122,453.37",2,No,No,"€138,882.98",0
15685357,Wright,Spain,Female,36.0,8,"€112,940.07",1,Yes,Yes,"€9,855.81",0
15570060,Palerma,FRA,Female,43.0,8,"€132,558.26",1,No,No,"€67,046.83",1
15582616,Y?an,FRA,Female,38.0,4,€0.00,2,No,No,"€56,388.63",0
15799515,Wei,France,Female,48.0,8,"€133,297.24",1,No,No,"€77,764.37",0
15642937,Padovesi,France,Female,46.0,7,€0.00,2,No,No,"€130,590.35",0
15624729,Tsao,France,Male,27.0,0,"€197,041.80",1,No,No,"€151,912.49",0
15566156,Franklin,Germany,Female,44.0,0,"€71,497.79",2,No,No,"€151,083.80",0
15792360,Clark,French,Male,32.0,7,€0.00,2,Yes,Yes,€777.37,0
15807008,McGregor,Germany,Female,35.0,6,"€128,100.28",1,No,No,"€69,454.24",1
15704770,Pan,France,Male,25.0,1,"€124,532.78",2,Yes,Yes,"€11,723.57",0
15756475,Kenniff,Germany,Male,31.0,9,"€82,293.82",2,Yes,Yes,"€91,565.25",0
15655339,Spencer,France,Male,36.0,1,"€142,120.91",1,No,No,"€79,616.37",0
15613749,Lees,Spain,Male,34.0,0,"€151,839.26",1,No,No,"€102,299.81",1
15664521,David,Spain,Male,31.0,7,"€149,620.88",2,Yes,Yes,"€104,533.51",0
15681206,Hsing,France,Female,49.0,3,"€168,197.66",1,No,No,"€140,765.57",1
15745527,Burke,FRA,Male,37.0,5,"€93,147.00",2,No,No,"€66,214.13",0
15806926,Watson,French,Female,35.0,2,"€97,440.02",2,Yes,Yes,"€139,816.10",0
15724563,Hawkins,Germany,Female,42.0,3,"€65,046.08",2,Yes,Yes,"€140,139.28",0
15782899,Ginn,Spain,Female,28.0,7,"€95,357.49",1,No,No,"€102,297.15",0
15623521,Sozonov,Spain,Male,43.0,9,"€123,105.88",2,No,No,"€145,765.83",0
15810218,Sun,Spain,Male,29.0,9,€0.00,3,Yes,Yes,"€83,912.24",0
15645621,Hunter,Spain,Male,44.0,3,€0.00,2,Yes,Yes,"€78,439.73",0
15608114,Manfrin,Spain,Male,62.0,7,"€121,286.27",1,Yes,Yes,"€6,776.92",0
15659557,Artamonova,Germany,Female,28.0,4,"€167,738.82",2,Yes,Yes,"€9,903.42",0
15787772,Hansen,France,Female,38.0,1,"€104,091.29",1,No,No,"€91,561.91",0
15691111,Pai,Germany,Female,42.0,8,"€121,980.56",2,No,No,"€4,027.02",0
15592089,Larsen,France,Female,43.0,10,€0.00,2,Yes,Yes,"€116,111.51",0
15633897,Owen,Germany,Male,39.0,1,"€50,880.98",2,Yes,Yes,"€184,023.54",0
15701301,Murphy,French,Female,42.0,3,"€175,159.90",2,No,No,"€67,124.48",1
15723685,Ekechukwu,Germany,Female,26.0,7,"€105,514.69",2,No,No,"€50,070.59",0
15701602,Ayers,Germany,Male,52.0,5,"€116,497.31",3,No,No,"€53,793.10",1
15739189,Johnson,Spain,Female,33.0,6,€0.00,2,No,No,"€45,261.47",0
15573086,Millar,FRA,Male,42.0,7,"€99,824.45",1,Yes,Yes,"€36,721.40",0
15569050,Farrell,FRA,Male,45.0,6,€0.00,1,No,No,"€130,009.85",1
15750765,Sanders,Spain,Male,71.0,0,€0.00,1,Yes,Yes,"€175,380.77",0
15799811,Herrera,FRA,Male,40.0,10,€0.00,1,No,No,"€127,847.25",1
15698442,Eberechukwu,Spain,Male,35.0,3,"€122,964.88",1,Yes,Yes,"€138,231.70",0
15655274,Bardin,FRA,Female,29.0,4,€0.00,2,Yes,Yes,"€48,673.18",0
15603594,Nwankwo,Spain,Male,24.0,4,€0.00,2,Yes,Yes,"€70,668.77",0
15585961,Talbot,Spain,Female,43.0,3,€0.00,2,Yes,Yes,"€199,505.53",0
15686936,McGregor,FRA,Female,37.0,5,"€89,634.69",1,Yes,Yes,"€169,583.18",1
15770424,Onyeorulu,Germany,Male,40.0,7,"€95,710.11",2,No,No,"€49,063.42",0
15587451,Goold,Germany,Male,41.0,7,"€139,706.31",1,No,No,"€63,337.19",0
15602010,Zikoranaudodimma,Germany,Female,45.0,5,"€103,909.86",1,No,No,"€60,083.11",1
15600583,Garner,France,Male,31.0,1,€0.00,1,No,No,"€48,606.71",0
15654673,Onyinyechukwuka,France,Male,49.0,6,"€173,434.90",1,No,No,"€165,580.93",1
15717164,Genovese,Spain,Male,32.0,6,"€102,238.01",2,Yes,Yes,"€194,010.12",0
15765014,Mai,France,Female,48.0,1,"€179,380.74",2,Yes,Yes,"€69,263.10",0
15682639,Marshall,France,Male,32.0,3,€0.00,2,Yes,Yes,"€88,698.83",0
15729279,Naylor,French,Female,25.0,4,"€108,691.95",1,No,No,"€63,030.97",0
15759805,Pinto,French,Female,32.0,4,€0.00,2,No,No,"€59,668.81",0
15767864,Fulton,France,Male,33.0,6,€0.00,2,No,No,"€184,230.23",0
15769948,Palerma,Germany,Male,35.0,0,"€133,377.80",1,Yes,Yes,"€64,050.19",0
15686345,McCaffrey,Spain,Male,34.0,9,€0.00,2,Yes,Yes,"€81,853.98",0
15688071,Collins,Spain,Male,53.0,10,€0.00,1,Yes,Yes,"€154,642.91",0
15681174,Zuev,French,Male,39.0,1,"€116,537.60",1,No,No,"€145,679.60",0
15667521,Crawford,French,Female,22.0,3,€0.00,2,No,No,"€30,781.77",0
15750243,Genovese,Spain,Male,40.0,4,€0.00,2,Yes,Yes,"€81,622.52",0
15695475,Maclean,FRA,Male,29.0,1,"€130,131.08",2,Yes,Yes,"€196,474.35",0
15689176,Fabro,FRA,Male,46.0,3,€0.00,2,Yes,Yes,"€176,276.10",0
15652955,Price,Spain,Male,30.0,0,€0.00,1,No,No,"€35,113.08",0
15668958,Chatfield,France,Male,30.0,2,"€107,316.09",1,No,No,"€64,299.82",0
15631054,Volkova,FRA,Female,24.0,1,€0.00,2,Yes,Yes,"€180,969.55",0
15581479,Archer,FRA,Male,30.0,1,"€83,181.29",1,Yes,Yes,"€138,176.78",0
15577478,Ch'iu,France,Female,72.0,3,€0.00,1,Yes,Yes,"€86,733.61",0
15780870,McKay,Spain,Male,67.0,3,"€153,946.14",1,Yes,Yes,"€7,418.92",0
15692317,Craig,France,Male,30.0,5,€0.00,2,No,No,"€166,376.54",0
15593969,Abramovich,Spain,Female,39.0,7,"€135,483.17",1,No,No,"€140,881.20",1
15570417,Chien,France,Male,35.0,1,€0.00,2,No,No,"€4,460.20",0
15779059,Timms,French,Female,38.0,4,"€119,624.54",2,Yes,Yes,"€110,472.12",0
15785980,Williford,Spain,Male,34.0,6,"€121,132.26",2,No,No,"€86,460.28",0
15644200,Hamilton,Spain,Female,42.0,1,€0.00,1,No,No,"€16,500.66",1
15793949,Cheng,France,Female,48.0,4,€0.00,1,No,No,"€114,020.06",1
15645103,Su,Germany,Male,25.0,5,"€54,817.55",1,No,No,"€131,660.31",0
15705860,McKenzie,Germany,Male,40.0,3,"€107,949.45",1,No,No,"€52,449.62",1
15623828,Akobundu,France,Male,30.0,4,€0.00,1,Yes,Yes,"€161,465.31",0
15715003,Ko,Spain,Female,49.0,2,"€80,816.45",1,Yes,Yes,"€20,018.79",0
15623471,Marcelo,Germany,Male,38.0,3,"€98,205.77",1,No,No,"€176,318.27",0
15798348,Chukwuebuka,Spain,Female,50.0,6,"€94,684.27",1,Yes,Yes,"€50,488.91",0
15743016,MacDonald,Spain,Female,22.0,7,"€141,604.76",1,No,No,"€30,379.60",0
15769499,Lampungmeiua,Spain,Female,74.0,3,€0.00,2,Yes,Yes,"€161,326.73",0
15798521,Tai,Spain,Male,33.0,3,€0.00,2,No,No,"€45,348.08",0
15706534,Enyinnaya,FRA,Female,47.0,1,"€122,949.14",1,No,No,"€180,251.68",1
15706186,McKenzie,Germany,Male,33.0,8,"€81,677.22",2,No,No,"€34,925.56",0
15812197,Kline,France,Male,38.0,7,"€80,293.98",1,No,No,"€126,555.74",0
15650933,Ma,Spain,Female,48.0,8,"€155,413.06",1,No,No,"€187,921.30",0
15692991,Wood,Spain,Female,38.0,4,€0.00,2,Yes,Yes,"€136,390.88",0
15631189,Riggs,Germany,Male,38.0,9,"€67,111.65",1,No,No,"€78,566.64",1
15762198,Capon,French,Male,34.0,5,"€103,818.43",1,Yes,Yes,"€166,038.27",0
15699598,Smith,French,Female,20.0,4,€0.00,2,Yes,Yes,"€140,385.33",0
15692744,Davison,French,Male,36.0,4,"€152,169.12",2,No,No,"€38,629.30",1
15688963,Ingram,France,Female,52.0,10,€0.00,1,Yes,Yes,"€24,998.75",1
15599131,Dilke,Germany,Male,26.0,4,"€214,346.96",2,No,No,"€128,815.33",0
15680303,Gibson,FRA,Male,57.0,6,€0.00,1,No,No,"€19,376.56",1
15628674,Iadanza,France,Male,40.0,7,"€113,348.14",1,No,No,"€31,904.31",1
15648075,Hebert,Germany,Female,47.0,5,"€170,935.94",1,No,No,"€173,179.79",1
15586970,Pinto,Germany,Male,52.0,8,"€103,023.26",1,Yes,Yes,"€22,485.64",0
15625698,Dumetochukwu,Spain,Female,23.0,6,€0.00,2,Yes,Yes,"€196,668.51",0
15790497,Ross,Spain,Male,37.0,6,€0.00,2,No,No,"€136,506.86",0
15682618,Jamieson,French,Female,31.0,7,"€111,855.04",2,Yes,Yes,"€36,278.89",0
15762937,Chiganu,Germany,Female,32.0,6,"€140,348.56",2,Yes,Yes,"€163,254.39",0
15750929,Burgess,Spain,Male,39.0,8,€0.00,2,No,No,"€99,654.13",0
15729832,Cheng,French,Male,29.0,3,"€145,512.84",1,No,No,"€20,207.02",0
15633650,Woods,Germany,Female,41.0,8,"€146,720.98",2,Yes,Yes,"€4,195.84",0
15748856,Liang,France,Male,32.0,10,"€107,209.73",1,Yes,Yes,"€112,340.20",0
15589195,Bluett,Germany,Female,38.0,7,"€130,933.74",1,Yes,Yes,"€2,035.94",0
15699911,Chapman,Spain,Female,35.0,8,€0.00,1,No,No,"€132,295.95",0
15663438,Andrejew,Spain,Male,36.0,0,"€89,772.30",1,No,No,"€177,383.68",1
15692583,Udobata,France,Female,32.0,5,€0.00,2,No,No,"€90,284.47",0
15591257,Ejimofor,France,Male,24.0,8,€0.00,2,No,No,"€61,349.37",0
15646513,Spyer,FRA,Male,42.0,5,€0.00,1,No,No,"€196,466.83",1
15708063,Walker,French,Male,36.0,2,"€100,749.50",3,No,No,"€70,758.37",1
15696098,Palermo,France,Female,31.0,10,€0.00,2,No,No,"€13,892.57",0
15645517,Philip,Spain,Male,22.0,2,€0.00,2,Yes,Yes,"€9,684.52",0
15649744,Fallaci,French,Female,51.0,3,"€123,981.31",2,Yes,Yes,"€40,546.15",0
15604304,Perry,Germany,Female,34.0,4,"€91,622.42",1,Yes,Yes,"€136,603.42",0
15784092,Henderson,French,Male,36.0,7,"€126,195.81",1,Yes,Yes,"€133,172.48",0
15585198,Bergamaschi,FRA,Male,41.0,4,"€94,267.90",1,Yes,Yes,"€152,821.12",1
15624347,Fokine,FRA,Male,40.0,4,€0.00,2,Yes,Yes,"€147,715.83",0
15621687,Mackay,French,Male,34.0,0,€0.00,2,No,No,"€43,169.15",0
15689081,Wu,FRA,Male,29.0,4,€0.00,1,No,No,"€76,755.99",1
15813168,Maslova,Germany,Female,39.0,3,"€100,717.85",3,Yes,Yes,"€73,406.04",1
15604295,Wei,French,Male,36.0,6,€0.00,2,No,No,"€176,728.28",0
15724127,McLean,French,Female,26.0,4,"€141,581.71",2,No,No,"€98,309.27",0
15673055,Sung,Spain,Male,38.0,7,€0.00,2,Yes,Yes,"€6,203.66",0
15768201,Paterson,France,Female,39.0,2,"€148,586.64",1,Yes,Yes,"€176,791.27",0
15782219,Fanucci,Spain,Male,29.0,9,€0.00,2,No,No,"€50,679.48",0
15746410,Thompson,Spain,Male,38.0,7,€0.00,2,No,No,"€150,580.88",0
15780144,Tisdall,Germany,Female,32.0,2,"€123,403.85",2,No,No,"€80,120.19",0
15590476,Onochie,French,Male,28.0,7,€0.00,2,No,No,"€151,645.96",0
15624293,Mironova,FRA,Female,46.0,3,"€106,511.85",1,No,No,"€55,072.32",0
15618182,Ndubueze,FRA,Female,38.0,2,€0.00,2,No,No,"€115,068.99",0
15660316,Stephenson,Germany,Female,34.0,1,"€135,549.90",1,No,No,"€149,471.13",1
15678886,Golubev,Germany,Male,38.0,7,"€110,555.37",2,No,No,"€46,522.68",0
15616330,Liao,French,Male,31.0,4,€0.00,2,No,No,"€189,995.86",0
15592229,Mullan,French,Female,52.0,0,"€185,891.54",1,Yes,Yes,"€46,369.57",1
15798424,Glover,Germany,Male,59.0,1,"€130,854.59",1,Yes,Yes,"€30,722.52",1
15714750,Northey,French,Female,42.0,3,"€92,578.14",2,No,No,"€70,810.60",0
15648800,Paterson,Germany,Female,21.0,8,"€132,312.06",1,No,No,"€106,663.46",1
15626147,Maclean,FRA,Female,62.0,8,"€144,976.50",1,No,No,"€175,836.03",1
15626608,Howarde,Spain,Male,48.0,5,"€87,070.23",1,Yes,Yes,"€85,646.41",0
15723250,Teng,French,Male,42.0,8,€0.00,2,Yes,Yes,"€101,485.72",0
15592583,Colman,French,Female,47.0,1,"€115,414.19",3,No,No,"€191,734.67",1
15759381,Johnson,Spain,Male,61.0,7,"€91,070.43",1,Yes,Yes,"€101,839.77",0
15585241,Butcher,Spain,Male,29.0,2,"€117,412.19",2,No,No,"€4,888.91",0
15589358,Stanley,Germany,Male,31.0,4,"€90,018.45",2,No,No,"€193,132.98",0
15672704,Jackson,France,Female,24.0,4,€0.00,2,No,No,"€193,518.76",0
15789955,Hu,Germany,Male,56.0,1,"€112,414.81",2,No,No,"€93,982.02",1
15596800,Hill,Germany,Male,33.0,1,"€158,456.76",1,Yes,Yes,"€197,000.92",1
15627305,Pan,Spain,Male,35.0,7,€0.00,1,No,No,"€106,837.06",1
15645316,Han,Germany,Female,58.0,1,"€149,641.53",1,Yes,Yes,"€115,161.28",0
15593973,Wilkie,Spain,Female,33.0,8,"€122,528.18",1,No,No,"€196,260.30",0
15647301,Bray,Germany,Female,45.0,3,"€143,734.01",2,Yes,Yes,"€96,404.38",0
15750258,Ann,France,Female,32.0,2,"€155,663.31",1,No,No,"€97,658.66",0
15685309,Souter,French,Female,35.0,7,€0.00,1,Yes,Yes,"€49,108.23",1
15628205,Greco,Germany,Female,34.0,1,"€101,736.66",1,Yes,Yes,"€195,651.66",0
15733974,Mao,Spain,Male,37.0,9,"€125,822.21",1,No,No,"€111,698.00",0
15762110,Anderson,French,Male,37.0,0,€0.00,2,Yes,Yes,"€171,707.93",0
15706899,Ma,FRA,Male,34.0,4,€0.00,2,Yes,Yes,"€66,721.98",0
15732660,Black,French,Female,27.0,2,€0.00,1,Yes,Yes,"€57,876.05",0
15656121,Medvedeva,Germany,Male,31.0,6,"€157,791.07",2,No,No,"€177,994.81",0
15614220,Benson,France,Male,22.0,5,€0.00,2,Yes,Yes,"€105,125.65",0
15645269,Duncan,France,Female,42.0,4,€0.00,2,No,No,"€17,439.66",0
15698510,Onwudiwe,Germany,Male,42.0,9,"€181,627.14",2,No,No,"€172,668.39",0
15569247,Mitchell,Spain,Female,57.0,1,"€109,679.72",1,Yes,Yes,€753.37,0
15566251,Ferrari,France,Female,37.0,5,"€96,652.86",1,No,No,"€98,686.40",1
15716134,Russo,France,Male,40.0,5,"€190,008.32",2,Yes,Yes,"€107,047.92",0
15763625,Hazon,Spain,Male,41.0,9,€0.00,2,No,No,"€152,153.74",0
15605965,Henderson,FRA,Male,43.0,9,€0.00,2,Yes,Yes,"€34,338.04",0
15694821,Hardy,Germany,Male,43.0,4,"€148,962.76",1,Yes,Yes,"€173,878.87",1
15601688,Piccio,French,Male,28.0,8,€0.00,1,No,No,"€159,254.29",0
15575581,Dickson,Germany,Female,30.0,3,"€131,344.52",2,No,No,"€54,776.64",0
15671209,Holden,Germany,Female,29.0,5,"€101,713.84",3,No,No,"€134,594.99",0
15616529,Hsieh,Spain,Male,34.0,3,€0.00,1,Yes,Yes,"€41,724.72",0
15773906,Doherty,France,Male,38.0,4,€0.00,2,No,No,"€110,527.71",0
15722993,Page,France,Female,27.0,6,"€137,963.07",1,No,No,"€8,996.79",0
15752463,Samuel,Spain,Female,29.0,4,"€129,938.07",1,Yes,Yes,"€190,200.53",0
15589754,Malloy,Germany,Male,45.0,2,"€151,421.44",1,Yes,Yes,"€115,333.43",0
15669899,Fitts,Germany,Female,45.0,7,"€135,643.00",1,No,No,"€143,619.52",1
15766887,Iadanza,Spain,Male,39.0,2,"€122,773.50",2,Yes,Yes,"€58,467.08",0
15768006,Wu,FRA,Male,34.0,3,"€152,303.80",1,No,No,"€12,128.69",0
15741295,Yefimova,France,Male,49.0,3,€0.00,2,Yes,Yes,"€49,872.33",0
15811327,Pan,Spain,Male,54.0,1,"€79,415.67",1,Yes,Yes,"€139,735.54",0
15690007,Ts'ui,Germany,Female,58.0,9,"€125,801.03",2,No,No,"€60,891.80",1
15690664,Liang,Spain,Male,37.0,10,€0.00,2,No,No,"€100,862.54",0
15719348,Tsao,France,Male,35.0,8,€0.00,1,No,No,"€76,640.29",1
15781802,Abramov,FRA,Male,41.0,6,"€104,817.41",1,No,No,"€126,013.58",1
15752731,Millar,France,Female,30.0,9,€0.00,1,No,No,"€87,347.82",0
15600997,Demuth,Germany,Female,32.0,5,"€67,495.04",2,Yes,Yes,"€77,370.37",0
15750776,Genovese,FRA,Female,36.0,0,"€164,850.54",1,Yes,Yes,"€62,722.44",0
15723907,Lawless,Germany,Female,49.0,5,"€154,776.42",2,No,No,"€196,257.68",0
15633419,Brooks,Germany,Female,28.0,1,"€143,124.63",2,No,No,"€81,723.80",0
15702430,Ignatyeva,FRA,Female,35.0,10,€0.00,1,Yes,Yes,"€31,299.71",0
15710456,Balmain,French,Female,27.0,2,€0.00,2,No,No,"€63,495.86",0
15650351,Millar,FRA,Female,38.0,8,"€102,133.38",1,Yes,Yes,"€166,520.96",0
15590820,Ecuyer,Spain,Male,26.0,6,"€79,932.41",1,No,No,"€150,242.44",0
15640454,Parkhill,Germany,Male,40.0,0,"€120,711.73",1,No,No,"€27,345.18",1
15697789,Li Fonti,Germany,Female,43.0,3,"€122,717.53",2,Yes,Yes,"€87,000.39",0
15808182,Beneventi,Spain,Female,36.0,3,"€92,363.30",2,No,No,"€44,912.70",0
15588670,Despeissis,Spain,Female,40.0,5,"€203,715.15",1,No,No,"€179,978.68",1
15721292,Atkins,Spain,Male,39.0,5,€0.00,2,No,No,"€145,759.70",0
15604217,Williams,French,Male,34.0,9,€0.00,2,No,No,"€14,121.61",0
15651369,Wright,France,Male,21.0,1,€0.00,2,No,No,"€66,232.23",0
15782454,Hancock,France,Male,49.0,4,€0.00,1,Yes,Yes,"€190,296.76",1
15814032,Hsieh,Germany,Female,31.0,1,"€93,460.47",2,No,No,"€172,782.69",0
15570326,Wilkins,FRA,Male,34.0,6,€0.00,2,Yes,Yes,"€99,128.13",0
15624428,Longo,Germany,Female,24.0,7,"€40,224.70",1,Yes,Yes,"€178,341.33",0
15755638,Mancini,France,Female,43.0,5,"€168,069.73",1,Yes,Yes,"€146,992.24",1
15600992,Madukaego,FRA,Male,36.0,1,€0.00,2,Yes,Yes,"€151,314.98",0
15755649,Winter-Irving,Germany,Male,47.0,7,"€130,538.77",1,No,No,"€92,915.84",0
15795228,Stewart,FRA,Male,37.0,3,"€132,623.60",1,Yes,Yes,"€58,974.00",0
15589257,Grant,France,Female,35.0,3,"€103,465.02",2,Yes,Yes,"€174,627.06",0
15719302,Brennan,French,Female,50.0,9,"€126,547.80",1,Yes,Yes,"€79,579.94",1
15639882,She,French,Male,30.0,2,"€128,262.72",2,No,No,"€50,771.16",0
15791279,Murray,FRA,Male,40.0,5,"€169,742.64",1,Yes,Yes,"€153,537.55",1
15636935,Rischbieth,France,Female,29.0,1,€0.00,2,Yes,Yes,"€132,975.39",0
15686909,Lung,Germany,Male,27.0,3,"€150,795.81",1,Yes,Yes,"€85,208.93",0
15589572,Otutodilichukwu,Spain,Female,61.0,4,"€129,855.72",2,No,No,"€170,214.82",1
15779947,Thomas,Spain,Female,28.0,6,"€146,098.43",3,No,No,"€100,615.14",1
15573769,Fiorentini,FRA,Female,24.0,7,€0.00,2,No,No,"€186,105.99",0
15578866,Hughes,FRA,Female,43.0,2,€0.00,1,Yes,Yes,"€55,119.53",0
15739131,Whitworth,Germany,Male,28.0,4,"€65,643.30",1,No,No,"€28,760.99",0
15813444,McIntosh,Spain,Female,34.0,6,€0.00,2,No,No,"€171,021.44",0
15678058,Ayers,France,Male,38.0,9,"€104,584.16",1,No,No,"€176,678.72",0
15769169,Trentino,France,Male,41.0,7,€0.00,1,Yes,Yes,"€28,667.56",0
15804602,Boyd,Germany,Male,30.0,6,"€99,785.28",2,No,No,"€197,238.03",0
15651052,McMasters,Germany,Male,46.0,2,"€127,655.22",1,No,No,"€139,994.68",1
15724334,Alekseyeva,FRA,Male,22.0,5,€0.00,1,No,No,"€151,169.83",0
15569451,Miller,FRA,Male,35.0,2,"€101,257.16",1,Yes,Yes,"€118,113.64",0
15650098,Baranova,France,Female,40.0,7,€0.00,2,Yes,Yes,"€34,453.17",0
15724307,Mitchell,France,Male,76.0,10,"€121,313.88",1,Yes,Yes,"€64,872.33",0
15599268,Yobachi,Spain,Male,32.0,5,€0.00,2,No,No,"€10,956.82",0
15594864,Huang,Germany,Male,30.0,4,"€81,523.38",1,Yes,Yes,"€36,885.85",0
15616451,Genovese,FRA,Female,47.0,6,"€128,252.66",1,Yes,Yes,"€168,053.40",0
15715667,Sorokina,FRA,Female,32.0,7,€0.00,2,No,No,"€155,227.00",0
15658969,Gray,French,Male,51.0,7,€0.00,3,No,No,"€38,409.79",1
15738174,Ervin,France,Female,32.0,5,€0.00,2,Yes,Yes,"€75,279.39",0
15813590,Vance,Spain,Male,42.0,6,€0.00,2,No,No,"€158,302.59",1
15624229,Noble,FRA,Female,22.0,4,€0.00,2,Yes,Yes,"€11,525.72",0
15674148,Milanesi,Spain,Male,33.0,6,€0.00,1,No,No,"€94,993.04",1
15625080,Parkin,Spain,Female,54.0,8,€0.00,1,No,No,"€173,912.29",1
15682528,Cremonesi,France,Male,33.0,5,€0.00,1,Yes,Yes,"€41,139.05",0
15696900,Burns,Germany,Male,29.0,3,"€145,541.56",2,Yes,Yes,"€58,019.95",0
15730038,Docherty,French,Female,23.0,5,€0.00,1,No,No,"€164,128.41",1
15812272,Ugonna,Germany,Male,44.0,5,"€124,601.58",2,Yes,Yes,"€46,998.13",1
15654654,L?,Germany,Female,33.0,7,"€115,182.84",2,Yes,Yes,"€177,279.41",0
15697625,Bevan,FRA,Male,37.0,2,"€163,789.49",2,No,No,"€75,832.53",0
15616280,Hsia,FRA,Male,46.0,1,"€65,733.41",1,No,No,"€61,094.53",0
15654229,O'Neill,Spain,Male,47.0,1,€0.00,2,Yes,Yes,"€30,117.44",0
15628298,Johnstone,Spain,Female,47.0,8,"€128,486.11",1,No,No,"€179,227.12",0
15733387,Pham,Spain,Female,53.0,6,"€109,663.47",1,Yes,Yes,"€52,110.45",0
15775572,Bergamaschi,Germany,Female,42.0,6,"€88,324.31",2,No,No,"€75,248.75",0
15613844,Murphy,FRA,Female,28.0,7,"€146,445.24",2,No,No,"€184,317.74",0
15578515,Osinachi,FRA,Female,38.0,3,€0.00,2,No,No,"€158,553.10",0
15607598,Muravyov,Spain,Female,31.0,6,€0.00,2,Yes,Yes,"€95,686.42",0
15742480,Igwebuike,Germany,Male,36.0,2,"€109,949.05",2,Yes,Yes,"€71,682.54",0
15749482,Zack,Spain,Male,30.0,4,"€78,653.05",1,No,No,"€1,790.48",0
15607537,Crawford,Germany,Male,46.0,9,"€107,850.82",1,No,No,"€139,431.00",1
15575410,Chidiegwu,Germany,Female,39.0,4,"€83,765.35",2,No,No,"€118,358.54",0
15684865,Lucchesi,FRA,Female,66.0,7,"€143,773.07",1,Yes,Yes,"€130,827.88",0
15600700,Pan,Germany,Male,63.0,6,"€116,227.27",1,Yes,Yes,"€119,404.63",0
15774155,Trevisani,Germany,Male,33.0,0,"€103,471.52",1,Yes,Yes,"€162,703.00",0
15634267,Yudin,French,Male,42.0,5,€0.00,2,No,No,"€172,665.21",0
15619626,Wade,FRA,Male,24.0,3,"€137,492.35",2,Yes,Yes,"€170,142.09",0
15660422,Chung,French,Male,28.0,7,€0.00,2,No,No,"€73,977.23",0
15617934,Septimus,FRA,Male,36.0,9,"€129,829.59",1,Yes,Yes,"€60,906.12",0
15760774,Hargraves,France,Female,21.0,1,"€146,329.57",2,Yes,Yes,"€194,867.27",0
15813132,Chukwukadibia,Germany,Male,30.0,4,"€114,027.70",1,Yes,Yes,"€193,716.56",0
15593331,Sidorov,Germany,Male,25.0,6,"€146,580.69",1,Yes,Yes,"€14,633.35",0
15616709,Bunton,Germany,Female,38.0,0,"€132,122.42",2,No,No,"€31,730.32",0
15658052,Cameron,French,Female,44.0,10,"€81,553.93",1,No,No,"€20,063.63",1
15721189,Kung,FRA,Female,66.0,7,€0.00,2,Yes,Yes,"€99,792.82",0
15711288,Hay,FRA,Male,24.0,6,€0.00,2,No,No,"€37,654.31",0
15770030,Conti,Spain,Female,28.0,3,€0.00,2,Yes,Yes,"€192,449.02",0
15803681,Sims,France,Female,26.0,4,€0.00,2,Yes,Yes,"€181,208.47",0
15702789,Carter,Germany,Male,32.0,5,"€175,214.71",1,Yes,Yes,"€155,165.61",0
15814930,McGregor,Germany,Female,40.0,10,"€125,534.51",1,No,No,"€121,504.18",1
15658306,Lo,FRA,Male,68.0,4,"€97,705.99",1,Yes,Yes,"€61,569.07",0
15699523,Chu,Germany,Female,55.0,4,"€126,817.65",2,No,No,"€123,269.71",0
15610383,Dumetolisa,France,Female,46.0,1,"€46,870.43",4,No,No,"€31,272.14",1
15615032,Peng,Spain,Male,46.0,3,€0.00,2,Yes,Yes,"€62,825.03",0
15781989,Drake-Brockman,France,Male,42.0,9,"€120,094.93",1,No,No,"€184,056.45",0
15647402,Wan,French,Female,38.0,3,€0.00,2,Yes,Yes,"€48,924.73",0
15740494,Cameron,FRA,Female,33.0,3,€0.00,2,No,No,"€191,111.02",0
15701265,Tretiakov,Germany,Female,36.0,1,"€104,356.94",2,Yes,Yes,"€54,184.06",0
15743532,Ball,Germany,Male,27.0,5,"€147,004.34",1,No,No,"€64,381.33",1
15794870,Sal,Germany,Male,38.0,6,"€73,023.17",2,No,No,"€78,770.86",0
15747591,Chung,Spain,Female,40.0,1,"€173,432.55",1,Yes,Yes,"€116,766.79",0
15726557,Lai,FRA,Female,42.0,7,"€165,679.92",1,No,No,"€32,916.29",0
15732199,Gether,Spain,Male,31.0,9,"€104,678.62",1,Yes,Yes,"€50,972.60",0
15662291,Davidson,FRA,Female,55.0,8,"€116,973.26",3,No,No,"€122,066.50",1
15749050,Justice,French,Female,36.0,3,€0.00,1,No,No,"€65,996.90",0
15781586,Osonduagwuike,Germany,Male,38.0,2,"€126,732.85",1,Yes,Yes,"€79,577.38",0
15617078,Ewing,France,Female,44.0,6,"€148,481.09",1,No,No,"€130,529.13",0
15723339,Chin,France,Female,38.0,4,"€137,654.05",2,Yes,Yes,"€172,629.67",0
15671322,Chiang,Germany,Male,30.0,7,"€115,315.04",1,No,No,"€15,216.53",0
15793854,Ahmed,FRA,Male,42.0,2,"€99,095.73",1,Yes,Yes,"€17,512.53",0
15756539,Marshall,Germany,Female,39.0,7,"€165,610.41",2,No,No,"€131,852.01",0
15612064,Tsou,FRA,Male,33.0,5,€0.00,2,No,No,"€181,945.52",1
15625916,Chien,Spain,Male,32.0,6,"€161,628.66",1,No,No,"€91,482.50",0
15683195,Ubanwa,FRA,Male,32.0,9,"€146,605.27",1,Yes,Yes,"€77,119.45",0
15690182,Kapustin,Germany,Male,37.0,5,"€113,488.68",1,No,No,"€95,611.74",1
15721719,Calabresi,France,Male,42.0,7,"€77,002.20",2,Yes,Yes,"€80,428.42",0
15641690,Hsiao,Spain,Male,67.0,7,€0.00,2,Yes,Yes,"€163,714.92",0
15634896,Grant,France,Female,39.0,6,€0.00,2,Yes,Yes,"€27,375.15",0
15671590,H?,Spain,Male,25.0,4,€0.00,2,Yes,Yes,"€73,873.65",0
15779182,Chia,Spain,Male,46.0,8,"€182,364.53",1,No,No,"€139,266.48",1
15778287,Ugoji,French,Male,35.0,8,€0.00,2,Yes,Yes,"€131,772.51",0
15609510,Gregory,FRA,Male,45.0,7,"€149,364.58",1,Yes,Yes,"€173,454.07",0
15742229,Mackay,French,Male,59.0,7,"€127,450.14",1,Yes,Yes,"€67,552.71",0
15658532,Nnamutaezinwa,Spain,Female,63.0,5,"€162,278.32",1,Yes,Yes,"€34,765.33",0
15590993,Findlay,Spain,Male,37.0,5,"€152,212.88",2,No,No,"€120,219.14",0
15565701,Ferri,Spain,Female,39.0,9,"€161,993.89",1,No,No,"€90,212.38",0
15597239,Ku,Spain,Male,39.0,7,"€131,468.44",1,No,No,"€164,975.82",0
15688880,Amechi,Germany,Male,40.0,10,"€102,980.44",1,No,No,"€1,285.81",1
15813917,Kirk,Germany,Male,31.0,9,"€143,321.97",1,No,No,"€83,679.46",0
15679611,Andrews,Spain,Female,37.0,2,"€130,404.92",1,No,No,"€34,548.74",0
15636589,Murray,FRA,Female,41.0,7,€0.00,2,Yes,Yes,"€74,275.08",0
15687752,Griffin,FRA,Male,30.0,2,"€87,505.47",2,Yes,Yes,"€7,278.57",0
15584363,Longstaff,France,Male,30.0,0,"€133,634.02",1,Yes,Yes,"€162,053.92",0
15737748,McWilliam,Spain,Female,33.0,3,"€151,233.62",1,No,No,"€199,336.63",0
15803365,Coffee,Spain,Male,55.0,2,"€70,263.83",1,Yes,Yes,"€62,347.71",0
15793247,Hancock,FRA,Male,34.0,5,€0.00,2,Yes,Yes,"€91,711.66",0
15572360,Clark,French,Male,30.0,10,"€57,657.49",1,No,No,"€79,240.90",0
15795166,Creswell,Germany,Male,42.0,8,"€153,572.31",2,Yes,Yes,"€76,679.60",0
15724620,Dodds,FRA,Male,37.0,1,"€134,752.08",1,No,No,"€162,511.55",0
15800856,Ewen,Spain,Male,34.0,3,"€83,132.09",1,Yes,Yes,"€21,360.88",0
15671097,Carter,France,Female,31.0,2,€0.00,2,No,No,"€54,487.43",0
15683930,Ch'iu,Germany,Female,32.0,9,"€134,096.53",2,No,No,"€53,931.05",1
15749004,Tsao,FRA,Female,31.0,0,"€118,100.59",2,No,No,"€103,165.15",0
15800434,Burgess,Germany,Male,52.0,10,"€76,915.40",1,No,No,"€146,359.81",1
15709117,Fanucci,Spain,Female,46.0,3,"€81,576.75",1,Yes,Yes,"€28,370.95",1
15638806,Blackburn,Spain,Male,49.0,2,€0.00,2,No,No,"€10,023.15",0
15662294,Bennett,French,Male,33.0,10,"€118,327.17",2,Yes,Yes,"€192,928.82",0
15690079,Boniwell,Spain,Male,30.0,8,"€124,857.69",2,No,No,"€50,485.70",0
15759317,Vasilieva,Germany,Female,27.0,2,"€90,971.85",1,Yes,Yes,"€131,662.47",0
15750497,Longo,French,Female,37.0,7,"€153,147.75",1,Yes,Yes,"€152,235.30",0
15596181,Kwemto,French,Male,38.0,8,"€65,942.26",1,Yes,Yes,"€68,093.23",1
15576602,Lawrence,French,Male,38.0,3,€0.00,2,Yes,Yes,"€80,061.31",0
15644833,Duncan,French,Male,54.0,2,€0.00,1,No,No,"€149,583.67",1
15734634,Bocharova,Spain,Female,27.0,5,"€100,912.19",1,No,No,"€7,631.27",0
15808689,Morres,French,Female,31.0,4,€0.00,2,Yes,Yes,"€33,082.81",0
15720702,Shih,French,Male,37.0,3,€0.00,1,No,No,"€121,883.87",1
15665077,Vogel,FRA,Female,43.0,5,€0.00,3,Yes,Yes,"€100,722.72",1
15763612,T'an,Germany,Male,41.0,2,"€124,439.49",2,Yes,Yes,"€47,093.11",0
15596493,Wisdom,FRA,Female,47.0,7,€0.00,2,Yes,Yes,"€177,624.01",0
15704483,Lorenzo,FRA,Male,40.0,6,€0.00,2,No,No,"€106,149.48",0
15598846,Shahan,FRA,Female,44.0,2,"€58,781.76",1,No,No,"€16,874.92",0
15629244,Bryant,Spain,Male,50.0,7,"€159,453.64",2,No,No,"€54,560.79",1
15765537,Liang,Germany,Male,26.0,2,"€142,721.52",1,Yes,Yes,"€153,605.75",0
15729975,Chidozie,France,Female,46.0,8,"€167,795.60",1,Yes,Yes,"€44,390.38",0
15682773,Hayward,FRA,Female,38.0,3,"€128,345.69",2,No,No,"€63,218.85",0
15688007,Liu,Spain,Male,20.0,3,"€165,260.98",1,Yes,Yes,"€41,626.78",0
15574331,Alexeeva,Germany,Female,62.0,3,"€118,233.81",1,Yes,Yes,"€24,765.53",1
15645572,Calabresi,France,Female,40.0,6,€0.00,1,No,No,"€28,280.80",1
15742854,Lettiere,Spain,Female,46.0,8,€0.00,2,No,No,"€89,043.19",0
15575417,Chou,Germany,Male,37.0,7,"€143,452.74",2,Yes,Yes,"€17,294.12",0
15796721,Nnamutaezinwa,French,Male,38.0,3,"€145,018.49",2,Yes,Yes,"€126,702.41",0
15734942,Nnamutaezinwa,Germany,Female,38.0,8,"€82,407.51",1,No,No,"€13,123.41",0
15664772,Greece,Germany,Male,28.0,1,"€79,460.98",2,Yes,Yes,"€167,973.63",0
15576683,Yin,Spain,Female,43.0,9,€0.00,1,No,No,"€125,870.79",1
15682563,Larionova,Spain,Male,38.0,5,"€126,473.99",1,No,No,"€91,972.49",0
15650889,Golubev,Germany,Female,30.0,10,"€133,537.10",2,No,No,"€155,593.74",0
15612108,Norman,France,Male,52.0,5,"€164,978.01",1,Yes,Yes,"€67,788.49",0
15761132,Capon,Spain,Male,46.0,7,"€128,029.72",1,Yes,Yes,"€62,615.35",0
15645511,Chukwudi,Spain,Male,43.0,2,"€97,403.18",1,Yes,Yes,"€107,415.02",1
15609824,Fedorov,FRA,Female,41.0,7,"€176,845.41",3,No,No,"€166,526.26",1
15640268,Avdeeva,Spain,Male,71.0,4,€0.00,1,Yes,Yes,"€120,107.10",0
15645778,Reid,Spain,Male,42.0,3,"€81,589.04",1,No,No,"€188,227.80",0
15691104,Kennedy,Germany,Female,40.0,6,"€119,507.58",2,No,No,"€91,560.63",1
15714567,Chan,Spain,Female,26.0,6,€0.00,2,No,No,"€166,495.20",0
15777826,Wofford,FRA,Male,30.0,5,"€94,443.77",1,Yes,Yes,"€165,614.40",0
15668445,Mai,French,Male,37.0,2,€0.00,2,Yes,Yes,"€86,372.24",0
15576162,King,FRA,Male,32.0,7,"€92,199.84",1,Yes,Yes,"€2,755.53",0
15778135,T'ao,Spain,Male,43.0,3,€0.00,1,No,No,"€83,594.51",0
15613141,Hsu,FRA,Female,41.0,3,"€135,756.96",1,Yes,Yes,"€103,706.41",0
15635435,White,France,Female,54.0,9,"€120,633.42",1,No,No,"€5,924.38",1
15596552,Stephens,Germany,Male,48.0,5,"€134,542.73",1,Yes,Yes,"€58,203.67",1
15623644,Frolov,Spain,Male,29.0,7,€0.00,2,No,No,"€49,361.84",0
15683403,Lombardi,Spain,Male,52.0,7,€0.00,1,Yes,Yes,"€73,585.18",1
15615029,Munro,Spain,Male,39.0,6,€0.00,1,Yes,Yes,"€95,135.27",0
15769005,Hayward,France,Male,49.0,4,"€154,344.49",2,Yes,Yes,"€38,794.57",0
15746326,Fields,France,Male,43.0,3,€0.00,2,Yes,Yes,"€198,926.36",0
15722364,Onwumelu,France,Male,43.0,9,"€189,026.53",2,Yes,Yes,"€56,099.86",0
15704954,Suffolk,France,Male,37.0,0,"€120,764.08",1,Yes,Yes,"€117,023.08",0
15694409,Tsao,Germany,Female,22.0,3,"€97,975.82",2,Yes,Yes,"€62,083.00",0
15754068,Judd,FRA,Male,32.0,4,€0.00,2,Yes,Yes,"€141,822.80",0
15683841,Hamilton,Germany,Male,41.0,10,"€113,270.20",2,Yes,Yes,"€185,387.14",0
15789095,T'ang,Spain,Male,30.0,4,€0.00,2,Yes,Yes,"€57,461.13",0
15719958,Degtyarev,Germany,Male,39.0,3,"€124,548.99",2,Yes,Yes,"€120,380.12",0
15689514,Kang,France,Male,43.0,8,"€201,696.07",1,No,No,"€133,020.90",1
15621353,Hudson,Spain,Female,37.0,7,€0.00,2,No,No,"€13,589.93",0
15627232,Jibunoh,Germany,Male,44.0,7,"€114,203.47",1,Yes,Yes,"€77,830.36",1
15745843,Kinlaw,Spain,Female,31.0,4,€0.00,2,Yes,Yes,"€136,610.02",0
15722902,Chizuoke,Germany,Male,50.0,8,"€125,437.64",1,Yes,Yes,"€17,160.94",1
15791767,Lucciano,French,Female,26.0,7,€0.00,2,No,No,"€176,843.53",0
15792722,Omeokachie,France,Female,43.0,8,"€64,897.75",1,No,No,"€114,996.33",0
15723006,Gorbunova,France,Male,38.0,8,€0.00,2,Yes,Yes,"€196,990.79",0
15771942,Tikhonov,Germany,Female,46.0,9,"€135,555.66",1,No,No,"€133,146.03",1
15774738,Campa,FRA,Male,44.0,3,"€107,764.75",1,No,No,"€185,667.72",0
15574004,Mancini,FRA,Female,27.0,6,"€117,307.44",2,Yes,Yes,"€24,020.49",0
15587233,Donoghue,French,Male,41.0,8,"€73,700.12",3,Yes,Yes,"€185,750.02",1
15808228,Tuan,Spain,Female,44.0,6,"€60,603.40",1,Yes,Yes,"€178,045.97",0
15682834,Johnstone,Spain,Female,35.0,4,"€40,169.88",2,Yes,Yes,"€199,857.47",0
15571752,Romani,Germany,Female,32.0,10,"€92,041.87",1,Yes,Yes,"€43,595.90",0
15743067,Fuller,Germany,Male,26.0,3,"€130,483.95",1,No,No,"€122,810.53",0
15714466,Baxter,FRA,Female,41.0,5,€0.00,3,No,No,"€3,440.47",1
15617982,Pirozzi,Spain,Female,42.0,3,€0.00,2,No,No,"€35,989.41",0
15696637,Sung,FRA,Female,23.0,10,"€151,097.28",1,Yes,Yes,"€17,163.75",0
15690647,Rogers,Spain,Female,46.0,8,"€67,563.31",1,No,No,"€44,506.09",1
15672756,Mills,FRA,Female,35.0,8,"€112,808.18",1,Yes,Yes,"€17,848.30",0
15704586,Osonduagwuike,FRA,Female,42.0,7,€0.00,2,Yes,Yes,"€76,209.56",0
15674526,Byrne,FRA,Male,66.0,4,"€86,459.80",1,Yes,Yes,"€141,476.56",0
15775295,McIntyre,France,Female,40.0,0,"€118,633.08",1,Yes,Yes,"€60,032.46",1
15684196,Aitken,France,Female,55.0,2,"€159,441.27",1,No,No,"€100,686.11",1
15727281,Macintyre,FRA,Female,27.0,9,€0.00,2,No,No,"€96,429.29",0
15787835,Simpson,Germany,Female,38.0,4,"€125,212.65",2,Yes,Yes,"€15,795.88",1
15730540,Simpson,Spain,Male,45.0,8,"€88,656.37",2,No,No,"€116,547.31",0
15646276,Metcalfe,France,Female,32.0,2,"€146,033.62",1,No,No,"€191,260.74",0
15582180,Lees,FRA,Male,29.0,9,"€120,268.13",1,Yes,Yes,"€173,870.39",0
15697095,Zetticci,Spain,Male,46.0,7,€0.00,2,No,No,"€117,273.35",0
15748797,Dale,Spain,Female,33.0,0,€0.00,1,No,No,"€92,277.47",1
15754796,Byrne,Germany,Female,46.0,4,"€135,070.58",2,Yes,Yes,"€44,244.49",1
15628947,Praed,French,Female,38.0,3,€0.00,2,No,No,"€78,133.48",1
15775546,Laurens,Spain,Female,29.0,5,€0.00,2,No,No,"€103,402.88",0
15670481,Woods,France,Female,27.0,9,"€122,550.05",2,Yes,Yes,"€137,835.82",0
15619029,Bykov,Spain,Female,43.0,2,€0.00,2,No,No,"€20,670.10",0
15613282,Vorobyova,France,Male,29.0,8,"€130,306.49",1,No,No,"€77,469.38",0
15721487,Pirogova,FRA,Female,27.0,6,€0.00,1,Yes,Yes,"€57,572.38",0
15797276,Sturt,Spain,Female,41.0,4,"€90,350.77",1,No,No,"€75,884.65",1
15612494,Panicucci,FRA,Female,44.0,6,"€128,747.69",1,No,No,"€146,955.71",1
15629617,Cook,Spain,Male,23.0,2,"€126,873.52",1,Yes,Yes,"€67,040.12",0
15600821,Hardy,France,Male,69.0,2,"€108,424.19",1,Yes,Yes,"€178,418.35",0
15579062,Chu,FRA,Male,32.0,9,€0.00,2,No,No,"€30,807.02",0
15814268,Franklin,FRA,Female,40.0,5,"€84,350.07",1,No,No,"€143,835.76",0
15710164,P'eng,FRA,Female,73.0,7,€0.00,2,No,No,"€130,883.90",1
15693904,Chiang,Germany,Female,30.0,4,"€84,958.60",2,Yes,Yes,"€194,343.72",0
15588986,Grant,Germany,Female,29.0,4,"€99,097.36",1,Yes,Yes,"€9,796.69",0
15797733,Udobata,Germany,Male,30.0,10,"€136,622.55",2,No,No,"€47,310.24",0
15620507,Siciliani,Germany,Female,30.0,5,"€156,771.68",1,Yes,Yes,"€141,148.21",0
15685150,Evans,Germany,Male,28.0,7,"€167,658.33",2,Yes,Yes,"€111,138.25",0
15667651,Young,Spain,Female,33.0,8,€0.00,2,No,No,"€114,182.07",0
15774166,Mitchell,Germany,Female,24.0,2,"€109,483.54",2,Yes,Yes,"€127,560.77",0
15649280,Lucchese,Germany,Female,40.0,9,"€134,504.78",1,No,No,"€18,082.06",0
15705657,Hewitt,FRA,Female,44.0,2,"€114,427.86",1,Yes,Yes,"€136,330.26",0
15753969,K'ung,Spain,Male,45.0,5,"€83,888.54",1,Yes,Yes,"€34,121.81",0
15742378,Swaim,Germany,Male,32.0,5,"€110,029.77",1,No,No,"€56,246.69",0
15794874,Quinones,Spain,Male,41.0,9,"€127,523.75",1,Yes,Yes,"€191,417.42",0
15589221,Kennedy,Germany,Male,30.0,1,"€139,762.13",2,Yes,Yes,"€23,317.88",0
15596671,Endrizzi,Spain,Female,42.0,8,"€91,611.12",1,No,No,"€144,675.30",1
15583668,Ludowici,French,Female,42.0,2,"€109,471.79",1,Yes,Yes,"€175,161.05",0
15710206,Larson,FRA,Female,39.0,4,"€150,500.64",1,No,No,"€14,928.80",0
15799966,Chigolum,Germany,Female,59.0,9,"€101,609.77",1,No,No,"€161,479.19",1
15794560,Maclean,FRA,Male,57.0,5,€0.00,1,Yes,Yes,"€133,501.94",0
15626485,Lu,FRA,Female,26.0,8,"€78,892.23",1,Yes,Yes,"€23,703.52",0
15703143,Tuan,France,Female,29.0,3,"€82,344.84",1,Yes,Yes,"€115,985.38",0
15809772,Glover,France,Male,48.0,2,€0.00,1,No,No,"€43,229.20",0
15687959,Landman,Spain,Female,44.0,4,€0.00,1,Yes,Yes,"€94,862.93",0
15585282,Trevisano,French,Male,62.0,1,"€127,706.33",2,Yes,Yes,"€142,377.69",0
15714993,Longo,French,Female,41.0,9,"€124,349.34",1,No,No,"€135,635.25",0
15596021,K?,Spain,Male,44.0,8,€0.00,2,No,No,"€148,487.90",0
15646615,Muir,Germany,Male,28.0,1,"€119,336.29",2,Yes,Yes,"€58,976.85",0
15742632,Alexeyeva,FRA,Female,31.0,9,€0.00,1,Yes,Yes,"€76,254.83",0
15574068,Norman,Germany,Male,56.0,9,"€104,217.30",1,No,No,"€55,857.48",1
15806967,Simmons,France,Female,65.0,7,€0.00,1,Yes,Yes,"€77,867.23",0
15796334,Chukwualuka,Germany,Male,39.0,10,"€144,757.02",1,No,No,"€22,878.16",1
15688713,McCall,Spain,Male,44.0,6,€0.00,1,Yes,Yes,"€114,469.55",0
15796179,Moore,French,Male,43.0,8,€0.00,1,No,No,"€96,754.80",0
15598751,Ingram,French,Female,43.0,6,€0.00,3,No,No,"€125,154.57",1
15703019,Okeke,FRA,Female,38.0,10,€0.00,2,Yes,Yes,"€113,597.64",0
15646302,Shao,FRA,Female,24.0,7,"€100,169.51",1,No,No,"€121,408.55",0
15680855,Iloabuchi,France,Male,33.0,2,"€145,731.83",1,Yes,Yes,"€109,219.43",0
15697311,Nebechukwu,Spain,Male,56.0,5,"€110,802.03",1,Yes,Yes,"€50,230.31",1
15585367,Diribe,Germany,Female,46.0,4,"€120,392.99",1,No,No,"€177,719.88",1
15726556,Macgroarty,Germany,Female,26.0,6,"€135,067.52",2,No,No,"€131,211.86",0
15676242,Artemova,Spain,Male,31.0,3,"€136,556.44",1,No,No,"€82,152.83",1
15684198,McDonald,FRA,Female,38.0,10,€0.00,2,Yes,Yes,€216.27,0
15774882,Mazzanti,France,Female,35.0,3,"€99,587.43",1,Yes,Yes,"€1,713.10",1
15714227,Kelly,FRA,Female,53.0,7,€0.00,1,Yes,Yes,"€136,910.18",0
15608653,Davison,Spain,Female,34.0,7,"€70,731.07",1,Yes,Yes,"€20,243.97",1
15784280,Reilly,Germany,Male,35.0,2,"€109,342.82",2,Yes,Yes,"€86,043.27",0
15789546,Ojiofor,Spain,Male,28.0,8,€0.00,2,No,No,"€126,561.07",0
15590320,Shelton,France,Male,66.0,4,€0.00,2,Yes,Yes,"€64,350.80",0
15678385,Lange,FRA,Male,25.0,2,"€78,247.31",2,Yes,Yes,"€10,472.31",0
15571778,Trentini,French,Female,55.0,10,"€117,561.49",1,No,No,"€95,941.55",1
15657085,Gardiner,French,Male,23.0,10,"€88,980.32",1,Yes,Yes,"€125,222.36",0
15640627,Wan,Spain,Male,34.0,4,€0.00,2,No,No,"€170,950.58",0
15566211,Hsu,Germany,Female,41.0,1,"€103,560.57",1,No,No,€236.45,1
15669293,Hovell,France,Male,37.0,5,"€113,308.84",1,Yes,Yes,"€31,517.16",0
15595067,Zhirov,Spain,Female,40.0,6,€0.00,2,Yes,Yes,"€181,610.60",0
15753566,Espinosa,French,Female,32.0,3,"€63,763.49",1,No,No,"€156,593.09",0
15650391,Wallace,France,Female,29.0,7,"€169,988.35",1,No,No,"€4,272.00",0
15681843,Barbour,Germany,Female,35.0,0,"€180,303.24",2,No,No,"€163,587.90",0
15814846,Ozerova,French,Male,52.0,3,€0.00,1,No,No,"€175,843.68",1
15670374,Wright,Germany,Female,49.0,1,"€120,656.86",4,No,No,"€166,164.30",1
15762332,Ulyanova,Germany,Female,31.0,1,"€61,592.14",2,Yes,Yes,"€61,796.64",0
15700223,Steiner,France,Male,48.0,4,"€164,701.68",1,Yes,Yes,"€21,439.49",0
15729956,Akabueze,Spain,Female,26.0,1,"€80,780.16",1,Yes,Yes,"€19,225.85",0
15594862,Aleksandrova,France,Male,36.0,8,€0.00,2,No,No,"€132,547.02",0
15598782,Pinto,Germany,Female,30.0,6,"€154,221.37",2,Yes,Yes,"€62,688.55",0
15745080,Griffiths,FRA,Male,26.0,8,€0.00,1,No,No,"€21,760.96",0
15703399,McNeil,French,Female,26.0,5,"€101,641.14",2,Yes,Yes,"€154,460.68",0
15732175,Bruno,French,Male,37.0,2,€0.00,1,Yes,Yes,"€8,065.00",0
15630725,Johnson,French,Female,45.0,5,"€92,786.66",1,No,No,"€173,365.90",1
15640260,Okorie,Germany,Male,32.0,8,"€131,081.66",2,Yes,Yes,"€69,428.79",0
15716822,Moen,FRA,Male,30.0,5,"€98,014.74",1,Yes,Yes,"€12,757.14",0
15583748,McGuigan,Spain,Male,38.0,8,€0.00,2,No,No,"€180,426.20",0
15605968,Fancher,France,Male,26.0,8,"€97,460.10",1,Yes,Yes,"€43,093.67",0
15790683,Matthews,French,Male,36.0,1,"€104,077.19",2,Yes,Yes,"€68,594.00",0
15607713,Kaeppel,Spain,Female,29.0,1,€0.00,2,Yes,Yes,"€197,996.65",0
15700212,Shih,FRA,Female,46.0,10,€0.00,2,No,No,"€122,953.00",1
15626710,Yudina,France,Female,39.0,4,€0.00,1,Yes,Yes,"€76,821.24",0
15716491,Akabueze,Spain,Female,51.0,4,"€93,656.95",1,Yes,Yes,"€141,400.51",1
15625824,Kornilova,Spain,Male,30.0,6,"€121,345.88",4,No,No,"€41,921.75",1
15617705,Ozioma,France,Female,39.0,8,"€141,675.23",1,Yes,Yes,"€175,664.25",0
15761976,Su,Spain,Female,31.0,8,€0.00,2,No,No,"€117,916.63",0
15634891,Jamison,Germany,Female,43.0,7,"€102,365.49",1,No,No,"€194,690.77",1
15744517,Esposito,Spain,Male,50.0,9,€0.00,1,No,No,"€166,677.35",1
15686963,Hardiman,Spain,Female,30.0,3,€0.00,1,No,No,"€160,131.58",0
15808189,Woodard,French,Male,52.0,6,€0.00,2,Yes,Yes,"€123,622.00",0
15580845,Chienezie,Germany,Male,57.0,7,"€101,868.51",1,Yes,Yes,"€113,483.96",0
15799156,Okwuadigbo,Spain,Male,38.0,8,€0.00,2,No,No,"€79,618.79",0
15694296,Chineze,France,Male,35.0,9,"€112,392.45",2,No,No,"€24,472.23",0
15677049,O'Brien,Germany,Female,25.0,7,"€106,570.34",2,Yes,Yes,"€177,025.79",0
15583595,Tao,French,Female,28.0,8,€0.00,1,Yes,Yes,"€103,349.74",0
15590146,Mao,French,Male,50.0,1,"€81,947.76",1,Yes,Yes,"€63,606.22",1
15801548,Buckland,FRA,Female,31.0,7,"€144,162.30",2,Yes,Yes,"€14,490.79",0
15660833,Flannery,Germany,Male,39.0,5,"€86,350.87",2,No,No,"€105,080.53",0
15762277,Jamieson,French,Male,47.0,5,"€158,623.14",1,No,No,"€83,499.89",1
15791302,Swift,France,Male,32.0,8,€0.00,2,No,No,"€143,598.70",0
15798975,Doherty,Germany,Male,48.0,4,"€132,403.56",1,No,No,"€36,091.91",1
15599956,Payne,French,Male,27.0,10,€0.00,2,No,No,"€13,007.89",0
15577274,Genovese,Germany,Female,43.0,3,"€134,985.66",1,No,No,"€6,101.41",0
15701200,Lucciano,France,Male,36.0,6,€0.00,2,Yes,Yes,"€48,314.00",0
15638149,Rowley,FRA,Male,37.0,6,"€103,772.45",1,No,No,"€197,111.99",0
15786199,Hsing,French,Male,33.0,2,"€133,040.32",1,Yes,Yes,"€110,299.78",0
15701765,Vincent,Spain,Female,37.0,0,€0.00,2,No,No,"€30,114.32",0
15586974,Pearce,FRA,Male,39.0,10,€0.00,2,Yes,Yes,"€98,894.64",0
15729040,Lamb,France,Male,42.0,2,€0.00,2,No,No,"€49,826.68",0
15788676,Riley,Spain,Male,38.0,8,"€71,460.67",2,Yes,Yes,"€10,074.05",0
15602497,Honore,Spain,Male,39.0,6,"€133,214.13",1,Yes,Yes,"€20,769.88",0
15701333,Blackburn,French,Female,37.0,7,"€96,558.66",1,No,No,"€163,427.18",0
15812071,Endrizzi,French,Male,54.0,6,"€93,806.31",2,Yes,Yes,"€140,068.77",0
15634375,Duncan,Spain,Female,36.0,8,€0.00,2,No,No,"€83,206.19",0
15738267,Macarthur,FRA,Female,64.0,3,"€124,043.80",1,Yes,Yes,"€111,402.97",1
15786800,Gould,Germany,Male,52.0,5,"€131,694.97",1,Yes,Yes,"€92,873.50",1
15591130,Medvedev,Spain,Female,29.0,6,€0.00,2,Yes,Yes,"€94,780.90",0
15720662,Sholes,French,Female,35.0,1,"€106,266.80",1,Yes,Yes,"€16,607.15",0
15751531,Shaw,Spain,Male,41.0,8,€0.00,2,Yes,Yes,"€161,954.43",0
15653595,Ts'ai,French,Male,51.0,6,€0.00,2,Yes,Yes,"€194,733.28",0
15568360,Rolon,Spain,Female,41.0,4,"€139,840.36",1,Yes,Yes,"€163,524.70",0
15781210,Reid,France,Male,34.0,8,€0.00,2,No,No,"€48,260.19",0
15668058,Chinwendu,Germany,Male,35.0,8,"€124,098.54",1,No,No,"€86,678.48",0
15597131,Fu,France,Male,32.0,5,"€145,807.59",1,Yes,Yes,"€3,064.65",0
15697283,Mackenzie,Spain,Male,23.0,8,€0.00,2,No,No,"€112,124.98",0
15640953,Bligh,FRA,Female,26.0,2,"€107,508.93",2,Yes,Yes,"€120,801.65",0
15715031,Davidson,France,Female,28.0,6,€0.00,2,Yes,Yes,"€52,193.23",0
15589660,Lamble,Germany,Female,32.0,1,"€145,980.23",1,Yes,Yes,"€56,636.28",0
15769818,Moore,French,Female,37.0,3,"€212,778.20",1,Yes,Yes,"€69,372.88",0
15782736,Jose,Germany,Female,47.0,4,"€152,522.47",1,Yes,Yes,"€164,038.07",1
15614818,Trevisani,Spain,Female,33.0,9,"€168,964.77",1,Yes,Yes,"€118,982.51",0
15794014,Schofield,FRA,Female,34.0,8,€0.00,2,No,No,"€27,472.07",0
15732448,Stewart,French,Female,28.0,8,€0.00,1,Yes,Yes,"€36,754.13",0
15723411,Jamieson,Spain,Female,36.0,4,"€98,266.30",1,Yes,Yes,"€46,416.36",0
15797686,Howard,FRA,Male,38.0,8,"€113,000.92",1,Yes,Yes,"€152,872.39",0
15605950,Onwuamaeze,Germany,Male,23.0,1,"€137,060.88",2,Yes,Yes,"€165,227.23",0
15812497,D'Albertis,Germany,Male,37.0,5,"€112,146.12",1,No,No,"€75,927.35",0
15690678,Brooks,FRA,Female,33.0,4,"€129,307.32",1,Yes,Yes,"€172,930.28",0
15747677,Gordon,Spain,Male,69.0,6,"€163,975.09",1,Yes,Yes,"€36,108.50",0
15618926,Nwachukwu,Spain,Male,43.0,7,€0.00,2,Yes,Yes,"€36,202.74",0
15673908,Chinweike,Germany,Female,42.0,6,"€158,414.85",1,Yes,Yes,"€131,886.46",0
15727944,Simpkinson,Germany,Female,48.0,1,"€92,072.68",1,Yes,Yes,"€133,992.36",0
15807294,Walker,Spain,Female,30.0,2,"€88,243.29",2,Yes,Yes,"€96,658.26",0
15618581,Diribe,Spain,Male,25.0,8,€0.00,2,Yes,Yes,"€135,112.09",0
15584364,Trentini,FRA,Male,48.0,4,"€59,486.31",1,No,No,"€163,944.18",1
15599552,Conway,Spain,Female,54.0,2,€0.00,2,Yes,Yes,"€53,843.71",0
15749177,Maslow,Spain,Female,52.0,7,€0.00,2,Yes,Yes,"€122,398.84",0
15718779,Clark,FRA,Male,34.0,1,€0.00,1,Yes,Yes,"€64,804.04",0
15568106,L?,FRA,Female,38.0,8,"€119,278.01",2,Yes,Yes,"€19,370.73",0
15779481,Swadling,France,Male,34.0,4,"€158,741.43",2,Yes,Yes,"€126,192.54",0
15709994,Gallo,French,Female,40.0,7,"€140,596.95",1,Yes,Yes,"€135,459.02",1
15772777,Onyemachukwu,Spain,Female,29.0,10,€0.00,2,Yes,Yes,"€94,815.04",0
15706815,Samoylova,Germany,Male,37.0,2,"€90,432.92",1,Yes,Yes,"€188,366.04",1
15618018,Dickson,French,Female,35.0,1,"€104,783.81",2,Yes,Yes,"€178,512.52",0
15671032,He,Germany,Male,42.0,0,"€77,992.97",2,Yes,Yes,"€97,906.38",0
15634281,P'an,Germany,Female,43.0,10,"€110,822.90",1,No,No,"€72,861.94",0
15766374,Leak,Germany,Male,42.0,4,"€119,624.60",2,Yes,Yes,"€195,978.86",0
15600991,Artemieva,Germany,Male,31.0,6,"€109,052.59",2,Yes,Yes,"€19,448.93",1
15777576,Frost,Spain,Female,40.0,5,"€139,129.44",1,Yes,Yes,"€32,635.54",0
15742613,Warner,Germany,Female,42.0,8,"€152,324.66",2,No,No,"€171,733.22",0
15649523,Kennedy,French,Male,38.0,1,€0.00,2,No,No,"€46,176.22",0
15651063,Ifeatu,Germany,Female,37.0,9,"€127,480.58",2,No,No,"€179,634.69",0
15683124,Evans,FRA,Male,53.0,6,"€115,029.40",1,No,No,"€191,521.32",1
15618314,Chu,FRA,Male,40.0,8,"€114,005.78",1,Yes,Yes,"€67,998.45",0
15670823,Hsueh,Germany,Female,42.0,1,"€116,646.76",1,No,No,"€44,731.80",1
15607133,Shih,Spain,Female,49.0,1,"€110,864.38",2,Yes,Yes,"€124,532.90",1
15615012,Fan,French,Male,23.0,5,"€156,267.59",1,No,No,"€160,968.44",0
15725141,Whiddon,France,Female,44.0,3,"€109,528.28",1,No,No,"€27,341.63",1
15623560,Onyekachukwu,FRA,Female,35.0,6,"€102,482.76",1,Yes,Yes,"€53,994.64",0
15693018,Ermakova,Germany,Male,23.0,10,"€115,563.71",1,Yes,Yes,"€91,633.53",0
15636756,Marino,French,Male,23.0,2,€0.00,2,No,No,"€189,613.12",0
15647474,Niu,French,Female,40.0,9,"€95,624.36",2,Yes,Yes,"€60,706.33",0
15576714,Manna,Spain,Female,21.0,8,€0.00,2,Yes,Yes,"€154,767.34",0
15585047,Onyemere,French,Male,28.0,7,"€160,376.61",1,No,No,"€196,853.11",0
15743976,Archer,Germany,Male,41.0,8,"€37,702.79",1,Yes,Yes,"€195,775.48",0
15793881,Mitchell,France,Female,35.0,6,"€118,273.83",1,Yes,Yes,"€3,086.89",0
15576517,Everingham,Germany,Female,34.0,7,"€131,082.17",2,Yes,Yes,"€70,618.00",0
15631072,Huie,France,Male,38.0,1,"€94,456.00",2,Yes,Yes,"€55,034.02",0
15730394,Crowther,France,Female,43.0,8,€0.00,2,No,No,"€168,035.62",1
15631460,Swift,Spain,Female,42.0,3,€0.00,2,Yes,Yes,"€128,449.33",0
15692002,Skelton,French,Male,33.0,6,"€93,791.38",1,Yes,Yes,"€199,249.29",0
15595282,White,France,Female,33.0,4,€0.00,2,No,No,"€149,474.69",0
15789548,Giordano,FRA,Female,37.0,7,€0.00,2,Yes,Yes,"€126,726.33",0
15758035,Bateson,FRA,Male,61.0,7,"€155,973.13",1,Yes,Yes,"€147,554.26",0
15617518,Hu,Germany,Male,36.0,7,"€89,409.95",1,Yes,Yes,"€149,399.70",0
15651802,Day,Spain,Female,39.0,5,"€97,854.37",2,No,No,"€93,536.38",0
15631813,Beneventi,France,Male,39.0,6,€0.00,2,Yes,Yes,"€58,883.91",0
15729668,Elizabeth,Spain,Male,29.0,3,"€60,280.62",1,No,No,"€154,271.41",0
15741728,Atkins,Spain,Male,36.0,7,"€135,216.80",1,Yes,Yes,"€122,022.89",0
15576676,Serrano,Germany,Female,28.0,6,"€124,923.35",2,Yes,Yes,"€50,299.14",0
15711378,Willis,France,Male,38.0,4,€0.00,2,No,No,"€187,800.63",0
15765520,Stevenson,Germany,Male,27.0,7,"€188,614.07",1,No,No,"€171,344.09",0
15656726,Ch'ien,France,Male,32.0,5,"€62,321.62",1,Yes,Yes,"€40,920.59",0
15647842,Cunningham,Germany,Female,48.0,8,"€120,782.70",1,No,No,"€63,940.68",1
15719309,Stephens,FRA,Female,42.0,1,"€115,961.58",2,Yes,Yes,"€29,483.87",0
15748718,Gordon,FRA,Male,28.0,2,"€115,062.61",1,No,No,"€179,056.23",0
15594404,Bevan,France,Female,49.0,8,"€160,602.25",2,No,No,"€129,273.94",0
15751158,Mashman,FRA,Female,42.0,4,"€108,825.34",3,No,No,"€55,558.51",1
15593470,Tu,Germany,Female,36.0,8,"€166,287.85",1,Yes,Yes,"€23,305.85",0
15695129,Milanesi,French,Female,31.0,1,"€152,663.77",1,Yes,Yes,"€17,128.64",0
15640865,Romano,Germany,Female,31.0,9,"€80,844.69",2,Yes,Yes,"€74,641.90",0
15714080,Goliwe,Germany,Female,40.0,2,"€97,001.36",2,No,No,"€154,486.01",0
15648721,Hsueh,France,Male,64.0,4,€0.00,2,Yes,Yes,"€3,185.67",0
15801466,Gray,France,Female,39.0,2,"€122,524.61",2,No,No,"€88,463.63",0
15750248,Wright,French,Female,35.0,8,"€132,292.63",1,No,No,"€65,682.93",0
15758726,Chiemeka,French,Female,24.0,0,€0.00,2,Yes,Yes,"€140,586.08",0
15781553,Chung,Germany,Female,49.0,9,"€91,502.99",1,No,No,"€117,232.90",1
15649121,Pinto,French,Male,52.0,3,€0.00,1,No,No,"€116,137.01",1
15674811,Kellway,Germany,Male,29.0,3,"€59,385.98",2,Yes,Yes,"€105,533.96",0
15646037,Sopuluchi,FRA,Male,77.0,9,€0.00,3,Yes,Yes,"€81,514.06",0
15722578,Spitzer,Germany,Female,21.0,6,"€97,956.50",1,Yes,Yes,"€164,966.27",0
15665695,Potter,France,Female,49.0,4,€0.00,2,Yes,Yes,"€23,631.55",0
15801062,Matthews,Spain,Female,40.0,4,€0.00,2,Yes,Yes,"€105,433.53",0
15662955,Nicholls,FRA,Male,27.0,8,"€141,223.68",2,No,No,"€90,591.15",0
15770309,McDonald,France,Male,18.0,10,"€151,762.74",1,Yes,Yes,"€127,014.32",0
15657386,Fiorentini,Germany,Male,43.0,1,"€141,749.74",2,Yes,Yes,"€90,905.26",0
15777797,Kovalyova,Spain,Male,38.0,5,"€75,075.14",1,Yes,Yes,"€8,651.92",1
15783955,Miah,French,Female,25.0,4,"€165,686.11",2,No,No,"€15,467.98",0
15804516,Builder,French,Male,38.0,2,€0.00,1,No,No,"€79,915.28",0
15681758,Baddeley,Spain,Female,25.0,10,€0.00,2,No,No,"€69,361.95",0
15630321,Hu,FRA,Male,44.0,3,€0.00,2,No,No,"€86,935.08",0
15588248,Hs?,FRA,Female,28.0,0,€0.00,2,Yes,Yes,"€7,597.83",1
15591932,Ford,FRA,Male,32.0,5,"€92,961.61",1,No,No,"€116,957.60",0
15810347,Todd,Spain,Female,30.0,9,€0.00,2,Yes,Yes,"€157,884.83",0
15595303,Johnston,Germany,Male,46.0,5,"€130,812.91",1,Yes,Yes,"€77,981.54",1
15634950,Obiajulu,Germany,Male,57.0,8,"€107,174.58",1,Yes,Yes,"€126,369.55",1
15685372,Azubuike,Spain,Male,54.0,1,"€152,677.48",1,Yes,Yes,"€191,973.49",1
15745827,Padovesi,French,Male,30.0,3,"€132,005.77",1,No,No,"€142,940.39",0
15755868,Farmer,FRA,Male,35.0,7,€0.00,1,No,No,"€48,869.67",0
15735222,Ignatieff,Spain,Female,23.0,5,€0.00,2,Yes,Yes,"€73,131.73",0
15604804,Lu,FRA,Female,33.0,7,"€127,305.50",1,Yes,Yes,"€120,037.36",0
15718944,Artemiev,FRA,Female,37.0,6,€0.00,2,No,No,"€193,995.37",0
15678626,Okonkwo,Spain,Female,31.0,0,€0.00,2,No,No,"€179,453.66",0
15571550,Dore,France,Male,39.0,9,€0.00,1,No,No,"€80,963.92",0
15723053,T'ang,Germany,Male,32.0,8,"€170,291.22",2,Yes,Yes,"€15,658.99",0
15661528,Ashbolt,Spain,Male,47.0,5,"€102,562.23",1,No,No,"€92,708.10",0
15754177,Bazarova,Spain,Male,53.0,2,"€111,061.01",2,No,No,"€26,542.17",0
15683544,Buccho,Spain,Male,62.0,3,€0.00,1,Yes,Yes,"€65,010.74",0
15708048,Burn,France,Female,34.0,4,"€124,379.14",1,No,No,"€106,892.91",0
15701109,Andreyev,FRA,Female,37.0,7,€0.00,1,Yes,Yes,"€185,210.63",0
15600110,Endrizzi,Germany,Female,41.0,3,"€57,745.76",1,No,No,"€4,035.46",0
15651533,Brown,Germany,Female,50.0,5,"€129,293.74",1,No,No,"€177,805.44",1
15777904,Nock,France,Female,45.0,7,€0.00,2,Yes,Yes,"€68,831.72",0
15655574,Okeke,Germany,Female,40.0,8,"€150,777.10",1,No,No,"€114,732.62",0
15569423,Cunningham,Spain,Male,41.0,4,€0.00,2,No,No,"€22,299.27",0
15718106,Kelley,France,Male,34.0,6,€0.00,2,No,No,"€197,283.20",0
15585067,Wilson,Spain,Male,31.0,9,"€108,632.48",1,Yes,Yes,"€179,485.96",1
15675501,Woods,French,Male,59.0,5,"€153,861.10",1,Yes,Yes,"€17,699.48",0
15633233,McFarland,France,Male,56.0,1,"€100,374.58",1,No,No,"€118,490.80",1
15667134,Cisneros,France,Male,32.0,8,€0.00,2,No,No,"€133,292.94",0
15659105,Borchgrevink,France,Female,47.0,9,"€61,196.54",1,No,No,"€58,170.24",0
15575409,Rozhkova,Germany,Male,31.0,6,"€116,891.72",1,No,No,"€107,137.30",0
15752342,Bradley,Germany,Female,54.0,6,"€133,656.91",3,No,No,"€145,071.33",1
15654851,Obialo,FRA,Male,44.0,2,"€92,911.52",1,Yes,Yes,"€85,495.24",0
15741429,Hudson,Spain,Female,31.0,9,"€119,825.75",2,Yes,Yes,"€101,139.30",0
15682356,Veltri,FRA,Female,37.0,7,"€111,852.84",2,No,No,"€10,511.13",0
15806447,Mazzanti,Germany,Male,32.0,0,"€106,683.52",2,Yes,Yes,"€137,916.49",0
15800229,Thorpe,Germany,Male,40.0,7,"€139,022.24",1,Yes,Yes,"€193,383.13",0
15663441,Golibe,Germany,Female,40.0,4,"€148,571.07",1,No,No,"€189,826.96",1
15791991,Udinesi,French,Male,52.0,4,€0.00,1,Yes,Yes,"€144,113.42",0
15775082,Stewart,French,Male,42.0,1,"€129,776.72",2,Yes,Yes,"€143,538.51",0
15579706,Curtis,French,Female,46.0,5,€0.00,1,No,No,"€77,677.14",1
15718247,Hayden,Spain,Female,46.0,8,€0.00,2,Yes,Yes,"€183,717.94",0
15755722,H?,French,Male,24.0,10,€0.00,1,No,No,"€92,180.62",0
15582259,Campbell,FRA,Female,37.0,7,€0.00,2,Yes,Yes,"€28,690.90",0
15716994,Green,Spain,Male,24.0,3,"€114,739.92",1,No,No,"€85,891.02",1
15586880,P'eng,Germany,Male,41.0,2,"€122,545.65",2,Yes,Yes,"€42,050.24",0
15713854,Cremonesi,French,Female,37.0,6,€0.00,2,No,No,"€110,142.34",0
15780835,Liang,Germany,Female,26.0,1,"€131,908.35",1,Yes,Yes,"€179,269.79",0
15675896,Gough,Germany,Female,42.0,7,"€105,722.69",1,Yes,Yes,"€90,558.24",1
15658459,Bates,Spain,Male,33.0,10,€0.00,2,No,No,"€162,022.47",0
15658057,Padovesi,Spain,Female,44.0,8,€0.00,3,No,No,"€66,926.83",1
15801767,Yin,Spain,Female,40.0,8,€0.00,2,No,No,"€108,891.30",0
15569178,Kharlamov,FRA,Female,18.0,4,"€82,767.42",1,No,No,"€71,811.90",0
15731478,Nicholls,France,Female,42.0,1,"€87,842.98",1,No,No,"€92,223.59",0
15811236,Burns,Spain,Male,39.0,6,"€133,261.13",1,Yes,Yes,"€78,065.90",0
15746749,Fleming,Spain,Female,32.0,3,€0.00,2,Yes,Yes,"€59,679.90",0
15662758,Watson,French,Male,41.0,0,"€97,925.11",1,No,No,"€85,000.32",0
15709387,Obiajulu,France,Male,52.0,5,€0.00,1,Yes,Yes,"€159,808.95",0
15572093,Han,France,Female,24.0,7,"€140,453.91",1,No,No,"€129,001.30",0
15713826,Ferguson,Germany,Female,20.0,0,"€117,356.19",1,No,No,"€113,557.70",1
15570205,Tao,Spain,Male,36.0,5,€0.00,2,Yes,Yes,"€147,758.51",0
15589348,Le Grand,Spain,Male,37.0,4,"€137,204.77",1,Yes,Yes,"€28,865.59",0
15804610,Valdez,France,Female,41.0,1,€0.00,2,Yes,Yes,"€160,607.06",0
15700854,Cunningham,Spain,Male,35.0,8,€0.00,1,No,No,"€100,015.79",1
15758836,Godfrey,Spain,Male,36.0,3,"€54,098.18",2,Yes,Yes,"€54,478.52",0
15772933,Mai,Spain,Male,31.0,8,€0.00,1,Yes,Yes,"€141,677.33",0
15809006,Walker,France,Male,23.0,7,"€113,758.48",2,No,No,"€84,077.60",0
15689612,Pirozzi,Spain,Female,34.0,8,€0.00,1,Yes,Yes,"€106,981.03",0
15744614,Feng,FRA,Male,37.0,9,"€118,636.92",1,Yes,Yes,"€73,551.44",0
15704250,Akabueze,French,Male,34.0,7,€0.00,2,No,No,"€115,842.10",0
15700255,Robson,Germany,Male,44.0,8,"€95,488.82",2,No,No,"€107,013.59",0
15669410,Yevdokimova,French,Male,30.0,8,"€110,829.52",2,No,No,"€24,938.84",0
15807595,Ijendu,Germany,Male,51.0,7,"€144,244.59",2,No,No,"€51,113.14",0
15664523,Colombo,Germany,Female,31.0,8,"€122,021.92",2,No,No,"€33,828.64",0
15642833,Akubundu,FRA,Female,30.0,8,€0.00,2,No,No,"€128,875.86",0
15605279,Francis,FRA,Male,50.0,9,€0.00,4,Yes,Yes,"€194,700.81",1
15713644,Marshall,Spain,Male,22.0,5,€0.00,2,No,No,"€158,974.45",0
15750466,Rhodes,Germany,Male,42.0,1,"€85,839.62",1,No,No,"€198,182.73",0
15739054,Y?,France,Female,29.0,4,"€96,974.97",1,Yes,Yes,"€141,404.07",0
15612771,Bell,French,Male,35.0,4,"€148,172.44",1,Yes,Yes,"€4,175.68",0
15788483,Kerr,Spain,Male,38.0,0,€0.00,1,No,No,"€126,876.47",0
15732832,Jideofor,FRA,Female,40.0,5,€0.00,2,No,No,"€41,052.82",0
15772892,Robertson,French,Female,49.0,2,€0.00,1,No,No,"€105,760.01",0
15713843,Kao,Spain,Male,30.0,2,€0.00,2,Yes,Yes,"€27,937.12",0
15567993,Palmer,Spain,Male,28.0,8,"€134,766.85",1,No,No,"€79,355.87",0
15617603,Mackay,Germany,Male,30.0,5,"€123,210.56",2,Yes,Yes,"€102,180.27",0
15744983,Burgmann,Spain,Male,47.0,1,"€139,887.01",1,Yes,Yes,"€95,719.73",0
15630419,Davis,France,Male,44.0,9,"€149,961.11",1,No,No,"€57,121.51",0
15738828,Milano,Germany,Male,45.0,6,"€152,880.97",1,No,No,"€162,478.11",0
15778025,Dellucci,Germany,Male,43.0,9,"€108,589.47",2,Yes,Yes,"€194,808.51",0
15799479,Coles,Spain,Male,33.0,9,€0.00,1,Yes,Yes,"€124,045.65",0
15684269,Gray,Spain,Female,35.0,3,"€56,674.48",1,No,No,"€17,987.40",1
15762745,Macvitie,Spain,Male,32.0,8,€0.00,1,No,No,"€133,653.38",0
15746970,Townsend,Spain,Female,57.0,1,€0.00,2,Yes,Yes,"€25,101.17",0
15725024,Pope,Germany,Female,33.0,3,"€105,663.56",2,Yes,Yes,"€33,330.89",0
15592116,Jensen,French,Female,39.0,7,€0.00,2,No,No,"€2,401.26",0
15624391,Thomson,Spain,Female,30.0,5,"€100,683.54",1,Yes,Yes,"€178,361.04",0
15567422,Chiazagomekpele,FRA,Male,42.0,6,€0.00,2,No,No,"€162,697.93",0
15612627,Ozuluonye,Germany,Male,29.0,5,"€139,541.58",2,No,No,"€80,607.33",0
15574879,Wright,Germany,Female,37.0,2,"€121,801.72",2,Yes,Yes,"€23,146.62",0
15745107,Lung,Germany,Male,38.0,5,"€112,281.70",1,Yes,Yes,"€89,893.60",0
15734491,Lombardo,Spain,Female,36.0,4,€0.00,2,Yes,Yes,"€3,173.31",0
15675320,Leonard,Spain,Female,40.0,5,"€93,499.82",2,No,No,"€123,218.81",0
15643824,Johnston,French,Male,33.0,0,"€132,255.99",2,Yes,Yes,"€74,588.41",0
15643438,P'eng,FRA,Male,20.0,7,€0.00,2,No,No,"€31,288.77",0
15721730,Amechi,Spain,Female,44.0,4,€0.00,2,No,No,"€58,561.31",0
15680727,Fang,France,Male,49.0,5,"€121,973.28",1,No,No,"€148,804.36",0
15752508,Docherty,Germany,Male,32.0,7,"€99,462.80",2,Yes,Yes,"€51,117.06",0
15808846,Horton,Germany,Female,21.0,3,"€165,878.76",2,Yes,Yes,"€164,537.17",0
15727251,Vincent,French,Male,30.0,8,"€117,494.27",1,No,No,"€61,977.82",0
15663489,Onio,Germany,Female,29.0,0,"€138,577.34",1,No,No,"€193,362.99",0
15683677,Schiavone,Spain,Male,39.0,9,€0.00,1,Yes,Yes,"€47,722.79",0
15596414,Chandler,Spain,Male,41.0,8,"€107,525.07",1,No,No,"€18,510.41",0
15730639,Fiorentino,French,Male,23.0,7,"€139,224.92",2,No,No,"€65,057.71",0
15672132,Butusov,France,Female,42.0,7,"€121,453.63",1,No,No,"€46,374.64",0
15742638,Wang,French,Female,25.0,4,€0.00,2,Yes,Yes,"€42,039.67",0
15578603,Alexeieva,Germany,Female,54.0,1,"€77,354.37",1,No,No,"€138,192.98",1
15726088,Vinogradova,French,Male,40.0,6,€0.00,1,Yes,Yes,"€22,735.45",0
15682533,Hughes,French,Female,39.0,7,"€79,259.99",1,Yes,Yes,"€186,910.74",0
15772995,Ts'ao,FRA,Male,30.0,2,"€116,295.29",1,No,No,"€75,285.47",0
15765694,Bage,Spain,Female,59.0,1,€0.00,1,Yes,Yes,"€130,260.11",1
15659486,Yudina,Germany,Male,34.0,9,"€74,309.81",1,No,No,"€15,034.93",0
15568963,Naquin,Germany,Male,34.0,2,"€152,797.90",1,No,No,"€175,709.40",1
15703820,Endrizzi,FRA,Male,42.0,9,"€133,701.07",2,No,No,"€101,069.71",1
15569410,Tang,Germany,Female,33.0,7,"€114,430.18",2,Yes,Yes,"€153,012.13",0
15632256,Schroeder,French,Male,29.0,7,"€127,504.57",1,No,No,"€86,173.92",0
15724466,Swearingen,Germany,Female,41.0,2,"€84,113.41",1,No,No,"€197,548.63",0
15777639,McGregor,Spain,Female,23.0,10,"€101,126.66",2,No,No,"€37,042.80",0
15802501,Onyeorulu,Germany,Male,33.0,5,"€103,564.83",2,No,No,"€121,085.72",0
15778410,Clarke,Spain,Female,52.0,7,€0.00,1,Yes,Yes,"€194,113.99",1
15670702,Smith,France,Male,37.0,2,"€168,178.21",2,Yes,Yes,"€101,273.23",0
15704763,Kozlova,Germany,Female,39.0,1,"€143,903.11",1,Yes,Yes,"€118,711.75",1
15645544,Nekrasov,Germany,Female,30.0,5,"€129,753.69",1,No,No,€582.53,0
15757646,Olague,French,Male,35.0,9,€0.00,2,No,No,"€192,381.21",0
15701121,Holt,France,Male,38.0,5,"€110,641.18",1,Yes,Yes,"€136,507.69",1
15796313,Olsen,FRA,Female,36.0,4,"€166,909.20",2,No,No,"€138,871.12",1
15815660,Mazzi,FRA,Female,34.0,1,"€154,139.45",1,Yes,Yes,"€60,728.89",0
15602844,Niu,French,Male,38.0,7,"€97,459.06",1,No,No,"€189,175.71",0
15636238,Graham,French,Male,40.0,1,€0.00,2,Yes,Yes,"€102,547.56",0
15770101,Millar,Germany,Male,43.0,6,"€112,088.04",2,Yes,Yes,"€36,706.56",0
15645543,Bell,France,Female,34.0,3,€0.00,2,Yes,Yes,"€44,756.25",0
15596397,Kelly,France,Female,48.0,7,€0.00,2,Yes,Yes,"€132,870.15",0
15770525,T'an,Spain,Male,28.0,1,"€141,038.57",2,No,No,"€16,287.38",0
15684267,Davila,Germany,Male,39.0,2,"€84,468.67",2,Yes,Yes,"€121,945.42",0
15689980,Willis,Spain,Female,36.0,4,"€118,520.26",1,No,No,"€131,173.90",1
15633260,Dumetochukwu,France,Male,37.0,1,"€142,663.46",1,Yes,Yes,"€88,669.89",0
15756471,Giles,Germany,Male,27.0,4,"€118,627.16",2,Yes,Yes,"€160,835.30",0
15721303,O'Meara,Spain,Male,34.0,1,"€137,523.02",1,No,No,"€24,761.36",0
15802256,Yao,FRA,Male,28.0,7,"€110,976.23",2,No,No,"€138,526.96",0
15725664,Wallace,FRA,Female,38.0,8,"€107,283.40",1,No,No,"€157,442.75",0
15674851,T'ien,France,Male,38.0,5,€0.00,2,No,No,"€105,295.77",0
15701946,Ndubueze,French,Male,34.0,4,"€124,314.45",1,No,No,"€97,782.92",0
15748947,Chukwuraenye,French,Female,41.0,5,"€95,858.37",1,Yes,Yes,"€68,255.88",0
15673342,K'ung,France,Male,36.0,2,€0.00,2,No,No,"€108,790.95",0
15601008,Stevenson,FRA,Male,33.0,8,€0.00,2,No,No,"€143,706.18",0
15771636,Marshall,Spain,Female,36.0,0,€0.00,1,No,No,"€148,993.47",0
15642002,Hayward,FRA,Female,35.0,6,"€117,707.18",2,No,No,"€95,277.15",1
15693381,Tipton,Spain,Male,38.0,1,"€135,289.33",2,Yes,Yes,"€152,956.33",0
15607691,Gibson,France,Male,36.0,8,"€174,060.46",1,Yes,Yes,"€94,925.62",0
15589380,Fraser,Germany,Male,40.0,3,"€114,446.84",2,Yes,Yes,"€87,308.18",0
15603846,Fang,Spain,Male,37.0,2,€0.00,2,No,No,"€83,978.86",1
15753549,Dubinina,French,Male,25.0,1,"€157,848.53",1,No,No,"€37,543.93",1
15725355,Morey,FRA,Female,43.0,8,€0.00,1,Yes,Yes,"€104,889.30",0
15773017,Todd,Spain,Female,37.0,6,€0.00,2,Yes,Yes,"€149,705.25",0
15625641,Forbes,Germany,Female,74.0,3,"€108,071.36",2,Yes,Yes,"€16,445.79",0
15776467,De Salis,Spain,Female,35.0,8,"€14,262.80",2,No,No,"€54,689.16",0
15746451,Barry,Spain,Male,41.0,7,"€102,749.72",1,Yes,Yes,"€194,913.86",0
15777922,Afamefuna,Spain,Male,36.0,1,"€161,757.87",2,Yes,Yes,"€146,371.72",0
15606841,Ibbott,FRA,Male,38.0,1,€0.00,2,No,No,"€156,603.70",0
15757648,Marshall,Germany,Female,35.0,5,"€95,698.79",1,Yes,Yes,"€182,566.76",0
15677173,Law,French,Male,37.0,9,"€124,969.13",1,No,No,"€60,194.05",0
15764170,Pinto,Germany,Male,44.0,4,"€93,960.35",1,No,No,"€36,579.53",1
15610446,Chinedum,FRA,Female,51.0,4,"€88,308.87",3,No,No,"€5,862.53",1
15612776,McKay,Spain,Female,39.0,10,€0.00,2,Yes,Yes,"€143,030.09",0
15794122,Otutodilinna,France,Female,59.0,3,€0.00,2,Yes,Yes,"€62,700.08",0
15774931,She,France,Male,30.0,7,"€112,935.87",1,Yes,Yes,"€99,017.34",0
15779247,Pai,Spain,Female,24.0,8,"€98,567.10",1,No,No,"€187,987.01",0
15707078,Kruglov,FRA,Female,26.0,1,"€180,530.51",1,No,No,"€123,454.62",0
15605263,Chin,FRA,Male,33.0,5,"€140,931.57",1,Yes,Yes,"€10,921.50",0
15607381,King,Germany,Female,31.0,7,"€148,913.72",2,No,No,"€53,817.23",0
15683471,Hansen,FRA,Male,38.0,7,€0.00,2,No,No,"€81,617.40",0
15605037,Ting,FRA,Female,49.0,2,€0.00,1,Yes,Yes,"€192,298.84",1
15576085,Stone,France,Male,41.0,5,€0.00,2,No,No,"€143,882.25",0
15770435,McLean,French,Female,50.0,6,"€115,335.32",2,Yes,Yes,"€53,130.41",0
15592994,Zikoranachidimma,French,Female,65.0,0,€0.00,2,Yes,Yes,"€190,454.04",0
15624068,Fu,France,Female,26.0,0,€0.00,2,Yes,Yes,"€111,906.00",0
15595221,Trevisano,Germany,Female,33.0,7,"€134,678.13",1,No,No,"€113,177.95",0
15637131,Fallaci,France,Male,38.0,9,€0.00,2,No,No,"€30,529.88",0
15613471,Wiley,Germany,Male,31.0,2,"€90,547.48",2,Yes,Yes,"€18,800.13",0
15583499,Chiagoziem,France,Male,32.0,9,"€103,324.78",1,Yes,Yes,"€46,127.70",0
15752816,Murray,French,Male,29.0,3,"€114,590.58",1,No,No,"€75,585.48",0
15804075,Chuang,Germany,Female,36.0,3,"€91,286.51",1,No,No,"€63,085.94",0
15800517,Huang,Spain,Male,32.0,5,"€163,340.12",2,Yes,Yes,"€74,415.20",0
15712319,Chukwukere,Spain,Male,45.0,8,"€150,900.29",2,Yes,Yes,"€139,889.15",0
15797389,Hsia,Spain,Male,23.0,9,"€124,577.33",1,Yes,Yes,"€7,267.25",0
15621432,Lee,Spain,Male,35.0,1,€0.00,2,No,No,"€186,826.22",0
15779390,Theus,Spain,Female,31.0,4,"€91,292.70",1,Yes,Yes,"€162,149.07",0
15711219,Jennings,Germany,Female,57.0,8,"€93,716.72",1,Yes,Yes,"€180,150.49",1
15770498,Parker,French,Female,37.0,4,"€111,723.08",1,Yes,Yes,"€83,478.12",0
15678727,Tan,Germany,Male,45.0,4,"€110,765.68",1,No,No,"€26,163.74",1
15573893,Barry,Germany,Male,25.0,9,"€173,459.45",2,Yes,Yes,"€44,381.06",0
15740104,Tuan,Spain,Female,22.0,7,"€169,649.73",2,Yes,Yes,"€136,365.00",1
15792649,Patterson,Spain,Female,31.0,9,€0.00,2,No,No,"€99,294.22",0
15605275,Ofodile,Germany,Male,45.0,8,"€116,917.07",1,No,No,"€173,464.43",1
15572467,Chandler,FRA,Male,37.0,5,€0.00,2,Yes,Yes,"€127,543.81",0
15738219,Nash,FRA,Female,36.0,7,€0.00,2,Yes,Yes,"€52,526.65",0
15600710,Atkinson,FRA,Male,22.0,0,€0.00,1,No,No,"€32,589.45",0
15804394,Brenan,Germany,Male,32.0,8,"€130,627.66",1,No,No,"€47,161.25",1
15694188,Obidimkpa,Spain,Female,46.0,5,"€56,580.95",2,Yes,Yes,"€45,424.13",0
15583718,Terry,Germany,Male,38.0,6,"€142,316.14",1,Yes,Yes,"€8,018.49",0
15802478,Spring,Spain,Male,31.0,6,€0.00,2,Yes,Yes,"€195,668.00",0
15619343,Mahmood,French,Male,56.0,7,"€152,759.00",2,No,No,"€133,167.11",1
15758813,Campbell,Germany,Male,39.0,0,"€109,733.20",2,No,No,"€123,602.11",1
15761374,Bellucci,French,Male,54.0,9,"€117,444.51",1,Yes,Yes,"€186,238.85",0
15569209,Amaechi,Spain,Female,34.0,5,"€76,001.57",1,Yes,Yes,"€158,668.87",0
15788539,Foxall,French,Female,34.0,3,"€107,747.57",1,No,No,"€9,249.36",0
15747222,Bentley,Spain,Female,35.0,8,€0.00,2,Yes,Yes,"€116,581.10",0
15769346,Baird,French,Female,36.0,1,"€134,997.49",2,No,No,"€44,688.08",0
15699634,Howard,French,Female,48.0,2,€0.00,2,Yes,Yes,"€148,608.39",0
15589076,Henry,French,Male,36.0,9,€0.00,1,Yes,Yes,"€188,670.90",1
15812338,Sopuluchukwu,Spain,Female,30.0,7,€0.00,1,No,No,"€107,067.37",0
15758845,Rocher,Spain,Female,37.0,0,"€64,345.21",1,Yes,Yes,"€61,759.33",1
15685844,White,Germany,Female,35.0,8,"€141,665.63",1,Yes,Yes,"€192,776.64",0
15583090,Komar,Spain,Female,29.0,8,€0.00,2,No,No,"€46,735.19",0
15587581,Russo,Germany,Female,33.0,5,"€136,624.60",2,Yes,Yes,"€169,117.74",0
15633640,Loewenthal,French,Female,52.0,4,"€161,209.66",1,Yes,Yes,"€89,081.41",0
15573741,Aliyeva,Spain,Male,38.0,10,"€95,010.92",1,Yes,Yes,"€105,227.86",0
15633574,Montes,French,Female,41.0,4,"€167,545.32",1,No,No,"€128,246.81",0
15711455,Kuo,Germany,Female,36.0,4,"€109,044.60",1,No,No,"€94,554.74",1
15570601,Cheng,FRA,Female,47.0,9,"€122,031.55",1,Yes,Yes,"€33,823.50",1
15690925,McIntosh,Spain,Female,29.0,2,"€27,755.97",1,No,No,"€97,468.44",1
15709338,T'ao,French,Female,29.0,1,"€118,560.55",1,Yes,Yes,"€164,137.36",0
15780746,Tyndall,FRA,Male,61.0,4,€0.00,2,Yes,Yes,"€191,313.70",0
15681956,Bailey,French,Male,34.0,9,€0.00,2,Yes,Yes,"€65,257.57",0
15778190,Onyekaozulu,Spain,Female,28.0,8,"€97,840.72",1,Yes,Yes,"€178,222.77",0
15786852,Nwachukwu,Germany,Female,38.0,2,"€158,651.29",2,Yes,Yes,"€179,445.28",0
15726494,Romani,France,Male,44.0,9,"€175,303.06",1,No,No,"€65,500.53",1
15641183,Chin,Spain,Male,25.0,8,"€96,950.21",1,No,No,"€97,877.92",0
15805312,Bellucci,France,Male,45.0,7,"€123,859.60",1,Yes,Yes,"€113,051.57",0
15636572,Christmas,France,Female,32.0,7,€0.00,2,Yes,Yes,"€105,969.05",0
15632575,Moore,France,Female,70.0,9,€0.00,1,Yes,Yes,"€122,996.76",0
15740164,Genovesi,French,Female,33.0,3,"€85,227.84",1,Yes,Yes,"€68,087.15",0
15574947,Cartwright,French,Male,36.0,8,"€97,786.08",2,Yes,Yes,"€21,478.36",0
15597909,Johnstone,Germany,Male,33.0,7,"€128,135.99",1,No,No,"€158,437.73",0
15782574,Warner,Spain,Male,33.0,6,€0.00,2,No,No,"€76,551.70",0
15734999,Stephenson,Spain,Male,36.0,2,"€85,996.19",1,No,No,"€15,887.68",0
15706593,Ellis,Spain,Female,50.0,10,€0.00,2,Yes,Yes,"€33,741.84",0
15766686,Nebechi,Germany,Female,39.0,1,"€104,502.11",1,No,No,"€20,652.69",0
15590268,Chu,Spain,Male,35.0,5,"€95,772.97",1,Yes,Yes,"€112,781.50",0
15763055,Onuchukwu,Spain,Male,31.0,5,"€98,108.79",1,Yes,Yes,"€119,996.95",0
15664754,Steele,Germany,Male,39.0,9,"€131,607.28",4,Yes,Yes,"€6,981.43",1
15643630,Quaife,Spain,Male,55.0,9,"€63,127.41",2,No,No,"€185,211.28",1
15641043,Scott,Spain,Male,35.0,7,€0.00,2,Yes,Yes,"€78,436.36",0
15768095,Yeh,FRA,Male,31.0,9,€0.00,1,Yes,Yes,"€139,048.00",0
15811314,Y?,Germany,Female,36.0,9,"€140,355.56",2,No,No,"€136,329.96",0
15669922,Conti,Spain,Female,36.0,2,€0.00,2,Yes,Yes,"€14,721.80",0
15707114,Holder,France,Male,30.0,2,€0.00,2,Yes,Yes,"€3,430.38",0
15670602,Burgess,Germany,Male,24.0,7,"€107,418.27",1,Yes,Yes,"€160,450.21",0
15713479,Ozuluonye,French,Male,35.0,6,€0.00,2,No,No,"€1,485.27",0
15663830,De Luca,Spain,Male,32.0,6,€0.00,2,Yes,Yes,"€19,720.08",0
15566958,Li Fonti,Spain,Male,39.0,7,"€167,557.12",1,Yes,Yes,"€41,183.02",0
15680918,Freeman,Spain,Male,34.0,8,"€117,300.02",1,No,No,"€139,410.08",0
15663921,Pisani,FRA,Male,60.0,7,€0.00,2,Yes,Yes,"€163,691.48",0
15716324,Ignatieff,France,Female,23.0,9,"€143,672.90",1,Yes,Yes,"€115,147.33",0
15796969,Lahti,France,Male,33.0,4,€0.00,2,Yes,Yes,"€74,945.11",0
15574783,Perkins,France,Female,37.0,1,€0.00,2,Yes,Yes,"€180,363.56",0
15773487,Conway,Germany,Female,31.0,8,"€76,798.92",1,No,No,"€196,021.73",0
15802486,Hayes,FRA,Male,34.0,3,€0.00,2,Yes,Yes,"€125,979.36",0
15783398,Rizzo,Spain,Female,49.0,7,"€115,309.75",1,No,No,"€111,421.77",0
15649418,Krylov,French,Female,29.0,7,"€178,171.04",2,Yes,Yes,"€115,818.51",0
15604588,Li Fonti,Spain,Female,38.0,3,€0.00,2,Yes,Yes,"€179,360.76",0
15735428,Talbot,Spain,Female,37.0,0,€0.00,2,No,No,"€82,351.06",0
15629078,Matthias,Germany,Female,45.0,5,"€127,258.79",1,Yes,Yes,"€192,744.23",1
15806880,Boyle,Spain,Female,30.0,6,€0.00,1,Yes,Yes,"€113,408.47",0
15754999,Ch'eng,France,Female,33.0,8,€0.00,1,Yes,Yes,"€124,641.42",0
15781034,Mason,Spain,Male,67.0,5,€0.00,2,Yes,Yes,"€54,871.02",0
15622017,Bruno,Spain,Female,33.0,10,€0.00,1,Yes,Yes,"€98,820.09",0
15705885,Smeaton,Spain,Male,36.0,2,€0.00,2,Yes,Yes,"€45,570.84",0
15677382,Miller,Spain,Female,69.0,1,"€107,569.96",1,Yes,Yes,"€182,336.45",0
15566843,Gotch,Germany,Male,20.0,9,"€134,874.40",1,Yes,Yes,"€118,825.56",0
15608387,Fu,FRA,Female,29.0,4,€0.00,2,No,No,"€103,372.79",0
15810786,O'Toole,France,Female,67.0,3,€0.00,2,Yes,Yes,"€43,486.73",0
15626983,Ledford,Spain,Female,48.0,6,€0.00,2,Yes,Yes,"€40,062.99",0
15773605,Iadanza,Spain,Female,32.0,3,€0.00,2,No,No,"€46,175.70",0
15811261,Alaniz,Spain,Male,42.0,0,"€70,105.87",1,Yes,Yes,"€120,830.73",0
15590606,Saunders,French,Male,41.0,9,€0.00,2,No,No,"€5,967.09",0
15576644,Lin,Germany,Female,29.0,4,"€78,939.15",1,No,No,"€122,134.56",1
15750264,Pinto,Germany,Male,30.0,6,"€105,128.85",2,Yes,Yes,"€62,972.13",0
15741554,Streeter,Spain,Male,31.0,2,"€113,836.27",1,Yes,Yes,"€174,815.54",0
15769051,Shaw,Spain,Male,25.0,7,€0.00,1,Yes,Yes,"€192,841.13",0
15812198,Chen,Germany,Male,48.0,1,"€100,900.50",1,No,No,"€33,310.72",1
15699772,Barclay,Germany,Female,40.0,3,"€129,248.11",2,No,No,"€72,876.43",1
15744105,Kodilinyechukwu,French,Female,28.0,3,"€109,118.05",2,Yes,Yes,"€50,911.41",0
15739858,Otitodilichukwu,FRA,Male,56.0,7,€0.00,1,Yes,Yes,"€142,400.27",1
15723720,McKenzie,FRA,Female,31.0,7,€0.00,2,Yes,Yes,"€48,778.46",0
15638355,Woods,French,Female,35.0,5,"€126,397.66",1,No,No,"€156,361.58",1
15805637,Hsing,France,Male,36.0,9,"€108,546.16",3,No,No,"€133,807.77",1
15629575,Wheare,French,Male,36.0,2,"€148,061.89",1,No,No,"€179,128.69",1
15586243,Yobachi,France,Male,44.0,8,"€122,277.87",1,Yes,Yes,"€91,810.71",0
15757931,Fang,French,Male,24.0,3,€0.00,2,No,No,"€173,195.33",0
15716023,Pearson,France,Male,31.0,1,€0.00,2,Yes,Yes,"€182,270.88",0
15647782,Brown,Germany,Male,36.0,8,"€152,899.24",2,No,No,"€177,130.33",0
15716609,L?,Germany,Male,54.0,3,"€134,388.11",1,No,No,"€49,954.79",1
15623791,Padovesi,Spain,Female,40.0,3,"€109,740.62",1,No,No,"€141,896.74",0
15627262,Soto,Germany,Male,23.0,6,"€92,366.72",2,No,No,"€120,661.71",0
15652693,Greco,French,Female,26.0,4,"€129,109.02",1,No,No,"€149,814.68",1
15586993,Giordano,Spain,Female,56.0,5,€0.00,2,Yes,Yes,"€41,782.70",0
15815560,Bogle,Germany,Male,74.0,7,"€105,102.50",1,Yes,Yes,"€46,172.47",0
15584930,Grimmett,Germany,Male,30.0,5,"€111,375.32",2,No,No,"€2,704.09",0
15799031,Ayers,France,Male,39.0,3,€0.00,2,No,No,"€6,726.53",0
15810457,Miller,Germany,Female,33.0,9,"€150,412.14",2,No,No,"€170,764.08",0
15697879,Webb,France,Male,30.0,3,"€156,660.72",2,No,No,"€45,742.42",0
15594902,Lombardi,French,Male,38.0,3,"€90,957.81",1,Yes,Yes,"€162,304.59",0
15799710,Wei,France,Male,37.0,7,"€104,960.46",1,Yes,Yes,"€80,883.82",0
15659651,Ross,Germany,Female,31.0,7,"€117,052.82",1,No,No,"€118,508.09",1
15645956,Jideofor,Spain,Male,44.0,3,"€88,915.85",1,No,No,"€69,697.74",0
15651713,King,French,Male,45.0,6,"€148,071.39",1,No,No,"€183,575.01",0
15737265,Nwokeocha,Germany,Male,39.0,6,"€152,182.83",1,No,No,"€161,203.60",0
15687310,Humphries,Spain,Male,39.0,9,€0.00,2,No,No,"€143,752.77",0
15607347,Olisaemeka,French,Male,22.0,5,"€130,056.23",1,No,No,"€121,894.31",1
15698321,Yobanna,Germany,Male,34.0,3,"€95,039.73",2,Yes,Yes,"€147,055.87",0
15657812,Ch'iu,French,Male,52.0,1,€0.00,2,Yes,Yes,"€172,033.57",0
15569187,Fleming,Spain,Male,35.0,9,€0.00,2,No,No,"€143,774.06",0
15681562,Trevisan,French,Female,43.0,2,"€112,773.73",2,Yes,Yes,"€139,366.58",0
15615456,Aleksandrova,FRA,Female,37.0,10,"€123,806.28",1,No,No,"€81,776.84",1
15589793,Onwuamaeze,French,Male,53.0,8,"€144,453.75",1,No,No,"€190,998.96",1
15781884,Knox,Germany,Male,27.0,9,"€94,667.29",2,Yes,Yes,"€4,470.52",0
15675190,Chia,France,Male,21.0,10,€0.00,2,Yes,Yes,"€135,851.30",0
15600734,Townsend,Spain,Male,51.0,5,"€174,397.21",2,Yes,Yes,"€172,372.63",0
15779176,Dike,Germany,Female,58.0,3,"€108,888.24",3,Yes,Yes,"€135,875.51",1
15605286,Moyes,French,Male,55.0,4,"€118,803.35",2,Yes,Yes,"€128,124.70",1
15674922,Beavers,France,Male,54.0,6,"€171,137.62",1,Yes,Yes,"€167,023.95",1
15737506,Tretiakova,French,Male,42.0,6,€0.00,1,No,No,"€149,807.01",0
15780514,Fuller,French,Male,33.0,8,"€136,678.52",1,No,No,"€54,290.62",0
15623647,Dellucci,Spain,Female,36.0,1,"€135,515.76",1,No,No,"€86,013.96",0
15668472,Ritchie,Spain,Female,24.0,5,"€177,799.83",2,No,No,"€79,886.06",0
15692416,Aikenhead,Spain,Female,52.0,8,"€143,542.36",3,No,No,"€141,959.11",1
15771139,Douglas,Germany,Male,34.0,8,"€147,487.23",2,No,No,"€66,680.77",0
15738318,Kung,French,Female,40.0,5,"€97,764.41",1,No,No,"€98,640.15",1
15772243,MacDonald,FRA,Female,33.0,9,€0.00,1,No,No,"€142,797.50",1
15638463,Okwudilichukwu,Germany,Female,48.0,8,"€139,480.18",1,Yes,Yes,"€163,581.67",0
15598088,Ni,Spain,Male,25.0,5,€0.00,2,Yes,Yes,"€163,221.22",0
15693468,Simmons,Spain,Female,39.0,9,"€140,553.46",1,No,No,"€12,440.44",0
15671930,H?,French,Female,36.0,5,€0.00,2,Yes,Yes,"€145,551.60",0
15762268,Hancock,France,Female,41.0,10,"€141,162.08",1,No,No,"€50,908.48",0
15780954,Cran,Spain,Male,26.0,4,"€65,848.36",2,No,No,"€30,149.21",0
15700174,McKay,Spain,Female,30.0,0,"€83,319.28",1,No,No,"€57,769.20",0
15635728,P'an,FRA,Male,41.0,4,€0.00,2,No,No,"€156,381.47",0
15679283,Parkhill,FRA,Female,33.0,4,"€129,731.64",2,No,No,"€178,123.86",0
15591386,Golubova,French,Female,35.0,5,€0.00,2,No,No,"€51,112.80",0
15694192,Nwankwo,Spain,Female,38.0,6,€0.00,2,No,No,"€173,783.38",0
15585901,Johnson,Spain,Male,35.0,1,€0.00,3,No,No,"€174,770.14",1
15792329,Mao,Germany,Male,37.0,5,"€107,106.33",2,No,No,"€172,063.09",0
15635597,Echezonachukwu,FRA,Male,33.0,8,€0.00,2,Yes,Yes,"€155,294.17",0
15775880,McElyea,France,Female,30.0,9,€0.00,2,Yes,Yes,"€40,320.30",0
15630913,Rosas,Spain,Female,69.0,1,"€105,303.73",1,Yes,Yes,"€134,260.34",0
15756680,Phillips,France,Male,28.0,6,"€165,798.10",1,No,No,"€147,090.90",0
15587913,Palerma,Spain,Female,40.0,4,€0.00,2,No,No,"€132,368.47",0
15737605,Morris,Spain,Female,45.0,1,"€126,495.57",2,Yes,Yes,"€164,741.50",0
15627876,Pavlova,Spain,Female,47.0,9,"€116,393.59",1,No,No,"€63,051.32",1
15772601,Lu,Germany,Female,41.0,2,"€81,733.74",2,No,No,"€199,761.29",0
15758606,Yamamoto,FRA,Male,54.0,4,€0.00,1,Yes,Yes,"€55,725.04",1
15657107,Angelo,Spain,Female,46.0,8,"€106,171.68",1,No,No,"€163,145.50",1
15622454,Zaitsev,Spain,Male,28.0,0,"€96,020.86",1,Yes,Yes,"€57,992.49",0
15775803,Cawker,Spain,Male,41.0,1,€0.00,2,Yes,Yes,"€193,093.77",0
15570859,Froggatt,Germany,Male,36.0,2,"€181,671.16",2,Yes,Yes,"€57,531.14",0
15748381,Gorbunov,FRA,Female,29.0,6,"€185,709.28",2,Yes,Yes,"€77,242.19",0
15787189,Tai,Germany,Male,60.0,8,"€134,250.17",3,No,No,"€153,046.16",1
15666055,Rowe,French,Female,49.0,7,€0.00,1,No,No,"€63,405.20",1
15617648,Mikkelsen,France,Female,44.0,5,"€95,671.75",2,Yes,Yes,"€106,564.88",0
15755678,Kovalyov,French,Male,62.0,2,€0.00,2,No,No,"€42,763.12",1
15624781,Mbanefo,France,Female,34.0,1,"€142,151.75",2,Yes,Yes,"€168,753.34",0
15779497,Ts'ai,FRA,Male,43.0,5,"€127,823.93",1,Yes,Yes,"€19,483.35",0
15567399,Enderby,Germany,Male,43.0,3,"€144,164.29",1,Yes,Yes,"€158,646.46",0
15613656,Lombardi,French,Male,58.0,1,"€63,492.94",1,Yes,Yes,"€83,172.19",0
15734311,Hamilton,France,Female,27.0,3,€0.00,2,Yes,Yes,"€76,889.79",0
15657214,Hsia,FRA,Male,74.0,2,€0.00,2,Yes,Yes,"€51,554.58",0
15799350,Mao,FRA,Male,41.0,0,"€106,134.46",1,Yes,Yes,"€105,570.39",0
15729970,Ugochukwu,Germany,Male,29.0,8,"€127,269.75",1,Yes,Yes,"€79,495.01",0
15725835,West,Germany,Female,32.0,3,"€124,493.03",2,Yes,Yes,"€52,583.79",1
15745543,Hughes,France,Male,39.0,7,€0.00,2,No,No,"€26,848.25",0
15727384,Chukwuemeka,Germany,Female,43.0,10,"€146,547.78",1,Yes,Yes,"€10,072.55",1
15666916,Lira,France,Male,43.0,6,"€99,610.92",2,No,No,"€187,296.78",0
15732917,Li,Germany,Male,46.0,5,"€117,837.43",1,No,No,"€104,016.61",1
15612050,Castiglione,Spain,Female,48.0,8,"€168,522.37",1,Yes,Yes,"€151,310.16",0
15726267,Paterson,France,Male,32.0,9,"€117,337.54",2,Yes,Yes,"€62,810.91",0
15780124,Blair,French,Male,74.0,9,"€108,131.53",1,Yes,Yes,"€60,830.38",0
15742238,Dellucci,Germany,Male,35.0,4,"€136,496.12",2,No,No,"€116,672.02",0
15679024,Udinesi,France,Male,32.0,3,"€116,324.53",1,No,No,"€77,304.49",0
15715297,Yuan,Germany,Female,40.0,2,"€75,470.23",1,Yes,Yes,"€52,894.01",0
15633612,Yuryeva,French,Male,28.0,4,"€172,646.82",1,Yes,Yes,"€116,471.43",0
15602929,Wilson,Spain,Female,37.0,4,€0.00,1,No,No,"€4,539.38",0
15696703,Dean,Germany,Male,27.0,3,"€160,358.68",2,No,No,"€142,367.72",0
15756668,Ross,FRA,Male,30.0,3,"€98,415.37",1,Yes,Yes,"€110,520.48",0
15565779,Kent,Germany,Female,30.0,6,"€57,809.32",1,No,No,"€188,258.49",0
15795519,Vasiliev,Germany,Female,18.0,3,"€128,743.80",1,No,No,"€197,322.13",0
15761477,Golibe,Germany,Male,24.0,4,"€130,806.42",2,No,No,"€80,241.14",0
15731890,Chukwukere,France,Male,41.0,1,"€123,971.16",1,Yes,Yes,"€172,814.99",0
15633043,Fedorova,Spain,Female,39.0,6,€0.00,1,No,No,"€38,410.74",1
15752953,Chien,FRA,Male,45.0,9,€0.00,2,No,No,"€17,622.82",0
15603088,Rossi,Spain,Female,23.0,9,€0.00,2,Yes,Yes,"€48,021.71",0
15606613,Samson,France,Female,59.0,7,€0.00,1,No,No,"€88,958.49",1
15635939,Fenton,FRA,Female,39.0,9,€0.00,2,No,No,"€116,343.09",0
15666043,Mackey,FRA,Male,33.0,4,"€156,297.58",2,Yes,Yes,"€166,102.61",0
15746190,Payton,Spain,Female,28.0,2,€0.00,2,Yes,Yes,"€104,353.26",0
15591357,Cowger,France,Male,51.0,3,"€123,372.30",1,Yes,Yes,"€115,429.32",0
15658716,Banks,Germany,Female,37.0,5,"€92,171.35",3,No,No,"€178,106.34",1
15679909,Pugliesi,Spain,Male,41.0,8,€0.00,2,No,No,"€132,152.32",0
15634262,Fantin,Germany,Male,34.0,4,"€148,375.19",2,Yes,Yes,"€21,521.38",0
15799825,Bentley,French,Female,44.0,8,€0.00,2,Yes,Yes,"€27,431.62",0
15756875,Freeman,Spain,Male,34.0,6,"€147,422.44",1,Yes,Yes,"€42,143.61",0
15678146,Wong,Spain,Female,24.0,7,"€173,962.32",1,No,No,"€106,457.11",1
15710743,Onwuamaeze,FRA,Male,47.0,0,€0.00,1,Yes,Yes,"€133,831.37",1
15595831,Shen,Germany,Female,64.0,6,"€145,215.43",1,Yes,Yes,"€164,083.72",0
15626684,Huang,French,Female,38.0,5,"€167,539.97",1,Yes,Yes,"€159,207.34",0
15709846,Yeh,French,Female,39.0,1,"€94,968.97",1,No,No,"€84,487.62",0
15635459,Shih,Germany,Female,27.0,3,"€106,116.50",2,No,No,"€3,674.71",0
15642544,Henderson,FRA,Male,34.0,5,€0.00,2,Yes,Yes,"€12,092.03",0
15566494,Fang,French,Male,45.0,2,€0.00,2,No,No,"€77,475.73",0
15655238,Dellucci,French,Female,31.0,9,€0.00,2,No,No,"€41,291.73",0
15733429,Chou,Germany,Male,34.0,8,"€120,018.86",2,Yes,Yes,€343.38,0
15814536,Conti,French,Male,37.0,2,"€112,541.54",2,No,No,"€47,432.43",0
15771702,Roberts,France,Female,35.0,5,"€166,118.45",2,No,No,"€127,827.18",0
15723008,Lo Duca,FRA,Female,45.0,1,"€102,882.40",2,Yes,Yes,"€35,633.15",1
15797160,Glover,French,Female,49.0,8,€0.00,1,Yes,Yes,"€182,865.09",1
15792222,Johnstone,France,Female,37.0,1,"€106,881.50",2,No,No,"€169,386.81",0
15644765,Ashton,Germany,Male,26.0,4,"€120,727.97",1,Yes,Yes,"€149,073.88",0
15610686,Melton,French,Male,63.0,8,"€169,832.57",1,No,No,"€184,107.26",1
15730868,Marshall,France,Male,41.0,5,€0.00,2,Yes,Yes,"€22,750.17",0
15705991,Kenenna,Germany,Male,38.0,9,"€113,599.42",1,No,No,"€11,950.29",0
15577078,Zakharov,Spain,Male,38.0,6,€0.00,1,Yes,Yes,"€152,880.07",1
15679550,Chukwualuka,French,Male,32.0,9,€0.00,2,No,No,"€175,252.78",0
15787655,Chu,FRA,Male,47.0,3,€0.00,2,No,No,"€174,303.29",0
15668081,Capon,Spain,Female,50.0,4,€0.00,2,Yes,Yes,"€80,701.72",0
15747980,Cattaneo,Spain,Male,38.0,6,"€146,282.79",2,No,No,"€198,516.20",0
15710295,Patrick,Germany,Female,38.0,6,"€119,413.62",2,No,No,"€175,756.36",0
15724443,Taylor,Germany,Female,29.0,3,"€122,084.63",1,Yes,Yes,"€82,824.08",0
15571305,Stephenson,Germany,Female,35.0,1,"€103,060.63",1,No,No,"€179,866.01",1
15569503,Yeh,FRA,Male,44.0,6,€0.00,2,Yes,Yes,"€159,899.97",0
15581840,DeRose,French,Male,33.0,8,€0.00,2,No,No,"€138,504.28",0
15772262,Vavilov,Germany,Male,37.0,9,"€110,483.86",1,Yes,Yes,"€127,394.67",0
15767794,Browne,French,Male,31.0,9,"€120,718.28",1,Yes,Yes,"€58,961.49",0
15629338,Collingridge de Tourcey,Spain,Female,31.0,2,"€36,566.96",1,No,No,"€103,644.98",1
15790379,Rowe,Germany,Male,28.0,8,"€108,601.00",1,Yes,Yes,"€119,647.70",0
15750684,Jibunoh,FRA,Female,42.0,4,€0.00,1,No,No,"€28,465.86",1
15697214,Korovin,Spain,Female,36.0,5,€0.00,2,Yes,Yes,"€152,979.14",0
15711015,Hammonds,FRA,Male,36.0,4,€0.00,2,Yes,Yes,"€190,911.02",0
15573309,Ward,Spain,Female,48.0,2,€0.00,2,Yes,Yes,"€95,794.98",0
15805303,Olisanugo,Germany,Male,44.0,1,"€141,136.62",1,No,No,"€189,742.78",1
15741385,Gallop,Germany,Male,45.0,9,"€108,231.37",1,Yes,Yes,"€188,574.08",0
15780254,Gartrell,French,Male,40.0,6,€0.00,1,No,No,"€183,872.88",1
15744843,K'ung,Spain,Female,34.0,6,"€144,855.34",1,No,No,"€196,555.32",0
15815626,Oluchi,FRA,Male,63.0,2,"€68,432.45",2,Yes,Yes,"€112,503.24",1
15784736,Jamieson,FRA,Male,45.0,6,"€136,855.24",1,No,No,"€46,864.00",0
15813412,Barlow,France,Female,55.0,3,"€44,020.89",1,No,No,"€65,864.40",1
15809143,White,Germany,Male,32.0,9,"€133,060.63",1,Yes,Yes,"€125,167.92",0
15617617,Stewart,Spain,Male,39.0,7,€0.00,2,Yes,Yes,"€177,519.39",0
15779738,Buccho,France,Male,24.0,1,€0.00,1,Yes,Yes,"€169,653.32",0
15668669,Benson,France,Female,36.0,5,"€97,665.61",1,No,No,"€118,372.55",1
15687477,Thompson,Germany,Male,28.0,5,"€185,013.02",1,No,No,"€16,481.12",0
15578908,Todd,Spain,Female,32.0,0,€0.00,2,Yes,Yes,"€138,525.19",0
15687658,Burgin,FRA,Female,52.0,7,"€65,971.61",2,No,No,"€14,608.00",1
15615020,Nnaife,Germany,Female,41.0,9,"€150,463.11",2,Yes,Yes,"€81,548.38",0
15608886,Okwudiliolisa,FRA,Female,33.0,1,€0.00,2,No,No,"€69,608.48",0
15602551,Johnson,Spain,Male,39.0,9,€0.00,2,No,No,"€68,873.80",0
15672945,Parkes,FRA,Female,37.0,5,"€136,425.18",1,No,No,"€81,102.81",0
15757408,Lo,Spain,Male,38.0,3,"€250,898.09",3,Yes,Yes,"€81,054.00",1
15806132,Martin,French,Male,55.0,4,"€146,798.81",1,Yes,Yes,"€74,149.77",0
15813022,Kapustina,Spain,Male,70.0,1,€0.00,2,No,No,"€99,503.19",0
15673578,Page,Germany,Female,40.0,7,"€128,486.91",2,No,No,"€10,109.47",0
15757916,Amaechi,FRA,Female,38.0,9,€0.00,2,Yes,Yes,"€58,855.85",0
15689168,Munro,Spain,Male,37.0,1,"€143,407.29",2,Yes,Yes,"€84,402.46",0
15769216,Panicucci,French,Female,43.0,2,€0.00,1,No,No,"€49,713.87",1
15593295,Greathouse,French,Male,57.0,6,"€76,165.65",1,Yes,Yes,"€133,537.53",0
15804814,Ts'ui,France,Male,40.0,4,€0.00,2,No,No,"€124,615.59",0
15778934,Napolitani,Spain,Female,49.0,8,€0.00,2,Yes,Yes,"€98,090.69",0
15802351,Beers,Germany,Female,33.0,6,"€90,560.30",2,Yes,Yes,"€42,607.69",0
15630241,Tretyakova,France,Male,61.0,3,"€62,391.22",1,Yes,Yes,"€192,434.11",0
15719561,Lin,French,Male,42.0,5,€0.00,3,No,No,"€60,686.40",0
15615096,Costa,FRA,Female,31.0,7,€0.00,2,Yes,Yes,"€49,463.44",0
15659931,Ibezimako,Germany,Female,55.0,1,"€123,378.20",1,No,No,"€81,431.99",1
15714586,Marcelo,Spain,Female,42.0,3,"€99,836.47",1,Yes,Yes,"€22,909.56",0
15634949,Hay,Germany,Male,74.0,5,"€161,434.36",2,Yes,Yes,"€65,532.17",0
15589224,Moore,Spain,Male,41.0,5,€0.00,2,Yes,Yes,"€141,053.85",0
15795990,Lumholtz,Germany,Female,48.0,10,"€138,311.76",1,Yes,Yes,"€3,472.63",1
15603216,Simpson,France,Male,25.0,7,€0.00,2,No,No,"€102,083.78",0
15631201,Hill,Spain,Female,28.0,4,€0.00,2,No,No,"€1,801.77",0
15686255,Mouzon,Germany,Male,35.0,6,"€101,744.84",1,No,No,"€85,185.44",0
15746594,Wu,Spain,Male,33.0,8,€0.00,1,No,No,"€119,882.70",0
15718893,Pirozzi,Germany,Female,54.0,4,"€125,456.07",1,No,No,"€83,715.66",1
15671609,Ibeabuchi,FRA,Male,44.0,7,€0.00,2,No,No,"€23,425.78",0
15652540,Garnsey,France,Male,31.0,2,€0.00,2,Yes,Yes,"€77,326.78",0
15774857,Synnot,French,Female,27.0,7,€0.00,2,No,No,"€156,150.08",1
15791836,Wildman,France,Male,29.0,5,€0.00,2,No,No,"€108,577.97",0
15651554,Anenechukwu,Germany,Female,54.0,4,"€118,449.21",1,Yes,Yes,"€133,573.29",1
15583576,Tai,France,Male,30.0,2,€0.00,1,Yes,Yes,"€102,057.86",0
15732740,Plant,Spain,Female,32.0,9,"€178,095.55",1,No,No,"€47,247.56",0
15723320,Azubuike,Germany,Female,25.0,2,"€109,175.14",2,No,No,"€114,566.47",0
15603851,Galkin,France,Male,32.0,7,"€127,785.17",4,No,No,"€184,464.70",1
15777923,Johnston,French,Female,45.0,6,€0.00,2,Yes,Yes,"€151,401.33",0
15735719,Babbage,French,Female,40.0,9,€0.00,2,Yes,Yes,"€70,607.10",0
15703482,Walker,Germany,Male,34.0,9,"€134,260.36",2,No,No,"€147,074.67",0
15605835,Rice,French,Male,37.0,8,"€69,143.91",2,Yes,Yes,"€105,780.18",0
15664881,Norton,French,Male,34.0,4,"€100,054.77",1,No,No,"€109,496.45",0
15757568,Bogolyubov,France,Female,45.0,6,€0.00,1,Yes,Yes,"€137,739.45",0
15792660,Gibbons,French,Male,38.0,2,"€116,248.88",1,No,No,"€105,140.92",0
15599722,Chia,Spain,Female,43.0,6,"€86,053.52",2,Yes,Yes,"€113,276.46",1
15726354,Smith,FRA,Female,32.0,6,"€123,157.95",1,No,No,"€172,531.23",0
15610355,Hunter,French,Male,44.0,1,"€63,438.91",1,No,No,"€64,375.40",0
15704284,Ekechukwu,Germany,Male,57.0,9,"€95,295.39",1,No,No,"€28,434.44",1
15621893,Bellucci,French,Male,18.0,4,"€133,550.67",1,Yes,Yes,"€46,941.41",0
15588219,Ford,French,Female,38.0,1,"€106,871.81",2,No,No,"€29,333.01",0
15688619,Scott,Spain,Male,45.0,3,"€105,266.32",2,Yes,Yes,"€193,724.51",0
15765518,Gregson,France,Female,51.0,2,"€105,229.53",1,No,No,"€34,967.75",1
15616931,Moore,FRA,Male,41.0,8,"€102,768.42",1,No,No,"€55,663.85",0
15758372,Wallace,French,Male,18.0,7,€0.00,2,Yes,Yes,"€55,753.12",1
15782591,Cook,FRA,Male,35.0,6,"€112,689.95",1,No,No,"€176,962.31",0
15612109,Speth,FRA,Male,38.0,9,"€122,334.26",2,Yes,Yes,"€181,507.44",0
15613712,Boag,Spain,Male,34.0,1,€0.00,2,No,No,"€61,995.57",0
15639322,Grave,Spain,Male,33.0,4,"€137,847.41",2,No,No,"€98,349.13",0
15594349,Streeten,FRA,Male,49.0,5,"€122,486.47",1,Yes,Yes,"€59,748.19",0
15574167,Fox,French,Male,33.0,2,"€101,286.11",1,Yes,Yes,"€159,840.51",0
15811842,Artemyeva,Spain,Male,26.0,7,€0.00,2,Yes,Yes,"€6,656.64",0
15648794,Giordano,Spain,Male,57.0,4,"€101,247.06",1,No,No,"€37,141.62",1
15771211,Perkins,French,Male,38.0,10,"€86,977.96",1,Yes,Yes,"€37,094.75",0
15588614,Walton,French,Male,57.0,7,€0.00,1,No,No,"€159,475.08",1
15630698,Hay,France,Female,55.0,9,"€110,123.59",1,Yes,Yes,"€51,548.14",1
15694200,Gardner,French,Male,36.0,8,"€178,111.82",1,No,No,"€58,719.63",1
15721426,Milne,Germany,Male,65.0,10,"€126,306.64",3,No,No,"€7,861.68",1
15725997,She,French,Female,35.0,6,"€100,768.77",1,No,No,"€19,199.61",0
15762138,Hu,France,Male,42.0,5,€0.00,2,No,No,"€178,504.29",0
15750649,Uwakwe,French,Female,44.0,3,€0.00,2,Yes,Yes,"€189,016.14",0
15685706,Bird,France,Female,40.0,7,"€118,991.79",1,Yes,Yes,"€156,048.64",0
15641835,Anderson,French,Male,72.0,3,"€140,997.26",1,Yes,Yes,"€52,876.41",0
15586821,Bellew,French,Male,28.0,5,€0.00,2,Yes,Yes,"€19,653.08",0
15569678,Cocci,Germany,Male,32.0,6,"€166,824.59",1,No,No,"€139,451.98",0
15793842,Krichauff,FRA,Female,34.0,2,"€76,322.69",1,No,No,"€128,136.29",0
15667554,Cameron,France,Male,35.0,6,€0.00,2,Yes,Yes,"€45,206.57",0
15794479,Becker,Spain,Male,77.0,8,"€149,083.70",1,Yes,Yes,"€190,146.83",0
15585041,Ainsworth,French,Male,33.0,7,€0.00,2,Yes,Yes,"€158,313.87",0
15780650,Biryukov,France,Male,40.0,9,€0.00,1,Yes,Yes,"€96,670.20",0
15780846,Redding,French,Male,33.0,1,"€126,588.81",2,Yes,Yes,"€62,163.53",0
15805260,Wood,Germany,Female,56.0,2,"€143,249.67",1,No,No,"€88,428.41",1
15621629,Scott,Germany,Male,43.0,8,"€81,844.91",2,Yes,Yes,"€35,908.46",0
15662151,Gould,FRA,Male,40.0,4,€0.00,1,Yes,Yes,"€168,780.04",0
15747174,Hao,Germany,Male,58.0,9,"€190,298.89",2,Yes,Yes,"€191,263.76",0
15651585,Power,Germany,Male,35.0,2,"€117,212.18",1,Yes,Yes,"€83,052.03",0
15649738,White,FRA,Female,46.0,0,€0.00,2,Yes,Yes,"€125,962.02",0
15633108,Thorpe,French,Male,26.0,4,"€139,848.17",1,No,No,"€164,696.27",0
15769254,Tuan,Germany,Female,34.0,9,"€101,861.36",2,No,No,"€187,011.96",0
15704746,Inman,Spain,Male,35.0,2,"€167,455.66",2,Yes,Yes,"€55,324.49",0
15637644,Hanson,France,Female,24.0,4,€0.00,2,Yes,Yes,"€34,335.55",0
15609562,MacDonald,Spain,Female,43.0,1,"€116,360.07",1,No,No,"€17,004.14",0
15787459,Parkes,Spain,Male,40.0,3,"€88,466.82",1,No,No,"€116,331.42",0
15762902,Stanley,France,Female,42.0,7,€0.00,2,Yes,Yes,"€22,974.01",0
15738605,Fischer,Germany,Female,46.0,5,"€123,642.36",1,Yes,Yes,"€49,725.16",1
15724889,Chinweuba,Spain,Male,38.0,9,€0.00,1,Yes,Yes,"€87,412.74",0
15730735,Henning,France,Male,38.0,9,"€72,286.84",2,Yes,Yes,"€26,136.89",0
15689147,Ogochukwu,FRA,Female,40.0,1,€0.00,2,No,No,"€126,554.96",0
15730397,Narelle,Spain,Male,40.0,1,"€109,681.61",1,Yes,Yes,"€193,321.30",0
15762169,Bergman,Germany,Male,37.0,9,"€145,018.64",2,No,No,"€90,928.02",1
15589320,Sagese,Spain,Male,34.0,8,€0.00,1,Yes,Yes,"€76,510.46",0
15799211,Anenechi,Spain,Female,32.0,8,"€187,487.63",1,Yes,Yes,"€120,115.50",0
15798310,Palerma,French,Male,35.0,2,"€165,692.91",1,Yes,Yes,"€197,984.58",0
15609998,Okwudilichukwu,Germany,Female,59.0,5,"€137,648.41",1,No,No,"€142,977.05",1
15583548,Harrison,Spain,Female,47.0,6,"€118,560.00",1,No,No,"€82,522.61",1
15761763,Jamieson,FRA,Male,33.0,8,"€164,385.53",1,No,No,"€150,664.97",0
15764409,Goodman,France,Male,37.0,9,"€108,286.50",1,Yes,Yes,"€114,153.44",0
15710161,Ko,FRA,Female,34.0,2,€0.00,2,Yes,Yes,"€171,706.66",0
15735246,Norman,Spain,Female,58.0,9,€0.00,2,No,No,"€119,071.56",1
15791700,Ugochukwutubelum,Germany,Male,47.0,2,"€118,079.47",4,Yes,Yes,"€143,007.49",1
15670753,Uvarova,Spain,Male,35.0,2,"€127,283.78",1,Yes,Yes,"€31,302.35",0
15573876,Chia,Spain,Male,48.0,8,€0.00,2,No,No,"€71,139.80",0
15770174,Piazza,FRA,Male,29.0,6,"€141,389.06",1,No,No,"€54,122.89",0
15641114,Power,FRA,Male,37.0,8,"€130,091.50",1,Yes,Yes,"€120,031.29",0
15682435,P'eng,France,Male,35.0,4,"€143,744.77",2,No,No,"€104,076.51",0
15751788,Johnson,Spain,Male,28.0,9,"€97,408.03",1,Yes,Yes,"€175,853.64",0
15672598,Walker,Spain,Male,30.0,9,"€111,927.45",1,Yes,Yes,"€175,795.87",0
15762803,Innes,FRA,Male,31.0,3,€0.00,2,No,No,"€15,360.91",0
15812982,Francis,Spain,Male,38.0,2,€0.00,1,No,No,"€168,460.12",0
15597901,Chidozie,French,Male,34.0,1,€0.00,1,Yes,Yes,"€181,177.90",0
15731507,Mackenzie,France,Female,33.0,1,"€188,285.68",1,No,No,"€58,363.94",0
15809826,Craigie,France,Female,46.0,2,"€109,705.52",1,No,No,"€20,276.87",1
15764237,Manfrin,Spain,Male,33.0,9,€0.00,2,No,No,"€91,514.62",0
15769917,Onyekachi,Germany,Female,34.0,1,"€127,122.79",3,Yes,Yes,"€76,703.10",0
15641850,Pethard,French,Male,40.0,0,"€98,241.04",1,No,No,"€110,887.14",0
15770974,Nwabugwu,Germany,Female,37.0,8,"€170,840.08",2,No,No,"€109,843.16",0
15803749,DeRose,Germany,Female,41.0,4,"€87,541.06",2,Yes,Yes,"€12,577.21",1
15684999,Ch'eng,French,Female,26.0,4,"€62,610.96",2,Yes,Yes,"€179,365.10",0
15770225,Padovesi,France,Male,36.0,9,€0.00,2,Yes,Yes,"€65,816.53",0
15627484,Obielumani,French,Female,47.0,5,"€113,328.93",1,No,No,"€124,170.90",0
15610337,Stephens,Spain,Male,35.0,2,"€104,832.49",1,No,No,"€175,015.12",0
15752488,Emery,Spain,Female,31.0,9,"€102,289.85",1,Yes,Yes,"€115,441.66",0
15610056,Dufresne,Germany,Female,34.0,6,"€125,227.82",2,Yes,Yes,"€128,247.03",0
15806049,Lee,Germany,Female,49.0,5,"€140,510.89",1,No,No,"€141,914.94",0
15736069,Hsing,Germany,Female,35.0,6,"€132,253.22",1,No,No,"€115,566.57",1
15763662,Longo,Germany,Male,43.0,2,"€39,043.29",2,Yes,Yes,"€175,423.69",0
15615575,Vial,French,Male,34.0,8,€0.00,2,Yes,Yes,"€133,447.49",0
15691723,Chukwudi,Spain,Male,55.0,9,"€99,685.06",1,No,No,"€114,474.98",0
15774098,Grant,Germany,Male,38.0,3,"€125,385.49",2,Yes,Yes,"€52,044.66",0
15750808,Ma,Spain,Male,46.0,2,"€131,365.37",2,Yes,Yes,"€180,290.68",0
15744368,Sun,Spain,Male,58.0,6,"€98,308.51",1,Yes,Yes,"€132,034.13",0
15610594,Moss,FRA,Female,37.0,8,€0.00,2,No,No,"€20,968.88",0
15756125,Booth,Spain,Male,44.0,5,"€140,856.16",2,No,No,"€158,735.10",0
15623277,Ross,France,Female,30.0,8,€0.00,2,Yes,Yes,"€196,134.44",0
15795954,Ndukaku,France,Male,35.0,2,"€172,274.01",1,No,No,"€22,374.97",0
15671969,Pruneda,Spain,Male,36.0,8,€0.00,2,No,No,"€161,668.15",0
15791268,Neumann,Spain,Male,38.0,0,"€122,447.76",1,No,No,"€67,339.34",0
15713655,Calabrese,French,Female,38.0,10,€0.00,2,Yes,Yes,"€56,229.72",1
15633930,Yobachukwu,Spain,Female,56.0,6,"€157,559.59",2,No,No,"€140,991.23",1
15712849,Tung,Germany,Male,41.0,3,"€126,550.70",1,No,No,"€177,644.52",1
15639077,Marchesi,FRA,Female,30.0,2,"€158,584.82",3,No,No,"€142,342.55",1
15808784,Hess,France,Male,28.0,2,"€163,569.61",2,Yes,Yes,"€154,559.28",0
15648577,Pickering,France,Female,31.0,3,€0.00,1,Yes,Yes,"€176,570.28",1
15670345,Mazzi,Germany,Female,33.0,6,"€127,211.45",1,No,No,"€191,961.83",0
15633112,Madukaego,Germany,Male,42.0,3,"€118,199.97",2,No,No,"€9,452.88",1
15714397,Trentino,Germany,Female,30.0,2,"€101,014.08",2,Yes,Yes,"€165,257.31",0
15780038,Paterson,Spain,Male,38.0,6,"€119,208.85",1,No,No,"€169,763.89",1
15756305,Marchesi,French,Female,66.0,6,€0.00,2,Yes,Yes,"€160,663.11",0
15578799,Anayolisa,FRA,Female,58.0,10,"€53,772.73",1,Yes,Yes,"€192,072.10",1
15800326,Poole,Spain,Female,39.0,6,€0.00,2,No,No,"€93,275.61",0
15785485,Zhou,Germany,Female,41.0,2,"€138,878.81",1,Yes,Yes,"€112,269.67",0
15783958,Bates,Spain,Female,37.0,1,"€130,922.81",2,No,No,"€2,186.83",0
15727546,Olejuru,French,Male,35.0,9,€0.00,2,Yes,Yes,"€43,075.70",0
15739576,Bustard,Spain,Male,20.0,8,€0.00,2,Yes,Yes,"€12,368.11",0
15631333,Wade,Spain,Female,25.0,8,"€130,866.19",1,No,No,"€42,410.21",0
15604782,Tan,Germany,Female,33.0,7,"€187,257.94",1,Yes,Yes,"€190,430.81",0
15589643,Ngozichukwuka,Spain,Female,41.0,7,€0.00,1,Yes,Yes,"€138,394.37",0
15585533,Calabrese,FRA,Male,36.0,6,"€147,733.64",1,Yes,Yes,"€172,501.38",0
15681506,Lane,Spain,Male,43.0,1,€0.00,2,Yes,Yes,"€197,916.43",0
15630551,Forbes,FRA,Male,33.0,2,"€163,139.27",1,Yes,Yes,"€7,035.36",0
15698349,Davy,Spain,Female,35.0,4,€0.00,2,Yes,Yes,"€159,676.55",0
15776631,Ma,France,Female,36.0,5,"€119,540.15",1,Yes,Yes,"€80,603.99",0
15762216,Barrera,FRA,Female,41.0,4,"€129,553.76",2,No,No,"€187,599.80",0
15623927,Alexander,France,Male,55.0,9,€0.00,2,Yes,Yes,"€94,450.97",0
15681402,Ngozichukwuka,Germany,Female,61.0,1,"€66,101.89",1,Yes,Yes,"€143,981.27",0
15586264,Murray,France,Male,43.0,2,"€140,431.98",1,No,No,"€26,450.57",1
15594685,Hall,French,Female,49.0,2,€0.00,2,No,No,"€164,482.92",0
15812945,Padovesi,France,Female,29.0,0,€0.00,1,Yes,Yes,"€84,012.81",0
15734628,Lysaght,France,Female,35.0,5,€0.00,2,No,No,"€101,192.08",0
15629323,Kelechi,Germany,Female,37.0,4,"€116,471.43",2,No,No,"€175,324.74",1
15666823,Nebechi,France,Male,39.0,4,€0.00,2,No,No,"€197,226.32",0
15777553,Hanson,FRA,Female,56.0,9,"€123,785.24",1,No,No,"€99,504.03",1
15613097,Kao,French,Female,33.0,4,€0.00,2,Yes,Yes,"€83,700.66",0
15622217,Tu,French,Female,38.0,8,"€88,758.95",2,No,No,"€28,226.15",1
15703588,Palerma,Germany,Male,25.0,5,"€153,611.83",2,No,No,"€35,321.65",0
15570835,Fallaci,Germany,Female,57.0,4,"€112,044.72",1,Yes,Yes,"€41,229.73",1
15679299,Shen,Spain,Female,27.0,7,"€123,826.07",1,Yes,Yes,"€78,970.58",0
15808044,Ts'ui,France,Female,65.0,9,"€106,804.26",3,No,No,"€107,890.69",1
15579208,Chikezie,France,Female,48.0,6,€0.00,2,Yes,Yes,"€191,870.28",0
15684951,He,French,Female,59.0,2,"€68,892.77",2,No,No,"€7,905.06",1
15667620,Dreyer,France,Female,43.0,6,€0.00,2,No,No,"€65,731.53",0
15582960,Short,FRA,Female,33.0,5,"€125,827.43",1,Yes,Yes,"€145,698.73",0
15590730,Hunt,Spain,Male,34.0,9,€0.00,2,No,No,"€50,046.25",0
15763747,Ricci,French,Male,36.0,7,€0.00,2,Yes,Yes,"€60,830.24",0
15778320,Teng,Germany,Female,40.0,5,"€148,495.64",1,No,No,"€158,853.98",0
15642787,Ijendu,French,Male,37.0,1,"€133,043.66",1,No,No,"€111,243.09",0
15624633,Kibby,FRA,Male,45.0,9,"€74,989.58",1,Yes,Yes,"€171,014.69",0
15766765,Obiuto,Germany,Male,39.0,7,"€60,263.23",1,No,No,"€170,835.32",0
15783615,Ramos,Germany,Male,50.0,3,"€129,370.91",4,Yes,Yes,"€47,775.34",1
15640161,Calabrese,Germany,Male,44.0,5,"€157,955.83",2,No,No,"€139,297.71",0
15619889,Vasin,FRA,Male,26.0,4,€0.00,1,No,No,"€195,167.38",0
15579166,Munro,French,Female,30.0,7,"€70,729.17",1,Yes,Yes,"€160,948.87",0
15789097,Keeley,French,Male,48.0,8,€0.00,2,Yes,Yes,"€44,965.54",1
15674880,Archer,Spain,Male,50.0,2,€0.00,2,No,No,"€52,137.73",0
15778157,Murray,Spain,Male,27.0,8,"€90,721.52",2,No,No,"€109,296.18",0
15779064,Chidiegwu,French,Male,27.0,2,€0.00,2,Yes,Yes,"€20,092.89",0
15801265,Tang,Spain,Female,45.0,0,"€57,784.22",1,No,No,"€197,804.00",1
15589204,Farrar,France,Male,33.0,9,"€131,765.72",1,No,No,"€118,782.06",0
15664543,Shaw,France,Male,40.0,7,€0.00,1,Yes,Yes,"€152,876.13",1
15582714,Napolitani,Germany,Male,47.0,9,"€110,022.74",1,Yes,Yes,"€135,655.29",1
15797595,Greenhalgh,France,Female,40.0,9,"€131,569.63",1,Yes,Yes,"€103,970.58",0
15614034,Martin,Germany,Male,61.0,2,"€164,523.50",2,Yes,Yes,"€35,786.76",0
15763171,Hu,Germany,Female,25.0,2,"€114,330.95",1,Yes,Yes,"€25,325.07",0
15647266,Y?an,Spain,Female,45.0,10,"€135,923.16",1,No,No,"€18,732.84",0
15757577,Odili,French,Female,61.0,8,€0.00,2,Yes,Yes,"€118,522.73",0
15736656,H?,FRA,Female,49.0,4,€0.00,2,Yes,Yes,"€89,972.25",0
15635078,Chiemela,Spain,Male,45.0,0,"€124,693.48",1,Yes,Yes,"€187,194.15",0
15680141,Yuan,Spain,Female,35.0,7,"€147,936.42",1,Yes,Yes,"€106,785.70",0
15576945,Clements,France,Male,29.0,0,€0.00,1,No,No,"€142,516.35",0
15602034,Kolesnikov,French,Female,34.0,2,"€126,558.92",1,No,No,"€73,334.43",0
15732020,Rutherford,Germany,Male,57.0,6,"€106,938.11",2,Yes,Yes,"€186,612.47",0
15611029,Hsiung,Germany,Female,33.0,4,"€140,002.35",1,No,No,"€123,613.81",0
15621210,Angelo,Germany,Male,46.0,9,"€123,444.72",1,Yes,Yes,"€31,368.08",1
15569222,Mendes,French,Male,32.0,6,"€147,107.91",1,Yes,Yes,"€40,066.95",0
15664639,McGregor,French,Male,19.0,9,"€128,514.84",1,No,No,"€175,969.19",0
15724223,Bronner,France,Female,55.0,5,€0.00,1,No,No,"€10,034.77",1
15644621,Mironova,Germany,Female,40.0,9,"€106,756.01",2,No,No,"€151,167.94",0
15756056,Ku,Spain,Female,28.0,3,€0.00,2,No,No,"€191,387.76",0
15700353,Evans,FRA,Female,37.0,6,€0.00,2,No,No,"€51,229.17",0
15624388,Henderson,Germany,Female,50.0,5,"€155,393.32",1,Yes,Yes,"€87,351.42",1
15627212,Smith,France,Female,36.0,2,"€110,414.48",1,Yes,Yes,"€48,984.95",0
15648005,Russell,Spain,Male,33.0,2,€0.00,2,Yes,Yes,"€182,738.00",0
15681446,Sun,Germany,Female,37.0,9,"€157,098.52",1,Yes,Yes,"€153,535.27",0
15775888,McDonald,Germany,Female,38.0,5,"€85,626.60",1,Yes,Yes,"€125,079.65",0
15749019,Wong,Germany,Male,45.0,6,"€93,796.42",2,Yes,Yes,"€162,321.26",0
15709928,Niu,Spain,Female,41.0,1,€0.00,2,No,No,"€3,414.72",0
15784676,Fanucci,FRA,Male,51.0,6,"€125,268.03",2,No,No,"€165,082.25",0
15748116,Zetticci,French,Female,29.0,2,"€148,143.84",1,Yes,Yes,"€52,021.39",0
15612193,Hsia,Spain,Male,29.0,10,"€115,545.33",2,No,No,"€148,256.43",0
15762984,McIntosh,Spain,Male,35.0,7,€0.00,2,No,No,"€122,899.01",0
15613713,Kozlova,FRA,Male,30.0,5,"€44,928.88",1,Yes,Yes,"€10,771.46",0
15664204,Meany,Spain,Male,29.0,2,€0.00,2,Yes,Yes,"€18,255.51",0
15639415,Thompson,FRA,Male,35.0,3,"€162,442.35",1,No,No,"€183,566.78",0
15806332,Le Gallienne,Spain,Female,39.0,5,€0.00,2,Yes,Yes,"€175,224.12",0
15614929,Cheng,Germany,Male,28.0,0,"€96,213.82",2,No,No,"€147,913.56",0
15695492,P'eng,French,Female,29.0,6,"€156,569.43",1,No,No,"€180,598.66",0
15635972,Lloyd,Spain,Male,36.0,8,€0.00,2,No,No,"€186,136.48",0
15616380,Wheeler,Spain,Female,37.0,1,€0.00,2,No,No,"€7,455.20",0
15581440,Christie,Germany,Female,48.0,6,"€110,463.25",2,Yes,Yes,"€80,552.11",1
15654390,He,French,Male,33.0,7,"€154,575.76",1,No,No,"€25,722.28",1
15660688,King,Spain,Female,35.0,9,€0.00,2,No,No,"€170,996.86",0
15806307,Favors,French,Male,37.0,3,€0.00,2,Yes,Yes,"€20,603.32",0
15647975,Vida,Germany,Male,26.0,5,"€147,037.32",1,No,No,"€141,763.26",0
15595728,Thomas,Germany,Male,41.0,0,"€119,276.31",1,No,No,"€122,284.38",1
15735388,Wayn,French,Female,25.0,7,"€108,664.85",2,No,No,"€190,011.85",0
15788535,Tan,Spain,Male,44.0,5,€0.00,1,No,No,"€128,046.98",0
15765902,Gibson,Germany,Male,38.0,5,"€163,034.82",2,Yes,Yes,"€135,662.17",0
15642345,Y?,Germany,Female,49.0,4,"€93,059.34",1,No,No,"€7,571.51",1
15641250,Calabresi,Spain,Male,38.0,9,"€179,581.31",1,No,No,"€23,596.24",0
15706163,Enyinnaya,Germany,Male,46.0,4,"€113,625.93",1,No,No,"€92,727.42",1
15746708,Ritchie,Germany,Male,55.0,7,"€119,961.48",1,No,No,"€65,156.83",1
15775203,Chia,FRA,Male,45.0,3,"€129,209.48",1,No,No,"€60,151.77",0
15787907,Wang,Germany,Female,42.0,5,"€137,227.04",3,No,No,"€149,097.38",1
15646764,Lorenzo,Germany,Female,58.0,3,"€119,024.75",2,No,No,"€35,199.24",1
15678284,Pai,France,Male,35.0,7,"€74,623.50",3,No,No,"€129,451.29",1
15726791,Nuttall,Spain,Female,45.0,2,"€157,929.45",1,Yes,Yes,"€145,134.49",1
15813144,Osborne,FRA,Female,26.0,7,"€92,606.86",2,No,No,"€192,709.69",0
15669342,Ferri,Germany,Male,35.0,2,"€127,862.93",2,No,No,"€139,083.70",0
15710366,Hamilton,Spain,Female,42.0,1,€0.00,1,Yes,Yes,"€83,629.60",1
15614934,McEwan,Germany,Female,37.0,4,"€142,711.81",1,No,No,"€35,625.41",0
15588701,Lai,France,Female,38.0,4,€0.00,2,No,No,"€35,338.96",0
15665438,Hs?,FRA,Male,43.0,1,"€163,159.85",1,Yes,Yes,"€15,602.80",0
15644896,Thompson,Germany,Male,32.0,3,"€108,586.86",1,Yes,Yes,"€182,355.21",0
15670205,Boyd,Germany,Female,41.0,5,"€110,624.99",1,No,No,"€89,327.67",0
15635776,Trevisani,Germany,Female,43.0,5,"€154,846.24",2,Yes,Yes,"€151,903.60",0
15791053,Lucciano,Germany,Male,45.0,4,"€122,917.71",1,Yes,Yes,€11.58,1
15644005,Holman,France,Female,33.0,9,€0.00,2,Yes,Yes,"€77,519.62",0
15796343,Bazhenov,French,Female,31.0,2,"€82,787.93",2,No,No,"€91,423.69",0
15751057,Douglas,Germany,Male,32.0,5,"€102,500.34",1,No,No,"€106,287.77",0
15623430,Hill,French,Male,34.0,9,€0.00,2,No,No,"€161,800.77",0
15682600,Lo,Germany,Male,39.0,9,"€159,492.79",1,No,No,"€80,582.34",1
15769312,Forbes,Spain,Male,48.0,10,€0.00,2,Yes,Yes,"€185,094.48",0
15708212,Lin,Spain,Female,54.0,7,"€118,241.02",1,No,No,"€172,586.89",1
15650258,Sinclair,France,Female,35.0,2,"€113,090.40",1,No,No,"€195,649.79",0
15604345,Kemp,French,Female,22.0,9,"€65,763.57",1,Yes,Yes,"€145,792.01",0
15578297,Ebelegbulam,Germany,Female,43.0,1,"€125,537.38",1,No,No,"€138,510.01",1
15671789,Woods,French,Male,31.0,3,"€94,263.91",2,No,No,"€168,895.06",0
15726186,Genovese,Spain,Male,29.0,4,"€133,434.57",2,No,No,"€97,983.44",0
15764618,Tseng,Spain,Female,39.0,6,€0.00,1,Yes,Yes,"€85,167.88",0
15730738,Chiang,Spain,Male,31.0,9,€0.00,2,Yes,Yes,"€18,210.36",0
15637650,Williams,FRA,Male,50.0,9,"€94,748.76",2,Yes,Yes,"€13,608.18",0
15606267,Wilson,FRA,Female,38.0,4,"€98,640.74",1,Yes,Yes,"€110,457.99",0
15625904,Wang,French,Male,26.0,9,"€74,681.90",2,No,No,"€31,231.35",0
15654463,Moore,France,Male,34.0,4,€0.00,2,No,No,"€141,582.66",0
15774151,Iadanza,Spain,Female,41.0,7,"€179,915.85",1,No,No,"€14,666.35",1
15693259,Wallace,French,Male,30.0,1,"€128,207.23",1,Yes,Yes,"€55,400.17",0
15642468,Clark,France,Male,42.0,9,"€132,739.26",2,No,No,"€174,667.65",0
15758531,Y?,French,Female,40.0,10,€0.00,2,No,No,"€154,189.08",0
15728352,Yermakov,France,Male,27.0,4,"€120,509.81",1,No,No,"€142,170.44",0
15637240,Wei,FRA,Male,46.0,4,"€124,547.13",2,No,No,"€94,499.06",0
15595588,Chukwunonso,Spain,Female,39.0,4,€0.00,2,Yes,Yes,"€182,081.45",0
15778395,McIntyre,Germany,Male,34.0,4,"€88,815.56",2,No,No,"€68,562.26",1
15711825,Ts'ai,Spain,Female,35.0,1,"€82,231.51",2,No,No,"€88,798.02",0
15599251,Chung,Germany,Male,32.0,7,"€184,715.86",2,No,No,"€113,781.99",0
15570004,Tsou,FRA,Male,31.0,3,€0.00,2,No,No,"€121,866.87",0
15656912,Aitken,Spain,Male,51.0,4,€0.00,1,Yes,Yes,"€150,390.57",0
15657342,Dawson,Germany,Male,28.0,4,"€147,972.19",1,No,No,"€60,708.72",1
15716284,Ward,French,Male,43.0,9,€0.00,2,Yes,Yes,"€78,858.07",0
15672374,Pai,France,Male,52.0,8,"€170,008.84",1,No,No,"€56,407.42",1
15732476,Ifeanyichukwu,France,Female,27.0,3,€0.00,2,Yes,Yes,"€125,698.97",0
15747724,Briggs,Spain,Female,34.0,10,€0.00,1,No,No,"€23,235.38",0
15633877,Morrison,Spain,Female,42.0,8,"€95,386.82",1,Yes,Yes,"€75,732.25",0
15672516,Wall,Germany,Male,51.0,7,"€90,373.28",2,No,No,"€179,861.79",0
15607827,Nebechukwu,Germany,Male,34.0,4,"€133,467.77",2,Yes,Yes,"€42,976.64",0
15751336,Yao,Spain,Male,30.0,3,€0.00,2,Yes,Yes,"€10,486.69",0
15646539,Liao,French,Male,31.0,3,"€96,288.26",1,No,No,"€56,794.73",0
15756901,Ch'ang,FRA,Female,26.0,4,"€91,547.84",2,Yes,Yes,"€28,157.34",0
15809286,Burke,Germany,Male,37.0,8,"€138,292.64",2,No,No,"€152,422.91",1
15759021,Kay,French,Male,35.0,9,€0.00,1,No,No,"€167,033.83",0
15725039,McIntyre,Spain,Male,32.0,8,"€71,667.74",1,Yes,Yes,"€126,082.18",0
15579130,Chidiegwu,Germany,Female,43.0,0,"€118,994.84",1,No,No,"€181,499.77",1
15754112,Musgrove,Spain,Male,55.0,7,€0.00,2,Yes,Yes,"€41,967.03",0
15735522,Boulger,Germany,Male,37.0,2,"€145,610.07",2,No,No,"€186,300.59",0
15613326,Gow,FRA,Female,33.0,1,"€138,162.81",1,No,No,"€85,412.54",0
15739502,Amaechi,Germany,Female,31.0,9,"€135,020.21",2,Yes,Yes,"€23,343.18",0
15670914,Robe,FRA,Male,38.0,2,€0.00,2,No,No,"€180,698.32",0
15604073,Bibi,Germany,Female,25.0,8,"€135,161.67",1,Yes,Yes,"€136,071.05",0
15806027,Niu,France,Female,52.0,9,€0.00,1,No,No,"€175,149.20",1
15574886,Palerma,French,Male,32.0,6,"€94,486.47",1,Yes,Yes,"€146,949.74",0
15707120,Cocci,FRA,Male,46.0,9,"€117,640.39",1,No,No,"€88,920.68",0
15800845,Artemieva,Spain,Female,33.0,8,"€111,379.55",1,Yes,Yes,"€45,098.62",0
15603914,Arcuri,France,Male,40.0,6,€0.00,1,Yes,Yes,"€20,339.79",1
15722765,Owen,Spain,Female,57.0,0,"€136,820.99",1,Yes,Yes,"€108,528.74",0
15783305,Franklin,France,Female,46.0,7,"€98,752.51",1,No,No,"€145,560.38",0
15574842,Lorenzo,Germany,Female,25.0,2,"€158,266.42",3,Yes,Yes,"€199,357.24",0
15607837,Muriel,French,Female,29.0,4,"€105,599.67",1,Yes,Yes,"€43,106.17",0
15714877,MacDevitt,France,Female,29.0,10,€0.00,2,No,No,"€137,508.31",0
15782941,Chijindum,France,Male,31.0,2,€0.00,2,Yes,Yes,"€91,957.39",0
15630167,Gibson,Spain,Female,39.0,4,"€139,723.90",1,Yes,Yes,"€120,612.11",0
15759038,Whitehead,France,Female,41.0,3,"€141,806.46",1,No,No,"€102,921.17",0
15661821,Johnstone,Germany,Female,49.0,5,"€132,571.67",1,Yes,Yes,"€31,686.33",1
15728006,Endrizzi,FRA,Male,40.0,2,"€180,516.90",1,No,No,"€180,002.42",0
15712176,Burke,FRA,Male,31.0,8,€0.00,2,Yes,Yes,"€28,407.40",0
15689351,Johnson,Germany,Female,41.0,4,"€92,805.72",1,Yes,Yes,"€73,743.95",1
15782247,Yeh,FRA,Male,22.0,4,€0.00,3,Yes,Yes,"€186,233.26",1
15769064,Marshall,Germany,Male,39.0,3,"€135,309.36",1,No,No,"€31,728.86",1
15718153,Kao,Spain,Female,74.0,6,"€128,917.84",1,Yes,Yes,"€48,244.64",0
15613189,Browne,France,Female,52.0,2,"€56,580.93",1,No,No,"€113,266.28",1
15661734,Taylor,Germany,Male,42.0,8,"€131,390.75",2,No,No,"€71,178.09",0
15592645,Gibbons,Spain,Male,37.0,4,€0.00,2,No,No,"€25,684.93",0
15768387,Nott,FRA,Male,41.0,8,€0.00,2,No,No,"€29,737.14",0
15792525,Lei,Germany,Female,61.0,1,"€97,361.66",1,Yes,Yes,"€149,922.38",1
15586976,Alexeeva,France,Female,42.0,6,€0.00,1,No,No,"€180,702.12",1
15790659,Sheets,Spain,Male,59.0,7,€0.00,2,Yes,Yes,"€27,597.59",0
15691446,Tokaryev,Spain,Male,29.0,10,€0.00,2,Yes,Yes,"€95,025.27",0
15772632,Ts'ui,FRA,Female,34.0,1,€0.00,2,No,No,"€167,035.07",0
15706587,Johnston,French,Male,57.0,0,€0.00,2,Yes,Yes,"€116,781.71",0
15572461,Kung,Germany,Female,29.0,4,"€102,714.65",2,No,No,"€21,170.81",0
15654409,Unwin,France,Female,34.0,5,"€67,816.72",1,Yes,Yes,"€29,641.58",0
15568025,Hsueh,France,Male,51.0,8,"€81,710.46",1,Yes,Yes,"€116,520.07",0
15715769,Hao,French,Male,26.0,2,"€75,237.54",1,Yes,Yes,"€44,220.40",0
15667458,L?,Germany,Male,28.0,10,"€124,023.18",1,No,No,"€166,188.28",0
15567980,Frater,Germany,Female,46.0,5,"€100,727.50",1,Yes,Yes,"€140,857.76",1
15679294,Brennan,French,Female,46.0,10,"€107,238.85",2,No,No,"€37,024.28",0
15606507,Pisani,France,Male,24.0,5,€0.00,2,No,No,"€27,513.47",0
15578825,Golubev,France,Female,29.0,0,"€139,994.66",1,No,No,"€17,744.72",0
15619935,Vanmeter,Spain,Female,59.0,9,"€126,224.87",1,Yes,Yes,"€4,423.63",0
15636089,Hs?,Germany,Female,51.0,1,"€145,751.03",1,No,No,"€109,718.44",1
15727490,Scott,France,Male,47.0,5,€0.00,1,Yes,Yes,"€107,243.31",1
15591766,Crawford,Spain,Female,25.0,4,"€121,166.89",1,Yes,Yes,"€115,288.24",0
15641629,P'eng,Spain,Female,38.0,1,€0.00,2,Yes,Yes,"€41,233.97",0
15813303,Rearick,Spain,Male,88.0,10,€0.00,2,Yes,Yes,"€52,952.24",0
15756920,Genovesi,FRA,Male,63.0,9,"€70,655.48",1,No,No,"€78,955.80",1
15726403,Glenny,Germany,Male,41.0,1,"€129,901.21",1,No,No,"€26,025.60",1
15592765,Marks,French,Male,40.0,8,"€125,470.81",1,Yes,Yes,"€174,536.17",0
15704442,Fleming,FRA,Female,53.0,9,"€169,406.33",4,Yes,Yes,"€147,311.47",1
15641136,Davison,FRA,Male,32.0,2,€0.00,2,Yes,Yes,"€77,965.44",0
15725818,Chibuzo,Germany,Male,40.0,4,"€107,041.30",1,Yes,Yes,"€5,635.63",0
15612071,Wilson,Spain,Female,32.0,10,"€95,153.77",1,Yes,Yes,"€81,310.10",0
15719809,Endrizzi,Germany,Male,32.0,3,"€145,166.09",2,No,No,"€111,421.45",0
15716518,Yuryeva,France,Female,27.0,4,€0.00,2,No,No,"€190,269.21",0
15742210,Ugochukwu,France,Male,38.0,9,"€65,962.63",1,Yes,Yes,"€100,950.48",0
15630617,Lo Duca,Germany,Male,36.0,6,"€140,418.81",1,Yes,Yes,"€113,033.73",1
15720838,Gallo,Spain,Female,31.0,3,"€139,799.63",1,Yes,Yes,"€120,663.57",0
15595537,Trout,Germany,Male,49.0,9,"€171,787.84",2,No,No,"€187,192.23",0
15623196,Morley,FRA,Male,38.0,6,"€149,238.97",1,Yes,Yes,"€97,825.23",0
15679249,Chou,Germany,Female,57.0,4,"€163,146.46",1,No,No,"€169,621.69",1
15693199,Shao,FRA,Female,37.0,8,€0.00,2,No,No,"€191,557.10",1
15661219,Trentino,French,Male,32.0,10,€0.00,2,No,No,"€103,287.62",0
15617136,Mazzanti,Germany,Female,38.0,9,"€61,482.47",1,Yes,Yes,"€167,538.66",0
15760294,Endrizzi,French,Female,41.0,8,"€145,150.28",1,No,No,"€64,869.32",1
15652808,Monaldo,French,Female,41.0,5,"€126,670.37",1,No,No,"€102,426.06",0
15657139,Otutodilinna,France,Female,40.0,8,"€84,390.80",2,Yes,Yes,"€107,876.20",0
15803790,Allen,Germany,Male,37.0,2,"€89,728.86",2,Yes,Yes,"€37,294.88",0
15764105,Milne,France,Female,57.0,1,€0.00,2,No,No,"€89,248.99",0
15672610,Somadina,Spain,Male,40.0,4,"€118,628.80",1,No,No,"€91,973.63",0
15766896,Chieloka,French,Male,37.0,3,€0.00,2,No,No,"€16,870.20",0
15587735,Chukwuebuka,FRA,Male,39.0,6,"€96,863.13",1,Yes,Yes,"€121,681.19",0
15659501,Chioke,French,Female,38.0,6,"€142,263.45",1,Yes,Yes,"€33,730.43",0
15745001,Kovalev,Spain,Female,36.0,7,€0.00,2,No,No,"€104,786.59",0
15651140,Doherty,FRA,Female,32.0,3,€0.00,1,No,No,"€94,790.34",0
15571148,Baranov,Spain,Female,21.0,1,€0.00,2,No,No,"€28,726.07",0
15776824,Rossi,French,Male,28.0,6,"€122,724.37",1,Yes,Yes,"€67,057.27",0
15633141,Robinson,Germany,Female,35.0,4,"€174,902.26",1,No,No,"€69,079.85",0
15764174,Bidencope,Spain,Female,26.0,4,€0.00,2,Yes,Yes,"€179,780.74",0
15778155,T'ien,Germany,Female,31.0,3,"€108,914.17",1,Yes,Yes,"€183,572.39",1
15715920,De Bernales,Spain,Male,23.0,10,"€98,052.66",1,Yes,Yes,"€142,587.32",0
15671917,Wade,French,Male,46.0,5,"€123,873.19",1,Yes,Yes,"€177,844.06",0
15666548,Chung,Germany,Female,56.0,2,"€111,920.13",3,No,No,"€197,634.11",1
15625623,Stevenson,FRA,Female,45.0,4,€0.00,2,Yes,Yes,"€121,053.19",0
15748123,Chienezie,French,Male,20.0,3,€0.00,2,Yes,Yes,"€149,613.77",0
15648735,Cashin,France,Male,37.0,8,€0.00,2,Yes,Yes,€142.81,0
15634974,Seppelt,France,Female,37.0,8,"€75,150.34",4,Yes,Yes,"€131,766.67",1
15713378,Brownless,French,Male,38.0,10,€0.00,2,No,No,"€53,311.78",0
15753370,McDonald,Germany,Female,38.0,5,"€114,753.76",1,No,No,"€107,665.02",0
15782659,Mamelu,French,Male,32.0,0,€0.00,1,No,No,"€109,523.88",0
15583364,McGregor,French,Female,32.0,6,"€111,871.93",1,No,No,"€112,132.86",0
15625942,McDonald,Spain,Female,45.0,0,€0.00,2,No,No,"€113,645.40",0
15720284,Crawford,Germany,Female,37.0,4,"€135,927.06",1,No,No,"€180,890.40",0
15679642,Feng,Spain,Male,44.0,8,€0.00,2,Yes,Yes,"€70,974.13",0
15628007,Genovese,France,Male,33.0,1,€0.00,2,No,No,"€53,379.52",0
15661974,Pirozzi,FRA,Male,46.0,2,"€57,037.74",1,Yes,Yes,"€158,531.01",0
15689341,Gibbs,French,Female,50.0,10,€0.00,4,No,No,"€179,267.94",1
15607993,Milne,FRA,Female,52.0,2,"€79,468.96",1,Yes,Yes,"€84,606.03",0
15693267,Dickson,Germany,Female,34.0,7,"€121,063.85",1,No,No,"€56,984.58",0
15769522,O'Connor,FRA,Male,51.0,1,"€118,537.47",1,Yes,Yes,"€116,912.45",0
15755825,McGuirk,FRA,Male,39.0,10,€0.00,2,No,No,"€102,999.33",0
15598175,Toscani,Germany,Female,26.0,4,"€105,082.07",2,No,No,"€132,801.57",0
15744327,Ruth,FRA,Male,40.0,4,€0.00,1,No,No,"€85,455.62",1
15798666,Hughes,FRA,Female,36.0,6,€0.00,2,Yes,Yes,"€98,657.01",0
15577064,Onyekaozulu,Germany,Male,36.0,2,"€104,702.65",2,No,No,"€107,948.72",0
15759436,Aksenov,FRA,Female,50.0,2,"€95,813.76",3,Yes,Yes,"€67,944.09",1
15690231,K'ung,Spain,Female,62.0,0,"€167,026.61",2,Yes,Yes,"€192,892.05",0
15751561,Meng,Germany,Male,61.0,7,"€102,453.26",1,No,No,"€187,247.56",1
15739068,Nwoye,Germany,Male,25.0,4,"€148,045.45",2,Yes,Yes,"€114,722.42",0
15758056,Calabresi,French,Male,35.0,1,€0.00,2,No,No,"€111,687.57",0
15742269,Milano,French,Female,24.0,1,€0.00,2,No,No,"€184,182.25",0
15726490,Kirby,Spain,Male,52.0,4,€0.00,1,Yes,Yes,"€52,759.82",1
15738411,Ho,FRA,Male,34.0,10,"€104,498.79",1,Yes,Yes,"€126,451.14",0
15727919,Chukwuemeka,Spain,Female,29.0,6,€0.00,2,No,No,"€12,048.67",0
15709396,Hale,FRA,Male,42.0,6,€0.00,2,Yes,Yes,"€95,804.33",0
15654106,K?,France,Male,26.0,8,"€149,542.52",2,Yes,Yes,"€197,911.52",0
15621653,Rice,FRA,Female,29.0,10,"€87,946.39",1,Yes,Yes,"€182,531.74",0
15598086,Brown,France,Female,45.0,3,"€68,639.57",1,No,No,"€168,002.31",1
15752300,Sagese,Germany,Male,47.0,4,"€148,826.32",1,Yes,Yes,"€79,450.61",0
15658693,Aksyonova,FRA,Female,60.0,2,€0.00,2,Yes,Yes,"€60,615.83",0
15631838,Findlay,France,Male,61.0,5,"€108,166.09",2,Yes,Yes,"€8,643.21",0
15803804,Walker,Germany,Female,35.0,5,"€103,214.71",1,No,No,"€172,172.70",0
15578809,Hao,Germany,Male,40.0,1,"€134,760.21",2,No,No,"€174,434.06",1
15752026,Hammer,FRA,Male,58.0,3,€0.00,1,Yes,Yes,"€194,930.30",1
15723706,Abbott,France,Female,33.0,0,"€90,124.64",1,No,No,"€137,476.71",0
15752838,Lucas,Spain,Male,38.0,6,€0.00,2,Yes,Yes,"€94,415.60",0
15569571,Davydova,Germany,Female,46.0,6,"€87,361.02",2,No,No,"€120,376.87",1
15769703,West,Germany,Female,45.0,8,"€111,257.59",1,No,No,"€97,623.42",1
15679770,Smith,France,Female,61.0,3,"€131,583.59",4,Yes,Yes,"€66,238.23",1
15791102,Mai,Germany,Male,41.0,9,"€95,020.80",3,Yes,Yes,"€131,710.59",1
15655192,Fiorentino,Spain,Female,24.0,1,€0.00,2,Yes,Yes,"€69,052.87",0
15709487,Freeman,Germany,Male,34.0,5,"€80,242.37",2,No,No,"€56,780.97",0
15687130,Nkemjika,France,Female,43.0,0,€0.00,1,Yes,Yes,"€170,072.90",0
15755178,Ramos,France,Male,50.0,1,€0.00,3,Yes,Yes,"€191,849.15",1
15634772,Mario,Spain,Female,59.0,0,"€122,661.39",1,Yes,Yes,"€84,803.76",0
15617197,Chien,French,Male,50.0,4,€0.00,2,Yes,Yes,"€31,840.59",1
15631240,Dubinina,French,Female,36.0,8,€0.00,2,Yes,Yes,"€12,096.61",1
15784301,Wang,France,Male,42.0,0,€0.00,2,No,No,"€44,165.84",0
15631310,Hsieh,French,Female,53.0,3,€0.00,1,Yes,Yes,"€91,406.62",0
15756560,Moran,Spain,Female,46.0,7,"€81,742.84",2,No,No,"€83,282.21",0
15732270,Hung,Spain,Male,71.0,8,€0.00,1,Yes,Yes,"€198,446.91",1
15739357,Moss,Spain,Male,30.0,2,"€145,127.85",1,No,No,"€7,554.68",0
15771540,Fedorova,French,Male,38.0,9,"€148,912.44",1,No,No,"€80,416.16",0
15567486,Li,Spain,Female,41.0,4,€0.00,2,Yes,Yes,"€164,549.74",0
15714634,Nebechi,France,Male,26.0,4,"€89,900.24",2,No,No,"€175,477.03",0
15727021,Obialo,Germany,Female,30.0,8,"€119,027.28",2,Yes,Yes,"€137,903.54",0
15650670,Bateson,Germany,Female,40.0,2,"€105,222.86",2,No,No,"€93,795.86",0
15711834,Long,Spain,Female,30.0,6,€0.00,1,No,No,"€67,997.13",1
15729763,Nelson,Spain,Male,34.0,1,"€116,114.93",1,Yes,Yes,"€49,492.15",0
15646566,Bell,French,Female,58.0,9,"€187,911.55",1,Yes,Yes,"€35,825.18",0
15645463,Udinese,FRA,Female,27.0,5,€0.00,2,Yes,Yes,"€67,494.23",0
15672144,Mao,France,Female,38.0,6,"€144,432.04",1,Yes,Yes,"€73,963.17",1
15596088,Fanucci,FRA,Female,50.0,4,"€77,065.90",2,Yes,Yes,"€145,159.26",0
15614878,Yeh,Germany,Female,29.0,6,"€180,520.29",1,Yes,Yes,"€123,850.58",0
15635240,Onuoha,French,Male,42.0,1,€0.00,2,No,No,"€23,822.04",0
15775905,Moore,Germany,Female,47.0,6,"€130,024.87",1,Yes,Yes,"€45,750.21",1
15700657,Thornton,Germany,Female,40.0,2,"€110,086.69",1,No,No,"€159,773.14",0
15611905,Warlow-Davies,Spain,Female,31.0,5,"€174,853.46",1,No,No,"€84,238.63",0
15652527,Champion,French,Male,44.0,7,"€108,724.98",1,Yes,Yes,"€72,330.46",0
15785865,Mazzanti,French,Male,58.0,9,"€91,285.13",2,Yes,Yes,"€26,767.85",0
15645942,Macleod,Spain,Male,40.0,2,€0.00,2,Yes,Yes,"€164,768.82",0
15688691,Lei,Germany,Female,51.0,9,"€110,610.41",2,Yes,Yes,"€1,112.76",1
15592736,Lucchese,Germany,Male,54.0,5,"€102,994.04",1,No,No,"€176,680.16",1
15673529,Lombardo,Spain,Male,36.0,4,"€59,893.85",2,No,No,"€43,999.64",0
15724145,William,Germany,Male,29.0,8,"€149,318.55",1,No,No,"€140,746.13",0
15704629,Wright,FRA,Female,32.0,1,"€116,409.55",1,Yes,Yes,"€152,790.92",0
15597896,Ozoemena,Germany,Male,30.0,0,"€127,760.07",1,No,No,"€81,537.85",1
15731790,Boyle,Germany,Female,38.0,6,"€132,591.36",1,Yes,Yes,"€7,387.80",1
15634719,Chinwendu,FRA,Male,31.0,0,€0.00,2,No,No,"€183,038.33",0
15703205,Uwaezuoke,French,Female,46.0,5,"€113,402.14",2,Yes,Yes,"€138,849.06",0
15567333,Archambault,France,Female,31.0,7,€0.00,2,No,No,"€170,333.38",0
15754537,Ko,France,Male,40.0,0,€0.00,1,No,No,"€60,416.76",0
15612030,Udegbulam,France,Male,28.0,9,€0.00,2,Yes,Yes,"€100,240.20",0
15573242,Greene,French,Male,50.0,6,"€136,953.47",1,Yes,Yes,"€2,704.98",0
15601892,Hunter,FRA,Male,33.0,8,€0.00,2,Yes,Yes,"€68,815.05",0
15663885,Blinova,FRA,Male,32.0,5,€0.00,1,Yes,Yes,"€64,839.23",0
15701096,De Garis,FRA,Male,44.0,8,"€123,863.64",1,No,No,"€144,494.94",0
15710450,Okwudiliolisa,Spain,Male,22.0,7,"€120,811.89",1,Yes,Yes,"€185,510.34",0
15790846,Ts'ai,Germany,Male,38.0,2,"€148,430.55",1,Yes,Yes,"€56,055.72",0
15658956,Tuan,Germany,Male,40.0,6,"€47,869.69",2,Yes,Yes,"€155,061.97",0
15755223,Tseng,Germany,Male,53.0,7,"€150,926.99",2,No,No,"€119,817.19",0
15787318,Holmwood,Germany,Female,47.0,6,"€103,163.35",1,No,No,"€16,259.64",1
15737310,Thompson,France,Male,29.0,10,"€130,206.28",1,No,No,"€184,654.87",0
15763665,Y?,France,Female,28.0,4,"€136,674.51",2,No,No,"€5,278.78",0
15668818,Chidubem,Spain,Female,40.0,2,"€200,322.45",1,Yes,Yes,"€113,244.73",0
15765812,Trevisani,Spain,Male,48.0,1,€0.00,2,Yes,Yes,"€8,908.00",0
15704844,Hsiung,Spain,Male,62.0,7,"€80,927.56",1,Yes,Yes,"€64,490.67",0
15744582,Randall,FRA,Female,24.0,10,€0.00,3,No,No,"€154,971.63",1
15616700,Leach,Spain,Female,41.0,9,€0.00,2,Yes,Yes,"€155,786.39",0
15683521,Godfrey,Germany,Male,28.0,0,"€142,574.71",2,No,No,"€129,084.82",0
15583049,Wallace,Germany,Female,34.0,7,"€160,426.07",1,Yes,Yes,"€188,533.11",0
15643752,Wei,France,Male,25.0,5,"€116,160.23",1,No,No,"€13,411.67",0
15620398,Mitchell,Spain,Female,34.0,5,"€98,683.47",2,No,No,"€15,733.19",0
15715707,Light,France,Male,32.0,3,"€118,829.03",2,Yes,Yes,"€73,127.61",0
15814209,Capon,FRA,Male,31.0,1,"€118,870.92",1,No,No,"€101,704.19",0
15733768,Hou,France,Male,32.0,1,€0.00,1,Yes,Yes,"€101,986.16",0
15755242,Rowe,French,Female,46.0,2,€0.00,1,Yes,Yes,"€114,442.66",0
15729412,Holloway,France,Male,38.0,4,"€107,192.38",1,Yes,Yes,"€15,669.17",0
15746564,O'Sullivan,France,Male,42.0,3,"€108,010.78",1,Yes,Yes,"€157,486.10",0
15588446,Udinesi,Spain,Male,34.0,3,€0.00,2,No,No,"€131,281.28",0
15665221,Nwebube,France,Male,26.0,7,"€129,837.72",2,Yes,Yes,"€197,001.15",0
15640846,Chibueze,Germany,Female,58.0,3,"€106,458.31",4,No,No,"€128,881.87",1
15700209,Walker,French,Male,63.0,9,"€97,009.15",1,Yes,Yes,"€85,101.00",0
15658360,Gregory,Spain,Male,35.0,9,"€122,929.42",2,No,No,"€149,822.04",0
15602735,Kuo,Germany,Male,45.0,6,"€152,296.83",4,Yes,Yes,"€108,040.86",1
15724834,Wilson,France,Female,30.0,1,€0.00,2,No,No,"€135,795.53",0
15800062,Lanford,Spain,Male,49.0,8,€0.00,1,No,No,"€25,867.67",1
15685300,Meng,FRA,Male,35.0,6,"€128,993.76",2,No,No,"€130,483.56",0
15760102,Yeh,French,Female,36.0,5,€0.00,1,No,No,"€183,479.12",0
15787026,Onwuatuegwu,Germany,Male,27.0,0,"€185,267.45",2,Yes,Yes,"€77,027.34",0
15653696,Goliwe,French,Female,28.0,9,€0.00,2,No,No,"€94,141.75",0
15788946,Anthony,Spain,Female,29.0,3,"€116,805.82",1,No,No,"€4,092.75",0
15600724,Scott,Germany,Male,29.0,5,"€129,750.68",1,No,No,"€109,257.59",0
15574324,Genovese,Germany,Female,29.0,2,"€129,177.01",2,Yes,Yes,"€104,617.99",0
15707144,Onyeorulu,Germany,Male,25.0,6,"€82,506.72",2,No,No,"€167,705.07",0
15775891,Myers,Germany,Male,48.0,2,"€107,247.69",1,Yes,Yes,"€103,712.05",1
15711789,Davey,Spain,Female,42.0,3,€0.00,1,No,No,"€161,242.99",1
15600879,Parsons,Germany,Female,36.0,3,"€157,780.93",2,No,No,"€6,089.13",0
15681196,Chikere,FRA,Male,35.0,1,"€172,170.36",1,Yes,Yes,"€159,777.37",0
15716000,Hs?eh,Spain,Male,48.0,2,€0.00,2,Yes,Yes,"€7,919.08",0
15766776,Sal,France,Male,41.0,1,€0.00,1,Yes,Yes,"€188,274.60",0
15680278,Ts'ai,Spain,Female,42.0,9,"€75,361.44",1,No,No,"€27,608.12",1
15688637,Witt,France,Female,27.0,4,€0.00,2,Yes,Yes,"€183,569.25",0
15591179,Skelton,Spain,Male,30.0,2,€0.00,2,Yes,Yes,"€145,537.32",0
15677435,Kazantseva,France,Female,29.0,0,"€98,263.46",2,No,No,"€164,717.95",0
15698619,Bowhay,FRA,Male,43.0,9,€0.00,2,Yes,Yes,"€76,357.43",0
15581036,Beyer,Germany,Female,40.0,3,"€109,308.79",2,No,No,"€120,158.72",1
15622117,Fries,Spain,Female,31.0,8,€0.00,2,No,No,"€151,843.54",0
15599301,Tao,Germany,Female,28.0,6,"€164,365.44",1,Yes,Yes,"€5,698.97",0
15581548,Kaodilinakachukwu,Spain,Female,22.0,5,"€98,800.00",1,No,No,"€122,865.55",0
15586870,Ni,FRA,Male,27.0,4,"€193,125.85",1,Yes,Yes,"€152,665.85",0
15735263,Hsueh,FRA,Male,27.0,5,"€51,522.75",1,Yes,Yes,"€192,131.77",0
15765322,Connely,France,Male,23.0,5,"€84,284.48",2,Yes,Yes,"€62,851.60",0
15582944,Becker,Spain,Female,39.0,5,€0.00,2,No,No,"€140,941.47",0
15687162,Clayton,France,Male,51.0,9,"€119,889.84",1,No,No,"€56,767.67",1
15644962,Connolly,France,Male,21.0,4,"€137,910.45",1,Yes,Yes,"€177,235.23",0
15612615,Graham,FRA,Female,37.0,6,€0.00,2,No,No,"€86,242.18",0
15813439,Ch'ien,FRA,Male,33.0,5,"€100,116.82",1,No,No,"€34,215.58",0
15604544,Manfrin,Germany,Male,40.0,4,"€166,082.15",2,Yes,Yes,"€44,406.17",0
15761348,Kuo,France,Female,38.0,0,€0.00,2,No,No,"€165,196.65",0
15785078,Fomin,Spain,Male,26.0,3,€0.00,1,No,No,"€34,542.41",0
15759874,Chamberlain,FRA,Male,44.0,3,"€148,595.55",1,No,No,"€74,838.64",1
15643658,Barber,Germany,Male,53.0,2,"€94,078.97",2,No,No,"€36,980.54",0
15713267,Zimmer,Spain,Female,34.0,5,€0.00,2,Yes,Yes,"€111,676.63",0
15737782,Brazenor,France,Male,29.0,9,€0.00,1,Yes,Yes,"€25,858.68",0
15815490,Cocci,Germany,Male,40.0,2,"€164,948.98",3,No,No,"€177,028.00",1
15679410,Caldwell,France,Female,62.0,4,"€140,549.40",1,No,No,"€30,990.16",1
15756241,Yirawala,FRA,Female,44.0,2,"€152,509.25",1,Yes,Yes,"€136,915.15",0
15688409,Donaldson,FRA,Female,28.0,2,"€191,864.51",1,No,No,"€108,457.99",1
15742272,Ozerova,FRA,Female,44.0,8,"€96,418.09",1,No,No,"€131,609.48",1
15717898,Bruce,Spain,Male,32.0,2,"€131,945.94",1,Yes,Yes,"€159,737.56",0
15769582,Kang,French,Male,29.0,3,€0.00,2,Yes,Yes,"€142,238.54",0
15635660,Rossi,Germany,Male,30.0,9,"€142,910.15",1,No,No,"€105,890.55",1
15576723,Ts'ai,FRA,Female,37.0,7,€0.00,2,Yes,Yes,"€194,270.91",0
15591577,Moran,French,Male,35.0,3,"€146,311.58",1,Yes,Yes,"€105,443.47",0
15582325,Jennings,FRA,Male,52.0,2,"€87,894.26",1,No,No,"€173,899.42",1
15693947,Tokareva,FRA,Female,19.0,5,"€97,445.49",2,No,No,"€122,823.34",0
15760446,Pagnotto,French,Female,64.0,9,€0.00,1,Yes,Yes,"€13,181.37",1
15611105,Castella,Spain,Male,35.0,7,€0.00,2,Yes,Yes,"€140,780.80",0
15630920,Du Cane,France,Male,34.0,2,"€154,485.74",2,No,No,"€78,560.64",0
15574910,Ferguson,France,Male,50.0,2,"€115,625.07",1,No,No,"€185,855.21",0
15756472,Odinakachukwu,FRA,Male,25.0,7,"€108,396.67",1,No,No,"€128,276.95",0
15682890,Woronoff,Germany,Male,38.0,5,"€65,095.41",2,Yes,Yes,"€140,197.42",0
15641994,Meng,Germany,Male,43.0,1,"€103,018.45",1,No,No,"€32,462.39",1
15733297,Sinclair,French,Female,38.0,10,"€84,764.79",1,Yes,Yes,"€162,253.90",0
15767793,Hsu,France,Female,38.0,10,€0.00,2,No,No,"€30,498.70",0
15725698,Panicucci,Spain,Female,35.0,4,"€115,680.81",1,Yes,Yes,"€90,280.70",0
15813532,Burns,France,Female,39.0,5,€0.00,2,No,No,"€32,615.21",0
15576760,Onodugoadiegbemma,Germany,Male,36.0,5,"€73,088.06",2,No,No,"€196,142.26",0
15732102,Darling,Germany,Female,27.0,3,"€150,905.03",2,No,No,"€16,998.72",0
15739046,Maggard,Spain,Female,23.0,9,"€143,054.85",1,Yes,Yes,"€62,980.96",0
15631927,Thomas,Spain,Female,28.0,7,€0.00,2,No,No,"€185,660.30",0
15672115,Lettiere,French,Male,60.0,6,€0.00,2,Yes,Yes,"€77,331.77",0
15618765,Ponomaryov,Germany,Female,42.0,0,"€99,948.45",1,Yes,Yes,"€97,338.62",0
15679148,Oliver,French,Male,44.0,3,"€115,451.05",2,No,No,"€67,234.33",0
15728474,Chienezie,Germany,Male,32.0,4,"€108,235.91",1,Yes,Yes,"€143,783.28",0
15636999,Mao,France,Male,38.0,8,€0.00,1,Yes,Yes,"€77,661.12",1
15754261,Ho,Spain,Male,42.0,2,"€98,795.61",2,No,No,"€89,123.99",0
15629150,Lucchese,France,Female,37.0,1,€0.00,2,No,No,"€70,810.80",0
15736274,Prokhorova,France,Male,31.0,8,€0.00,2,No,No,"€17,550.49",0
15627697,Alekseyeva,FRA,Male,34.0,2,€0.00,2,Yes,Yes,"€21,497.27",0
15721585,Blacklock,Germany,Male,29.0,3,"€113,146.98",2,Yes,Yes,"€124,749.08",0
15639946,Sazonova,Germany,Female,39.0,8,"€162,532.14",3,No,No,"€36,051.46",1
15792176,Henty,Spain,Female,40.0,0,"€92,053.44",1,Yes,Yes,"€143,681.83",0
15699450,Li,France,Male,48.0,7,€0.00,2,Yes,Yes,"€150,694.58",0
15729954,Azuka,FRA,Female,28.0,5,€0.00,3,No,No,"€170,487.40",1
15600103,Alexander,Germany,Female,29.0,8,"€104,944.10",1,Yes,Yes,"€97,684.46",0
15786200,Brock,French,Male,31.0,4,€0.00,2,No,No,"€53,520.03",0
15797010,Shen,FRA,Female,31.0,2,€0.00,2,No,No,"€15,200.61",0
15670172,Padovesi,FRA,Female,30.0,4,"€107,879.04",1,Yes,Yes,"€196,894.62",0
15627352,Bulgakov,Germany,Male,46.0,7,"€110,356.42",1,No,No,"€4,969.13",1
15622494,Mazzanti,France,Male,27.0,2,€0.00,2,No,No,"€26,229.24",0
15585835,Lord,Spain,Female,34.0,4,"€109,783.69",2,No,No,"€134,034.32",0
15595071,Ramos,FRA,Male,22.0,9,"€149,777.00",1,Yes,Yes,"€198,032.93",0
15628203,Pai,France,Female,38.0,3,"€104,339.56",1,No,No,"€119,882.86",0
15667190,Yuan,Spain,Female,21.0,1,"€85,818.18",1,Yes,Yes,"€133,102.30",0
15780212,Mao,FRA,Male,37.0,4,"€212,692.97",1,No,No,"€176,395.02",0
15766869,Uspenskaya,Germany,Male,37.0,1,"€89,696.84",2,Yes,Yes,"€193,179.88",0
15775741,Powell,French,Female,28.0,9,€0.00,2,Yes,Yes,"€125,062.02",0
15628170,Brown,Germany,Female,32.0,9,"€68,067.24",1,No,No,"€143,287.58",0
15701318,Poole,Spain,Male,67.0,9,"€148,564.66",1,Yes,Yes,"€87,236.40",0
15710928,McChesney,FRA,Female,55.0,8,"€136,354.16",1,Yes,Yes,"€93,769.89",0
15682547,Lucchese,FRA,Male,38.0,1,"€122,214.00",1,Yes,Yes,"€88,965.46",0
15631170,Clements,FRA,Male,45.0,3,€0.00,2,Yes,Yes,"€30,793.61",0
15648702,Yuriev,Germany,Male,70.0,6,"€119,684.88",2,Yes,Yes,"€74,532.02",0
15783444,Endrizzi,French,Female,39.0,3,"€135,139.33",1,Yes,Yes,"€113,086.08",0
15809178,Pan,Germany,Female,42.0,9,"€146,100.75",1,No,No,"€32,574.01",1
15806688,Manfrin,Spain,Female,56.0,8,"€123,110.90",3,Yes,Yes,"€130,113.78",1
15576824,Kennedy,Germany,Female,44.0,3,"€111,760.40",3,Yes,Yes,"€104,722.47",1
15675422,Conway,French,Female,32.0,9,"€110,728.39",1,Yes,Yes,"€14,559.62",0
15681550,Lablanc,France,Female,41.0,8,"€121,558.46",1,Yes,Yes,€598.80,0
15812628,Dodd,Germany,Female,38.0,8,"€120,623.21",1,No,No,"€129,697.99",0
15597951,Muir,France,Female,58.0,4,"€114,713.57",1,Yes,Yes,"€36,315.03",0
15807045,Milanesi,Germany,Female,37.0,3,"€103,457.76",1,No,No,"€1,114.12",0
15581748,Shen,Germany,Male,57.0,2,"€101,134.87",2,Yes,Yes,"€70,954.41",0
15770420,Dillon,Germany,Male,46.0,10,"€78,136.36",2,Yes,Yes,"€73,470.98",0
15608230,Hoelscher,FRA,Male,23.0,1,€0.00,2,No,No,"€91,573.19",0
15730339,Bell,Spain,Male,30.0,3,"€133,446.34",1,No,No,"€3,154.95",0
15712584,Liao,French,Female,33.0,7,€0.00,2,Yes,Yes,"€88,187.81",0
15592816,Udokamma,Germany,Female,48.0,1,"€108,076.33",1,No,No,"€118,855.26",1
15641480,Sinnett,France,Male,32.0,5,"€131,354.25",1,No,No,"€125,256.53",0
15708505,Palerma,Germany,Female,37.0,7,"€62,974.64",2,Yes,Yes,"€39,016.43",0
15791131,Chimaijem,Germany,Female,30.0,2,"€143,340.44",1,No,No,"€145,796.49",0
15618225,Porter,Germany,Male,36.0,8,"€116,993.43",2,No,No,"€168,816.22",0
15644724,Fan,FRA,Male,31.0,4,"€58,662.92",2,Yes,Yes,"€73,322.00",0
15662098,Palmer,Spain,Male,41.0,3,"€128,808.65",3,No,No,"€113,677.53",1
15723894,Younger,France,Male,45.0,7,"€137,555.44",1,No,No,"€124,607.70",0
15787699,Burke,Germany,Male,34.0,4,"€142,393.11",1,Yes,Yes,"€11,276.48",0
15687738,Nwagugheuzo,French,Female,38.0,8,€0.00,2,No,No,"€136,620.64",0
15576126,Young,FRA,Female,41.0,2,"€125,785.23",1,Yes,Yes,"€70,523.92",0
15658889,Watson,France,Male,22.0,4,"€136,444.25",1,No,No,"€51,980.25",1
15667046,Tseng,Spain,Male,38.0,7,"€121,527.40",1,No,No,"€113,481.02",0
15669957,Drake,Germany,Male,52.0,9,"€144,696.75",1,Yes,Yes,"€49,025.79",0
15655794,Hanna,French,Male,36.0,8,€0.00,2,Yes,Yes,"€145,937.99",0
15599829,Padovesi,French,Female,35.0,10,€0.00,2,Yes,Yes,"€25,161.61",0
15753332,Loftus,Germany,Male,48.0,8,"€128,140.17",1,No,No,"€175,753.55",1
15671124,Buccho,FRA,Male,25.0,6,"€120,383.41",1,Yes,Yes,"€24,903.09",0
15767474,Lorenzo,France,Female,57.0,9,€0.00,3,Yes,Yes,"€169,719.35",1
15720671,Ibezimako,French,Male,42.0,8,"€129,735.30",2,Yes,Yes,"€179,565.57",0
15626787,Wei,Spain,Female,31.0,8,"€185,078.26",1,No,No,"€115,337.74",1
15774491,Ross,FRA,Female,28.0,6,€0.00,2,No,No,"€48,131.92",0
15579647,Oluchukwu,France,Male,42.0,0,€0.00,1,Yes,Yes,"€160,828.98",0
15625522,Walker,Spain,Male,31.0,7,€0.00,2,Yes,Yes,"€145,151.96",0
15765806,Wu,FRA,Male,29.0,1,"€144,591.96",1,Yes,Yes,"€196,293.76",0
15566708,Chidalu,French,Female,45.0,4,€0.00,2,No,No,"€161,653.50",1
15668347,Ingram,FRA,Male,36.0,6,€0.00,2,No,No,"€84,635.64",0
15575214,Ch'en,France,Male,37.0,7,€0.00,1,No,No,"€159,486.76",0
15591123,Iredale,Germany,Male,68.0,2,"€100,194.44",1,Yes,Yes,"€38,596.34",0
15573280,Gallagher,Germany,Male,50.0,6,"€145,295.31",2,Yes,Yes,"€27,814.74",0
15589018,Padilla,Germany,Male,28.0,3,"€106,070.29",2,Yes,Yes,"€183,893.31",0
15654495,Potter,Germany,Female,47.0,6,"€120,621.89",1,Yes,Yes,"€140,803.70",0
15597265,Mao,French,Male,38.0,7,€0.00,2,Yes,Yes,"€146,585.53",0
15733876,Schneider,French,Male,36.0,9,€0.00,2,Yes,Yes,"€40,062.29",0
15677217,Ibragimova,France,Male,30.0,1,€0.00,1,Yes,Yes,"€181,300.32",0
15747265,Huang,Germany,Female,27.0,10,"€171,283.91",1,Yes,Yes,"€84,136.12",0
15713379,Anderson,FRA,Male,26.0,4,€0.00,2,Yes,Yes,"€197,594.34",0
15730433,Nakayama,Germany,Female,38.0,1,"€128,218.47",1,No,No,"€125,953.83",1
15693347,Gardener,French,Female,32.0,5,€0.00,2,Yes,Yes,"€75,465.41",0
15715465,Aksenova,Germany,Male,28.0,7,"€77,776.39",1,No,No,"€177,737.07",0
15680736,Milne,Germany,Female,72.0,6,"€124,978.19",2,Yes,Yes,"€7,144.46",0
15610765,Onwumelu,France,Male,29.0,1,€0.00,2,No,No,"€155,639.76",0
15650034,Kudryashova,French,Female,28.0,1,€0.00,1,Yes,Yes,"€162,428.05",0
15782468,Hart,Spain,Male,51.0,3,"€109,799.55",2,Yes,Yes,"€12,457.76",1
15685109,Teng,France,Male,39.0,7,€0.00,2,No,No,"€14,917.09",0
15776233,Kruglova,Germany,Female,61.0,8,"€125,397.21",1,No,No,"€182,184.09",1
15761141,Palerma,Spain,Female,71.0,10,€0.00,2,Yes,Yes,"€129,984.20",0
15781702,Brookes,Germany,Male,38.0,9,"€111,347.37",2,Yes,Yes,"€194,872.97",0
15790235,Hsing,Spain,Male,40.0,8,"€104,291.41",2,Yes,Yes,"€117,507.11",0
15641416,Shaffer,Germany,Female,61.0,9,"€94,867.18",2,Yes,Yes,"€157,527.60",1
15775234,Laurie,France,Male,24.0,8,€0.00,2,No,No,"€92,612.88",0
15659475,Chung,France,Female,33.0,6,"€135,703.59",2,No,No,"€74,850.84",0
15642202,Whitfield,Germany,Female,37.0,5,"€106,453.53",2,Yes,Yes,"€127,413.00",0
15771417,Thomas,French,Male,43.0,7,"€132,412.38",1,No,No,"€69,584.30",1
15585100,Rioux,Germany,Female,40.0,9,"€124,401.60",1,No,No,"€198,814.24",1
15700487,Osonduagwuike,FRA,Male,46.0,6,"€118,022.06",3,No,No,"€162,643.15",1
15726589,Matveyev,Germany,Male,39.0,1,"€82,531.11",1,No,No,"€114,092.52",0
15747503,Hayward,Spain,Male,44.0,0,"€184,552.12",1,No,No,"€68,860.30",1
15595883,Nkemdirim,Germany,Male,39.0,4,"€127,278.31",1,Yes,Yes,"€16,150.34",0
15663826,Brim,Spain,Female,66.0,3,€0.00,1,Yes,Yes,"€115,227.02",0
15742820,Trevisano,French,Female,45.0,2,€0.00,2,Yes,Yes,"€170,621.55",0
15624793,Soubeiran,Germany,Male,23.0,5,"€184,244.86",1,No,No,"€103,099.22",0
15597930,Wilson,French,Male,52.0,8,"€59,669.43",1,No,No,"€172,495.81",1
15665110,Helena,France,Female,25.0,7,"€79,543.59",1,Yes,Yes,"€38,772.82",0
15770719,Duncan,France,Female,39.0,6,"€151,553.19",1,Yes,Yes,"€44,946.29",0
15731327,Hale,Germany,Male,27.0,2,"€166,527.88",2,Yes,Yes,"€146,007.70",0
15576044,Macdonald,Germany,Male,28.0,6,"€150,329.15",1,No,No,"€145,558.42",0
15775662,McKay,FRA,Male,43.0,8,"€121,911.59",1,No,No,"€193,312.33",0
15646817,Chiekwugo,FRA,Male,51.0,9,"€156,773.78",2,No,No,"€40,257.79",0
15596060,Skinner,Spain,Male,29.0,8,"€127,864.26",1,Yes,Yes,"€46,677.90",0
15723299,Sorokina,France,Male,53.0,4,"€113,709.28",1,Yes,Yes,"€153,887.93",1
15636982,Weller,Germany,Female,43.0,7,"€79,974.55",1,Yes,Yes,"€103,108.33",0
15751175,Bess,French,Female,44.0,2,€0.00,2,Yes,Yes,"€58,652.23",0
15618936,MacDonald,French,Female,51.0,5,€0.00,1,No,No,"€91,624.11",1
15787529,Gray,Spain,Male,38.0,0,€0.00,1,No,No,"€65,986.48",1
15780128,Ogbonnaya,FRA,Male,33.0,3,"€144,427.96",2,No,No,"€113,845.19",0
15615991,Udegbulam,FRA,Male,42.0,7,"€99,263.09",1,Yes,Yes,"€67,607.90",0
15757001,Mai,FRA,Female,32.0,2,"€79,368.87",2,Yes,Yes,"€145,471.94",0
15595388,Yeh,France,Female,30.0,10,€0.00,2,Yes,Yes,"€124,071.71",0
15699550,Babbage,Spain,Female,34.0,9,€0.00,2,Yes,Yes,"€67,502.12",0
15581620,Franklin,FRA,Male,28.0,2,€0.00,3,Yes,Yes,"€78,707.97",0
15600934,Randell,France,Female,52.0,7,"€125,095.94",1,No,No,"€171,189.83",1
15738672,Paterson,Germany,Female,40.0,2,"€162,485.80",2,No,No,"€149,381.32",0
15721307,Pickering,Germany,Male,37.0,1,"€95,668.82",2,No,No,"€100,335.55",0
15619280,Uspensky,France,Male,25.0,4,€0.00,2,No,No,"€152,698.24",0
15768244,Macleod,Spain,Female,30.0,8,€0.00,2,Yes,Yes,"€41,192.95",0
15806837,Nnaife,France,Male,37.0,4,€0.00,1,No,No,"€132,540.33",0
15643496,Randolph,French,Female,34.0,5,"€74,197.38",2,No,No,"€96,875.52",0
15813916,Kudryashova,FRA,Female,31.0,1,"€89,688.94",1,Yes,Yes,"€152,305.47",0
15626385,George,Spain,Female,33.0,10,"€103,121.33",2,Yes,Yes,"€49,672.01",0
15603582,Robertson,Spain,Female,34.0,3,€0.00,1,No,No,"€133,997.53",0
15764351,Yuryeva,Germany,Female,59.0,5,"€120,170.07",1,Yes,Yes,"€50,454.80",0
15667938,Hurst,FRA,Male,32.0,9,"€149,136.31",2,Yes,Yes,"€16,402.11",0
15576360,Ch'iu,French,Male,40.0,1,"€141,136.79",1,Yes,Yes,"€67,803.83",0
15628813,King,French,Female,43.0,4,"€152,341.55",1,No,No,"€9,241.78",0
15584190,Esposito,France,Male,36.0,7,"€120,026.98",2,Yes,Yes,"€100,601.73",0
15716449,Fraser,Spain,Male,33.0,9,"€132,168.28",1,No,No,"€98,734.15",0
15759913,Trentini,Germany,Male,43.0,6,"€85,200.82",2,Yes,Yes,"€160,574.09",0
15701555,Nicholls,Spain,Male,53.0,1,"€84,903.33",2,Yes,Yes,"€26,015.80",0
15758482,Montalvo,France,Female,32.0,0,€0.00,2,No,No,"€187,172.54",0
15758171,Tien,French,Male,20.0,4,€0.00,1,Yes,Yes,"€55,763.66",0
15680346,Chuang,Spain,Male,40.0,8,€0.00,1,No,No,"€75,848.22",0
15649124,Fang,France,Male,30.0,9,"€121,535.18",1,No,No,"€40,313.47",0
15812917,Kosisochukwu,Spain,Male,35.0,6,"€116,662.96",2,Yes,Yes,"€23,864.21",0
15768455,Young,FRA,Male,60.0,8,€0.00,2,Yes,Yes,"€51,380.90",0
15703059,Scott,Germany,Female,49.0,6,"€124,829.16",1,Yes,Yes,"€93,551.36",0
15646196,Yeh,Spain,Female,36.0,2,"€155,180.56",2,No,No,"€169,415.54",0
15585451,Vigano,Germany,Female,32.0,1,"€108,262.87",1,Yes,Yes,"€6,935.31",0
15714057,Windradyne,Spain,Male,40.0,4,€0.00,2,No,No,"€25,399.70",0
15748473,Curnow,French,Male,38.0,5,€0.00,2,No,No,"€66,256.27",0
15785782,Ugonna,Spain,Male,48.0,2,€0.00,1,Yes,Yes,"€114,709.13",1
15693233,De Neeve,Germany,Male,38.0,6,"€99,812.88",2,Yes,Yes,"€158,357.97",0
15757521,Ricci,France,Male,35.0,2,"€132,164.26",1,Yes,Yes,"€164,815.59",0
15812513,Nnaife,Germany,Male,45.0,10,"€103,583.05",1,No,No,"€132,127.69",1
15674950,Ebelechukwu,Germany,Male,39.0,4,"€142,406.43",2,No,No,"€146,637.45",0
15678572,Keating,Spain,Male,38.0,7,"€99,842.50",2,No,No,"€90,256.06",1
15713608,Tuan,FRA,Female,41.0,5,€0.00,2,Yes,Yes,"€34,827.43",0
15579262,Shearston,French,Male,41.0,9,€0.00,1,No,No,"€22,074.48",0
15610426,Tien,FRA,Female,39.0,5,"€81,042.42",1,Yes,Yes,"€109,805.17",0
15776454,Hamilton,FRA,Female,48.0,5,€0.00,1,No,No,"€100,478.60",1
15771483,Arnold,France,Male,40.0,6,€0.00,2,Yes,Yes,"€97,416.34",0
15648489,Ting,FRA,Male,53.0,4,"€199,689.49",1,Yes,Yes,"€24,207.86",1
15646609,Chao,France,Male,33.0,1,"€142,645.43",1,No,No,"€69,132.66",0
15693203,Powell,Spain,Female,75.0,5,€0.00,2,Yes,Yes,"€9,376.89",0
15813067,Williams,Germany,Female,45.0,3,"€110,219.14",1,No,No,"€43,046.70",1
15769829,Cheng,Spain,Male,51.0,3,€0.00,2,Yes,Yes,"€20,856.31",0
15662434,Zhdanova,French,Male,25.0,3,€0.00,2,No,No,"€187,048.72",0
15773503,Tsai,Spain,Male,32.0,4,€0.00,2,No,No,"€53,420.53",0
15705890,Nebechukwu,French,Male,45.0,7,"€142,072.02",1,No,No,"€37,013.29",0
15711398,Fetherstonhaugh,French,Female,25.0,6,€0.00,2,No,No,"€89,566.64",0
15752375,Ojiofor,Germany,Male,33.0,8,"€149,564.61",1,No,No,"€149,913.84",0
15659175,Severson,French,Female,43.0,9,€0.00,2,No,No,"€18,066.69",0
15597033,Speight,Germany,Male,37.0,8,"€153,366.13",1,Yes,Yes,"€26,912.34",0
15590228,Greenwalt,FRA,Male,21.0,6,"€76,467.16",1,Yes,Yes,"€173,511.72",0
15631848,Grover,France,Female,26.0,9,"€121,508.28",1,Yes,Yes,"€146,785.44",0
15654211,Milani,Spain,Female,27.0,1,€0.00,1,Yes,Yes,"€1,050.33",0
15707968,Akobundu,Spain,Male,36.0,8,"€73,211.12",2,No,No,"€89,587.34",1
15594084,Anderson,French,Male,22.0,9,€0.00,2,No,No,"€74,405.34",0
15651093,Chien,France,Female,55.0,1,€0.00,2,Yes,Yes,"€54,409.48",0
15798824,Kennedy,Spain,Male,38.0,0,"€92,674.94",2,No,No,"€3,647.57",0
15671591,Castiglione,Spain,Male,52.0,3,"€96,196.24",4,No,No,"€198,874.52",1
15707189,Marshall,Germany,Female,36.0,1,"€114,391.62",1,Yes,Yes,"€53,412.54",0
15733581,Duncan,Germany,Male,32.0,9,"€80,262.66",1,No,No,"€194,867.78",0
15641640,Uspenskaya,Spain,Female,33.0,7,"€173,331.52",1,No,No,"€150,452.88",0
15585284,Thomson,Spain,Female,35.0,7,"€147,285.52",1,Yes,Yes,"€57,807.05",0
15617866,Calabrese,Spain,Male,67.0,5,"€119,785.47",2,Yes,Yes,"€107,534.32",0
15667751,Herrera,Spain,Female,36.0,1,"€140,137.15",1,No,No,"€194,073.33",0
15669411,Muse,Germany,Female,52.0,6,"€107,467.56",1,No,No,"€126,233.18",1
15789425,Marsden,Germany,Female,37.0,8,"€98,218.04",2,No,No,"€182,354.46",1
15570943,Artemyeva,Germany,Female,35.0,2,"€133,607.75",1,Yes,Yes,"€120,586.32",0
15685829,McKay,France,Male,37.0,3,€0.00,2,Yes,Yes,"€50,578.40",0
15721917,Chuang,French,Female,38.0,8,"€95,139.41",1,Yes,Yes,"€86,575.46",0
15776047,Nicholls,French,Female,29.0,3,€0.00,2,Yes,Yes,"€153,392.28",0
15716024,Dennis,Spain,Male,42.0,5,€0.00,2,No,No,"€115,509.59",0
15675328,Knight,France,Female,37.0,6,€0.00,2,No,No,"€82,176.48",0
15604314,Webb,Germany,Female,26.0,1,"€97,331.19",1,No,No,"€63,717.49",0
15658339,Pugliesi,Germany,Male,37.0,2,"€139,265.63",2,Yes,Yes,"€198,745.94",0
15630402,Nebechukwu,FRA,Female,31.0,9,€0.00,1,Yes,Yes,"€5,719.11",0
15689616,Ward,Spain,Male,34.0,5,"€168,094.01",1,No,No,"€20,058.61",0
15774224,Nixon,Germany,Female,30.0,5,"€131,563.88",2,No,No,"€170,638.98",0
15701291,Chidubem,FRA,Male,44.0,3,€0.00,2,No,No,"€30,607.11",0
15719606,Rivers,France,Male,50.0,9,€0.00,2,No,No,"€37,171.46",0
15644119,Sochima,France,Male,31.0,3,€0.00,1,Yes,Yes,"€42,589.33",0
15646859,Heydon,Germany,Male,47.0,7,"€107,363.29",1,Yes,Yes,"€66,799.28",0
15606836,Lombardo,FRA,Female,33.0,2,"€94,493.03",1,Yes,Yes,"€101,866.39",0
15664150,Holland,Germany,Female,29.0,9,"€170,214.23",2,No,No,"€49,284.00",0
15624510,Tien,FRA,Male,52.0,6,"€139,781.06",1,No,No,"€27,445.40",1
15810944,Bryant,French,Female,35.0,7,€0.00,2,No,No,"€70,760.69",0
15668575,Hao,Spain,Female,26.0,8,"€148,610.41",3,Yes,Yes,"€104,502.02",1
15603246,Genovesi,FRA,Male,73.0,2,"€170,241.70",2,Yes,Yes,"€165,407.96",0
15804002,Kovalev,France,Female,33.0,1,"€128,306.83",1,Yes,Yes,"€113,580.79",0
15728773,Hsieh,FRA,Female,47.0,7,€0.00,2,Yes,Yes,"€45,978.39",0
15598044,Debellis,French,Female,35.0,3,€0.00,1,Yes,Yes,"€152,012.36",0
15694829,Chibueze,Germany,Male,32.0,7,"€175,454.00",1,Yes,Yes,"€77,349.92",0
15600575,Padovano,Spain,Male,41.0,6,€0.00,2,No,No,"€47,322.05",0
15727311,Yen,France,Female,22.0,0,"€100,885.93",2,Yes,Yes,"€38,772.65",0
15570769,Kibble,FRA,Male,69.0,9,"€93,320.80",1,Yes,Yes,"€24,489.44",0
15606274,Lori,Germany,Male,38.0,6,"€63,176.44",2,Yes,Yes,"€14,466.08",0
15746139,Enemuo,French,Male,33.0,2,"€139,451.67",1,No,No,"€63,142.12",0
15704987,Lu,French,Female,52.0,8,"€49,113.75",1,No,No,"€41,858.43",0
15628972,Nebeolisa,Germany,Male,32.0,1,"€123,906.22",3,Yes,Yes,"€127,443.82",1
15697686,Stewart,FRA,Female,40.0,6,€0.00,2,Yes,Yes,"€84,151.98",0
15733883,Ward,French,Male,28.0,7,€0.00,2,No,No,"€58,595.64",0
15617482,Milanesi,Germany,Female,52.0,1,"€131,441.51",1,No,No,"€37,240.11",1
15704583,Chikwado,French,Male,56.0,2,€0.00,1,No,No,"€114,522.68",1
15621083,Douglas,France,Male,57.0,6,"€136,325.48",2,Yes,Yes,"€72,549.27",1
15649487,Sal,Germany,Female,38.0,4,"€113,150.44",2,No,No,"€176,712.59",1
15736760,Douglas,Spain,Female,42.0,9,€0.00,1,No,No,"€152,855.96",0
15714658,Yates,FRA,Female,33.0,4,€0.00,2,Yes,Yes,"€73,371.65",0
15599081,Watt,Germany,Female,46.0,8,"€102,785.16",1,Yes,Yes,"€70,323.68",0
15705113,P'an,Spain,Male,34.0,6,"€83,264.28",1,No,No,"€9,663.28",0
15631159,H?,Germany,Male,41.0,4,"€72,252.64",2,Yes,Yes,"€142,514.66",0
15792818,Perry,Germany,Female,29.0,6,"€148,051.52",1,No,No,"€118,623.94",0
15633531,Lavrov,French,Female,76.0,9,"€138,489.66",1,Yes,Yes,"€68,400.14",0
15744529,Chiekwugo,France,Male,63.0,8,€0.00,2,Yes,Yes,"€115,291.86",0
15669656,Macdonald,French,Male,32.0,6,"€111,589.33",1,Yes,Yes,"€170,382.99",0
15581198,Jenkins,Germany,Female,39.0,0,"€122,104.79",1,No,No,"€112,946.67",1
15729054,Korovina,Germany,Male,32.0,4,"€96,106.83",1,Yes,Yes,"€79,812.77",0
15573452,Manning,Germany,Male,42.0,7,"€115,930.87",1,No,No,"€19,862.78",0
15776733,Wilson,Germany,Female,37.0,7,"€124,513.66",2,No,No,"€158,610.89",0
15724858,Begum,French,Female,54.0,9,€0.00,1,No,No,"€191,212.63",1
15713144,Ingrassia,Spain,Male,46.0,8,€0.00,1,No,No,"€61,931.21",0
15690188,Maclean,FRA,Male,33.0,7,€0.00,1,Yes,Yes,"€58,043.02",1
15689425,Olejuru,Spain,Male,35.0,8,"€100,988.39",2,No,No,"€22,247.27",0
15671766,Enyinnaya,French,Male,44.0,10,"€118,577.24",1,Yes,Yes,"€31,448.52",0
15782806,Watson,Spain,Male,28.0,6,€0.00,2,No,No,"€146,875.86",0
15764419,Langdon,FRA,Male,27.0,5,€0.00,2,Yes,Yes,"€116,081.93",0
15591915,Frolov,French,Female,39.0,2,€0.00,1,Yes,Yes,"€73,669.94",1
15772798,Chikezie,Spain,Female,28.0,5,€0.00,2,Yes,Yes,"€93,959.96",0
15792008,Zetticci,Spain,Female,26.0,9,€0.00,2,Yes,Yes,"€158,918.03",0
15715541,Yang,France,Female,42.0,9,"€113,311.11",1,Yes,Yes,"€198,193.75",0
15639277,Lin,FRA,Female,41.0,9,€0.00,1,No,No,"€13,160.03",0
15798850,Goddard,France,Male,32.0,7,€0.00,2,No,No,"€4,660.91",0
15776348,Rogers,Germany,Male,20.0,4,"€124,365.42",1,No,No,"€180,197.74",1
15727696,Zubareva,France,Male,42.0,1,"€147,249.29",2,Yes,Yes,"€63,023.02",0
15793813,Onochie,FRA,Male,36.0,7,"€103,688.19",1,Yes,Yes,"€118,971.74",0
15694395,Ts'ui,French,Female,29.0,1,"€138,740.24",2,No,No,"€154,700.61",0
15764195,Newsom,Spain,Male,39.0,4,"€111,900.14",1,Yes,Yes,"€97,577.17",0
15744919,Genovese,Spain,Female,37.0,0,"€152,760.24",1,Yes,Yes,"€48,990.50",0
15671655,Thorpe,Germany,Male,31.0,7,"€143,966.30",2,Yes,Yes,"€140,262.96",1
15654901,Horton,France,Male,51.0,10,"€141,556.96",1,No,No,"€130,189.53",0
15649136,Williamson,FRA,Female,43.0,6,€0.00,2,Yes,Yes,"€16,301.91",0
15775562,Shoobridge,FRA,Female,33.0,5,€0.00,2,No,No,"€126,962.41",0
15807481,Peng,France,Female,46.0,1,€0.00,1,Yes,Yes,"€158,750.53",0
15642885,Gray,FRA,Male,30.0,8,€0.00,2,No,No,"€199,644.20",0
15789109,Watson,FRA,Female,41.0,10,€0.00,1,Yes,Yes,"€144,272.71",1
15814004,Fyodorova,French,Male,29.0,2,€0.00,2,Yes,Yes,"€98,320.27",0
15673619,Bazhenov,French,Male,25.0,9,"€162,560.32",1,No,No,"€64,129.03",0
15595135,Solomon,Germany,Female,29.0,7,"€123,229.46",1,No,No,"€181,221.09",0
15583681,Layh,Spain,Male,31.0,7,"€76,665.71",2,Yes,Yes,"€163,809.08",0
15605000,John,French,Male,38.0,9,"€140,278.99",3,Yes,Yes,"€171,457.06",1
15718071,Tuan,French,Female,51.0,3,€0.00,2,Yes,Yes,"€15,801.02",0
15679760,Slattery,France,Male,46.0,1,"€115,764.32",2,No,No,"€102,950.79",0
15654574,Onyekachi,Germany,Male,36.0,5,"€131,142.53",2,No,No,"€174,918.46",0
15577178,Genovese,French,Male,45.0,5,"€68,375.27",1,No,No,"€193,160.25",1
15595324,Daniels,Germany,Female,39.0,5,"€117,833.30",3,No,No,"€5,831.00",1
15756932,Caldwell,Spain,Female,36.0,7,€0.00,2,Yes,Yes,"€82,298.59",0
15726358,Chiemenam,France,Male,34.0,7,€0.00,2,No,No,"€130,686.59",0
15595228,Wanliss,FRA,Male,45.0,7,€0.00,1,Yes,Yes,"€52,885.23",1
15782530,Bruce,Spain,Male,30.0,2,"€111,093.01",1,No,No,"€68,985.99",0
15592877,Wright,Spain,Male,42.0,9,"€132,657.55",1,No,No,"€35,367.19",0
15651983,Fang,French,Female,56.0,9,"€128,882.49",1,Yes,Yes,"€196,241.94",1
15746737,Eames,Germany,Male,59.0,9,"€69,129.59",1,Yes,Yes,"€170,705.53",0
15774179,Sutherland,FRA,Male,37.0,6,€0.00,2,Yes,Yes,"€126,477.41",0
15667265,Cavenagh,FRA,Male,39.0,4,"€121,404.64",1,Yes,Yes,"€159,618.17",0
15655123,Dumetolisa,Spain,Female,45.0,9,"€131,355.30",3,No,No,"€195,395.33",1
15595917,Mackay,French,Female,35.0,1,"€102,097.33",1,Yes,Yes,"€168,285.85",0
15668385,Dellucci,French,Male,40.0,1,"€154,863.15",1,Yes,Yes,"€138,052.51",0
15709476,Kenyon,Spain,Female,41.0,3,"€99,945.93",2,No,No,"€71,179.31",0
15711218,Parry,Germany,Male,39.0,2,"€121,704.32",2,No,No,"€55,556.30",0
15798659,Kennedy,Spain,Female,43.0,3,€0.00,2,No,No,"€31,705.19",0
15663939,Arnott,Germany,Male,35.0,8,"€138,782.76",1,Yes,Yes,"€186,118.93",0
15694946,Hanson,French,Male,35.0,9,€0.00,2,Yes,Yes,"€195,580.28",0
15631912,T'ao,France,Male,30.0,8,"€136,291.71",1,No,No,"€54,113.38",0
15768816,Shen,Germany,Male,42.0,0,"€107,856.57",2,No,No,"€127,528.84",0
15682268,Steere,Germany,Female,26.0,1,"€108,348.66",1,No,No,"€60,231.74",1
15684801,Abbott,FRA,Male,47.0,1,"€93,871.95",3,No,No,"€156,878.42",1
15636428,Sutherland,Spain,Female,45.0,1,€0.00,1,No,No,"€182,784.11",1
15809823,Thurgood,Germany,Male,19.0,2,"€125,860.20",1,No,No,"€129,690.50",0
15699284,Johnson,France,Male,49.0,8,"€172,713.44",1,No,No,"€113,860.81",0
15786993,Lung,FRA,Female,51.0,5,€0.00,2,Yes,Yes,"€184,524.74",0
15709441,Cocci,Spain,Female,59.0,8,€0.00,1,Yes,Yes,"€36,124.98",0
15710257,Matveyeva,FRA,Female,39.0,3,"€130,786.92",1,Yes,Yes,"€121,316.07",0
15582492,Moore,France,Female,29.0,2,"€112,367.34",1,No,No,"€185,630.76",0
15575694,Yobachukwu,Spain,Female,45.0,7,"€91,091.06",2,No,No,"€71,133.12",0
15756820,Fleming,France,Female,26.0,7,"€106,198.50",1,Yes,Yes,"€32,020.42",0
15766289,Dickinson,French,Male,47.0,5,"€142,669.93",2,No,No,"€162,760.96",0
15593014,Evseyev,FRA,Male,33.0,1,"€112,833.35",1,Yes,Yes,"€175,178.56",0
15584545,Aksenov,FRA,Female,40.0,5,€0.00,2,Yes,Yes,"€177,099.71",0
15675949,Fleming,Spain,Female,43.0,4,€0.00,2,Yes,Yes,"€66,406.37",0
15672091,Ulyanov,Germany,Female,32.0,2,"€104,336.43",2,No,No,"€59,559.81",0
15801658,Summers,France,Male,55.0,6,"€104,305.74",1,Yes,Yes,"€175,750.21",0
15706185,Clements,Germany,Male,47.0,5,"€140,187.10",2,Yes,Yes,"€174,311.30",0
15789863,Kazakova,France,Male,39.0,4,€0.00,2,No,No,"€171,716.81",0
15720943,Pirozzi,France,Female,45.0,1,"€114,959.12",1,No,No,"€189,362.39",1
15697997,Jamieson,French,Male,33.0,5,"€164,704.38",1,Yes,Yes,"€180,716.10",1
15665416,Ferri,French,Male,62.0,10,"€119,096.55",1,Yes,Yes,"€116,977.89",0
15660200,Mai,French,Male,31.0,1,€0.00,2,Yes,Yes,"€185,105.44",0
15619653,Hannaford,French,Male,47.0,2,€0.00,1,No,No,"€35,046.97",1
15773447,Fomin,Spain,Male,30.0,8,€0.00,1,No,No,"€36,251.00",0
15739160,Mahon,France,Female,41.0,9,"€115,465.28",1,No,No,"€103,174.50",0
15689237,Shaw,France,Female,27.0,4,€0.00,2,No,No,"€122,642.09",0
15679297,Volkova,Spain,Male,43.0,3,"€184,926.61",1,No,No,"€122,937.57",0
15591433,Miles,Germany,Male,43.0,8,"€85,957.88",2,No,No,"€8,757.39",0
15642725,Madison,France,Male,32.0,10,"€114,084.60",1,Yes,Yes,"€125,782.29",0
15701962,Scott,Spain,Female,29.0,2,"€166,930.76",2,No,No,"€122,487.73",0
15811613,Voss,FRA,Female,27.0,8,€0.00,1,No,No,"€20,066.38",0
15741049,Colebatch,FRA,Male,29.0,7,€0.00,2,Yes,Yes,"€55,473.15",0
15724423,Wilson,FRA,Female,38.0,6,"€107,193.82",2,No,No,"€38,962.94",0
15574305,T'ang,FRA,Male,36.0,3,"€116,275.12",1,Yes,Yes,"€63,795.80",0
15678168,Gibson,Spain,Female,27.0,7,€0.00,2,Yes,Yes,"€163,060.43",0
15697020,Hs?eh,French,Male,39.0,2,"€91,068.56",1,No,No,"€26,578.69",0
15610801,Pan,Germany,Male,41.0,5,"€123,049.21",1,Yes,Yes,"€5,066.76",0
15745232,Chikelu,French,Female,39.0,6,€0.00,2,Yes,Yes,"€140,497.67",0
15722758,Allan,France,Male,40.0,7,€0.00,2,No,No,"€146,156.98",0
15792102,Yefremova,France,Female,42.0,3,"€137,781.65",1,No,No,"€199,316.19",0
15675185,Chuang,Germany,Female,48.0,2,"€108,128.96",2,Yes,Yes,"€103,944.37",0
15801247,Fan,Spain,Male,39.0,10,"€105,317.73",2,No,No,"€138,021.36",0
15725660,Dellucci,France,Male,20.0,1,"€80,569.73",1,No,No,"€68,621.98",0
15638963,Garran,France,Female,22.0,4,"€174,852.89",1,Yes,Yes,"€28,149.06",0
15800061,Moretti,Spain,Female,45.0,3,"€89,158.94",3,No,No,"€135,169.76",1
15578006,Yao,FRA,Female,85.0,10,€0.00,2,Yes,Yes,"€116,537.96",0
15668504,Lucchesi,FRA,Male,36.0,2,"€89,800.14",1,Yes,Yes,"€105,922.69",0
15687491,Nkemdilim,Germany,Male,45.0,9,"€101,207.75",1,No,No,"€88,211.12",1
15610403,Anderson,FRA,Male,43.0,1,"€106,086.42",2,No,No,"€26,900.63",0
15741094,Sagese,France,Male,21.0,1,€0.00,2,Yes,Yes,"€3,494.02",0
15807909,Rubensohn,FRA,Male,47.0,9,€0.00,2,No,No,"€113,163.17",0
15666141,Baldwin,Spain,Female,26.0,8,"€101,440.36",2,Yes,Yes,"€19,324.50",0
15617134,Iqbal,France,Male,38.0,4,€0.00,2,No,No,"€189,678.70",0
15783029,Monaldo,FRA,Male,34.0,7,"€106,603.74",2,Yes,Yes,"€26,387.71",0
15622833,Mahon,Germany,Female,29.0,10,"€130,420.20",2,No,No,"€106,276.55",0
15746422,Muir,FRA,Female,38.0,1,€0.00,1,No,No,"€45,015.38",0
15750839,Burns,Spain,Male,29.0,2,"€45,022.23",1,Yes,Yes,"€173,495.77",0
15749130,Dyer,Germany,Male,27.0,1,"€74,298.43",1,Yes,Yes,"€52,581.96",0
15779862,Lyons,Germany,Female,31.0,3,"€133,003.03",1,Yes,Yes,"€146,339.27",1
15767871,H?,Spain,Male,48.0,7,€0.00,2,Yes,Yes,"€182,609.97",0
15679651,Gardiner,Spain,Female,37.0,1,"€136,689.66",1,No,No,"€197,890.65",0
15576219,Cameron,French,Male,32.0,4,€0.00,2,Yes,Yes,"€6,225.63",0
15699247,Chapman,FRA,Female,44.0,5,€0.00,2,Yes,Yes,"€123,977.86",1
15619087,Taylor,France,Male,53.0,1,"€102,520.37",1,Yes,Yes,"€170,195.40",0
15605327,Namatjira,FRA,Male,35.0,2,€0.00,2,Yes,Yes,"€114,190.30",0
15610140,He,French,Female,34.0,5,€0.00,2,No,No,"€27,022.57",0
15791174,Leibius,Spain,Male,67.0,1,"€88,382.01",1,Yes,Yes,"€59,457.00",0
15602373,White,France,Male,44.0,4,"€115,049.15",2,No,No,"€165,038.41",0
15762605,Wall,French,Male,58.0,1,"€104,796.54",1,Yes,Yes,"€154,181.41",0
15598840,Moretti,French,Male,33.0,1,"€123,082.08",1,No,No,"€134,960.98",0
15744279,Patterson,Spain,Female,58.0,8,€0.00,2,Yes,Yes,"€65,708.50",0
15670619,Coppin,France,Female,33.0,8,€0.00,2,No,No,"€117,374.22",0
15599533,Tsao,France,Female,43.0,7,€0.00,2,Yes,Yes,"€77,703.19",0
15757837,Kao,Germany,Male,33.0,3,"€88,311.48",2,Yes,Yes,"€177,651.38",0
15697574,Stewart,FRA,Female,40.0,9,€0.00,3,Yes,Yes,"€60,954.45",0
15578738,Tuan,France,Male,32.0,7,"€71,872.19",1,Yes,Yes,"€151,924.90",0
15762228,Barnes,Spain,Male,35.0,6,"€110,046.93",2,No,No,"€26,318.73",0
15614827,Sun,FRA,Male,42.0,8,"€104,430.08",1,Yes,Yes,"€147,557.71",0
15789815,Fallaci,France,Female,28.0,5,€0.00,2,No,No,"€125,918.17",0
15579781,Buccho,Germany,Male,31.0,10,"€138,653.51",1,No,No,"€190,803.37",0
15587013,Tien,FRA,Female,31.0,7,"€102,575.04",1,Yes,Yes,"€11,043.54",0
15570932,Pirozzi,FRA,Male,43.0,7,"€137,780.74",2,Yes,Yes,"€119,100.05",1
15794661,Liu,Spain,Male,32.0,2,€0.00,2,No,No,"€140,579.17",0
15581654,Long,FRA,Male,32.0,7,€0.00,2,Yes,Yes,"€37,731.95",0
15644296,Scott,French,Female,30.0,8,"€105,209.54",1,No,No,"€1,852.58",0
15614420,Gerasimova,Germany,Female,32.0,0,"€109,570.21",2,Yes,Yes,"€172,049.84",0
15609653,Ifeatu,Germany,Female,44.0,6,"€118,715.86",1,No,No,"€133,591.11",1
15594577,De Luca,FRA,Male,35.0,10,€0.00,2,Yes,Yes,"€192,751.18",0
15584114,Ogbonnaya,Germany,Female,43.0,2,"€153,393.18",2,Yes,Yes,"€193,828.27",0
15673367,Humffray,Germany,Male,33.0,6,"€132,603.36",1,No,No,"€55,775.72",0
15685576,Degtyaryov,Spain,Female,36.0,6,€0.00,2,Yes,Yes,"€102,280.29",0
15774727,Monaldo,Germany,Female,34.0,1,"€129,398.01",2,No,No,"€44,965.44",0
15694288,Cawthorne,Spain,Male,28.0,3,€0.00,2,No,No,"€170,661.02",0
15603319,Graham,France,Male,29.0,2,"€151,352.74",1,No,No,"€197,145.89",0
15759066,Carpenter,France,Female,44.0,5,"€136,836.49",1,No,No,"€192,359.90",1
15814816,Kambinachi,French,Male,40.0,4,"€91,592.06",1,No,No,"€141,210.18",1
15724402,Tyler,FRA,Female,30.0,8,€0.00,2,No,No,"€100,557.03",0
15571059,Martin,French,Female,54.0,3,€0.00,1,No,No,"€130,805.54",1
15674206,Walker,French,Female,22.0,8,€0.00,2,Yes,Yes,"€92,606.98",0
15715160,Khan,France,Male,36.0,2,"€165,536.28",2,Yes,Yes,"€123,956.83",0
15730448,Iroawuchi,Germany,Male,25.0,5,"€62,482.95",1,Yes,Yes,"€102,758.43",0
15662067,Summers,France,Male,40.0,8,"€68,155.59",1,No,No,"€94,876.65",0
15779581,Bottrill,Spain,Female,43.0,3,"€55,853.33",2,Yes,Yes,"€94,811.85",1
15662901,Hu,FRA,Male,37.0,2,€0.00,2,Yes,Yes,"€67,840.81",0
15689751,Jones,French,Female,31.0,2,"€79,589.43",1,No,No,"€4,050.57",0
15667742,Vincent,Spain,Male,41.0,5,"€100,880.76",1,Yes,Yes,"€134,665.25",0
15738448,Sanford,Germany,Female,25.0,3,"€174,330.35",2,No,No,"€181,647.13",0
15680243,Brown,France,Male,19.0,7,"€143,390.51",1,No,No,"€33,282.84",0
15745083,Lei,Germany,Male,59.0,8,"€91,415.76",1,No,No,"€27,965.00",1
15708228,Toscani,Germany,Male,30.0,3,"€134,366.42",1,No,No,"€68,343.53",0
15628523,Chien,FRA,Female,24.0,3,€0.00,2,Yes,Yes,"€198,161.07",0
15708196,Uchenna,Spain,Male,60.0,8,"€88,786.81",1,Yes,Yes,"€196,858.40",0
15735549,Lori,Germany,Male,35.0,3,"€96,814.46",2,Yes,Yes,"€120,511.03",0
15809347,Fanucci,Germany,Male,32.0,9,"€160,680.41",1,No,No,"€30,886.35",0
15660866,Chimaobim,French,Female,29.0,3,€0.00,2,No,No,"€2,743.69",0
15766609,Jowers,FRA,Female,47.0,10,€0.00,2,No,No,"€167,778.62",0
15654230,Miller,Germany,Male,31.0,5,"€145,537.21",1,No,No,"€132,404.64",0
15794566,Kirsova,FRA,Female,28.0,4,€0.00,2,Yes,Yes,"€144,423.17",1
15800890,T'ien,French,Female,45.0,6,€0.00,2,Yes,Yes,"€181,204.50",0
15697424,Ku,Spain,Female,30.0,2,"€119,370.11",1,Yes,Yes,"€182,726.22",1
15724536,Chin,Spain,Female,28.0,1,€0.00,2,Yes,Yes,"€120,880.72",0
15735878,Law,Germany,Female,47.0,10,"€134,381.52",1,No,No,"€26,812.89",1
15707596,Chung,Germany,Female,74.0,8,"€114,888.74",2,Yes,Yes,"€66,732.63",1
15657163,Cockrum,Germany,Male,42.0,1,"€149,332.48",2,No,No,"€100,834.22",0
15622478,Greaves,FRA,Female,40.0,7,"€105,061.74",3,No,No,"€107,815.31",1
15779529,Grant,France,Male,32.0,7,€0.00,2,Yes,Yes,"€34,665.79",0
15636023,O'Donnell,France,Female,40.0,10,€0.00,1,Yes,Yes,"€147,093.84",1
15582066,Maclean,FRA,Male,21.0,4,€0.00,1,Yes,Yes,"€36,942.35",0
15666675,Hsieh,FRA,Female,39.0,7,"€155,062.80",1,Yes,Yes,"€16,460.77",0
15732987,Hs?,Spain,Male,43.0,3,"€88,798.34",1,No,No,"€45,610.63",0
15789432,Mazzanti,French,Male,33.0,6,€0.00,2,No,No,"€184,954.11",0
15663161,Chiu,Germany,Female,51.0,5,"€143,139.87",1,No,No,"€47,795.43",1
15694879,Reeves,Spain,Female,23.0,7,€0.00,2,No,No,"€196,789.90",0
15593715,Castiglione,Germany,Male,27.0,3,"€107,027.52",1,No,No,"€173,425.68",0
15575002,Ferguson,FRA,Male,29.0,4,"€140,720.93",1,No,No,"€36,221.18",0
15622171,Nnamdi,French,Male,30.0,8,"€80,964.57",2,No,No,"€174,738.20",0
15795224,Wu,FRA,Male,39.0,6,"€178,585.46",1,No,No,"€67,131.30",1
15685346,Chu,Spain,Female,26.0,4,"€135,889.13",1,Yes,Yes,"€165,692.03",0
15691808,King,French,Male,43.0,7,"€134,919.85",1,No,No,"€194,691.95",0
15721007,Charlton,Germany,Male,33.0,8,"€115,130.34",1,No,No,"€129,525.50",1
15794253,Marsh,Spain,Female,34.0,6,"€138,190.13",2,Yes,Yes,"€146,511.20",0
15694453,Walker,Germany,Male,37.0,9,"€131,519.49",2,Yes,Yes,"€51,752.18",0
15813113,Chang,Spain,Female,56.0,5,€0.00,1,No,No,"€35,418.69",1
15614187,Pottinger,Germany,Female,39.0,3,"€126,935.98",2,Yes,Yes,"€57,995.74",0
15619407,Buckley,French,Male,39.0,4,"€133,707.09",1,Yes,Yes,"€108,152.75",0
15646227,Folliero,FRA,Female,27.0,1,"€97,893.20",1,No,No,"€166,144.98",0
15660541,Olisanugo,FRA,Male,34.0,5,"€127,900.03",1,No,No,"€101,737.80",0
15753874,Kent,FRA,Male,37.0,10,"€143,835.47",1,Yes,Yes,"€33,326.71",0
15617877,Jessop,France,Male,44.0,0,€0.00,2,Yes,Yes,"€81,140.09",0
15772073,Hodge,French,Male,48.0,10,€0.00,1,No,No,"€140,173.17",1
15701537,Ignatiev,FRA,Male,60.0,2,€0.00,1,Yes,Yes,"€166,513.49",1
15736228,Chambers,FRA,Female,40.0,3,"€129,596.77",1,Yes,Yes,"€103,232.60",0
15780572,Mansom,Spain,Male,30.0,4,€0.00,2,No,No,"€120,736.04",0
15769596,Yen,Germany,Female,24.0,2,"€110,407.44",2,No,No,"€15,832.43",1
15586996,Azikiwe,FRA,Female,76.0,7,€0.00,2,Yes,Yes,"€188,772.45",0
15722061,Allen,Germany,Female,41.0,8,"€142,015.76",2,No,No,"€114,323.66",0
15638003,Komarova,Spain,Male,55.0,1,"€81,370.07",1,Yes,Yes,"€181,534.04",0
15775590,Mackay,Germany,Female,48.0,2,"€69,329.47",1,No,No,"€102,640.52",1
15730688,Yu,France,Female,28.0,8,"€116,755.50",2,Yes,Yes,"€158,585.17",1
15753102,Curtis,Spain,Male,44.0,6,"€83,870.33",1,No,No,"€178,722.24",0
15810075,Fang,FRA,Female,39.0,6,"€130,694.89",2,Yes,Yes,"€153,955.38",1
15723373,Page,Spain,Female,34.0,8,"€117,451.47",1,No,No,"€65,374.86",0
15795298,Olisaemeka,Germany,Female,35.0,9,"€206,868.78",2,Yes,Yes,"€102,986.15",0
15584320,Brennan,France,Female,39.0,3,"€111,695.62",1,No,No,"€136,643.84",0
15724161,Sutton,FRA,Female,40.0,9,"€137,285.26",4,No,No,"€77,063.63",1
15750056,Hyde,French,Female,29.0,6,"€149,218.39",1,Yes,Yes,"€9,633.01",0
15609637,Nkemakolam,France,Male,51.0,7,€0.00,2,Yes,Yes,"€43,496.36",0
15794493,Chimaijem,Spain,Male,32.0,7,€0.00,2,Yes,Yes,"€24,267.28",0
15569641,Sung,Germany,Female,41.0,8,"€130,701.29",1,No,No,"€59,354.24",1
15815236,Chiganu,Spain,Male,34.0,5,€0.00,2,No,No,"€28,269.86",0
15811177,Beneventi,France,Female,31.0,3,"€167,949.48",1,No,No,"€143,162.34",0
15680587,Esposito,French,Male,23.0,4,"€131,254.81",1,No,No,"€20,199.30",0
15672821,Owen,FRA,Male,28.0,5,€0.00,2,Yes,Yes,"€48,606.92",0
15767681,Smalley,Spain,Male,34.0,9,€0.00,2,Yes,Yes,"€89,013.67",0
15600379,Hsiung,Spain,Male,34.0,7,"€86,656.13",1,Yes,Yes,"€59,890.29",0
15801336,Ch'ang,Germany,Female,37.0,8,"€114,737.26",1,Yes,Yes,"€106,655.88",1
15721592,Barton,FRA,Female,38.0,5,€0.00,2,No,No,"€156,439.56",0
15581282,Lucchese,France,Female,39.0,6,€0.00,1,No,No,"€24,176.44",0
15746203,Hsia,Germany,Male,62.0,4,"€119,817.33",1,Yes,Yes,"€43,507.10",1
15583137,Pope,French,Female,48.0,7,"€130,806.99",2,Yes,Yes,"€132,005.85",1
15680752,Horrocks,French,Female,49.0,0,€0.00,1,Yes,Yes,"€80,496.71",1
15688172,Tai,Spain,Male,40.0,5,€0.00,2,No,No,"€88,947.56",0
15791373,Chikezie,Germany,Female,35.0,2,"€80,931.75",1,No,No,"€12,639.67",1
15589449,Frye,French,Female,56.0,3,€0.00,3,Yes,Yes,"€94,248.16",1
15692819,Toscani,Germany,Male,32.0,1,"€132,178.67",1,No,No,"€11,865.76",0
15727467,Mellor,France,Female,27.0,3,€0.00,2,No,No,"€141,449.86",0
15734312,Kang,Spain,Male,43.0,6,€0.00,2,Yes,Yes,"€149,457.81",0
15764604,Sutherland,France,Female,35.0,7,"€164,769.02",3,No,No,"€119,814.25",1
15613014,Hs?,Germany,Male,29.0,1,"€107,233.85",2,No,No,"€24,924.92",0
15759684,Ting,FRA,Female,27.0,7,"€176,227.07",2,Yes,Yes,"€139,481.53",0
15609669,Chuang,FRA,Female,39.0,4,"€109,949.39",2,Yes,Yes,"€41,268.65",0
15685536,Chu,French,Female,34.0,5,€0.00,2,Yes,Yes,"€1,351.41",0
15750447,Ozoemena,French,Female,60.0,10,"€117,738.81",1,No,No,"€147,489.76",1
15663249,Howells,Spain,Female,37.0,9,"€133,292.45",1,No,No,"€111,175.09",0
15638646,Lucchese,France,Female,43.0,1,"€160,474.59",1,Yes,Yes,"€95,963.14",0
15734161,Nnonso,FRA,Male,43.0,6,€0.00,2,No,No,"€43,128.95",0
15631070,Gerasimova,Germany,Male,55.0,9,"€154,393.43",1,Yes,Yes,"€137,674.96",1
15761950,Woronoff,Germany,Female,45.0,9,"€110,827.49",1,Yes,Yes,"€153,383.54",1
15649668,Wilhelm,Germany,Female,36.0,10,"€145,750.45",2,Yes,Yes,"€96,660.76",0
15713912,Nebechukwu,Spain,Female,45.0,8,"€109,044.30",1,Yes,Yes,"€115,818.16",0
15586757,Anenechukwu,FRA,Female,32.0,4,"€75,170.54",1,Yes,Yes,"€37,898.50",0
15596522,Meredith,French,Female,42.0,2,€0.00,2,No,No,"€145,222.93",0
15625395,Chinomso,French,Female,28.0,6,"€105,795.90",1,Yes,Yes,"€41,219.09",0
15760570,Stephenson,French,Male,32.0,5,€0.00,2,No,No,"€59,249.83",0
15566689,Chimaoke,Spain,Male,66.0,8,€0.00,2,Yes,Yes,"€116,747.62",0
15725794,Winters,France,Female,49.0,1,€0.00,1,No,No,"€116,249.72",1
15673539,Napolitani,France,Female,26.0,3,"€118,097.87",1,No,No,"€61,257.83",0
15705298,L?,Germany,Male,29.0,0,"€172,693.54",1,No,No,"€141,798.98",0
15675791,Williams,France,Male,36.0,4,"€129,440.30",2,No,No,"€102,638.35",0
15747043,Giles,Spain,Male,36.0,4,€0.00,2,No,No,"€13,210.56",0
15736397,Wang,FRA,Male,23.0,1,"€96,471.20",1,No,No,"€35,550.97",0
15678201,Robertson,FRA,Female,46.0,1,€0.00,1,Yes,Yes,"€104,469.06",1
15720745,Murray,Spain,Male,24.0,4,"€140,197.18",1,Yes,Yes,"€142,935.83",0
15637593,Greco,FRA,Male,20.0,6,€0.00,2,No,No,"€195,486.28",0
15598070,Marchesi,FRA,Female,33.0,4,"€135,946.26",1,No,No,"€63,170.00",0
15787550,Chao,French,Male,69.0,3,€0.00,2,Yes,Yes,"€58,320.06",0
15603942,Hawthorn,Germany,Male,50.0,3,"€81,290.02",3,Yes,Yes,"€177,747.03",1
15733973,Bibi,France,Female,42.0,8,€0.00,1,No,No,"€19,632.64",1
15596761,Hawdon,Germany,Male,60.0,9,"€113,715.36",1,No,No,"€18,424.24",1
15652400,Moss,Spain,Male,56.0,2,"€168,883.08",1,Yes,Yes,"€18,897.78",0
15717893,Briggs,Germany,Male,36.0,8,"€143,421.74",1,No,No,"€97,879.02",0
15622585,McIntyre,French,Male,26.0,7,"€153,644.39",1,Yes,Yes,"€63,197.88",0
15733964,Russo,Spain,Female,53.0,1,"€109,330.06",1,Yes,Yes,"€75,860.01",0
15753861,Ballard,Germany,Female,27.0,1,"€115,095.88",2,No,No,"€78,622.46",0
15747097,Hs?,French,Male,35.0,10,€0.00,1,Yes,Yes,"€23,598.23",1
15594762,Pisani,Spain,Male,46.0,1,"€183,276.32",1,Yes,Yes,"€13,460.27",0
15667417,Tao,France,Male,33.0,9,"€68,193.72",1,No,No,"€19,998.31",0
15684861,Thomson,French,Female,32.0,8,€0.00,2,No,No,"€185,075.63",0
15742204,Hsu,Germany,Male,31.0,6,"€139,729.54",1,Yes,Yes,"€135,815.38",0
15623502,Morrison,Spain,Female,56.0,4,"€98,365.33",1,Yes,Yes,"€44,251.33",0
15774872,Joslin,France,Male,36.0,10,€0.00,2,No,No,"€136,349.55",0
15611191,Scott,Germany,Female,37.0,10,"€122,453.97",2,Yes,Yes,"€52,693.99",0
15674331,Bidwill,Germany,Male,30.0,7,"€132,174.41",2,No,No,"€93,767.03",0
15619465,Cameron,Spain,Female,24.0,2,€0.00,2,Yes,Yes,"€197,866.55",0
15575247,Cartwright,France,Male,30.0,1,€0.00,2,No,No,"€126,812.85",0
15695679,Yao,Spain,Male,39.0,2,"€104,349.45",1,No,No,"€79,503.05",0
15713463,Tate,Germany,Female,41.0,2,"€138,881.04",1,No,No,"€129,936.53",1
15785170,Neal,Germany,Female,32.0,0,"€116,968.91",1,No,No,"€175,094.62",0
15796351,Yao,Germany,Male,35.0,1,"€105,346.03",2,Yes,Yes,"€130,379.50",0
15639576,Burns,French,Male,26.0,9,"€136,623.19",1,No,No,"€153,228.00",0
15693264,Onyinyechukwuka,FRA,Female,29.0,10,€0.00,2,Yes,Yes,"€111,285.85",0
15589715,Fulks,FRA,Female,66.0,5,€0.00,1,No,No,"€49,553.38",1
15769902,Christie,FRA,Female,33.0,6,€0.00,2,Yes,Yes,"€98,015.85",0
15587177,Lloyd,France,Male,36.0,6,"€124,445.52",1,No,No,"€88,481.32",0
15814553,Ball,FRA,Female,34.0,5,"€68,999.66",2,Yes,Yes,"€66,879.27",0
15601550,Genovesi,Spain,Male,36.0,6,"€85,768.42",1,Yes,Yes,"€24,802.77",0
15664907,Alexander,French,Male,47.0,1,€0.00,1,No,No,"€21,312.16",1
15612465,Siciliano,Spain,Male,34.0,9,"€100,628.00",2,Yes,Yes,"€190,263.78",0
15810800,Ositadimma,Spain,Female,32.0,0,€0.00,1,Yes,Yes,"€72,873.33",0
15665760,Kazantsev,Spain,Male,38.0,7,€0.00,2,Yes,Yes,"€57,764.65",0
15588080,Giles,France,Male,54.0,6,€0.00,1,No,No,"€110,273.84",1
15776844,Hao,Spain,Female,19.0,6,€0.00,2,No,No,"€55,500.17",0
15717560,Martin,FRA,Male,50.0,0,"€125,647.36",1,No,No,"€57,541.08",1
15629739,Hartley,Germany,Female,31.0,8,"€100,375.39",1,Yes,Yes,"€90,384.26",0
15729908,Allan,French,Female,36.0,10,€0.00,1,No,No,"€120,694.35",0
15716781,Dolgorukova,FRA,Male,24.0,7,"€171,922.72",1,Yes,Yes,"€178,028.96",0
15646936,Nnamdi,Germany,Female,32.0,2,"€146,810.99",2,Yes,Yes,"€180,990.29",0
15768151,Romano,Germany,Female,45.0,3,"€109,032.23",1,Yes,Yes,"€155,407.21",1
15579212,Chuang,French,Male,57.0,6,€0.00,1,No,No,"€33,676.48",1
15721835,Owen,Spain,Male,25.0,7,€0.00,1,No,No,"€89,666.28",0
15800515,Singh,FRA,Male,35.0,5,"€128,653.59",1,No,No,"€127,558.26",0
15591279,Nwagugheuzo,France,Male,37.0,3,"€80,387.81",1,Yes,Yes,"€77,272.62",0
15587419,Shipton,FRA,Male,58.0,8,€0.00,2,Yes,Yes,"€107,665.68",1
15750335,Paterson,Germany,Male,43.0,0,"€108,508.82",3,No,No,"€184,044.80",1
15699619,Rivas,FRA,Male,31.0,10,"€155,978.17",1,No,No,"€91,510.71",0
15606472,Lung,France,Female,38.0,5,€0.00,1,Yes,Yes,"€87,363.56",0
15778368,Allan,Germany,Male,50.0,4,"€121,175.56",1,No,No,"€117,505.07",1
15671387,Fetherstonhaugh,FRA,Female,29.0,4,"€89,349.47",2,No,No,"€180,626.68",0
15573926,Lung,Spain,Male,38.0,7,"€86,131.71",2,No,No,"€93,478.96",0
15709183,Davidson,French,Female,58.0,3,"€102,346.86",1,Yes,Yes,"€114,672.64",0
15577514,Mai,Germany,Female,36.0,7,"€121,263.62",1,Yes,Yes,"€13,387.88",0
15778830,Dellucci,French,Male,31.0,2,€0.00,2,No,No,"€173,240.52",0
15768072,Mitchell,Spain,Female,33.0,2,€0.00,1,No,No,"€27,557.18",1
15768293,Sun,FRA,Male,51.0,3,€0.00,2,Yes,Yes,"€5,552.37",0
15654456,Napolitano,Germany,Male,48.0,6,"€149,726.08",1,No,No,"€88,307.87",1
15807525,Bailey,France,Male,43.0,2,€0.00,2,No,No,"€33,879.26",1
15574372,Hoolan,FRA,Male,35.0,5,"€161,274.05",2,No,No,"€181,429.87",0
15671249,Kent,French,Female,33.0,2,€0.00,2,No,No,"€102,655.31",0
15779744,Chou,Spain,Male,30.0,1,"€103,138.17",1,Yes,Yes,"€96,555.42",0
15624755,Pepper,Germany,Female,40.0,3,"€109,628.44",1,No,No,"€189,366.03",0
15611430,Abramowitz,French,Male,54.0,5,€0.00,1,No,No,"€12,847.61",1
15774744,Lord,Germany,Male,33.0,7,"€97,286.16",2,No,No,"€143,433.33",0
15629885,Wilson,French,Female,33.0,7,"€118,004.26",1,No,No,"€183,983.82",0
15708791,Abazu,Spain,Male,32.0,9,"€85,534.83",1,No,No,"€169,137.24",0
15793890,Harriman,France,Female,59.0,4,€0.00,1,Yes,Yes,"€163,365.85",1
15646091,Frankland,Spain,Female,43.0,4,"€95,140.44",2,No,No,"€123,181.44",1
15596984,Pinto,French,Female,31.0,6,€0.00,1,Yes,Yes,"€16,447.60",1
15800215,Kwemtochukwu,FRA,Male,25.0,3,€0.00,2,Yes,Yes,"€173,948.40",0
15577806,Chiu,Germany,Female,54.0,1,"€75,900.84",1,Yes,Yes,"€192,154.66",0
15749381,Yu,FRA,Female,41.0,2,"€126,619.27",1,No,No,"€198,224.38",0
15683758,Onyekachukwu,France,Male,44.0,7,"€111,833.47",1,No,No,"€67,202.74",0
15670615,Castiglione,Spain,Male,37.0,7,€0.00,2,No,No,"€68,789.93",0
15715622,To Rot,French,Female,57.0,3,"€238,387.56",1,Yes,Yes,"€147,964.99",1
15707634,Anenechukwu,French,Female,32.0,2,"€108,698.96",2,Yes,Yes,"€161,069.73",0
15806901,Henderson,France,Female,39.0,2,"€112,687.69",1,Yes,Yes,"€127,749.61",0
15775335,Ellis,Germany,Female,48.0,4,"€81,556.89",2,No,No,"€191,914.37",0
15724150,Nkemdirim,France,Male,48.0,9,"€136,596.85",1,Yes,Yes,"€185,791.90",0
15627220,Kang,Germany,Female,43.0,9,"€98,807.45",1,No,No,"€184,570.04",1
15672330,Lear,French,Female,31.0,1,€0.00,2,Yes,Yes,"€130,446.65",0
15668521,Jamieson,FRA,Male,37.0,1,€0.00,2,Yes,Yes,"€82,867.55",0
15807837,Mazzanti,France,Female,30.0,6,"€107,499.70",1,Yes,Yes,"€187,632.22",0
15592570,Marino,Spain,Female,23.0,8,€0.00,2,No,No,"€56,759.79",0
15748589,Winter,France,Female,30.0,9,€0.00,2,No,No,"€34,180.33",0
15635893,T'ien,France,Female,28.0,8,€0.00,2,Yes,Yes,"€158,545.25",0
15757632,Hughes-Jones,FRA,Female,41.0,1,"€176,024.05",2,No,No,"€182,337.98",0
15691863,Cody,FRA,Female,39.0,3,€0.00,2,Yes,Yes,"€84,175.34",0
15706071,Hunt,Germany,Male,39.0,0,"€127,631.62",1,Yes,Yes,"€22,197.80",1
15654296,Estrada,Spain,Female,19.0,9,€0.00,1,No,No,"€189,641.11",0
15755018,Dickinson,Germany,Female,26.0,10,"€109,819.16",2,No,No,"€154,491.39",0
15594041,Fanucci,Spain,Female,41.0,2,"€138,734.94",1,No,No,"€90,020.74",0
15670587,Yang,Germany,Male,25.0,10,"€111,363.10",2,No,No,"€197,264.35",0
15724527,Forbes,FRA,Male,34.0,9,€0.00,2,Yes,Yes,"€31,933.06",0
15801904,Heard,Germany,Male,28.0,0,"€143,988.00",2,No,No,"€8,755.69",1
15658195,Efremova,FRA,Male,34.0,5,"€118,838.75",1,Yes,Yes,"€52,820.13",0
15630113,Morphett,Spain,Male,35.0,4,"€161,637.75",1,Yes,Yes,"€20,008.46",0
15784320,Lenhardt,French,Female,44.0,3,"€133,793.89",1,Yes,Yes,"€34,607.14",1
15676513,Burns,Germany,Male,35.0,8,"€71,553.83",1,No,No,"€177,384.45",0
15574072,Ch'ien,FRA,Female,62.0,8,€0.00,1,Yes,Yes,"€165,702.64",0
15633854,Sun,France,Female,40.0,3,€0.00,2,No,No,"€167,889.10",0
15618566,Jamieson,France,Female,38.0,7,€0.00,2,Yes,Yes,"€133,122.62",0
15733014,Nolan,French,Female,62.0,10,"€64,667.95",2,Yes,Yes,"€140,454.14",0
15753343,Barry,France,Female,28.0,2,"€121,164.11",1,Yes,Yes,"€59,938.81",0
15746076,Saunders,Spain,Male,50.0,3,€0.00,2,No,No,"€12,016.79",0
15608226,McMorran,Spain,Male,72.0,3,"€98,903.06",1,Yes,Yes,"€81,251.24",0
15605684,Phelan,France,Female,31.0,7,"€104,158.84",1,No,No,"€134,169.85",0
15638988,Fu,French,Male,54.0,6,€0.00,2,Yes,Yes,"€94,888.60",0
15628767,Hotchin,Spain,Female,63.0,3,"€139,529.93",2,Yes,Yes,"€175,696.16",1
15737977,Aksyonov,French,Female,25.0,6,€0.00,2,Yes,Yes,"€96,758.58",0
15758116,Rossi,FRA,Male,53.0,5,"€64,646.70",1,No,No,"€128,019.48",1
15575119,Hughes,France,Male,71.0,3,€0.00,2,Yes,Yes,"€146,895.36",1
15625126,Duncan,French,Female,40.0,6,€0.00,2,Yes,Yes,"€139,356.30",0
15567114,McGarry,France,Male,35.0,1,"€118,894.22",1,No,No,"€2,923.61",0
15672242,Aksenov,FRA,Male,24.0,2,€0.00,1,Yes,Yes,"€121,232.51",0
15681327,Akhtar,FRA,Male,30.0,9,€0.00,2,Yes,Yes,"€2,053.42",0
15802585,Pisani,French,Female,41.0,8,"€68,213.99",1,Yes,Yes,"€6,382.46",0
15740630,Pisano,Spain,Female,31.0,1,€0.00,2,No,No,"€158,750.13",0
15815420,McDaniels,Spain,Male,47.0,8,"€139,196.00",1,Yes,Yes,"€74,028.36",0
15711468,Tennant,FRA,Female,32.0,7,€0.00,2,Yes,Yes,"€44,099.75",0
15799626,Donaghy,Germany,Male,50.0,4,"€126,345.55",1,Yes,Yes,"€17,323.00",1
15659325,Todd,Spain,Male,40.0,5,€0.00,2,Yes,Yes,"€175,043.69",0
15651352,Tobenna,French,Female,38.0,2,€0.00,1,No,No,"€146,388.85",1
15684925,Vicars,French,Female,43.0,3,€0.00,2,No,No,"€2,465.80",0
15657439,Chao,France,Male,18.0,4,€0.00,2,Yes,Yes,"€47,799.15",0
15574122,Tien,French,Male,34.0,5,"€129,278.43",1,No,No,"€165,562.84",0
15720508,Hsing,French,Male,31.0,3,"€119,558.35",1,No,No,"€72,927.68",0
15599078,Yang,Germany,Female,41.0,5,"€92,467.58",1,No,No,"€38,270.47",0
15702300,Walker,French,Male,27.0,5,€0.00,2,No,No,"€120,893.07",0
15660735,T'ang,Spain,Female,31.0,6,€0.00,2,No,No,"€188,377.21",0
15671390,Chukwukere,Spain,Male,36.0,10,€0.00,2,No,No,"€55,902.93",0
15647385,Ch'iu,Spain,Male,56.0,4,"€99,340.83",1,No,No,"€4,523.74",1
15739223,Pai,Spain,Female,24.0,3,€0.00,2,Yes,Yes,"€102,195.16",0
15631305,Franklin,Spain,Female,28.0,4,"€126,833.79",2,No,No,"€60,843.09",1
15809263,Y?,Germany,Male,29.0,5,"€109,676.52",1,Yes,Yes,"€25,548.47",0
15640866,Peng,FRA,Female,29.0,3,€0.00,1,Yes,Yes,"€134,462.29",0
15775663,Otitodilichukwu,Germany,Male,53.0,6,"€134,729.99",2,Yes,Yes,"€132,702.64",0
15631800,Pagnotto,French,Male,37.0,3,"€98,431.37",1,No,No,"€75,698.44",0
15654292,Vessels,Germany,Male,33.0,8,"€130,368.31",2,No,No,"€105,642.43",0
15648320,Heller,France,Female,31.0,7,"€123,974.96",1,No,No,"€102,153.75",0
15726747,Donaldson,France,Male,63.0,4,"€138,082.16",1,Yes,Yes,"€166,677.54",0
15694510,Ifeanyichukwu,France,Male,45.0,1,"€129,855.32",1,No,No,"€24,218.65",0
15572291,Kao,French,Male,40.0,6,"€132,308.22",1,No,No,"€117,122.50",0
15603465,Dunn,Germany,Female,45.0,5,"€155,447.65",2,No,No,"€51,871.95",1
15685628,Calabresi,Spain,Male,35.0,2,"€124,268.64",2,Yes,Yes,"€84,321.03",0
15792729,Holland,Germany,Female,34.0,9,"€176,311.36",1,No,No,"€160,213.27",0
15767414,Calabresi,France,Male,40.0,2,"€99,886.42",2,Yes,Yes,"€88,695.19",0
15568044,Butusov,France,Female,31.0,7,€0.00,2,Yes,Yes,"€6,123.15",0
15751333,Atkinson,France,Female,36.0,2,€0.00,2,Yes,Yes,"€167,749.54",0
15623062,Vasilyeva,Germany,Male,24.0,5,"€85,089.30",1,Yes,Yes,"€71,638.00",0
15713621,Mollison,Germany,Male,41.0,10,"€134,318.21",2,Yes,Yes,"€198,064.52",0
15670668,Webb,Germany,Male,29.0,5,"€75,395.53",2,Yes,Yes,"€54,914.92",0
15750638,Obiajulu,Germany,Female,33.0,5,"€116,765.70",1,No,No,"€190,659.17",1
15747878,Aiken,Spain,Male,60.0,4,€0.00,1,Yes,Yes,"€51,637.67",0
15726796,Brabyn,France,Male,38.0,7,"€111,501.66",1,Yes,Yes,"€119,333.38",0
15754952,Su,Germany,Female,48.0,7,"€76,595.08",2,No,No,"€127,095.14",0
15652192,Traeger,French,Female,33.0,9,"€160,541.36",2,No,No,"€93,541.14",0
15681924,Ekwueme,Germany,Male,38.0,2,"€129,728.60",1,No,No,"€89,289.54",0
15763544,Thompson,FRA,Male,47.0,1,€0.00,2,No,No,"€108,762.16",0
15764431,Chinwenma,Spain,Female,34.0,5,"€130,929.02",4,Yes,Yes,"€28,238.25",1
15684010,Tuan,Germany,Female,74.0,2,"€116,800.25",1,Yes,Yes,"€34,130.43",0
15648881,Tsai,Germany,Male,40.0,0,"€101,016.53",1,Yes,Yes,"€7,926.35",1
15733303,Liu,France,Male,67.0,5,€0.00,2,Yes,Yes,"€27,330.27",0
15643294,Robinson,France,Female,33.0,8,"€190,566.65",1,Yes,Yes,"€79,997.14",0
15749905,Carr,Spain,Female,47.0,6,€0.00,1,No,No,"€50,213.81",1
15625175,Palerma,Germany,Female,43.0,6,"€97,067.69",1,Yes,Yes,"€60,920.03",1
15643967,Chineze,French,Female,37.0,4,"€92,208.54",1,Yes,Yes,"€197,699.80",1
15578251,Fang,France,Male,37.0,2,"€186,347.97",2,No,No,"€92,809.73",0
15772573,Simpson,Spain,Male,55.0,2,"€103,176.62",1,Yes,Yes,"€163,516.16",0
15733234,Moretti,France,Female,58.0,4,€0.00,1,Yes,Yes,"€62,449.07",1
15721582,Hale,Germany,Female,40.0,4,"€77,270.08",2,Yes,Yes,"€115,800.10",1
15628219,Benson,Germany,Female,37.0,3,"€111,911.63",1,Yes,Yes,"€110,359.68",1
15571302,Estep,Germany,Male,72.0,5,"€94,216.05",1,Yes,Yes,"€78,695.68",0
15637178,Mishina,Spain,Female,45.0,7,€0.00,2,Yes,Yes,"€128,378.04",0
15601184,Abramovich,Spain,Female,26.0,3,€0.00,2,No,No,"€155,248.62",0
15629511,Lavrentiev,French,Male,49.0,6,"€106,770.82",1,No,No,"€123,499.27",0
15570629,Alexeyeva,Germany,Female,72.0,5,"€138,089.97",2,Yes,Yes,"€99,920.41",0
15665766,T'ang,Germany,Male,39.0,9,"€133,191.19",2,Yes,Yes,"€53,289.49",0
15693732,Kilgour,France,Female,66.0,9,€0.00,2,Yes,Yes,"€67,622.34",0
15765982,Chin,France,Male,41.0,7,"€74,135.85",1,Yes,Yes,"€11,783.10",1
15582016,Fiorentini,Spain,Male,41.0,6,"€99,208.46",2,No,No,"€62,402.38",0
15798024,Lori,Germany,Male,84.0,8,"€92,242.34",1,Yes,Yes,"€186,235.98",0
15588622,Marchesi,Germany,Male,25.0,7,"€108,380.72",1,Yes,Yes,"€79,005.95",0
15724863,Sheppard,Spain,Female,55.0,4,"€91,893.32",1,No,No,"€144,870.28",1
15618213,Nnanna,French,Female,32.0,7,"€85,757.93",1,Yes,Yes,"€95,481.00",0
15780411,Norris,France,Female,46.0,3,€0.00,2,No,No,€820.46,0
15725429,Vincent,Germany,Male,33.0,8,"€96,759.42",1,Yes,Yes,"€174,777.98",0
15600626,Bradley,French,Male,30.0,6,€0.00,2,Yes,Yes,"€8,991.17",0
15668460,Bellucci,French,Male,29.0,6,€0.00,2,Yes,Yes,"€2,797.27",0
15576263,Clements,French,Female,22.0,5,€0.00,1,No,No,"€22,303.17",0
15720354,Knowles,French,Male,71.0,4,€0.00,2,Yes,Yes,"€197,562.08",0
15691624,Chidiebere,France,Male,33.0,2,"€132,150.26",2,No,No,"€23,067.97",0
15793196,Kelly,French,Male,41.0,9,€0.00,2,Yes,Yes,"€190,294.12",0
15633352,Okwukwe,FRA,Female,31.0,6,"€175,443.75",1,No,No,"€113,167.17",1
15750874,Onyemere,France,Male,31.0,3,"€78,990.15",1,Yes,Yes,"€124,777.14",0
15588923,Murphy,France,Female,33.0,4,"€113,743.37",1,No,No,"€124,625.08",0
15715745,Elliott,French,Female,26.0,5,"€157,624.84",1,Yes,Yes,"€49,599.27",0
15611800,Loggia,French,Female,62.0,7,"€125,163.62",2,Yes,Yes,"€151,411.50",0
15576928,Walsh,France,Female,23.0,2,€0.00,1,No,No,"€122,964.18",0
15793693,Mahomed,FRA,Male,60.0,9,€0.00,1,Yes,Yes,"€57,088.97",0
15581252,Dolgorukova,Spain,Female,29.0,7,"€80,922.75",1,No,No,"€7,820.78",0
15797760,Bogdanov,FRA,Male,40.0,3,"€193,354.86",2,No,No,"€149,188.41",0
15790564,She,Germany,Female,40.0,9,"€107,648.94",2,Yes,Yes,"€134,638.97",0
15593736,Cook,Germany,Female,46.0,7,"€131,769.04",1,No,No,"€184,980.23",1
15595937,Bruno,Germany,Male,36.0,1,"€138,992.48",2,No,No,"€122,373.42",0
15815628,Moysey,France,Female,37.0,8,"€113,899.92",1,No,No,"€80,215.20",0
15782802,Beneventi,Germany,Male,26.0,6,"€114,450.32",1,Yes,Yes,"€14,081.64",0
15627412,Ferri,FRA,Male,39.0,3,€0.00,2,No,No,"€199,390.45",0
15734609,Skinner,French,Female,37.0,2,€0.00,2,Yes,Yes,"€7,667.48",0
15710689,Angel,Spain,Male,40.0,6,"€63,609.92",1,No,No,"€74,965.61",1
15565806,Toosey,French,Male,38.0,9,€0.00,2,No,No,"€30,583.95",0
15815530,Chin,French,Female,42.0,10,"€75,497.51",1,No,No,"€149,682.78",0
15632272,Lung,FRA,Female,42.0,2,€0.00,2,No,No,"€92,664.09",0
15684103,Mellor,French,Female,26.0,10,€0.00,2,Yes,Yes,"€138,423.10",0
15654519,Hassall,French,Male,31.0,1,€0.00,2,Yes,Yes,"€3,148.20",0
15767722,Richardson,French,Female,39.0,0,"€117,704.73",1,No,No,"€197,933.50",0
15654346,Poninski,Germany,Male,35.0,1,"€130,463.55",2,Yes,Yes,"€37,341.17",0
15660147,Dore,Spain,Male,32.0,8,"€46,161.18",1,Yes,Yes,"€79,577.40",0
15814998,Bonham,Spain,Male,42.0,5,€0.00,2,No,No,"€197,602.29",0
15802207,Ibezimako,Germany,Male,43.0,4,"€110,182.54",2,Yes,Yes,"€87,537.32",0
15658668,Hunter,Spain,Male,49.0,10,€0.00,2,No,No,"€41,623.59",0
15715079,Bold,France,Male,41.0,9,"€117,221.15",1,No,No,"€168,280.95",0
15570360,Wan,French,Female,35.0,4,€0.00,2,No,No,"€125,986.18",0
15674678,Bradley,Germany,Female,43.0,9,"€79,120.27",1,No,No,€548.52,1
15780925,Tretyakova,FRA,Male,37.0,1,"€177,069.24",2,Yes,Yes,"€96,088.54",0
15688193,Graham,France,Male,36.0,3,"€61,636.97",1,No,No,"€107,787.42",0
15778219,Izmailov,France,Male,26.0,5,€0.00,1,No,No,"€20,510.79",0
15696514,Calabrese,Germany,Female,37.0,6,"€104,414.03",1,No,No,"€192,026.02",0
15712303,Valentin,French,Male,66.0,4,"€159,732.02",1,Yes,Yes,"€118,188.15",0
15719090,Osonduagwuike,Germany,Female,34.0,4,"€89,437.03",1,Yes,Yes,"€189,540.95",0
15735632,Williamson,FRA,Male,41.0,8,€0.00,1,Yes,Yes,"€63,736.17",0
15619436,Pan,France,Female,32.0,3,€0.00,1,No,No,"€95,740.37",0
15722404,Carpenter,FRA,Female,30.0,3,€0.00,2,Yes,Yes,"€127,939.19",0
15662063,McIver,France,Male,36.0,7,"€142,400.77",1,Yes,Yes,"€193,438.69",0
15745605,Trevisan,FRA,Female,47.0,2,"€88,011.40",1,Yes,Yes,"€90,655.94",1
15636658,Rozhkova,France,Male,36.0,2,€0.00,2,Yes,Yes,"€12,067.39",0
15784130,He,Germany,Female,30.0,8,"€154,870.28",1,Yes,Yes,"€54,191.38",0
15606755,Moretti,Spain,Female,46.0,4,€0.00,2,No,No,"€58,667.16",1
15801699,Fishbourne,Spain,Male,43.0,5,€0.00,2,Yes,Yes,"€35,687.43",0
15784097,Gibson,Germany,Male,28.0,1,"€118,402.25",2,No,No,"€14,288.93",0
15764654,Zikoranachidimma,FRA,Male,37.0,9,"€87,374.88",2,Yes,Yes,€247.36,0
15612092,Palmer,Germany,Male,32.0,8,"€105,397.80",1,No,No,"€78,111.84",1
15610903,Chukwueloka,Spain,Female,31.0,5,"€125,341.69",1,No,No,"€79,547.39",0
15705777,Real,Germany,Male,49.0,10,"€129,164.88",1,Yes,Yes,"€193,266.72",0
15661936,Chikelu,FRA,Male,40.0,3,"€141,004.46",1,No,No,"€105,028.46",0
15700864,Fiorentini,French,Female,21.0,0,€0.00,2,No,No,"€116,106.52",0
15722965,Yefimova,France,Male,57.0,3,"€89,079.41",1,Yes,Yes,"€53,179.21",1
15737521,Ball,Germany,Male,40.0,9,"€103,604.31",2,No,No,"€140,947.05",0
15814465,Ch'in,French,Male,24.0,1,"€182,705.05",1,Yes,Yes,"€171,837.06",0
15580988,Odell,French,Male,29.0,8,€0.00,2,Yes,Yes,"€123,437.05",0
15789974,Enemuo,French,Male,33.0,6,"€94,598.48",1,No,No,"€197,519.66",1
15713370,Hunter,Spain,Male,36.0,8,"€188,241.05",2,No,No,"€183,058.51",1
15748673,Nepean,French,Female,37.0,9,€0.00,2,No,No,"€22,710.72",0
15754919,Nwebube,France,Female,40.0,10,€0.00,2,Yes,Yes,"€69,303.15",0
15641662,Enticknap,Germany,Male,39.0,5,"€117,469.91",2,No,No,"€63,705.90",0
15813422,Lu,Spain,Male,35.0,4,"€80,790.74",1,No,No,"€116,429.51",0
15713596,Ugochukwu,FRA,Female,62.0,1,"€107,735.93",1,Yes,Yes,"€58,381.77",0
15791216,Mann,Germany,Male,43.0,8,"€133,379.41",1,No,No,"€177,378.66",1
15689031,Murphy,Spain,Female,37.0,7,"€168,066.87",1,No,No,"€35,450.53",0
15763704,Docherty,Germany,Female,43.0,2,"€69,014.49",2,No,No,"€164,621.43",0
15631339,Adams,French,Male,28.0,4,€0.00,1,No,No,"€174,435.48",0
15771509,Hirst,Germany,Female,42.0,1,"€98,548.62",2,Yes,Yes,"€94,047.75",0
15769586,Horan,French,Female,49.0,1,€0.00,2,Yes,Yes,"€119,087.25",0
15656096,Cumbrae-Stewart,Spain,Female,26.0,3,"€76,554.06",1,Yes,Yes,"€184,800.27",0
15585280,Kinney,FRA,Female,36.0,2,€0.00,2,Yes,Yes,"€75,035.48",0
15743582,T'ang,French,Female,27.0,3,"€107,375.82",1,Yes,Yes,"€62,703.38",0
15761692,Muir,FRA,Male,40.0,9,"€122,417.17",2,Yes,Yes,"€190,882.69",0
15627840,Toscano,French,Female,42.0,0,€0.00,1,Yes,Yes,"€91,981.85",1
15778861,Wallace,Spain,Male,33.0,6,"€97,188.62",1,No,No,"€91,881.29",0
15770554,Fraser,France,Male,31.0,4,"€61,297.05",2,Yes,Yes,"€7,118.02",0
15806956,Iqbal,Spain,Male,30.0,1,"€112,666.67",1,No,No,"€11,710.40",1
15701908,Nina,Spain,Female,40.0,7,€0.00,1,Yes,Yes,"€25,904.12",0
15736990,Chuang,FRA,Male,28.0,3,"€157,842.07",1,No,No,"€86,911.49",0
15743714,Ch'ien,France,Male,46.0,7,"€91,443.75",1,No,No,"€10,958.18",0
15807993,Bruno,Germany,Female,30.0,0,"€110,148.49",1,No,No,"€5,790.90",1
15644686,Kennedy,Spain,Female,34.0,9,"€53,299.96",2,Yes,Yes,"€42,855.97",0
15677377,Lawrence,Spain,Male,37.0,3,€0.00,2,Yes,Yes,"€78,915.68",0
15626412,Mort,Spain,Male,39.0,6,€0.00,2,Yes,Yes,"€81,409.00",0
15643679,Goliwe,Germany,Male,28.0,2,"€70,233.74",2,Yes,Yes,"€179,252.73",0
15728456,Martinez,France,Male,33.0,3,€0.00,1,No,No,"€42,171.13",1
15630661,Vasilyev,Spain,Female,25.0,10,"€75,212.28",1,No,No,"€58,965.04",0
15734044,Black,French,Female,31.0,7,"€41,299.03",1,Yes,Yes,"€102,681.32",0
15705001,Napolitani,Spain,Female,35.0,3,"€83,286.56",1,No,No,"€125,553.52",0
15809817,Ch'en,Spain,Male,43.0,10,€0.00,2,No,No,"€53,478.02",0
15809137,Sagese,French,Male,29.0,6,€0.00,1,No,No,"€198,376.02",1
15751593,Fraser,Germany,Male,35.0,6,"€85,668.59",1,No,No,"€105,525.36",0
15626491,Hughes,French,Female,45.0,7,"€57,327.04",1,Yes,Yes,"€47,349.00",0
15765461,Giles,Spain,Male,47.0,3,€0.00,2,No,No,"€178,822.32",0
15568120,Lacross,FRA,Female,37.0,7,"€69,609.85",1,Yes,Yes,"€72,127.83",0
15787161,Pisani,Germany,Male,46.0,4,"€129,269.27",1,No,No,"€163,504.33",0
15812324,King,FRA,Male,27.0,1,€0.00,2,Yes,Yes,"€190,623.02",0
15588944,Maughan,French,Female,63.0,1,"€165,350.61",2,No,No,"€140,758.07",1
15694253,Palerma,FRA,Female,41.0,7,"€152,105.57",2,Yes,Yes,"€132,374.41",0
15759566,Tochukwu,FRA,Male,74.0,10,€0.00,2,Yes,Yes,"€53,949.98",0
15675675,Slate,France,Female,32.0,5,"€106,290.64",1,No,No,"€121,982.73",0
15802060,Ch'ang,Germany,Female,30.0,10,"€100,548.67",2,No,No,"€136,983.77",0
15660505,Romani,Germany,Male,46.0,2,"€106,344.95",1,No,No,"€114,371.33",1
15782630,Genovese,France,Male,35.0,5,"€137,482.19",1,No,No,"€62,389.35",0
15700710,Chiebuka,French,Female,37.0,3,"€116,465.53",1,Yes,Yes,"€24,435.77",0
15742834,Liao,French,Male,45.0,1,€0.00,1,Yes,Yes,"€10,908.33",0
15806511,Berry,Spain,Male,45.0,10,€0.00,2,Yes,Yes,"€90,977.48",0
15608166,Fallaci,French,Male,36.0,9,"€127,637.92",1,Yes,Yes,"€81,062.93",0
15614230,T'an,FRA,Female,34.0,3,€0.00,2,Yes,Yes,"€61,230.83",0
15729958,Wilkinson,FRA,Male,37.0,1,€0.00,1,Yes,Yes,"€126,837.72",0
15800814,Palerma,France,Male,35.0,2,"€81,951.74",2,No,No,"€115,668.53",0
15674727,Lazarev,French,Female,42.0,5,"€147,531.82",1,Yes,Yes,"€38,819.45",0
15657779,Boylan,Spain,Male,18.0,3,€0.00,2,Yes,Yes,"€86,994.54",0
15801395,Warren,France,Female,33.0,10,"€135,120.72",1,No,No,"€195,204.99",0
15757911,Trevisani,Spain,Female,32.0,2,€0.00,1,No,No,"€131,301.74",0
15665340,Trevisano,Spain,Female,37.0,8,€0.00,2,Yes,Yes,"€100,835.19",0
15787151,Liao,France,Female,34.0,7,€0.00,2,Yes,Yes,"€198,969.78",0
15757821,Burgess,Spain,Male,18.0,1,€0.00,2,No,No,"€41,542.95",0
15600688,Liston,FRA,Female,39.0,5,€0.00,2,No,No,"€118,272.07",0
15594878,Thompson,Spain,Female,41.0,5,"€28,082.95",1,No,No,"€69,586.27",1
15569248,Milanesi,French,Female,43.0,10,€0.00,2,No,No,"€149,629.13",1
15812706,Mazure,Spain,Male,49.0,4,"€111,087.50",1,Yes,Yes,"€146,680.25",0
15645045,Rudduck,France,Female,38.0,9,€0.00,2,Yes,Yes,"€132,809.18",0
15766746,Darwin,France,Male,35.0,6,"€127,120.07",1,No,No,"€28,707.69",0
15700383,Uvarova,French,Female,35.0,7,"€115,651.60",2,Yes,Yes,"€104,706.29",0
15632551,Buccho,Germany,Male,31.0,4,"€77,743.01",2,No,No,"€75,335.68",0
15795129,Gallo,France,Female,30.0,9,€0.00,2,No,No,"€136,827.96",0
15650545,Tomlinson,FRA,Male,69.0,7,"€71,996.09",1,Yes,Yes,"€139,065.94",0
15612769,Carr,French,Male,28.0,5,"€61,581.97",1,Yes,Yes,"€70,179.91",0
15710853,Ts'ui,French,Female,24.0,5,€0.00,2,No,No,"€116,160.04",0
15623712,Coates,Spain,Female,42.0,5,€0.00,3,No,No,"€83,008.49",1
15653251,Hickey,FRA,Female,84.0,8,"€87,873.39",1,No,No,"€188,484.52",1
15755077,Norton,Germany,Female,37.0,0,"€105,617.73",2,Yes,Yes,"€133,699.82",1
15808557,Mancini,French,Female,42.0,5,€0.00,1,Yes,Yes,"€72,172.13",1
15614687,Tien,Germany,Female,44.0,4,"€148,770.61",2,Yes,Yes,"€191,057.76",0
15626882,Stobie,Spain,Male,37.0,5,"€94,901.09",1,Yes,Yes,"€48,233.75",0
15748034,Drakeford,France,Male,29.0,7,"€174,851.90",1,Yes,Yes,"€79,178.31",0
15632324,Pisani,France,Male,59.0,7,€0.00,2,Yes,Yes,"€162,347.05",0
15761023,Murphy,Germany,Female,43.0,2,"€120,847.11",1,No,No,"€7,611.61",1
15761453,Kovalev,France,Male,42.0,6,€0.00,1,No,No,"€88,890.05",0
15646726,Crawford,France,Male,43.0,5,€0.00,1,No,No,"€63,833.09",0
15637169,Maclean,Spain,Female,67.0,4,"€103,267.80",1,Yes,Yes,"€78,310.04",0
15636024,Blackburn,Spain,Female,34.0,4,"€109,699.08",1,Yes,Yes,"€37,898.91",0
15801218,Bermudez,French,Male,49.0,8,"€135,133.39",1,Yes,Yes,"€179,521.24",1
15642655,Savage,Spain,Male,33.0,1,€0.00,1,No,No,"€130,726.96",0
15690130,Wyatt,France,Female,32.0,8,"€137,649.47",1,No,No,"€198,714.29",0
15653753,Chiemenam,Spain,Male,43.0,6,"€113,567.94",1,No,No,"€89,543.25",0
15641359,Shao,Spain,Female,35.0,6,€0.00,2,No,No,"€2,423.90",1
15776827,Langdon,Germany,Male,37.0,5,"€141,547.26",2,Yes,Yes,"€180,326.83",0
15647725,Napolitano,FRA,Female,61.0,5,"€62,055.17",3,No,No,"€166,305.16",1
15648455,Kung,Germany,Male,51.0,4,"€131,156.76",1,No,No,"€29,883.63",0
15580629,Blackwood,FRA,Male,31.0,6,"€134,837.58",1,No,No,"€192,029.19",0
15730161,Marcelo,FRA,Female,39.0,3,€0.00,2,No,No,"€1,710.89",0
15626612,Yin,Spain,Male,40.0,4,"€104,784.23",1,No,No,"€135,163.76",1
15662865,Storey,Spain,Male,36.0,1,€0.00,2,Yes,Yes,"€84,927.42",0
15629094,Fomin,FRA,Female,36.0,1,"€156,948.41",1,Yes,Yes,"€149,912.28",1
15651823,Nkemjika,FRA,Female,60.0,6,"€147,751.75",1,No,No,"€88,206.04",1
15594827,Glasgow,French,Male,34.0,1,"€124,619.33",2,Yes,Yes,"€163,667.56",0
15786392,Chen,FRA,Male,41.0,4,"€124,182.21",1,No,No,"€100,153.43",0
15727353,Ch'ang,FRA,Female,64.0,7,"€142,028.36",1,No,No,"€32,275.09",1
15733777,Evans,French,Male,44.0,8,€0.00,1,No,No,"€65,501.91",1
15614302,Crotty,Germany,Female,31.0,10,"€125,837.86",2,No,No,"€189,392.66",0
15723263,Cocci,Germany,Female,34.0,9,"€117,160.32",1,Yes,Yes,"€116,069.24",1
15687270,Iroawuchi,Spain,Female,61.0,8,€0.00,2,Yes,Yes,"€139,861.53",0
15803121,Chia,France,Male,51.0,5,"€97,565.74",1,No,No,"€144,184.06",1
15598700,Hysell,Spain,Female,30.0,5,€0.00,2,Yes,Yes,"€157,888.50",0
15741875,Williamson,Spain,Female,25.0,3,"€104,833.79",1,No,No,"€71,911.30",0
15631709,Ginikanwa,Spain,Female,31.0,2,"€101,675.22",2,No,No,"€45,033.75",0
15672970,Chigolum,Spain,Male,20.0,3,€0.00,2,Yes,Yes,"€150,465.93",0
15761670,Morley,French,Female,50.0,8,€0.00,1,No,No,"€126,381.60",1
15706005,Roberts,FRA,Male,46.0,2,"€174,701.05",1,No,No,"€90,189.72",1
15790336,Tokareva,Germany,Male,36.0,6,"€71,142.77",2,No,No,"€122,433.09",0
15754267,Fleming,Germany,Male,31.0,3,"€108,805.42",2,Yes,Yes,"€123,825.83",0
15791988,Chinomso,France,Male,68.0,4,€0.00,2,Yes,Yes,"€11,426.70",0
15683375,Compton,French,Female,32.0,4,€0.00,1,Yes,Yes,"€114,951.42",0
15625151,Wan,FRA,Female,66.0,9,"€116,037.76",1,Yes,Yes,"€184,636.05",0
15635285,Taylor,French,Male,28.0,8,€0.00,2,Yes,Yes,"€91,055.27",0
15574296,Kambinachi,French,Male,23.0,2,"€80,673.96",2,No,No,"€93,991.65",0
15711618,Chang,Germany,Female,39.0,1,"€124,640.51",1,No,No,"€116,511.12",1
15670943,See,Germany,Male,31.0,9,"€182,275.23",2,No,No,"€190,631.23",0
15634359,Dyer,Germany,Female,41.0,5,"€98,635.77",1,No,No,"€199,970.74",0
15586629,Campbell,French,Male,33.0,5,€0.00,2,No,No,"€139,947.17",0
15588461,Cremonesi,France,Male,35.0,4,€0.00,1,No,No,"€8,816.37",0
15773221,Harris,Spain,Male,43.0,8,"€79,757.21",1,No,No,"€135,650.72",1
15664227,Threatt,Germany,Male,28.0,8,"€53,053.76",1,Yes,Yes,"€24,577.34",0
15741745,Lane,French,Male,28.0,7,"€120,911.75",2,Yes,Yes,"€131,249.46",0
15652626,Grave,French,Male,55.0,4,"€115,285.85",1,No,No,"€140,126.17",0
15599410,Stanley,France,Male,41.0,2,€0.00,2,No,No,"€168,219.75",0
15571958,McIntosh,Spain,Male,40.0,3,"€221,532.80",1,No,No,"€171,867.08",0
15785406,Watts,FRA,Female,51.0,4,"€105,056.13",1,No,No,"€70,613.52",0
15687884,Alekseyeva,France,Male,37.0,3,"€88,363.03",1,Yes,Yes,"€117,946.30",0
15621685,Davies,FRA,Male,29.0,2,"€123,757.52",2,No,No,"€84,872.66",0
15628886,Matlock,Spain,Male,56.0,5,"€123,959.97",1,Yes,Yes,"€60,590.72",1
15699325,Fedorova,Germany,Female,62.0,10,"€114,822.64",1,Yes,Yes,"€8,444.50",0
15578369,Chiedozie,Germany,Female,37.0,9,"€145,219.30",1,No,No,"€159,132.83",0
15654156,Marcelo,Germany,Female,32.0,5,"€106,807.64",1,Yes,Yes,"€76,998.69",0
15707199,Cooper,France,Male,36.0,0,"€148,159.71",1,No,No,"€55,835.66",0
15671630,McMillan,Germany,Female,40.0,1,"€99,745.95",1,No,No,"€177,524.19",0
15632079,Hardy,Germany,Female,37.0,8,"€156,282.79",1,No,No,"€45,985.52",0
15767921,Madukwe,French,Male,41.0,7,€0.00,2,No,No,"€60,297.72",0
15573599,Adamson,French,Female,57.0,6,€0.00,2,Yes,Yes,"€194,421.12",1
15747208,Watt,French,Male,50.0,6,€0.00,1,No,No,"€93,568.77",1
15582762,Mazzanti,Spain,Male,77.0,2,€0.00,1,Yes,Yes,"€34,702.92",0
15772528,Mishin,FRA,Female,47.0,7,"€121,376.15",2,No,No,"€54,473.60",1
15755798,Feng,FRA,Male,33.0,4,"€111,582.11",1,No,No,"€113,943.17",0
15788683,Kang,Germany,Female,34.0,10,"€129,417.82",1,No,No,"€153,727.32",0
15616922,Kelly,French,Female,26.0,1,€0.00,2,Yes,Yes,"€19,116.97",0
15771855,Yu,French,Male,37.0,5,€0.00,2,Yes,Yes,"€112,554.68",0
15601873,Bull,French,Female,36.0,7,€0.00,1,No,No,"€47,318.75",0
15657868,Serra,Germany,Male,40.0,6,"€94,607.08",1,No,No,"€36,690.49",0
15711716,Ferguson,France,Female,56.0,1,"€131,368.30",1,No,No,"€106,918.67",1
15734246,She,France,Female,21.0,8,"€166,883.07",2,Yes,Yes,"€194,563.65",0
15792151,Hamilton,Spain,Female,37.0,3,€0.00,2,No,No,"€91,086.73",0
15770159,Nnanna,Germany,Male,25.0,6,"€172,812.72",2,Yes,Yes,"€108,008.65",0
15747649,Summerville,Germany,Female,36.0,0,"€126,606.63",2,Yes,Yes,"€172,363.52",0
15639357,Allan,FRA,Male,46.0,9,"€134,950.19",3,No,No,"€178,587.36",1
15738907,Tobenna,France,Female,60.0,6,"€96,956.10",1,No,No,"€31,907.44",1
15663446,Volkova,Germany,Female,29.0,4,"€107,601.79",1,No,No,"€18,922.18",1
15750867,Nucci,Germany,Female,46.0,8,"€92,060.06",1,No,No,"€147,222.95",1
15715939,Wright,FRA,Male,33.0,0,€0.00,2,No,No,"€1,474.79",0
15763806,Astorga,FRA,Male,41.0,4,€0.00,2,Yes,Yes,"€24,924.92",0
15637993,Pokrovsky,French,Male,36.0,9,"€137,688.71",1,Yes,Yes,"€46,884.10",0
15720338,Mazzanti,Spain,Male,55.0,8,"€85,845.43",2,Yes,Yes,"€128,918.42",0
15627162,Blesing,Germany,Male,27.0,6,"€125,552.96",1,No,No,"€105,291.26",0
15596710,Ku,France,Female,33.0,1,"€167,298.42",1,Yes,Yes,"€145,381.65",0
15781678,Pisani,Spain,Male,31.0,4,"€55,732.92",2,Yes,Yes,"€103,792.53",0
15634968,Hsueh,Germany,Female,37.0,6,"€110,689.07",1,Yes,Yes,"€71,121.04",1
15609475,Ricci,Spain,Female,39.0,7,"€98,544.11",1,Yes,Yes,"€52,327.57",0
15573319,Azubuike,Germany,Female,35.0,8,"€178,317.60",1,No,No,"€197,428.64",0
15738291,Nevzorova,France,Female,48.0,8,"€115,713.84",2,No,No,"€83,210.84",0
15782456,Odili,France,Male,46.0,9,"€143,267.14",2,No,No,"€193,099.43",0
15794841,Kung,Spain,Male,19.0,5,"€89,750.21",1,No,No,"€193,008.52",0
15684696,Lei,Spain,Female,26.0,3,"€116,576.45",1,No,No,"€157,567.37",0
15629846,Sheehan,Germany,Female,47.0,8,"€143,001.50",2,No,No,"€108,977.50",0
15674442,Kung,FRA,Male,23.0,7,"€157,761.56",1,No,No,"€147,759.84",0
15571689,Kelechi,French,Female,37.0,5,€0.00,2,Yes,Yes,"€27,528.40",0
15730469,Anenechi,Spain,Male,31.0,4,"€103,430.11",2,Yes,Yes,"€36,479.27",0
15809320,McElhone,Spain,Female,52.0,0,€0.00,1,No,No,"€31,726.76",1
15684367,Chigbogu,Spain,Male,27.0,5,€0.00,2,No,No,"€96,398.51",0
15793049,Atkins,Germany,Female,48.0,8,"€115,115.38",1,No,No,"€139,558.60",1
15603665,Colombo,Germany,Female,39.0,0,"€122,501.28",2,Yes,Yes,"€95,007.80",0
15613623,Tilley,Spain,Male,62.0,3,€0.00,1,Yes,Yes,"€101,663.47",0
15569572,Sopuluchi,FRA,Male,42.0,6,€0.00,2,Yes,Yes,"€106,197.44",0
15698791,Udinesi,French,Male,45.0,3,"€146,758.24",1,No,No,"€48,466.89",0
15626233,Onyekachi,France,Female,32.0,3,€0.00,2,Yes,Yes,"€151,978.36",0
15607263,McCartney,FRA,Male,55.0,3,€0.00,1,Yes,Yes,"€13,288.46",1
15610900,Thompson,France,Female,70.0,9,"€110,738.89",1,No,No,"€22,666.77",1
15624775,Onyeoruru,FRA,Male,67.0,2,"€94,203.80",1,Yes,Yes,"€102,391.06",0
15691703,Shih,French,Male,47.0,8,"€105,792.49",1,Yes,Yes,"€67,830.20",1
15745355,Golibe,FRA,Male,41.0,4,"€153,198.23",1,Yes,Yes,"€92,090.36",0
15724955,Lucchesi,French,Male,38.0,3,€0.00,2,No,No,"€141,023.01",0
15628999,Townsend,France,Male,79.0,10,"€61,811.23",1,Yes,Yes,"€104,222.80",0
15654341,Chao,FRA,Male,34.0,8,"€101,116.06",1,No,No,"€196,395.05",0
15744240,Shen,Germany,Female,46.0,0,"€74,458.25",1,Yes,Yes,"€6,866.31",0
15632365,Booth,Germany,Male,33.0,8,"€142,871.27",2,No,No,"€77,737.86",0
15729689,Chan,Germany,Male,35.0,6,"€98,585.94",2,Yes,Yes,"€106,116.84",0
15759284,Yeh,FRA,Female,37.0,6,€0.00,1,Yes,Yes,"€117,948.00",1
15602124,Badgery,France,Male,30.0,7,€0.00,2,Yes,Yes,"€184,581.68",0
15661903,Hsia,France,Female,43.0,3,"€80,764.03",1,No,No,"€199,378.58",1
15664668,Zarate,France,Female,42.0,9,"€144,801.97",1,Yes,Yes,"€12,483.39",1
15736431,Congreve,Spain,Male,27.0,2,€0.00,2,No,No,"€22,404.64",0
15748639,Hayslett,Germany,Male,35.0,7,"€110,053.62",2,Yes,Yes,"€92,887.06",0
15628123,Robinson,France,Female,28.0,5,"€118,890.81",1,Yes,Yes,"€145,157.97",0
15602731,Wong,French,Male,31.0,5,€0.00,1,No,No,"€134,889.95",1
15794137,Nevzorova,Germany,Female,37.0,0,"€151,218.98",1,Yes,Yes,"€109,309.29",0
15748696,Page,France,Male,42.0,9,"€150,507.21",1,Yes,Yes,"€169,964.12",0
15725068,Quinn,Spain,Female,21.0,9,€0.00,2,Yes,Yes,"€26,327.42",0
15807340,O'Donnell,Germany,Male,33.0,4,"€131,023.76",2,No,No,"€55,072.93",0
15586133,Pisano,Germany,Female,44.0,2,"€122,314.50",1,No,No,"€68,574.88",1
15576185,Sinclair,France,Male,29.0,2,€0.00,2,Yes,Yes,"€41,671.81",0
15660809,Loving,France,Male,28.0,4,€0.00,2,Yes,Yes,"€12,409.01",0
15616666,Artemova,Germany,Female,52.0,6,"€111,739.40",2,Yes,Yes,"€68,367.18",0
15706904,Robertson,French,Male,43.0,6,"€113,882.31",1,Yes,Yes,"€74,564.41",0
15606915,Genovese,French,Male,24.0,7,"€98,148.61",1,No,No,"€26,843.76",0
15749693,Ugonnatubelum,France,Female,32.0,9,€0.00,2,No,No,"€156,774.75",0
15791743,Corbett,French,Male,32.0,1,"€59,271.82",1,Yes,Yes,"€46,019.43",0
15796480,Reilly,French,Female,31.0,2,€0.00,2,Yes,Yes,"€145,411.39",0
15790442,Wright,Spain,Male,33.0,2,€0.00,2,Yes,Yes,"€158,268.84",0
15609458,Vincent,French,Male,30.0,10,"€69,413.44",1,Yes,Yes,"€74,637.57",0
15593897,Carr,Spain,Male,25.0,7,"€160,599.06",2,Yes,Yes,"€28,391.52",0
15604576,Eiland,Spain,Male,22.0,3,€0.00,1,Yes,Yes,"€144,385.54",0
15666270,Omeokachie,French,Female,40.0,2,"€147,803.48",1,No,No,"€95,181.06",1
15572626,Mackenzie,Spain,Male,44.0,8,€0.00,2,Yes,Yes,"€15,627.51",0
15727197,Pinto,French,Female,52.0,9,"€170,228.59",2,No,No,"€148,477.57",1
15714006,Gardener,French,Female,35.0,2,"€133,111.73",1,Yes,Yes,"€79,957.95",0
15642137,Fang,Spain,Female,39.0,5,€0.00,2,No,No,"€102,763.69",0
15665327,Cattaneo,French,Male,18.0,2,"€176,139.50",2,No,No,"€129,654.22",0
15626806,Labrador,France,Female,32.0,2,€0.00,2,Yes,Yes,"€40,652.33",0
15662578,Dettmann,Germany,Male,35.0,1,"€110,245.13",1,Yes,Yes,"€178,291.09",0
15790829,Gibson,FRA,Female,45.0,5,€0.00,2,No,No,"€131,906.44",0
15654959,Hope,Spain,Male,67.0,6,"€158,719.57",1,Yes,Yes,"€118,607.40",0
15760244,Ives,French,Female,76.0,5,"€160,979.68",1,Yes,Yes,"€13,848.58",0
15715394,Greece,Spain,Male,35.0,4,"€123,557.65",2,Yes,Yes,"€170,903.40",0
15722246,Omeokachie,FRA,Female,60.0,4,€0.00,1,Yes,Yes,"€13,161.66",1
15609704,Mao,French,Female,33.0,4,€0.00,1,No,No,"€79,304.38",1
15757628,Savage,French,Male,40.0,10,"€112,896.86",1,Yes,Yes,"€121,402.53",0
15633586,Brierly,French,Female,39.0,7,"€120,962.13",1,No,No,"€23,305.01",0
15565796,Docherty,Germany,Male,48.0,10,"€96,048.55",1,No,No,"€74,510.65",0
15717935,McDonald,FRA,Female,21.0,3,€0.00,2,Yes,Yes,"€55,601.44",0
15577700,Rapuokwu,France,Male,37.0,10,"€185,063.70",2,Yes,Yes,"€134,526.87",0
15747345,Bergamaschi,French,Female,22.0,6,"€118,064.93",2,Yes,Yes,"€195,424.01",0
15678317,Manfrin,French,Male,46.0,2,€0.00,2,Yes,Yes,"€59,563.49",0
15698335,Bergamaschi,France,Female,73.0,8,€0.00,1,Yes,Yes,"€34,595.58",0
15768451,MacDonald,Germany,Male,40.0,5,"€149,131.03",3,Yes,Yes,"€60,036.99",1
15753213,Lees,France,Female,34.0,7,€0.00,2,No,No,"€193,021.49",0
15769645,Senior,French,Female,35.0,3,€0.00,1,Yes,Yes,"€48,108.72",0
15657565,Nwokezuike,Spain,Female,44.0,6,"€125,512.98",2,No,No,"€79,082.76",0
15620323,Ekwueme,Spain,Female,42.0,3,"€83,492.07",2,No,No,"€37,914.12",0
15679983,Garmon,FRA,Male,34.0,7,€0.00,1,No,No,"€74,593.84",0
15812616,Enyinnaya,FRA,Female,49.0,10,€0.00,1,No,No,"€82,967.97",1
15601796,Chizuoke,French,Male,30.0,1,"€125,739.26",1,Yes,Yes,"€193,441.23",0
15729489,Hyde,Germany,Female,34.0,8,"€98,592.88",1,Yes,Yes,"€191,790.29",1
15613216,Cameron,Spain,Female,39.0,1,"€141,789.15",1,No,No,"€92,455.96",0
15657937,Lord,Germany,Male,22.0,0,"€112,949.71",1,No,No,"€155,231.55",0
15815428,Biryukova,France,Male,34.0,3,"€105,057.33",1,No,No,"€9,217.92",0
15640409,Carpenter,Germany,Female,46.0,0,"€89,087.89",1,Yes,Yes,"€87,941.85",1
15699492,Lorenzo,Germany,Female,27.0,2,"€147,435.96",1,No,No,"€187,508.06",0
15623536,Madukwe,Germany,Male,39.0,0,"€154,439.86",1,No,No,"€171,519.06",0
15707551,Hutcheon,FRA,Male,30.0,8,"€73,054.37",2,Yes,Yes,"€27,012.00",0
15577999,Sleeman,FRA,Female,62.0,1,"€124,678.35",1,No,No,"€70,916.00",1
15788775,Milne,Germany,Male,40.0,8,"€152,576.25",2,No,No,"€73,073.68",0
15758362,Williamson,French,Female,41.0,9,"€152,243.57",1,Yes,Yes,"€88,783.59",0
15807961,Bruno,France,Male,25.0,4,€0.00,1,No,No,"€145,524.36",0
15710978,Palerma,Germany,Male,42.0,2,"€88,120.97",2,Yes,Yes,"€21,333.22",0
15703541,Wang,Germany,Female,51.0,9,"€143,930.92",1,Yes,Yes,"€46,675.51",1
15626474,Onyemere,France,Female,31.0,1,€0.00,2,No,No,"€4,802.25",0
15608344,Dawson,Germany,Female,29.0,7,"€137,059.05",3,No,No,"€102,975.72",1
15768367,Nebechukwu,France,Female,27.0,7,"€186,558.55",1,Yes,Yes,"€175,071.29",1
15806210,Bateman,Spain,Male,66.0,5,"€115,654.47",2,Yes,Yes,"€131,970.86",0
15697702,Lord,Spain,Male,29.0,2,€0.00,2,No,No,"€14,174.09",0
15689152,Loggia,Spain,Male,38.0,3,"€126,152.84",1,No,No,"€15,378.75",0
15568573,Graham,Germany,Female,51.0,7,"€105,701.91",1,Yes,Yes,"€179,797.79",1
15689598,Dean,France,Male,46.0,6,€0.00,1,Yes,Yes,"€93,917.68",1
15713374,Jarvis,Germany,Male,67.0,9,"€157,094.78",1,Yes,Yes,"€99,490.01",0
15679733,Haugh,Germany,Male,40.0,2,"€113,228.38",2,Yes,Yes,"€46,415.09",0
15759274,Micklem,FRA,Female,32.0,10,€0.00,1,Yes,Yes,"€151,815.76",0
15607748,Bennett,Germany,Male,37.0,8,"€108,432.88",2,Yes,Yes,"€14,865.05",0
15607577,Roberts,Spain,Male,27.0,8,€0.00,1,Yes,Yes,"€188,007.99",0
15813697,Onyekaozulu,Germany,Female,44.0,2,"€120,702.67",2,Yes,Yes,"€98,175.74",0
15801125,Kegley,France,Female,32.0,1,€0.00,1,No,No,"€106,851.70",0
15777855,Manna,French,Male,45.0,7,€0.00,2,Yes,Yes,"€75,204.21",0
15635396,Thompson,Germany,Female,29.0,9,"€139,106.19",1,No,No,"€141,872.05",1
15698031,Romano,Germany,Female,39.0,6,"€101,851.80",2,No,No,"€7,103.71",0
15678944,Brown,Germany,Female,32.0,6,"€130,935.56",1,No,No,"€9,241.83",1
15718507,Su,Germany,Male,37.0,3,"€116,509.99",1,Yes,Yes,"€149,517.71",1
15808334,Mackay,Germany,Female,37.0,1,"€93,124.04",2,Yes,Yes,"€196,079.32",0
15804709,Watt,Germany,Male,35.0,5,"€111,578.18",1,No,No,"€166,165.93",1
15645835,Milani,FRA,Male,32.0,9,€0.00,2,Yes,Yes,"€55,724.24",0
15738166,Hsu,French,Female,39.0,10,"€86,546.29",1,Yes,Yes,"€131,768.98",0
15675360,Valenzuela,FRA,Male,33.0,8,€0.00,1,Yes,Yes,"€13,858.95",0
15793042,Sung,FRA,Male,39.0,2,"€129,669.32",2,No,No,"€82,774.07",0
15630106,Lo,Spain,Male,29.0,2,€0.00,2,No,No,"€55,389.59",0
15810385,Giordano,Spain,Female,36.0,2,"€164,557.95",1,Yes,Yes,"€82,336.73",0
15578211,Connolly,French,Male,23.0,6,€0.00,2,Yes,Yes,"€163,225.48",0
15572792,Bellucci,Spain,Male,35.0,8,"€118,989.92",1,Yes,Yes,"€135,536.72",0
15620030,Jamieson,FRA,Male,29.0,1,€0.00,1,No,No,"€82,422.97",0
15783541,Fomina,FRA,Male,31.0,5,€0.00,2,Yes,Yes,"€194,660.78",0
15679284,Aksenov,Spain,Female,45.0,6,"€79,259.75",1,No,No,"€55,347.28",0
15582910,Turnbull,FRA,Male,38.0,4,"€112,230.38",1,No,No,"€16,717.11",1
15688337,Dixon,FRA,Male,40.0,9,"€118,129.87",1,Yes,Yes,"€160,277.65",0
15734970,White,Spain,Male,38.0,7,"€86,824.09",1,No,No,"€175,905.97",0
15759140,Long,French,Female,64.0,10,"€128,306.70",1,Yes,Yes,"€66,040.83",0
15643042,Han,Germany,Female,40.0,2,"€117,641.43",2,No,No,"€92,198.05",0
15773868,Belov,Germany,Female,37.0,3,"€125,734.20",2,No,No,"€134,625.09",1
15615820,MacDonald,French,Male,49.0,8,"€103,302.37",1,Yes,Yes,"€50,974.57",0
15730273,Parsons,FRA,Male,27.0,8,€0.00,1,No,No,"€171,922.72",0
15724890,Cross,Spain,Male,36.0,4,"€82,696.09",2,No,No,"€83,058.14",0
15765952,Milanesi,FRA,Male,29.0,4,"€145,471.37",1,No,No,"€188,382.77",0
15685920,Lombardo,Spain,Male,34.0,2,"€101,506.66",1,No,No,"€198,030.24",0
15663263,Collins,France,Male,47.0,5,"€156,265.31",2,No,No,"€1,055.66",0
15568953,Alexeieva,French,Male,27.0,1,"€128,554.98",1,Yes,Yes,"€133,173.19",0
15643361,Cullen,Germany,Male,34.0,8,"€139,959.55",2,Yes,Yes,"€189,875.83",0
15699486,Johnson,Spain,Male,34.0,7,"€132,944.53",1,Yes,Yes,"€31,802.92",0
15747854,Rudd,France,Female,35.0,3,€0.00,3,Yes,Yes,"€132,649.85",0
15691785,Findlay,France,Male,61.0,1,€0.00,1,No,No,"€53,067.83",1
15709004,Mai,Germany,Male,22.0,5,"€93,547.23",2,Yes,Yes,€961.57,0
15652218,Morrison,FRA,Male,33.0,2,"€152,302.72",1,No,No,"€71,333.44",0
15697127,Monaldo,France,Female,31.0,2,"€147,674.26",1,Yes,Yes,"€16,658.76",0
15658486,Gidney,Spain,Female,59.0,3,"€148,021.12",1,Yes,Yes,"€74,878.22",0
15694160,Sagese,France,Male,37.0,0,€0.00,2,No,No,"€112,104.55",0
15685290,Wall,Germany,Male,46.0,5,"€142,360.62",2,No,No,"€48,421.40",1
15701042,Dalton,Germany,Female,27.0,2,"€151,027.56",1,No,No,"€170,320.58",0
15680449,Hsing,Germany,Female,44.0,2,"€138,843.70",1,No,No,"€37,688.31",1
15599860,Warner,Spain,Female,26.0,8,"€109,958.15",1,Yes,Yes,"€136,592.24",1
15723169,Williams,French,Female,31.0,9,"€138,857.59",1,No,No,"€48,640.77",0
15803842,Dunn,Germany,Female,45.0,3,"€105,426.50",2,Yes,Yes,"€89,773.45",0
15728224,Kerr,Germany,Female,41.0,9,"€149,155.53",2,No,No,"€42,131.26",1
15644174,Marchesi,Germany,Male,27.0,4,"€135,096.05",1,Yes,Yes,"€186,523.72",1
15707110,Endrizzi,Germany,Male,28.0,2,"€170,890.05",2,No,No,"€41,758.90",0
15765415,King,Spain,Female,45.0,4,"€89,122.30",1,Yes,Yes,"€199,256.98",0
15756751,Griffiths,Spain,Female,54.0,0,"€78,126.28",1,Yes,Yes,"€153,482.91",1
15795151,Hartzler,FRA,Female,38.0,3,"€123,894.43",1,No,No,"€21,177.10",0
15632859,Chukwudi,FRA,Male,36.0,7,€0.00,2,Yes,Yes,"€138,743.86",0
15584037,Denisov,Germany,Male,58.0,5,"€106,913.43",1,No,No,"€25,881.00",1
15621409,Endrizzi,French,Male,32.0,4,"€127,845.83",1,No,No,"€66,469.20",0
15581102,Baresi,FRA,Female,22.0,8,€0.00,2,Yes,Yes,"€142,670.61",0
15578096,Nnachetam,French,Male,26.0,7,"€106,397.75",1,No,No,"€103,563.23",0
15669887,Lambert,France,Female,51.0,3,€0.00,1,Yes,Yes,"€69,101.23",1
15621834,Game,Spain,Female,43.0,0,€0.00,2,No,No,"€59,475.35",0
15655341,Chinagorom,Spain,Female,35.0,5,"€166,492.48",1,No,No,"€135,287.74",0
15685314,Noble,French,Female,28.0,2,€0.00,2,Yes,Yes,"€38,773.74",0
15653997,Haynes,Spain,Male,31.0,6,"€114,493.68",1,No,No,"€138,396.32",0
15629551,Cattaneo,Germany,Female,44.0,9,"€126,104.98",2,Yes,Yes,"€110,718.02",0
15651264,Yobanna,Germany,Male,51.0,4,"€124,425.99",1,No,No,"€118,545.49",1
15760825,Fraser,France,Female,40.0,1,€0.00,2,No,No,"€123,207.17",0
15597394,Rhodes,Spain,Male,34.0,0,€0.00,1,No,No,"€99,984.86",0
15740383,Jimenez,Spain,Female,38.0,10,€0.00,2,No,No,"€58,332.91",0
15670562,Pharr,FRA,Male,30.0,3,"€101,140.76",1,Yes,Yes,"€50,906.65",0
15698117,Jerger,Germany,Male,41.0,0,"€150,844.94",1,Yes,Yes,"€127,623.36",0
15694805,McIntyre,Spain,Male,35.0,1,"€115,024.50",1,Yes,Yes,"€169,665.79",0
15746802,Onio,French,Female,30.0,6,"€131,286.46",1,No,No,"€194,144.45",0
15589428,Tomlinson,French,Female,42.0,9,€0.00,2,No,No,"€35,673.42",0
15790267,Onuoha,FRA,Female,40.0,7,"€141,267.67",1,Yes,Yes,"€177,397.49",0
15665402,Panicucci,Spain,Male,73.0,5,"€137,761.55",1,Yes,Yes,"€159,677.46",0
15642093,Piccio,France,Male,30.0,7,€0.00,2,No,No,"€153,566.97",0
15666181,Ramsden,French,Male,33.0,0,"€98,064.97",1,No,No,"€52,411.99",0
15602554,Vorobyova,FRA,Female,31.0,9,"€114,519.57",2,Yes,Yes,"€79,222.02",0
15724251,Todd,Germany,Female,29.0,6,"€101,012.77",1,No,No,"€32,589.89",1
15740147,Cremonesi,French,Female,44.0,10,€0.00,1,Yes,Yes,"€93,777.61",0
15718289,Bradley,Germany,Male,46.0,3,"€82,291.10",1,No,No,"€112,549.99",1
15763148,Stanley,FRA,Male,39.0,9,"€84,719.98",1,No,No,"€191,063.36",0
15685245,Jowett,Spain,Female,56.0,5,€0.00,2,Yes,Yes,"€153,810.41",0
15626985,Yefremova,FRA,Female,39.0,0,"€104,386.53",1,No,No,"€105,886.77",0
15585823,Wilson,FRA,Male,31.0,8,"€128,131.73",1,No,No,"€96,131.47",0
15728167,Abramovich,France,Male,44.0,2,"€122,806.95",1,No,No,"€15,120.86",0
15762928,Venables,Spain,Male,44.0,8,€0.00,1,No,No,"€16,989.77",0
15751774,Monnier,French,Male,76.0,4,"€112,510.89",1,Yes,Yes,"€143,133.18",0
15654733,Hsieh,Germany,Male,57.0,3,"€117,056.46",1,No,No,"€93,336.93",1
15809777,Gadsden,Germany,Female,55.0,7,"€131,778.66",1,Yes,Yes,"€9,972.64",0
15744200,Ni,France,Female,36.0,1,"€70,784.27",1,No,No,"€30,579.82",0
15720713,Chibueze,French,Female,29.0,10,€0.00,2,Yes,Yes,"€199,775.67",0
15695356,Chinwemma,French,Male,46.0,5,€0.00,2,No,No,"€179,908.71",0
15653315,Kang,Spain,Female,35.0,1,€0.00,2,No,No,"€101,667.00",0
15604792,Kuo,Germany,Male,38.0,6,"€140,752.06",2,Yes,Yes,"€171,430.16",0
15704819,Ositadimma,Spain,Female,39.0,6,"€92,126.26",2,No,No,"€112,973.34",0
15670859,Smith,Germany,Female,39.0,7,"€93,148.74",2,Yes,Yes,"€190,746.38",0
15602797,Okwudilichukwu,Spain,Female,49.0,5,"€110,132.55",3,Yes,Yes,"€187,689.91",1
15662533,Porter,Spain,Female,23.0,6,€0.00,2,No,No,"€153,229.19",0
15778154,Kung,Germany,Male,50.0,4,"€122,227.71",1,Yes,Yes,"€14,217.77",1
15806230,Trevisano,Germany,Male,40.0,2,"€121,647.54",2,Yes,Yes,"€64,849.74",1
15662884,Naylor,Germany,Male,58.0,1,"€110,597.76",1,Yes,Yes,"€160,122.66",1
15750778,Ponomarev,French,Female,60.0,2,"€120,731.39",4,Yes,Yes,"€138,160.11",1
15717185,Udinese,French,Male,28.0,8,€0.00,2,Yes,Yes,"€64,286.39",0
15677804,Aliyeva,Spain,Male,38.0,1,€0.00,3,Yes,Yes,"€80,178.54",1
15568915,Bailey,French,Male,38.0,6,"€153,722.47",1,No,No,"€101,319.76",0
15736495,Jackson,France,Male,34.0,8,"€114,088.32",1,No,No,"€92,794.61",0
15737354,Yin,France,Female,48.0,7,€0.00,2,Yes,Yes,"€63,708.07",0
15667889,Akobundu,France,Female,37.0,6,€0.00,2,No,No,"€110,782.88",0
15577831,Byrne,Germany,Male,41.0,4,"€152,532.30",1,No,No,"€10,779.69",0
15729836,Robinson,Spain,Male,32.0,1,€0.00,2,No,No,"€183,289.22",0
15775293,Stephenson,FRA,Male,34.0,3,"€143,292.95",1,No,No,"€66,526.01",0
15697597,Chiemenam,French,Male,26.0,1,"€149,144.61",1,Yes,Yes,"€123,697.95",0
15639669,Forbes,FRA,Male,36.0,9,"€127,157.04",1,Yes,Yes,"€155,700.15",0
15631392,Douglas,Germany,Male,43.0,9,"€84,673.17",2,Yes,Yes,"€82,081.35",0
15580935,Okechukwu,Germany,Male,33.0,9,"€135,962.40",2,No,No,"€121,747.96",0
15590344,Russell,Germany,Male,32.0,3,"€151,691.44",2,Yes,Yes,"€172,810.51",0
15653306,Ermakova,Germany,Female,32.0,0,"€88,335.05",1,No,No,"€159,584.81",0
15805025,Oster,FRA,Female,45.0,7,"€139,859.23",1,Yes,Yes,"€108,402.54",0
15658449,Chizoba,France,Male,45.0,9,"€43,134.65",1,Yes,Yes,"€77,330.35",0
15694450,Bianchi,France,Male,42.0,5,"€99,580.13",1,No,No,"€21,007.96",0
15605666,Peyser,French,Female,34.0,6,"€110,717.38",1,Yes,Yes,"€9,398.45",0
15615126,Cocci,FRA,Female,37.0,3,€0.00,2,No,No,"€182,156.81",1
15726588,Seleznev,Spain,Female,36.0,3,€0.00,2,No,No,"€110,525.60",0
15645095,Huang,FRA,Female,28.0,3,€0.00,1,No,No,"€51,536.99",0
15808960,Alleyne,Germany,Male,40.0,5,"€108,197.11",2,No,No,"€49,722.34",0
15729435,McKenzie,FRA,Male,40.0,6,€0.00,2,Yes,Yes,"€66,119.07",0
15656840,Zikoranachukwudimma,France,Female,29.0,6,"€104,450.86",1,Yes,Yes,"€37,160.28",0
15659149,King,FRA,Male,39.0,2,€0.00,2,No,No,"€197,923.05",0
15585490,Nkemdilim,French,Female,34.0,4,€0.00,1,Yes,Yes,"€65,166.60",0
15674929,Anderson,France,Female,31.0,7,€0.00,2,No,No,"€49,326.07",0
15746341,Ejikemeifeuwa,France,Male,40.0,8,€0.00,2,Yes,Yes,"€42,495.81",0
15662091,Adams,Spain,Male,21.0,7,"€116,099.82",1,Yes,Yes,"€148,087.62",0
15620123,Christie,FRA,Male,39.0,6,"€111,169.91",1,No,No,"€9,641.40",0
15616240,Yeh,Spain,Male,37.0,4,€0.00,2,Yes,Yes,"€164,844.37",0
15624186,McGregor,Germany,Female,25.0,5,"€123,616.43",1,Yes,Yes,"€132,959.33",0
15605036,Pisano,Spain,Female,37.0,9,"€155,619.58",1,Yes,Yes,"€135,088.58",0
15805151,Ginikanwa,Germany,Male,31.0,2,"€89,558.39",2,Yes,Yes,"€4,441.54",0
15753847,Hawkins,Spain,Male,45.0,4,€0.00,1,Yes,Yes,"€174,916.85",1
15653222,Otutodilichukwu,Germany,Female,32.0,6,"€131,938.92",2,Yes,Yes,"€1,795.93",0
15757541,Rickard,FRA,Female,33.0,9,"€151,772.63",2,No,No,"€180,249.94",1
15726945,Andreev,FRA,Female,72.0,8,€0.00,2,Yes,Yes,"€153,604.44",0
15794276,Steele,France,Female,64.0,3,€0.00,1,Yes,Yes,"€189,703.65",0
15568328,Black,France,Female,22.0,6,€0.00,2,Yes,Yes,"€66,393.89",0
15604355,Shand,French,Male,39.0,1,"€97,700.02",1,Yes,Yes,"€30,709.03",0
15735788,Chiagoziem,France,Male,31.0,6,€0.00,2,Yes,Yes,"€71,009.84",0
15618255,Fedorov,Germany,Female,56.0,6,"€103,244.86",2,No,No,"€143,049.72",1
15720941,Tien,Germany,Male,34.0,8,"€147,833.30",2,Yes,Yes,"€1,561.58",0
15769110,Stehle,French,Female,46.0,5,€0.00,2,No,No,"€49,707.85",0
15576094,Sung,France,Male,71.0,0,€0.00,2,Yes,Yes,"€29,837.65",0
15756150,Alexander,French,Female,39.0,2,€0.00,2,No,No,"€9,041.71",0
15719579,McIntosh,Germany,Female,33.0,9,"€84,521.48",2,Yes,Yes,"€198,017.05",0
15748854,Sung,Germany,Female,28.0,5,"€91,938.31",1,No,No,"€143,481.85",0
15612455,Yao,Germany,Male,45.0,6,"€124,240.93",1,Yes,Yes,"€146,372.51",0
15664802,Chinweuba,France,Female,42.0,5,€0.00,2,No,No,"€101,905.34",0
15735687,Chinweuba,Spain,Male,37.0,2,"€157,084.99",1,No,No,"€134,767.13",0
15664734,T'ao,Germany,Female,25.0,3,"€108,244.82",2,Yes,Yes,"€103,573.96",0
15767894,Ch'ien,France,Female,21.0,9,€0.00,2,Yes,Yes,"€139,259.54",0
15666884,Su,Germany,Female,41.0,5,"€82,161.70",2,No,No,"€187,776.49",0
15750156,Yu,Germany,Male,59.0,2,"€104,568.41",1,No,No,"€8,059.44",1
15751120,Loyau,France,Female,36.0,2,"€119,912.46",1,No,No,"€124,354.92",0
15575748,Conti,France,Male,36.0,9,"€68,881.59",2,Yes,Yes,"€109,135.11",0
15714610,Alexeeva,Spain,Male,30.0,2,€0.00,2,Yes,Yes,"€82,222.86",0
15720305,Power,Spain,Female,40.0,1,"€86,376.29",1,Yes,Yes,"€136,767.16",1
15678129,Hill,Spain,Female,45.0,9,"€150,840.03",2,No,No,"€155,516.35",0
15566633,Freeman,Germany,Male,55.0,8,"€155,059.10",2,Yes,Yes,"€144,584.29",0
15680436,Hsing,French,Female,29.0,4,€0.00,2,No,No,"€164,806.89",0
15674343,Esposito,French,Male,44.0,8,"€78,128.13",2,Yes,Yes,"€109,153.04",0
15658890,Belonwu,Germany,Male,46.0,4,"€98,899.76",2,Yes,Yes,"€86,190.34",0
15599004,Tsao,Spain,Male,37.0,1,€0.00,1,Yes,Yes,"€106,040.97",0
15726487,P'eng,French,Male,63.0,6,"€160,982.89",1,Yes,Yes,"€168,008.17",0
15698716,Baker,FRA,Female,70.0,3,"€87,926.24",2,No,No,"€33,350.26",1
15710527,Matthews,French,Female,35.0,4,€0.00,1,Yes,Yes,"€119,565.34",0
15655590,Garcia,Spain,Male,46.0,2,"€79,385.21",2,No,No,"€188,492.82",0
15732266,Field,Germany,Male,53.0,5,"€127,997.83",1,No,No,"€165,378.66",1
15669326,Gordon,FRA,Male,44.0,2,"€168,396.34",1,Yes,Yes,"€14,178.73",0
15672246,Jefferies,Germany,Male,43.0,2,"€134,896.03",1,Yes,Yes,"€97,847.05",0
15620276,Palermo,Spain,Male,36.0,6,€0.00,3,Yes,Yes,"€118,959.64",0
15640258,Chou,France,Female,50.0,6,"€94,238.75",2,Yes,Yes,"€50,664.07",1
15740283,Ewing,France,Male,29.0,1,€0.00,2,No,No,"€152,996.89",0
15759717,Mazzi,Spain,Female,39.0,7,€0.00,2,No,No,"€19,458.75",0
15620268,Thomson,Germany,Male,43.0,3,"€212,696.32",1,No,No,"€115,268.86",0
15743871,Nkemdirim,France,Male,59.0,3,€0.00,2,No,No,"€25,843.70",1
15614491,Lockyer,FRA,Male,39.0,3,"€139,153.68",2,No,No,"€147,662.33",0
15595047,Murray,France,Male,41.0,7,€0.00,2,No,No,"€134,878.34",0
15732334,Black,French,Female,40.0,0,€0.00,2,No,No,"€35,795.85",0
15701206,Torreggiani,Spain,Male,44.0,5,€0.00,2,No,No,"€66,462.79",0
15581280,Atkinson,Germany,Male,29.0,6,"€92,887.13",1,Yes,Yes,"€69,578.49",0
15651943,Richards,Spain,Female,65.0,1,€0.00,2,Yes,Yes,"€103,182.46",0
15609545,Azubuike,France,Male,29.0,5,"€83,442.98",1,Yes,Yes,"€177,017.39",0
15658548,Ignatiev,Germany,Female,36.0,6,"€144,773.29",2,No,No,"€53,217.30",0
15626008,Miller,Germany,Female,52.0,9,"€111,973.97",1,Yes,Yes,"€162,756.29",1
15774133,Cox,French,Female,35.0,8,"€178,032.53",1,Yes,Yes,"€42,181.68",0
15763798,McMillan,French,Male,23.0,5,"€140,007.19",1,Yes,Yes,"€31,714.08",0
15758013,Napolitano,FRA,Male,37.0,5,"€98,400.61",2,No,No,"€25,017.28",0
15705765,Lane,Spain,Female,46.0,1,€0.00,2,No,No,"€104,272.04",0
15648362,Kennedy,Germany,Male,45.0,3,"€108,924.33",2,No,No,"€84,300.40",1
15761102,T'ao,Spain,Female,32.0,4,"€132,835.56",1,No,No,"€136,877.24",0
15610165,Hsiung,France,Female,26.0,1,€0.00,2,Yes,Yes,"€199,409.19",0
15723717,Heath,Germany,Male,41.0,1,"€118,334.44",1,No,No,"€163,147.99",1
15654611,Parry,Germany,Female,25.0,9,"€81,732.88",2,No,No,"€136,497.28",0
15659736,Herbert,Germany,Male,66.0,5,"€121,411.90",1,No,No,"€10,070.40",1
15603170,Kang,French,Male,32.0,9,"€121,455.65",1,No,No,"€190,068.53",1
15786167,Andreyeva,Spain,Male,20.0,5,€0.00,2,Yes,Yes,"€58,309.54",0
15671915,Bowen,FRA,Male,46.0,5,€0.00,2,Yes,Yes,"€76,946.60",0
15794792,Golubev,French,Female,31.0,8,"€117,989.76",1,Yes,Yes,"€54,129.86",0
15652789,Hancock,Spain,Male,40.0,10,€0.00,2,Yes,Yes,"€52,990.70",0
15739168,Fowler,France,Female,31.0,5,"€137,411.29",1,Yes,Yes,"€161,854.98",0
15719950,Sutherland,FRA,Male,61.0,10,"€73,688.20",1,Yes,Yes,"€172,141.33",0
15743818,Rowley,Spain,Male,58.0,9,"€122,330.70",2,Yes,Yes,"€124,429.19",0
15717937,Gibbons,Germany,Male,43.0,5,"€99,906.89",1,No,No,"€24,983.39",0
15602841,Lockett,Spain,Female,28.0,5,€0.00,2,Yes,Yes,"€86,699.98",0
15619972,Akabueze,FRA,Female,47.0,9,"€167,664.83",1,No,No,"€125,440.11",1
15796114,Phelps,French,Female,34.0,7,"€141,525.55",1,No,No,"€9,443.15",0
15633546,Frederick,Spain,Female,33.0,3,"€124,832.51",1,No,No,"€195,877.06",0
15758755,Beneventi,French,Female,34.0,9,"€132,121.71",1,Yes,Yes,"€105,409.31",0
15695168,Bruce,French,Male,39.0,2,€0.00,2,No,No,"€100,403.05",0
15754342,Green,Germany,Female,60.0,0,"€78,539.84",1,Yes,Yes,"€48,502.88",0
15756610,Carlson,Germany,Female,38.0,5,"€123,770.46",1,No,No,"€47,019.66",1
15640917,Tang,France,Male,43.0,5,€0.00,2,Yes,Yes,"€48,249.88",0
15663164,Yudin,Germany,Male,49.0,7,"€116,150.65",3,Yes,Yes,"€84,358.71",1
15616811,MacDonald,France,Male,47.0,0,"€160,729.10",1,Yes,Yes,"€145,986.35",0
15610781,Watt,French,Female,29.0,10,"€88,378.60",1,No,No,"€88,550.28",0
15600911,Mbadiwe,FRA,Male,33.0,2,"€182,888.08",1,No,No,"€3,061.00",0
15629603,Chuang,French,Male,31.0,8,€0.00,2,Yes,Yes,"€43,196.50",0
15714981,Sabbatini,French,Male,37.0,4,€0.00,1,Yes,Yes,"€55,775.84",1
15775892,Caldwell,Spain,Female,23.0,8,"€85,600.08",1,No,No,"€134,077.71",0
15782778,Ewers,France,Male,35.0,4,€0.00,2,Yes,Yes,"€198,490.33",0
15786643,Tsao,French,Male,32.0,10,€0.00,2,Yes,Yes,"€116,052.92",0
15595657,Hannam,Germany,Male,40.0,4,"€95,001.33",1,Yes,Yes,"€123,202.99",0
15743673,Wood,Spain,Male,27.0,2,"€113,873.22",1,Yes,Yes,"€85,129.77",1
15634310,Ko,French,Male,30.0,6,€0.00,2,No,No,"€180,598.86",0
15790809,Lo Duca,Spain,Male,40.0,7,"€74,896.92",1,No,No,"€198,694.20",0
15668695,Endrizzi,French,Female,22.0,5,"€89,492.62",1,No,No,"€42,934.43",0
15669281,Ch'iu,Spain,Male,38.0,3,"€128,718.78",1,No,No,"€114,793.45",0
15621031,Mofflin,Spain,Male,27.0,8,€0.00,2,No,No,"€63,297.70",0
15720071,Fiorentini,FRA,Female,49.0,3,€0.00,1,No,No,"€61,820.41",1
15792180,Chiekwugo,Germany,Male,22.0,7,"€144,954.75",2,No,No,"€102,246.00",0
15813894,Bogle,Spain,Male,21.0,9,€0.00,2,No,No,"€154,882.79",0
15669490,Ifeanacho,Germany,Male,37.0,6,"€94,001.61",2,No,No,"€140,723.05",0
15783030,Owens,FRA,Female,40.0,7,€0.00,1,No,No,"€72,852.74",1
15695792,Ch'ien,French,Male,65.0,0,€0.00,1,Yes,Yes,"€85,733.33",0
15575676,Chung,French,Male,24.0,1,€0.00,2,Yes,Yes,"€162,597.15",0
15627665,Sung,FRA,Male,46.0,4,€0.00,1,No,No,"€74,379.57",1
15814092,Wang,French,Female,44.0,2,€0.00,1,Yes,Yes,"€173,117.22",1
15695225,Sun,Spain,Male,38.0,8,€0.00,2,Yes,Yes,"€66,485.26",0
15615091,Maitland,France,Male,24.0,6,€0.00,2,Yes,Yes,"€92,811.20",0
15794345,Ma,Spain,Male,38.0,8,€0.00,2,Yes,Yes,"€46,635.11",0
15726484,Pollard,French,Male,37.0,7,"€141,546.35",1,Yes,Yes,"€124,830.11",0
15650442,Hsieh,Germany,Female,32.0,8,"€141,528.88",1,Yes,Yes,"€167,087.34",1
15714256,Gerasimov,FRA,Male,30.0,7,"€109,805.30",1,Yes,Yes,"€163,625.56",0
15778752,Johnson,FRA,Male,32.0,10,"€86,614.06",2,Yes,Yes,"€172,129.26",0
15601659,Fiorentino,Germany,Female,59.0,7,"€91,680.10",2,No,No,"€163,141.18",1
15602811,Chioke,Germany,Male,38.0,0,"€38,848.19",2,No,No,"€94,003.11",0
15779414,Rossi,Spain,Male,40.0,3,"€153,639.11",1,Yes,Yes,"€138,351.68",0
15763097,Siciliano,Spain,Male,80.0,8,€0.00,2,Yes,Yes,"€34,164.05",0
15633666,Efremov,Spain,Female,33.0,7,"€123,870.07",1,No,No,"€97,794.71",0
15718789,Brigstocke,French,Male,30.0,5,€0.00,2,No,No,"€75,786.55",0
15690620,Olisaemeka,French,Male,39.0,10,"€46,323.57",1,No,No,"€136,812.02",0
15737071,Tang,France,Female,60.0,5,"€162,039.78",1,Yes,Yes,"€84,361.72",1
15665062,Lucchese,France,Male,19.0,1,"€110,928.51",1,Yes,Yes,"€2,766.63",0
15600692,West,FRA,Male,38.0,5,€0.00,2,No,No,"€163,185.76",0
15792064,Pai,Germany,Male,53.0,5,"€114,421.55",1,No,No,"€180,598.28",1
15811486,Tang,Germany,Female,29.0,8,"€130,036.21",2,Yes,Yes,"€69,849.55",0
15626141,Fedorov,France,Female,26.0,1,"€151,510.17",2,Yes,Yes,"€19,921.72",0
15738546,Gboliwe,Spain,Female,41.0,4,€0.00,2,Yes,Yes,"€147,606.71",0
15677052,Ko,FRA,Female,59.0,2,€0.00,2,Yes,Yes,"€126,160.24",1
15656454,Le Gallienne,FRA,Male,37.0,6,"€83,568.55",1,No,No,"€47,046.72",0
15645496,Seleznyova,FRA,Female,43.0,7,"€139,972.18",1,No,No,"€143,668.58",0
15612505,Joseph,Spain,Male,45.0,3,"€100,212.13",1,No,No,"€152,577.62",0
15708513,Bevan,French,Female,39.0,1,"€90,217.07",1,No,No,"€191,350.48",0
15685654,Allan,Spain,Male,66.0,9,€0.00,2,Yes,Yes,"€14,234.31",0
15732307,Lavrentiev,Germany,Male,33.0,4,"€124,067.32",1,Yes,Yes,"€77,906.87",0
15726814,Walton,Spain,Male,46.0,4,€0.00,2,Yes,Yes,"€57,320.92",0
15653776,Salier,Germany,Female,57.0,1,"€162,082.31",4,No,No,"€27,145.73",1
15597914,Evdokimov,Germany,Female,51.0,2,"€117,306.69",4,Yes,Yes,"€26,912.72",1
15631603,Ponomaryova,France,Male,32.0,1,"€122,889.88",1,Yes,Yes,"€26,476.18",0
15789753,Millar,FRA,Male,40.0,6,"€148,790.61",1,Yes,Yes,"€79,329.70",0
15678034,Grosse,France,Male,46.0,9,"€180,226.24",1,No,No,"€13,464.64",1
15690209,Hsiao,Germany,Female,32.0,3,"€104,857.19",2,No,No,"€114,149.80",0
15592091,Belbin,Spain,Male,31.0,2,"€166,833.86",2,Yes,Yes,"€135,171.60",0
15647453,Ifeajuna,French,Male,42.0,4,"€102,936.72",1,No,No,"€1,187.88",0
15697100,Wright,Germany,Female,48.0,6,"€108,736.52",1,No,No,"€184,564.67",1
15811290,Komarova,Germany,Male,44.0,0,"€129,974.79",2,Yes,Yes,"€33,391.38",0
15629187,Titheradge,FRA,Male,38.0,8,"€85,982.07",1,No,No,"€9,238.35",0
15758073,Dellucci,French,Female,20.0,7,"€134,397.61",1,No,No,"€28,029.54",0
15640769,Hobbs,France,Male,63.0,8,"€137,841.53",1,Yes,Yes,"€42,790.29",0
15606641,Beggs,Germany,Male,56.0,10,"€100,260.88",3,Yes,Yes,"€77,142.42",1
15718280,Luffman,Germany,Male,39.0,5,"€139,822.11",2,Yes,Yes,"€146,219.90",0
15764335,Caldwell,Germany,Female,41.0,8,"€123,151.51",2,No,No,"€70,127.93",0
15634218,Mancini,Germany,Male,27.0,4,"€95,331.83",2,No,No,"€132,104.76",0
15808760,Evseev,Spain,Female,42.0,6,€0.00,1,Yes,Yes,"€90,437.87",0
15648461,Hs?eh,Spain,Male,37.0,7,"€138,162.41",2,Yes,Yes,"€113,926.31",0
15593555,Chinedum,FRA,Male,38.0,9,€0.00,2,Yes,Yes,"€12,050.77",0
15569079,Hagins,Germany,Male,48.0,6,"€126,066.26",1,No,No,"€64,345.61",1
15800736,Kirwan,Spain,Female,42.0,4,"€96,763.89",1,Yes,Yes,"€199,242.65",0
15792607,Little,FRA,Female,38.0,2,€0.00,2,No,No,"€75,578.67",0
15640034,Milligan,French,Male,42.0,2,"€139,561.46",1,No,No,"€43,435.43",1
15807563,Ch'iu,France,Female,52.0,5,€0.00,1,No,No,"€183,239.71",1
15684461,McKay,Spain,Female,31.0,6,€0.00,1,No,No,"€146,213.75",1
15580134,Crawford,Spain,Male,27.0,2,"€172,463.45",1,Yes,Yes,"€40,315.27",0
15679075,Onyemere,FRA,Male,37.0,8,"€107,798.85",1,No,No,"€16,966.73",0
15742504,Azuka,French,Male,36.0,2,"€70,181.48",2,No,No,"€80,608.12",0
15567328,Ch'en,Spain,Male,38.0,5,"€177,997.07",1,Yes,Yes,"€19,233.41",0
15698294,Royster,Spain,Male,31.0,1,€0.00,2,No,No,"€135,382.23",0
15607142,Parkin,French,Male,32.0,8,€0.00,1,Yes,Yes,"€80,410.68",0
15738516,Kozlova,Spain,Female,36.0,5,€0.00,1,No,No,"€17,696.22",0
15806403,Hu,France,Male,37.0,9,€0.00,2,No,No,"€17,974.08",0
15656707,Ma,Spain,Male,21.0,2,"€123,200.78",1,Yes,Yes,"€180,712.28",0
15653715,Coates,FRA,Female,63.0,7,€0.00,2,Yes,Yes,"€56,323.21",0
15806184,Burns,Spain,Male,33.0,4,€0.00,2,Yes,Yes,"€77,550.18",0
15585734,Gouger,Germany,Male,41.0,9,"€137,742.90",2,Yes,Yes,"€166,957.82",0
15725639,Ignatyev,FRA,Female,63.0,9,"€116,270.72",1,Yes,Yes,"€184,243.25",0
15618401,Douglas,Germany,Male,41.0,10,"€113,220.20",2,Yes,Yes,"€114,072.91",0
15785385,Fiorentino,Spain,Male,51.0,5,€0.00,2,No,No,"€153,917.41",0
15734762,Ignatiev,France,Female,56.0,3,"€115,895.22",3,No,No,"€4,176.17",1
15767129,Munz,FRA,Female,60.0,6,"€121,730.49",1,Yes,Yes,"€142,963.29",0
15797204,Paling,Spain,Female,28.0,3,"€113,811.85",2,Yes,Yes,"€76,844.23",0
15769272,Clark,French,Female,26.0,6,"€136,214.08",1,No,No,"€159,742.33",0
15771966,Akobundu,FRA,Male,39.0,8,"€146,200.01",1,No,No,"€177,944.64",0
15691952,Fanucci,France,Male,37.0,10,"€106,242.67",1,Yes,Yes,"€166,678.28",0
15593250,Hsiao,FRA,Female,29.0,4,€0.00,2,No,No,"€44,904.26",0
15605333,Clancy,Spain,Male,31.0,6,€0.00,1,No,No,"€10,625.91",0
15800083,Macdonald,France,Male,45.0,8,"€24,043.45",1,Yes,Yes,"€169,781.45",1
15575691,Palerma,French,Female,58.0,5,€0.00,2,Yes,Yes,"€49,848.86",0
15689886,Holden,Germany,Male,39.0,10,"€132,287.92",3,Yes,Yes,"€51,467.92",1
15809838,Moore,Spain,Male,30.0,1,€0.00,2,No,No,€735.79,0
15736154,Gallo,FRA,Female,44.0,1,€0.00,2,Yes,Yes,"€182,495.70",0
15767391,Otutodilinna,Germany,Female,32.0,4,"€90,322.99",2,Yes,Yes,"€118,740.37",0
15704910,Rios,Spain,Male,23.0,3,€0.00,2,No,No,"€13,813.24",0
15656613,McGregor,France,Female,34.0,3,"€131,283.11",1,No,No,"€130,500.65",0
15611551,Hill,Spain,Male,48.0,1,"€131,659.59",2,Yes,Yes,"€14,152.15",0
15732430,H?,Spain,Female,54.0,4,"€120,952.74",1,No,No,"€66,963.15",0
15741865,Ferrari,French,Female,38.0,9,"€153,166.17",1,Yes,Yes,"€93,261.69",0
15634143,Onyemauchechi,Spain,Male,30.0,0,"€53,291.86",1,No,No,"€196,582.28",0
15609676,Nkemakonam,FRA,Female,35.0,2,"€167,924.95",1,No,No,"€43,024.64",0
15761600,White,FRA,Male,43.0,5,"€86,394.14",1,Yes,Yes,"€130,001.13",0
15676404,Kirillov,FRA,Female,50.0,1,€0.00,1,No,No,"€12,106.82",1
15659236,Iadanza,Spain,Male,33.0,3,€0.00,2,Yes,Yes,"€42,556.33",0
15690440,Stiles,Spain,Male,47.0,1,€0.00,2,Yes,Yes,"€197,961.93",0
15694601,Ankudinov,French,Female,31.0,4,"€158,978.79",1,No,No,"€12,538.92",0
15812262,Gaffney,Germany,Female,37.0,2,"€100,431.84",1,No,No,"€35,140.49",1
15762821,Udinese,Spain,Male,33.0,5,€0.00,2,Yes,Yes,"€117,626.90",0
15669301,Romani,Germany,Female,29.0,6,"€150,358.97",1,No,No,"€62,454.01",1
15672640,Kambinachi,Spain,Female,45.0,4,"€114,347.85",2,Yes,Yes,"€109,089.04",0
15750458,Hawkins,France,Female,39.0,4,€0.00,2,Yes,Yes,"€142,331.39",0
15627251,Tsui,FRA,Male,34.0,4,"€134,007.90",1,Yes,Yes,"€193,209.11",0
15764294,Ifeatu,Germany,Male,31.0,4,"€98,899.91",1,Yes,Yes,"€47,832.82",0
15659962,McIntosh,French,Male,60.0,3,€0.00,2,Yes,Yes,"€70,174.03",0
15788536,Armit,Germany,Male,40.0,2,"€137,430.82",2,No,No,"€176,768.59",0
15596979,Fang,France,Female,47.0,6,€0.00,2,Yes,Yes,"€129,392.75",0
15681220,Chou,French,Female,37.0,8,€0.00,2,Yes,Yes,"€97,893.32",0
15635097,Okeke,Germany,Male,39.0,2,"€188,976.89",2,Yes,Yes,"€176,142.09",0
15780779,Ramsbotham,Spain,Female,40.0,4,€0.00,2,No,No,"€114,093.73",0
15798470,Scannell,Spain,Female,48.0,1,"€75,990.97",1,No,No,"€158,323.81",1
15760880,Edman,French,Male,29.0,10,€0.00,2,Yes,Yes,"€25,514.77",0
15616929,De Luca,Spain,Male,62.0,5,"€112,181.08",1,Yes,Yes,"€61,513.87",0
15758775,Vasilyeva,Spain,Male,34.0,10,"€97,208.46",1,Yes,Yes,"€59,553.34",0
15663386,Tuan,Spain,Female,26.0,7,€0.00,2,No,No,"€110,253.20",0
15621267,Ejimofor,FRA,Male,32.0,5,€0.00,1,No,No,"€148,769.08",0
15720509,Hs?,French,Male,34.0,9,"€150,856.79",1,Yes,Yes,"€8,236.78",0
15693322,Shaver,Germany,Female,37.0,9,"€146,748.07",1,Yes,Yes,"€11,407.58",0
15589544,Wallis,Spain,Female,57.0,4,€0.00,2,Yes,Yes,"€49,684.09",0
15772030,Coupp,Spain,Male,33.0,3,€0.00,2,Yes,Yes,"€68,064.83",0
15693337,Perry,Spain,Male,41.0,0,"€148,863.17",1,Yes,Yes,"€163,911.32",0
15676571,Bezrukova,FRA,Male,55.0,6,€0.00,1,No,No,€944.41,1
15701392,Lucciano,Spain,Male,28.0,6,€0.00,2,Yes,Yes,"€185,547.71",0
15741092,Ingram,Spain,Male,34.0,10,"€153,360.02",1,No,No,"€140,509.86",0
15643865,Lo Duca,French,Female,40.0,3,"€92,055.36",1,Yes,Yes,"€164,652.02",1
15769389,Wan,Germany,Female,39.0,9,"€124,723.92",1,No,No,"€73,641.86",0
15807768,Cohn,Germany,Male,28.0,1,"€103,033.83",1,Yes,Yes,"€40,321.87",0
15801630,Yen,France,Male,40.0,6,€0.00,2,No,No,"€173,844.89",0
15705034,Peng,Spain,Male,40.0,1,€0.00,2,Yes,Yes,"€145,613.17",0
15763107,Little,France,Female,30.0,9,€0.00,1,Yes,Yes,"€174,971.64",0
15667085,Meng,France,Male,33.0,4,€0.00,2,Yes,Yes,"€131,834.75",0
15647008,Adams,Germany,Male,54.0,3,"€116,726.22",1,No,No,"€110,498.10",1
15584505,Hill,French,Female,23.0,5,"€113,923.81",2,No,No,"€196,241.43",0
15748068,Boyle,Spain,Female,31.0,3,€0.00,2,Yes,Yes,"€194,667.92",0
15663964,Pagnotto,French,Male,37.0,5,€0.00,2,No,No,"€83,093.25",0
15782311,Feng,FRA,Male,28.0,9,€0.00,2,Yes,Yes,"€52,545.24",0
15588197,Endrizzi,FRA,Male,36.0,7,€0.00,2,No,No,"€59,571.50",0
15610105,Shen,Germany,Female,21.0,1,"€121,827.43",2,Yes,Yes,"€99,818.31",0
15606133,Lay,Spain,Male,42.0,7,€0.00,2,Yes,Yes,"€172,967.87",0
15599403,Wu,French,Male,60.0,10,"€125,389.70",2,Yes,Yes,"€178,616.73",0
15648225,Shephard,Spain,Female,38.0,1,"€103,895.31",1,Yes,Yes,"€159,649.44",0
15608406,Schmidt,French,Male,26.0,5,"€111,128.04",1,No,No,"€60,941.27",1
15633378,Davidson,Spain,Female,49.0,9,€0.00,2,No,No,"€178,342.63",0
15664759,Lamb,Spain,Male,32.0,10,€0.00,2,No,No,"€191,545.65",0
15625545,Hussey,Spain,Male,52.0,9,€0.00,1,Yes,Yes,"€117,977.45",1
15772148,Ferrari,Germany,Female,37.0,5,"€151,242.48",1,Yes,Yes,"€49,637.65",0
15810829,Macfarlan,France,Male,48.0,7,€0.00,1,No,No,"€13,921.82",1
15731669,Szabados,FRA,Male,39.0,2,"€129,709.62",1,No,No,"€173,197.12",0
15738634,Yuan,FRA,Male,47.0,9,"€83,347.25",1,Yes,Yes,"€137,696.25",0
15737571,Matveyev,Spain,Female,28.0,6,"€84,121.04",1,Yes,Yes,"€80,698.54",0
15667602,Cheng,Spain,Male,33.0,3,€0.00,2,No,No,"€73,018.74",0
15684147,Palerma,French,Male,43.0,5,"€102,338.19",1,Yes,Yes,"€79,649.62",0
15789874,Wang,France,Female,29.0,3,"€87,375.78",2,No,No,"€166,194.53",0
15757952,Teng,France,Male,44.0,2,€0.00,3,No,No,"€102,530.35",1
15698732,K'ung,Germany,Male,51.0,3,"€104,677.09",1,No,No,"€74,265.38",0
15714355,Sinclair,Germany,Male,32.0,8,"€121,669.23",1,Yes,Yes,"€125,898.39",0
15599090,McKelvey,Germany,Male,40.0,7,"€108,407.34",1,Yes,Yes,"€83,681.20",0
15762048,Yuan,Germany,Female,33.0,7,"€154,969.79",2,Yes,Yes,"€99,505.75",0
15790596,Moran,Spain,Male,39.0,0,"€141,829.67",1,Yes,Yes,"€92,748.16",0
15609623,McConnell,FRA,Female,63.0,5,€0.00,1,No,No,"€28,092.77",1
15711901,Iheatu,FRA,Male,45.0,2,"€109,162.82",1,Yes,Yes,"€126,145.08",0
15779809,Giordano,FRA,Male,44.0,8,"€87,471.63",1,Yes,Yes,"€188,593.98",0
15729018,Alexander,FRA,Female,33.0,2,"€147,229.65",1,Yes,Yes,"€56,410.17",0
15698246,Gordon,French,Female,24.0,2,€0.00,2,Yes,Yes,"€84,694.49",0
15712409,Tang,Germany,Male,66.0,6,"€182,532.23",2,Yes,Yes,"€195,429.92",0
15758306,T'an,France,Male,32.0,6,€0.00,2,Yes,Yes,"€137,898.57",0
15621435,Davies,France,Female,39.0,1,"€160,903.20",1,No,No,"€78,774.36",0
15566295,Sanders,French,Female,33.0,6,"€138,053.79",2,No,No,"€148,779.41",0
15569098,Winifred,France,Male,44.0,6,"€153,548.12",1,No,No,"€35,300.08",1
15662532,Holmes,Germany,Male,31.0,8,"€149,085.90",2,Yes,Yes,"€197,077.36",0
15664001,Riddle,Germany,Female,53.0,8,"€95,231.91",1,No,No,"€70,140.80",1
15703437,Chinedum,France,Male,34.0,3,€0.00,2,No,No,"€196,288.46",0
15708003,Aleksandrova,Spain,Male,41.0,8,"€85,109.21",1,No,No,"€1,557.82",0
15599452,Conti,Germany,Female,43.0,8,"€125,338.80",2,No,No,"€23,970.13",0
15719793,Watson,Spain,Male,62.0,5,€0.00,2,Yes,Yes,"€180,243.56",0
15771580,Davison,FRA,Female,38.0,0,"€106,831.69",1,Yes,Yes,"€148,977.72",0
15732268,Cook,France,Male,29.0,3,"€159,597.45",1,No,No,"€39,934.41",0
15722350,Udinesi,Germany,Female,37.0,7,"€147,361.57",1,Yes,Yes,"€133,031.96",0
15611371,Siciliani,French,Male,43.0,4,"€176,134.54",1,Yes,Yes,"€52,856.88",0
15673584,Bell,FRA,Female,74.0,5,€0.00,2,Yes,Yes,€937.15,0
15636396,Jackson,French,Female,35.0,7,€0.00,2,Yes,Yes,"€193,022.44",0
15706170,Onyemere,French,Male,34.0,1,"€84,055.43",1,No,No,"€37,490.84",0
15725478,McClemans,FRA,Male,60.0,7,€0.00,2,Yes,Yes,"€111,558.70",0
15654562,Ma,Spain,Female,45.0,5,"€174,088.30",4,No,No,"€5,669.31",1
15737509,Morrison,Spain,Male,34.0,8,"€199,229.14",1,No,No,"€68,106.29",0
15690796,Chambers,French,Male,37.0,8,€0.00,1,No,No,"€101,834.58",0
15716728,Basedow,Spain,Female,42.0,10,€0.00,2,Yes,Yes,"€73,151.25",0
15605665,Nwora,Germany,Female,69.0,3,"€78,833.15",2,Yes,Yes,"€37,196.15",0
15748481,Howey,FRA,Female,27.0,6,€0.00,1,No,No,"€7,819.76",0
15757777,Pai,French,Female,35.0,2,€0.00,2,Yes,Yes,"€23,129.46",0
15747808,Ni,France,Male,29.0,3,"€102,540.61",1,Yes,Yes,"€189,680.79",0
15810593,Forbes,France,Male,51.0,4,€0.00,3,Yes,Yes,"€66,586.56",0
15693376,Baryshnikov,Spain,Male,43.0,0,€0.00,2,Yes,Yes,"€2,920.63",1
15579808,Kramer,Germany,Female,39.0,8,"€129,401.87",1,Yes,Yes,"€87,684.93",0
15598275,Sochima,FRA,Female,32.0,7,€0.00,2,Yes,Yes,"€199,418.02",0
15737080,Marchesi,France,Female,32.0,1,€0.00,2,Yes,Yes,"€28,515.17",0
15668580,Todd,Spain,Male,33.0,2,€0.00,2,Yes,Yes,"€92,916.53",0
15569438,Mai,Germany,Male,36.0,10,"€106,702.94",2,No,No,"€198,313.69",0
15675842,Pinto,Spain,Male,26.0,4,"€139,584.57",1,No,No,"€36,308.93",0
15577587,Reynolds,Germany,Male,52.0,5,"€121,016.23",1,Yes,Yes,"€41,730.37",1
15625592,Sal,French,Male,26.0,2,€0.00,2,Yes,Yes,"€31,399.40",0
15635141,Miller,Germany,Male,59.0,8,"€118,210.42",2,No,No,"€60,192.14",1
15642570,Scott,Spain,Male,35.0,8,€0.00,2,No,No,"€29,062.25",0
15702175,Herrin,France,Female,29.0,4,"€148,654.84",2,Yes,Yes,"€28,805.09",0
15677785,Stevenson,Spain,Male,32.0,5,"€136,963.12",1,No,No,"€133,814.28",0
15786153,McKenzie,Germany,Male,47.0,9,"€137,774.11",2,No,No,"€151,902.78",0
15759499,Gardiner,FRA,Female,32.0,4,"€111,156.52",1,Yes,Yes,"€167,376.26",0
15659568,Atkinson,Spain,Female,31.0,3,"€121,237.65",1,Yes,Yes,"€31,022.56",0
15715597,Onyemauchechi,FRA,Male,36.0,1,"€97,234.58",1,No,No,"€188,997.08",0
15610147,Ross,France,Male,60.0,2,€0.00,2,Yes,Yes,"€2,085.32",0
15802362,Newland,Spain,Male,45.0,0,€0.00,2,Yes,Yes,"€70,399.71",0
15660524,Hu,Germany,Female,54.0,9,"€97,382.53",1,Yes,Yes,"€195,771.95",0
15747168,Sanders,Germany,Female,47.0,2,"€103,108.80",1,Yes,Yes,"€166,475.44",1
15796910,Tsui,Spain,Female,57.0,7,€0.00,1,No,No,"€84,106.17",1
15707674,Marino,French,Female,58.0,2,"€131,852.81",1,No,No,"€81,436.68",1
15565706,Akobundu,Spain,Male,35.0,1,€0.00,1,Yes,Yes,"€83,256.26",1
15587596,Morrison,Spain,Female,39.0,8,"€107,553.33",1,No,No,"€117,523.41",0
15751943,Mai,Spain,Female,43.0,5,€0.00,2,No,No,"€79,476.63",0
15621227,Hs?eh,Germany,Female,46.0,7,"€161,806.09",1,Yes,Yes,"€173,052.19",0
15757588,Wright,France,Male,30.0,9,€0.00,2,No,No,"€100,995.68",0
15640922,Demaine,FRA,Female,52.0,7,€0.00,1,Yes,Yes,"€122,782.50",0
15567557,Chien,FRA,Male,27.0,2,"€128,243.03",1,Yes,Yes,"€11,631.34",0
15670103,Dickinson,French,Female,38.0,5,"€126,645.13",1,Yes,Yes,"€168,303.55",0
15720929,Kazantseva,French,Female,47.0,8,"€62,094.71",3,No,No,"€9,308.10",1
15732774,Marchesi,France,Male,37.0,7,"€112,291.34",1,No,No,"€153,157.97",0
15628558,Pan,FRA,Female,44.0,5,"€89,188.83",1,Yes,Yes,"€75,408.24",0
15729201,Harewood,France,Male,55.0,9,€0.00,1,No,No,"€153,356.80",1
15731117,Kao,Spain,Male,28.0,2,"€109,161.25",1,No,No,"€152,987.42",0
15615207,Yeh,Spain,Male,47.0,0,€0.00,1,Yes,Yes,"€5,557.88",1
15773512,Bischof,Spain,Female,25.0,4,€0.00,1,Yes,Yes,"€194,313.93",0
15572145,Ashton,France,Female,34.0,8,€0.00,2,No,No,"€94,767.77",0
15642710,Napolitani,France,Male,26.0,7,€0.00,2,No,No,"€1,540.89",0
15574213,Wilson,France,Female,53.0,1,"€158,271.74",1,Yes,Yes,"€5,036.39",1
15718852,Uren,French,Male,56.0,9,"€96,951.21",1,Yes,Yes,"€71,776.76",0
15583840,Okechukwu,Germany,Male,35.0,5,"€121,863.61",1,Yes,Yes,"€23,481.69",1
15782418,Ku,Germany,Female,19.0,9,"€83,495.11",1,Yes,Yes,"€143,022.31",1
15813504,Onyemachukwu,Germany,Female,25.0,1,"€146,566.01",1,Yes,Yes,"€161,407.48",0
15711314,Kao,Spain,Female,45.0,1,€0.00,1,No,No,"€125,939.22",1
15621064,Russell,Germany,Male,23.0,5,"€186,101.18",2,Yes,Yes,"€76,611.33",0
15627847,Woronoff,FRA,Male,40.0,6,€0.00,1,No,No,"€136,985.08",1
15588090,Ferri,Germany,Female,51.0,8,"€107,494.86",2,No,No,"€140,937.91",1
15735270,Ruggiero,Spain,Male,47.0,2,€0.00,1,No,No,"€48,161.18",1
15671804,Wilding,Spain,Male,36.0,8,"€146,943.38",2,Yes,Yes,"€130,041.45",0
15753215,Yashina,Spain,Female,36.0,8,€0.00,2,No,No,"€91,652.43",0
15789941,Yevseyev,FRA,Female,36.0,6,"€125,130.28",1,No,No,"€125,961.48",0
15691061,Rapuokwu,France,Female,37.0,9,€0.00,2,Yes,Yes,"€73,225.31",0
15808326,Maslov,French,Female,34.0,9,€0.00,2,Yes,Yes,"€20,460.20",0
15566660,Cole,France,Female,41.0,10,€0.00,3,No,No,"€81,602.02",0
15778947,Sullivan,French,Male,36.0,3,€0.00,2,Yes,Yes,"€8,742.91",0
15632977,Hsiao,French,Male,47.0,5,€0.00,2,No,No,"€145,789.71",0
15591747,Rossi,French,Male,32.0,3,€0.00,2,No,No,"€129,576.99",0
15567335,Allsop,FRA,Female,42.0,7,€0.00,2,Yes,Yes,"€190,040.29",0
15609299,Chamberlain,French,Male,29.0,6,"€150,685.79",1,No,No,"€87,771.06",0
15669945,Jackson,France,Male,35.0,4,"€141,359.37",2,No,No,"€39,519.53",0
15736271,Dumetochukwu,France,Female,29.0,9,€0.00,1,No,No,"€190,035.83",0
15710390,Uspensky,French,Female,39.0,6,"€94,631.26",2,Yes,Yes,"€148,948.52",0
15756481,Garcia,FRA,Female,39.0,3,"€118,336.14",1,No,No,"€184,691.77",0
15736730,Soto,France,Female,45.0,2,€0.00,1,Yes,Yes,"€143,458.31",0
15626040,McDonald,Spain,Male,63.0,0,€0.00,2,Yes,Yes,"€27,166.75",0
15746553,Castles,Germany,Male,50.0,5,"€124,233.24",1,Yes,Yes,"€159,456.87",1
15622518,Stephenson,FRA,Female,26.0,5,"€51,116.26",1,Yes,Yes,"€70,454.79",1
15684908,Davidson,Germany,Male,64.0,1,"€91,869.69",1,Yes,Yes,"€95,421.00",0
15569446,Tu,France,Female,34.0,8,"€122,338.43",2,No,No,"€187,985.85",0
15777504,Colbert,France,Female,30.0,8,€0.00,1,Yes,Yes,"€92,621.90",0
15677906,Owens,Spain,Female,54.0,5,€0.00,1,Yes,Yes,"€150,836.98",0
15703292,Chimezie,FRA,Male,26.0,8,"€86,270.93",2,Yes,Yes,"€90,177.30",0
15712938,Genovese,France,Male,44.0,3,€0.00,2,Yes,Yes,"€34,416.79",0
15631359,Daluchi,FRA,Female,38.0,5,"€117,289.92",1,No,No,"€85,231.88",0
15720847,Sheffield,France,Male,35.0,2,€0.00,2,Yes,Yes,"€118,983.18",0
15787830,Bailey,Germany,Male,33.0,7,"€153,663.27",1,No,No,"€111,868.23",0
15599869,Dyson,Spain,Female,29.0,1,€0.00,1,Yes,Yes,"€83,056.22",0
15592078,Davide,Germany,Female,27.0,8,"€123,599.49",2,No,No,"€1,676.92",0
15596228,Uwaezuoke,French,Male,29.0,4,€0.00,2,No,No,"€32,089.57",0
15578462,Hs?,Spain,Female,76.0,9,"€134,208.25",1,Yes,Yes,"€13,455.43",0
15756894,Onwuka,French,Male,29.0,1,€0.00,1,Yes,Yes,"€24,865.54",0
15796167,Flores,Germany,Male,35.0,7,"€98,556.89",2,No,No,"€117,644.36",0
15664808,Nicoll,Spain,Female,37.0,3,€0.00,3,No,No,"€98,897.32",0
15664555,Hughes,FRA,Male,40.0,2,€0.00,4,Yes,Yes,"€106,174.70",1
15607278,Romano,Spain,Female,46.0,8,"€134,593.79",1,Yes,Yes,"€46,386.37",0
15585222,Norman,FRA,Male,41.0,8,€0.00,2,Yes,Yes,"€185,054.14",0
15750299,Davison,Spain,Male,24.0,10,"€68,781.82",1,Yes,Yes,"€47,997.39",0
15761294,Manna,Germany,Female,56.0,8,"€137,464.04",1,No,No,"€130,846.79",1
15810454,Reed,France,Male,32.0,4,"€147,307.91",1,Yes,Yes,"€40,861.55",0
15673984,Daniels,FRA,Female,35.0,8,€0.00,1,No,No,"€171,840.24",1
15609319,Hunt,France,Female,41.0,3,"€145,754.91",1,Yes,Yes,"€101,455.07",0
15709941,Feng,FRA,Male,46.0,8,€0.00,3,No,No,"€90,747.94",1
15580252,Waters,FRA,Male,44.0,4,"€112,610.77",1,Yes,Yes,"€2,048.55",0
15741275,Yuan,FRA,Female,57.0,7,"€71,481.79",2,Yes,Yes,"€84,421.34",0
15707132,Yudin,French,Male,33.0,5,€0.00,2,Yes,Yes,"€78,698.09",0
15600708,Calabresi,Spain,Female,34.0,3,"€77,826.80",1,Yes,Yes,"€168,544.85",0
15804787,Onyemauchechukwu,France,Male,75.0,5,"€87,140.85",1,Yes,Yes,"€39,351.64",0
15690021,Martin,Germany,Female,42.0,0,"€132,002.70",1,Yes,Yes,"€28,204.98",1
15763895,Hung,France,Male,32.0,7,"€178,011.50",2,No,No,"€22,375.14",0
15623478,Maslova,Germany,Female,32.0,4,"€102,954.68",2,Yes,Yes,"€134,942.45",0
15797910,Zetticci,Germany,Male,51.0,2,"€123,783.25",1,Yes,Yes,"€134,901.57",0
15577751,Pisano,Germany,Male,30.0,4,"€101,802.67",1,No,No,"€8,693.80",0
15781777,Sutherland,FRA,Male,33.0,3,"€148,659.48",1,No,No,"€42,437.75",0
15740527,Lai,Germany,Female,62.0,7,"€142,724.48",1,Yes,Yes,"€5,893.23",1
15721251,Watson,Spain,Female,41.0,4,"€112,152.89",1,Yes,Yes,"€36,242.19",0
15602994,Gorbunov,French,Female,53.0,10,"€89,550.85",1,Yes,Yes,"€90,076.85",0
15750769,Padovano,French,Male,35.0,7,"€75,915.75",1,No,No,"€150,507.43",0
15740175,Raynor,Germany,Female,42.0,2,"€118,889.66",2,No,No,"€87,422.15",0
15679968,Ting,France,Male,40.0,5,"€118,788.57",1,No,No,"€192,867.40",0
15694404,Eberegbulam,French,Female,42.0,3,"€156,555.54",1,Yes,Yes,"€175,674.01",0
15657529,Chin,Germany,Male,53.0,1,"€99,141.86",1,Yes,Yes,"€72,496.05",1
15762882,Manna,Germany,Female,31.0,4,"€61,211.18",1,Yes,Yes,"€145,250.43",0
15642579,Chang,Spain,Female,37.0,1,"€128,932.40",1,Yes,Yes,"€180,712.52",0
15598884,Kent,Spain,Female,23.0,5,€0.00,1,Yes,Yes,"€180,622.43",0
15770185,Buckley,France,Male,32.0,10,"€80,728.15",1,No,No,"€86,306.75",0
15800287,Micco,Spain,Female,46.0,2,"€127,660.46",2,No,No,"€150,156.82",1
15665861,Avdeev,Spain,Male,44.0,3,"€106,070.89",1,Yes,Yes,"€101,617.43",0
15662203,Bremer,Germany,Female,42.0,3,"€137,560.38",2,Yes,Yes,"€85,424.34",0
15616454,Davidson,Germany,Female,34.0,8,"€111,905.43",1,Yes,Yes,"€197,221.81",1
15702788,Gadsdon,France,Male,40.0,9,"€126,212.64",1,No,No,"€70,196.57",0
15778149,Connolly,Spain,Male,68.0,9,€0.00,2,No,No,"€110,440.50",1
15680001,McDonald,France,Male,38.0,7,"€111,835.94",2,No,No,"€124,389.61",0
15711991,Chiawuotu,France,Male,30.0,8,€0.00,2,No,No,"€3,183.15",0
15633834,Milne,Germany,Female,28.0,3,"€99,705.69",2,No,No,"€146,723.72",0
15765266,Fleming,France,Male,32.0,1,€0.00,2,No,No,"€2,139.25",0
15791867,Hicks,Germany,Male,44.0,2,"€108,895.93",1,No,No,"€69,228.20",1
15675380,Logan,Spain,Male,56.0,3,"€154,669.77",1,Yes,Yes,"€115,462.27",1
15770576,Hammond,Spain,Male,50.0,7,"€128,061.00",2,Yes,Yes,"€62,375.10",0
15775294,Weber,FRA,Female,31.0,2,€0.00,2,No,No,"€91,829.17",1
15727059,Lettiere,France,Female,40.0,4,€0.00,2,No,No,"€182,547.04",0
15702499,Schnaars,Spain,Male,46.0,9,"€190,678.02",1,Yes,Yes,"€14,725.36",0
15611699,Tao,French,Female,40.0,7,€0.00,1,No,No,"€126,996.67",0
15654000,Algarin,FRA,Female,35.0,5,€0.00,1,No,No,"€133,991.11",1
15657881,Onyemere,FRA,Male,38.0,5,"€136,712.91",1,Yes,Yes,"€169,920.92",0
15719991,Korovina,Spain,Female,52.0,1,"€154,733.97",1,No,No,"€80,259.67",1
15720687,Chidubem,French,Female,41.0,4,"€112,609.91",1,No,No,"€191,035.18",1
15687079,King,Spain,Male,69.0,10,"€115,462.44",1,No,No,"€40,421.87",0
15582276,Greco,French,Male,34.0,5,"€133,501.36",1,Yes,Yes,"€155,643.04",0
15763980,Beneventi,Germany,Male,30.0,1,"€58,668.02",1,Yes,Yes,"€78,670.52",0
15720774,P'eng,Spain,Male,44.0,7,"€89,118.26",1,No,No,"€104,240.77",1
15592194,Metcalf,France,Female,28.0,9,€0.00,2,No,No,"€95,957.09",0
15803685,Greco,Germany,Female,77.0,10,"€76,510.52",2,Yes,Yes,"€59,595.66",0
15759456,Lupton,Spain,Male,34.0,7,"€140,694.78",2,No,No,"€46,266.63",0
15611544,Ibeamaka,Germany,Male,36.0,7,"€95,448.32",2,No,No,"€189,085.07",0
15794257,Hsiung,French,Male,34.0,4,"€91,562.99",1,Yes,Yes,"€123,954.15",0
15681697,Rueda,FRA,Male,31.0,8,"€72,541.48",1,No,No,"€129,803.08",0
15579566,Li Fonti,Spain,Female,43.0,3,"€120,867.18",1,No,No,"€18,761.92",1
15577970,Alexeeva,FRA,Male,34.0,5,€0.00,1,No,No,"€43,540.59",0
15727489,Madueke,Spain,Female,45.0,1,"€157,320.51",1,No,No,"€62,193.92",0
15764284,Torres,Spain,Male,27.0,3,€0.00,3,Yes,Yes,"€129,130.09",0
15581811,Chukwubuikem,Germany,Female,30.0,1,"€139,676.95",2,Yes,Yes,"€16,146.00",0
15622527,Holloway,France,Female,55.0,6,€0.00,1,Yes,Yes,"€22,442.13",0
15753362,Evdokimov,Spain,Male,60.0,3,€0.00,2,Yes,Yes,"€78,194.37",0
15666652,Anayolisa,French,Female,19.0,3,€0.00,2,Yes,Yes,"€124,297.32",0
15789714,Semmens,Spain,Male,21.0,3,"€103,000.94",1,Yes,Yes,"€104,648.58",0
15771543,Tu,Germany,Male,31.0,2,"€134,237.07",1,Yes,Yes,"€166,423.66",1
15748327,Anderson,Germany,Male,34.0,6,"€118,235.70",2,No,No,"€157,137.23",0
15754649,Fang,Spain,Female,57.0,3,€0.00,2,Yes,Yes,"€34,134.14",0
15810460,Fanucci,Spain,Female,64.0,5,€0.00,3,Yes,Yes,"€112,520.07",1
15771742,Boyle,Germany,Male,38.0,9,"€115,442.19",2,No,No,"€128,481.50",1
15642160,Milanesi,FRA,Male,38.0,5,€0.00,2,No,No,"€16,491.64",0
15798439,Davidson,Spain,Male,25.0,2,€0.00,1,Yes,Yes,"€132,979.43",0
15605293,McKay,French,Female,43.0,1,€0.00,2,Yes,Yes,"€196,645.87",0
15692631,Bogdanova,Spain,Female,44.0,8,"€115,557.00",1,Yes,Yes,"€127,506.76",0
15665376,Lavrentiev,Germany,Female,35.0,3,"€166,518.63",2,No,No,"€147,930.46",0
15772412,Corser,Spain,Male,30.0,6,"€135,370.12",1,Yes,Yes,"€179,689.05",1
15654577,Alexeeva,Germany,Male,54.0,5,"€92,877.33",1,No,No,"€2,619.64",1
15585427,Madueke,France,Female,26.0,10,"€102,073.67",2,No,No,"€166,799.93",0
15584536,Barber,Germany,Male,46.0,3,"€97,042.60",1,Yes,Yes,"€133,516.51",1
15585853,McCardle,Spain,Male,41.0,7,€0.00,1,No,No,"€163,736.09",1
15645271,Radcliffe-Brown,Germany,Male,24.0,8,"€108,528.07",2,No,No,"€179,488.41",1
15579387,Ni,Germany,Female,44.0,2,"€79,064.85",2,Yes,Yes,"€113,291.75",0
15623107,Chukwumaobim,Spain,Male,45.0,3,"€74,274.87",3,No,No,"€64,907.48",1
15754072,Dennis,Spain,Female,36.0,6,€0.00,2,No,No,"€141,364.27",0
15666163,Hayward,France,Male,43.0,1,"€100,421.10",1,Yes,Yes,"€101,141.28",0
15765192,Jones,France,Male,26.0,7,"€84,006.88",2,No,No,"€183,490.99",0
15804822,L?,France,Female,31.0,4,€0.00,2,No,No,"€4,798.12",0
15612893,Nelson,Spain,Male,45.0,4,€0.00,1,No,No,"€131,807.14",0
15593636,Cardus,France,Female,39.0,4,"€80,293.81",1,No,No,"€97,192.76",0
15693326,Whitehouse,France,Female,42.0,7,"€125,437.14",2,No,No,"€164,128.58",0
15809901,Johnstone,FRA,Male,36.0,8,€0.00,2,No,No,"€176,809.87",0
15759751,Tsui,France,Male,48.0,1,€0.00,2,Yes,Yes,"€110,059.38",0
15605425,Chia,Germany,Female,44.0,2,"€127,536.44",1,No,No,"€108,398.63",0
15801934,Su,France,Male,66.0,8,€0.00,2,Yes,Yes,"€47,117.03",0
15592000,Calabresi,Germany,Female,48.0,9,"€82,794.18",1,No,No,"€124,720.68",1
15618695,Ts'ui,Spain,Female,22.0,3,"€108,117.10",1,Yes,Yes,"€53,328.70",0
15637110,McCulloch,Spain,Female,35.0,10,€0.00,1,No,No,"€82,634.41",0
15727408,Koo,Germany,Male,27.0,8,"€61,688.61",2,No,No,"€147,059.16",0
15716328,Miller,FRA,Female,40.0,2,€0.00,2,No,No,"€141,946.92",0
15669060,Woolnough,French,Male,74.0,6,€0.00,2,No,No,"€123,583.85",0
15675854,Douglas,Spain,Male,50.0,0,"€159,304.07",1,Yes,Yes,"€155,915.24",1
15621116,Fang,Germany,Male,33.0,5,"€138,664.24",1,No,No,"€29,076.27",0
15781495,Munro,France,Female,22.0,2,"€126,362.57",2,Yes,Yes,"€97,382.80",0
15740470,Vinogradov,FRA,Male,39.0,4,"€160,652.45",2,No,No,"€57,643.55",0
15714391,Lai,FRA,Female,35.0,2,"€183,572.84",1,Yes,Yes,"€66,006.75",1
15730137,Udegbulam,French,Male,31.0,0,"€88,421.81",1,No,No,"€72,350.47",0
15596455,Mao,Spain,Female,45.0,2,€0.00,1,No,No,"€197,789.83",1
15717290,Onyekaozulu,Germany,Male,41.0,2,"€112,871.19",2,Yes,Yes,"€65,520.74",0
15616555,Fu,Germany,Male,41.0,8,"€60,880.68",1,No,No,"€31,825.84",0
15659820,Cross,French,Female,34.0,5,€0.00,2,No,No,"€185,561.89",0
15696301,Snider,French,Female,37.0,9,"€101,455.70",1,No,No,"€25,803.59",1
15771087,Harrison,FRA,Female,71.0,0,"€88,084.13",2,Yes,Yes,"€154,337.47",0
15808831,Dale,France,Male,29.0,7,€0.00,2,Yes,Yes,"€138,145.62",0
15812241,Udinese,Germany,Male,59.0,7,"€127,197.14",1,No,No,"€51,565.98",1
15680370,DeRose,FRA,Male,39.0,7,€0.00,2,Yes,Yes,"€71,323.23",0
15780561,Hay,France,Female,39.0,9,"€83,456.79",2,No,No,"€38,882.34",0
15800784,Bruce,France,Male,42.0,4,"€98,298.18",1,Yes,Yes,€676.06,0
15715796,Romani,France,Male,37.0,0,€0.00,2,Yes,Yes,"€72,203.80",0
15605375,Tseng,France,Male,35.0,2,"€86,911.80",1,No,No,"€174,094.24",0
15621520,Tang,Germany,Female,42.0,2,"€139,707.28",1,No,No,"€2,150.22",0
15665460,Isayeva,Spain,Female,67.0,1,€0.00,2,Yes,Yes,"€177,783.04",0
15801152,Hill,Spain,Female,39.0,1,"€142,876.98",2,No,No,"€44,363.42",0
15756425,Barnes,France,Male,30.0,7,"€146,301.31",1,No,No,"€96,847.91",0
15674328,Moreno,France,Female,40.0,3,"€47,364.45",1,Yes,Yes,"€148,579.43",1
15742404,McGregor,FRA,Male,38.0,7,€0.00,2,No,No,"€38,308.34",0
15757140,Genovese,France,Male,51.0,0,"€58,137.08",1,Yes,Yes,"€142,538.31",0
15570051,Gill,Germany,Female,38.0,6,"€179,886.41",2,No,No,"€153,122.58",0
15669175,Ts'ai,Germany,Male,24.0,6,"€107,637.97",2,Yes,Yes,"€169,505.83",0
15790324,Green,FRA,Female,20.0,6,"€167,685.56",1,No,No,"€57,929.90",0
15691119,Martin,Germany,Male,68.0,4,"€136,525.99",1,No,No,"€175,399.14",0
15743478,Johnson,Germany,Male,39.0,8,"€52,106.33",2,Yes,Yes,"€107,964.36",0
15707007,Onio,FRA,Female,39.0,8,€0.00,1,No,No,"€94,263.44",0
15572547,Vaguine,French,Female,45.0,9,"€104,930.38",1,No,No,"€155,921.81",1
15567063,Manna,Germany,Female,34.0,6,"€106,434.94",1,Yes,Yes,"€137,995.66",1
15689633,Toomey,Spain,Female,38.0,2,"€112,803.92",1,No,No,"€179,631.85",0
15720637,Bell,Germany,Female,46.0,10,"€120,530.34",1,No,No,"€166,586.99",1
15616859,Bonwick,Germany,Female,43.0,2,"€113,641.49",4,No,No,"€115,116.35",1
15766166,Folliero,Spain,Male,43.0,2,"€145,081.72",1,Yes,Yes,"€23,881.62",0
15617655,Holt,Spain,Female,35.0,9,€0.00,2,Yes,Yes,"€105,837.38",0
15623450,Brown,Germany,Female,27.0,7,"€135,842.89",1,Yes,Yes,"€101,418.05",0
15796612,Ch'ang,France,Female,31.0,1,"€112,203.25",1,No,No,"€182,266.01",0
15795963,Fiorentini,French,Male,34.0,7,"€129,895.19",1,Yes,Yes,"€28,698.17",0
15781598,Middleton,Germany,Male,41.0,6,"€149,049.92",1,Yes,Yes,"€50,422.36",1
15691871,Millar,Germany,Male,42.0,9,"€153,279.39",1,Yes,Yes,"€151,336.96",0
15740345,Osborne,Spain,Male,42.0,5,"€41,473.33",1,No,No,"€112,979.60",1
15662626,Feng,French,Female,40.0,2,€0.00,2,No,No,"€36,371.27",0
15596575,Vale,Germany,Male,39.0,5,"€113,193.51",2,Yes,Yes,"€52,166.25",0
15657321,Arkwookerum,Germany,Male,27.0,8,"€113,174.21",2,No,No,"€147,261.58",0
15575955,Lujan,FRA,Female,24.0,0,€0.00,2,No,No,"€88,724.49",0
15743893,Alexeyeva,France,Male,42.0,3,"€164,951.56",1,No,No,"€190,531.77",0
15697270,Gannon,Spain,Male,27.0,4,"€153,325.10",1,Yes,Yes,"€199,953.33",0
15644356,Prokhorova,Spain,Female,47.0,10,"€134,032.01",1,No,No,"€144,290.97",0
15677586,Romero,Germany,Female,32.0,3,"€125,445.04",2,Yes,Yes,"€130,514.78",0
15571261,Toscani,Germany,Female,35.0,6,"€126,077.43",2,Yes,Yes,"€53,954.24",0
15698758,Onwuamaegbu,Spain,Female,31.0,1,€0.00,2,Yes,Yes,"€169,802.73",0
15787014,King,Germany,Female,28.0,8,"€90,371.09",1,Yes,Yes,"€146,851.73",0
15739857,Trentino,FRA,Female,40.0,3,€0.00,2,Yes,Yes,"€96,832.82",0
15774630,Peacock,Germany,Female,47.0,1,"€142,802.02",1,Yes,Yes,"€57,553.02",0
15805523,Nnaife,FRA,Female,28.0,1,"€90,537.16",1,Yes,Yes,"€74,800.99",0
15749557,Chao,French,Female,44.0,6,€0.00,2,Yes,Yes,"€192,542.17",0
15681180,Barese,France,Female,23.0,7,"€156,123.73",1,No,No,"€72,990.62",0
15742028,Udegbulam,French,Female,35.0,5,€0.00,2,No,No,"€31,050.02",0
15686463,Fu,French,Male,38.0,7,"€141,074.59",1,No,No,"€52,795.56",1
15654379,Onwuatuegwu,Spain,Male,59.0,4,€0.00,2,Yes,Yes,"€27,435.41",0
15783629,Degtyaryov,Germany,Female,42.0,6,"€117,899.95",2,No,No,"€150,266.81",0
15751193,Nnaemeka,Spain,Male,33.0,4,€0.00,2,Yes,Yes,"€40,299.23",0
15724099,Udinese,French,Male,26.0,6,"€166,257.96",1,Yes,Yes,"€149,369.41",0
15568429,Mitchell,Spain,Female,46.0,3,€0.00,2,No,No,"€120,250.58",0
15648967,Ch'en,Germany,Female,64.0,1,"€169,362.43",1,No,No,"€84,760.32",1
15664498,Golovanov,FRA,Male,26.0,7,"€205,962.00",1,No,No,"€156,424.40",0
15779522,Efimov,FRA,Female,24.0,0,€0.00,2,No,No,"€109,355.73",1
15583850,Davidson,Germany,Male,68.0,0,"€126,061.51",2,Yes,Yes,"€184,936.77",0
15696539,Wade,FRA,Female,21.0,7,"€105,627.95",1,Yes,Yes,"€36,560.51",0
15760121,Maynard,France,Male,32.0,9,"€100,606.02",1,No,No,"€165,693.06",0
15628279,Murphy,FRA,Female,38.0,3,€0.00,2,Yes,Yes,"€163,666.85",0
15766163,Zotova,France,Male,38.0,1,€0.00,2,Yes,Yes,"€35,644.79",0
15566467,Hannah,Germany,Female,32.0,0,"€138,171.10",2,Yes,Yes,"€188,203.58",0
15639049,Cartagena,France,Female,31.0,7,"€139,395.08",1,Yes,Yes,"€6,120.84",0
15736413,Hall,France,Male,29.0,1,€0.00,2,Yes,Yes,"€164,484.78",0
15634815,Hunt,FRA,Female,37.0,3,€0.00,2,Yes,Yes,"€164,268.28",0
15716381,Greece,Germany,Female,50.0,7,"€109,062.28",1,Yes,Yes,"€140,136.10",1
15708162,Thomson,Germany,Female,40.0,1,"€89,994.71",2,Yes,Yes,"€121,084.27",0
15569364,Victor,FRA,Male,36.0,3,€0.00,2,No,No,"€35,156.54",0
15791191,Mitchell,French,Male,59.0,2,"€103,996.74",1,Yes,Yes,"€103,159.11",0
15621205,Olisaemeka,France,Male,34.0,4,"€175,111.11",1,Yes,Yes,"€74,858.30",0
15704788,Krawczyk,Spain,Female,49.0,8,"€66,079.45",2,No,No,"€91,556.57",1
15775756,Alexandrova,Germany,Male,33.0,8,"€148,055.74",1,No,No,"€199,203.21",0
15641312,Paterson,France,Male,36.0,6,€0.00,1,Yes,Yes,"€27,011.80",1
15782531,Chou,Spain,Female,31.0,8,€0.00,2,No,No,"€188,637.05",0
15724428,Abel,French,Male,40.0,8,€0.00,2,No,No,"€61,581.20",0
15743617,Chesnokova,Germany,Male,47.0,1,"€95,994.98",1,No,No,"€197,529.23",0
15585839,Niu,French,Male,37.0,2,€0.00,2,No,No,"€182,258.17",0
15658158,Sullivan,Germany,Female,23.0,10,"€110,741.56",1,No,No,"€80,778.50",0
15637678,Ma,French,Male,35.0,5,€0.00,1,No,No,"€155,394.52",0
15701809,Cavill,Spain,Female,28.0,3,€0.00,1,No,No,"€3,408.70",0
15676937,Nicholls,Spain,Female,32.0,8,€0.00,2,Yes,Yes,"€19,367.98",1
15778975,Nnonso,Germany,Female,70.0,1,"€96,947.58",3,No,No,"€62,282.99",1
15710375,Gibson,French,Male,41.0,6,€0.00,2,No,No,"€65,396.79",0
15579914,Garcia,Germany,Male,30.0,2,"€109,786.82",2,Yes,Yes,"€139,712.81",0
15595160,Renwick,Spain,Male,35.0,2,€0.00,2,Yes,Yes,"€60,972.84",0
15595391,Norris,France,Male,31.0,1,€0.00,2,No,No,"€1,375.46",0
15630363,Nkemakonam,French,Female,39.0,0,"€102,721.49",1,No,No,"€22,191.82",0
15692443,Piccio,Spain,Male,33.0,5,"€69,478.57",1,No,No,"€8,973.67",1
15593795,Linton,Germany,Female,53.0,1,"€156,674.20",1,No,No,"€118,502.34",1
15642824,Onyekaozulu,Spain,Female,56.0,8,"€174,506.10",2,Yes,Yes,"€161,802.82",1
15683524,Tobenna,Germany,Female,23.0,6,"€166,070.48",2,No,No,"€90,494.72",0
15713532,Wang,Germany,Female,29.0,4,"€105,957.44",1,No,No,"€15,470.91",0
15719827,O'Donnell,French,Male,36.0,3,€0.00,1,No,No,"€65,147.27",0
15578435,Langlands,France,Male,40.0,8,"€110,340.68",1,Yes,Yes,"€157,886.60",0
15723028,Smith,French,Male,33.0,1,€0.00,2,No,No,"€85,439.73",0
15595609,Sykes,Germany,Male,52.0,9,"€135,870.01",2,No,No,"€54,038.62",0
15622443,Marshall,France,Male,31.0,4,€0.00,2,Yes,Yes,"€25,684.85",0
15579112,Gibson,French,Male,47.0,2,€0.00,2,Yes,Yes,"€186,116.54",0
15648479,Stephenson,French,Female,45.0,0,€0.00,2,No,No,"€166,830.71",0
15659234,Y?,FRA,Male,30.0,3,"€85,704.95",1,Yes,Yes,"€27,886.06",0
15811970,Kang,FRA,Female,42.0,1,€0.00,2,Yes,Yes,"€5,768.32",0
15774192,Miller,Germany,Female,38.0,8,"€105,435.74",1,No,No,"€80,575.44",1
15595136,Kryukov,FRA,Female,37.0,1,€0.00,2,Yes,Yes,"€68,987.55",0
15630580,Y?,Germany,Male,34.0,9,"€108,513.25",2,Yes,Yes,"€27,097.82",0
15660646,Fanucci,France,Male,35.0,3,"€156,687.10",1,No,No,"€199,320.77",0
15614365,Lombardi,Germany,Male,31.0,3,"€150,604.52",1,No,No,"€5,566.60",0
15776128,Hs?,France,Female,44.0,6,"€155,114.90",1,No,No,"€133,871.83",0
15787035,Anderson,FRA,Female,35.0,8,€0.00,2,Yes,Yes,"€152,843.53",0
15792646,Trentino,Spain,Female,64.0,1,"€91,216.00",1,Yes,Yes,"€41,800.18",0
15726832,Donnelly,Germany,Male,61.0,3,"€141,784.02",1,Yes,Yes,"€92,053.75",0
15773260,Tsou,France,Female,32.0,0,"€127,763.24",1,No,No,"€100,717.54",0
15624437,Johnson,Spain,Female,32.0,1,€0.00,2,Yes,Yes,"€42,935.15",0
15717138,Watson,Spain,Male,31.0,6,"€82,613.56",2,No,No,"€149,170.92",0
15657317,Allan,France,Female,32.0,7,"€69,423.52",1,No,No,"€107,499.39",0
15626948,Butcher,FRA,Female,42.0,6,"€86,167.82",1,No,No,"€153,342.38",0
15758901,Henderson,Spain,Female,47.0,1,€0.00,1,No,No,"€107,825.08",1
15777759,Boucaut,French,Male,30.0,2,"€131,406.56",1,Yes,Yes,"€47,952.45",0
15773322,Obiajulu,Germany,Female,44.0,4,"€121,898.82",1,No,No,"€131,007.18",0
15697318,Ifeatu,Germany,Male,32.0,9,"€77,487.20",1,No,No,"€33,143.04",0
15678916,Kelly,French,Female,75.0,2,€0.00,1,No,No,"€123,304.62",0
15632118,Pirozzi,Spain,Male,45.0,5,"€164,450.94",1,No,No,"€141,970.02",1
15788118,Siciliano,France,Male,33.0,7,"€138,705.02",2,No,No,"€37,136.15",0
15788930,Silva,Spain,Male,37.0,7,"€132,730.17",1,No,No,"€199,293.01",0
15628583,Iweobiegbunam,France,Female,30.0,5,€0.00,2,Yes,Yes,"€161,388.22",0
15635177,Williamson,Spain,Female,66.0,3,€0.00,1,Yes,Yes,"€70,532.53",0
15587690,Madueke,France,Male,28.0,2,"€116,498.22",1,No,No,"€144,290.25",0
15627630,Chiagoziem,France,Female,41.0,1,€0.00,2,No,No,"€96,069.82",0
15610930,Kwemto,Germany,Female,35.0,1,"€139,979.07",1,No,No,"€185,662.84",0
15657747,Zito,Germany,Female,43.0,9,"€127,216.31",2,Yes,Yes,"€17,913.25",0
15568006,Ukaegbunam,FRA,Female,45.0,2,€0.00,4,No,No,"€101,039.53",1
15751748,Trevisani,French,Male,51.0,2,"€148,222.65",1,No,No,"€156,953.54",1
15722212,Edmondstone,French,Female,41.0,8,€0.00,2,No,No,"€28,276.83",0
15658670,Chien,France,Female,38.0,8,€0.00,2,No,No,"€84,049.16",0
15761654,Boni,Spain,Male,30.0,8,"€134,152.29",1,Yes,Yes,"€147,822.44",0
15812210,Yashina,Germany,Female,32.0,8,"€111,537.23",4,Yes,Yes,"€9,497.99",1
15787051,Georg,Spain,Female,39.0,7,"€119,565.92",1,No,No,"€87,067.73",0
15642991,Tung,Spain,Female,29.0,7,€0.00,2,No,No,"€23,237.25",0
15713769,Michelides,Spain,Male,38.0,7,€0.00,1,Yes,Yes,"€27,239.28",0
15605826,Korovina,Germany,Male,46.0,10,"€121,063.80",3,No,No,"€151,481.86",1
15648898,Chuang,Spain,Female,27.0,7,"€124,995.98",1,Yes,Yes,"€114,669.79",0
15705309,Yuriev,Spain,Male,39.0,5,€0.00,2,No,No,"€116,748.14",0
15734202,Chidimma,Germany,Female,52.0,4,"€86,891.84",1,No,No,"€90,877.76",0
15658852,Stevens,FRA,Male,38.0,8,€0.00,2,Yes,Yes,"€133,692.88",0
15612633,Kao,Spain,Male,43.0,9,"€78,022.61",1,Yes,Yes,"€30,662.91",0
15604818,Edmund la Touche,FRA,Male,34.0,9,"€154,495.79",1,No,No,"€191,395.88",0
15593900,Belousov,FRA,Male,38.0,1,"€189,443.72",1,Yes,Yes,"€106,648.58",0
15624995,McCane,Spain,Female,31.0,6,"€152,926.60",1,Yes,Yes,"€50,899.91",0
15570087,Parry-Okeden,French,Female,44.0,8,"€142,989.69",1,Yes,Yes,"€115,452.51",1
15802617,Hudson,Germany,Male,43.0,7,"€115,371.94",2,No,No,"€64,139.10",0
15656029,Marsden,French,Male,37.0,6,€0.00,2,Yes,Yes,"€22,030.72",0
15739194,Manfrin,Spain,Male,38.0,0,"€178,056.54",2,No,No,"€38,434.73",0
15607275,Ch'ang,Spain,Male,39.0,6,"€206,014.94",2,Yes,Yes,"€42,774.84",1
15629475,Clark,France,Male,41.0,2,€0.00,2,No,No,"€158,973.77",0
15635034,Aldrich,Germany,Male,37.0,9,"€101,191.83",1,Yes,Yes,"€34,551.35",1
15756333,Khan,France,Female,55.0,7,€0.00,2,Yes,Yes,"€101,515.76",0
15777436,Murray,Spain,Female,31.0,5,€0.00,2,No,No,"€9,561.73",0
15676835,Anayolisa,Spain,Male,33.0,1,€0.00,2,No,No,"€168,313.17",0
15574206,Shillito,French,Female,37.0,7,€0.00,2,Yes,Yes,"€55,100.09",0
15613017,McMillan,Germany,Male,32.0,1,"€149,814.54",1,No,No,"€31,830.06",0
15815131,Howells,Spain,Female,36.0,7,"€115,617.24",1,Yes,Yes,"€71,519.40",0
15585455,Stewart,FRA,Male,28.0,9,€0.00,2,No,No,"€32,599.35",0
15692929,Ikechukwu,Germany,Female,42.0,10,"€113,657.41",2,Yes,Yes,"€139,946.68",1
15758081,Repina,Spain,Male,39.0,8,"€138,160.00",1,Yes,Yes,"€110,468.51",0
15667476,Cox,Germany,Female,36.0,3,"€117,700.86",1,No,No,"€74,042.00",0
15738248,Lo,FRA,Female,37.0,5,€0.00,2,No,No,"€151,871.84",0
15672152,Grant,Germany,Male,37.0,9,"€122,506.38",1,Yes,Yes,"€199,693.84",1
15673372,Stevenson,FRA,Female,58.0,1,€0.00,1,Yes,Yes,"€58,907.08",1
15587611,Kauffmann,FRA,Male,59.0,9,€0.00,2,No,No,"€103,799.77",1
15803415,Samsonova,France,Female,39.0,3,"€166,501.17",2,No,No,"€93,835.64",0
15715673,Niu,Spain,Female,46.0,4,"€89,743.05",1,No,No,"€156,425.57",1
15655648,Bock,FRA,Female,25.0,2,€0.00,2,No,No,"€123,723.83",0
15763613,Barlow,FRA,Male,30.0,1,€0.00,2,No,No,"€199,464.08",0
15660385,Stevenson,France,Male,39.0,7,€0.00,2,No,No,"€83,084.33",0
15733261,Kung,Spain,Female,35.0,6,€0.00,1,No,No,"€25,488.43",1
15796231,Nwankwo,French,Female,18.0,1,"€98,894.39",1,Yes,Yes,"€9,596.40",0
15624866,Brewer,Germany,Male,37.0,3,"€168,735.74",2,No,No,"€70,370.24",0
15623730,Ch'iu,France,Male,34.0,1,€0.00,1,Yes,Yes,"€86,330.32",0
15668248,Quinn,Germany,Female,62.0,7,"€133,201.17",1,No,No,"€168,507.68",1
15694518,Kodilinyechukwu,Spain,Female,36.0,0,€0.00,2,No,No,"€111,605.90",0
15638028,Ifeanyichukwu,Germany,Male,31.0,4,"€127,237.25",2,Yes,Yes,"€143,317.42",0
15795895,Yermakova,Germany,Male,36.0,1,"€117,864.85",2,No,No,"€27,619.06",0
15694376,Sullivan,Germany,Female,64.0,3,"€153,469.26",3,No,No,"€146,573.66",1
15669204,Grant,Germany,Male,23.0,4,"€93,911.30",2,No,No,"€69,055.45",0
15773779,Jacka,Spain,Female,46.0,2,"€76,597.79",1,Yes,Yes,"€54,453.72",0
15580682,Tsai,France,Female,40.0,4,"€79,927.36",2,Yes,Yes,"€33,524.60",0
15768530,Emery,Spain,Female,27.0,4,€0.00,2,Yes,Yes,"€135,083.73",0
15672875,Piccio,Germany,Male,32.0,8,"€40,172.91",1,Yes,Yes,"€137,439.34",0
15617082,Sanders,French,Male,33.0,7,"€115,195.58",1,Yes,Yes,"€11,205.50",0
15760514,Sharp,Germany,Female,43.0,9,"€116,644.29",2,Yes,Yes,"€60,176.10",0
15761775,Myers,Germany,Male,20.0,8,"€180,293.84",2,Yes,Yes,"€29,552.70",0
15799964,Campbell,Germany,Female,30.0,7,"€139,872.81",1,No,No,"€188,795.85",0
15693906,Abbott,FRA,Female,24.0,3,"€34,547.82",1,Yes,Yes,"€11,638.17",0
15739514,Preston,France,Female,32.0,9,€0.00,2,Yes,Yes,"€93,155.75",0
15756926,Atherton,Germany,Male,29.0,1,"€96,462.25",2,Yes,Yes,"€48,986.18",0
15770984,Fanucci,Spain,Female,40.0,7,"€130,334.35",2,Yes,Yes,"€116,951.10",0
15703979,Evans,Germany,Male,39.0,3,"€119,688.81",1,No,No,"€137,041.26",0
15801821,Cookson,France,Male,38.0,1,€0.00,2,No,No,"€44,653.50",0
15711028,Nnachetam,France,Male,52.0,1,€0.00,3,Yes,Yes,"€104,035.41",1
15791842,Johnstone,French,Female,32.0,6,"€71,187.24",1,Yes,Yes,"€110,593.62",0
15746127,Hort,France,Female,47.0,2,€0.00,2,No,No,"€36,099.70",0
15663625,Johnson,French,Male,37.0,4,€0.00,2,No,No,"€12,470.30",0
15604891,Zaytseva,Spain,Female,38.0,8,€0.00,2,No,No,"€95,403.41",0
15589666,Sorokina,FRA,Female,39.0,9,"€136,422.41",1,Yes,Yes,"€151,757.81",0
15627881,Diehl,FRA,Male,30.0,8,€0.00,2,Yes,Yes,"€47,536.46",0
15664895,Onuchukwu,FRA,Female,25.0,0,€0.00,2,Yes,Yes,"€101,274.17",0
15676094,Osonduagwuike,France,Female,34.0,6,€0.00,1,Yes,Yes,"€140,268.45",0
15761720,Mead,France,Male,41.0,6,"€153,238.88",1,No,No,"€11,663.09",0
15611961,Stewart,French,Male,35.0,7,€0.00,2,No,No,"€150,784.29",0
15680167,Thomson,FRA,Female,78.0,6,"€47,536.40",1,Yes,Yes,"€119,400.08",0
15762543,Goliwe,FRA,Female,32.0,1,€0.00,2,No,No,"€126,188.42",0
15658475,Lori,FRA,Male,36.0,8,"€142,882.49",1,No,No,"€89,983.02",1
15779743,Onwuamaeze,French,Female,44.0,7,€0.00,2,No,No,"€29,761.29",0
15661532,Butusov,French,Female,31.0,1,"€160,566.11",2,No,No,"€27,073.81",0
15782360,Rogers,Germany,Male,65.0,2,"€131,935.51",1,Yes,Yes,"€96,399.67",1
15767908,Nicholson,FRA,Male,38.0,6,"€127,678.80",2,No,No,"€45,422.89",0
15677105,Rossi,Germany,Female,46.0,4,"€105,214.58",1,No,No,"€108,699.59",1
15641474,Hall,France,Male,46.0,9,"€139,859.54",1,No,No,"€38,967.29",0
15624451,Huddart,French,Female,38.0,3,€0.00,2,No,No,"€116,466.19",0
15577985,Chinomso,France,Female,34.0,5,"€112,324.45",2,Yes,Yes,"€17,993.43",0
15571666,Shaw,Germany,Male,30.0,8,"€134,497.27",1,No,No,"€43,250.54",0
15783691,Hargreaves,Spain,Female,35.0,1,"€120,171.58",1,No,No,"€125,240.80",0
15671172,Swain,France,Male,23.0,1,"€106,012.20",2,Yes,Yes,"€191,415.94",0
15731760,Butcher,French,Male,25.0,5,€0.00,1,Yes,Yes,"€90,860.97",0
15585599,Stone,French,Female,34.0,8,€0.00,2,Yes,Yes,"€141,872.52",0
15784958,Allan,France,Female,55.0,10,€0.00,4,Yes,Yes,"€49,418.87",1
15734524,Wang,FRA,Male,51.0,3,€0.00,1,No,No,"€170,426.65",1
15614103,Colombo,Germany,Male,42.0,8,"€119,839.69",1,Yes,Yes,"€51,016.02",1
15794895,McKay,Spain,Male,34.0,1,€0.00,2,Yes,Yes,"€81,175.25",0
15772381,Brient,Germany,Male,38.0,8,"€92,219.21",1,No,No,"€99,106.97",0
15710553,Yin,Germany,Male,48.0,3,"€142,055.41",2,Yes,Yes,"€79,134.78",0
15649292,Bellucci,French,Female,49.0,7,"€29,602.08",1,No,No,"€163,550.58",1
15792565,Duncan,French,Female,46.0,7,€0.00,2,Yes,Yes,"€67,769.94",0
15718245,Pirozzi,French,Male,34.0,1,€0.00,2,Yes,Yes,"€126,592.01",0
15703117,Findlay,France,Female,44.0,1,€0.00,2,Yes,Yes,"€89,602.81",0
15758136,King,FRA,Male,37.0,3,"€141,803.77",1,Yes,Yes,"€179,421.84",0
15799932,Iweobiegbunam,FRA,Male,24.0,10,€0.00,2,Yes,Yes,"€156,906.15",0
15633516,Tucker,France,Male,42.0,1,€0.00,1,Yes,Yes,"€168,486.02",0
15622532,Izmailova,France,Female,47.0,0,"€126,589.12",2,Yes,Yes,"€132,730.07",1
15798960,Meng,French,Male,33.0,2,"€108,393.35",1,Yes,Yes,"€39,057.67",0
15698664,Liang,Spain,Male,43.0,2,"€115,643.58",2,No,No,"€174,606.35",0
15703614,Hutchinson,Spain,Male,48.0,5,"€132,876.23",1,No,No,"€79,259.77",0
15699195,Shen,French,Female,24.0,3,"€110,949.41",1,Yes,Yes,"€168,515.61",0
15710543,Okwuoma,French,Male,46.0,1,"€130,666.20",1,Yes,Yes,"€161,125.67",1
15695499,Chinwemma,French,Female,45.0,10,"€103,821.47",2,Yes,Yes,"€77,878.62",0
15622321,Golubova,French,Female,32.0,3,€0.00,1,Yes,Yes,"€80,823.02",0
15715744,Schiavone,France,Male,39.0,7,€0.00,1,Yes,Yes,"€119,348.28",0
15788151,Moore,Spain,Male,32.0,1,"€132,187.73",2,Yes,Yes,"€178,331.36",0
15687153,Graham,Germany,Male,49.0,8,"€98,649.55",1,No,No,"€119,174.88",1
15684958,Amadi,Germany,Male,38.0,2,"€126,444.08",2,Yes,Yes,"€82,662.73",0
15706116,McKay,Germany,Female,30.0,8,"€154,159.51",1,No,No,"€40,441.10",0
15740557,Fedorova,France,Female,43.0,5,€0.00,2,No,No,"€109,881.71",0
15707291,Percy,Germany,Male,48.0,8,"€129,250.00",2,Yes,Yes,"€157,937.35",0
15583353,Floyd,Spain,Female,45.0,3,€0.00,1,No,No,"€38,276.84",1
15761024,Long,France,Female,33.0,2,"€167,733.51",2,Yes,Yes,"€65,222.48",0
15630709,Castiglione,Germany,Female,31.0,2,"€56,116.30",2,No,No,"€2,181.94",0
15639590,Melendez,FRA,Female,30.0,3,"€141,581.08",1,No,No,"€156,249.06",0
15659399,Mazzi,Germany,Male,50.0,7,"€139,675.07",2,No,No,"€45,591.23",0
15567078,Kovaleva,FRA,Female,27.0,8,"€66,201.96",1,Yes,Yes,"€79,458.12",0
15696373,Gill,FRA,Female,44.0,9,€0.00,2,No,No,"€103,042.20",1
15786617,Arcuri,Germany,Male,34.0,3,"€133,658.24",1,No,No,"€70,209.83",0
15657449,Chukwuma,Germany,Male,25.0,3,"€136,202.78",1,No,No,"€176,743.51",0
15672594,Stevenson,FRA,Female,60.0,0,"€131,778.08",1,No,No,"€10,703.53",1
15714240,Ponomarev,Spain,Male,74.0,5,€0.00,2,No,No,"€151,425.82",0
15782144,Gilroy,FRA,Female,34.0,3,€0.00,2,Yes,Yes,"€3,894.34",0
15665008,Sidorov,Germany,Female,26.0,8,"€42,712.87",2,Yes,Yes,"€28,861.69",0
15581733,Bates,FRA,Female,28.0,4,€0.00,2,No,No,"€177,703.15",0
15751392,Fanucci,Spain,Female,57.0,4,€0.00,2,No,No,"€136,649.80",1
15785815,Toscano,Germany,Male,31.0,1,"€142,631.54",2,Yes,Yes,"€175,894.24",0
15664214,Hearn,French,Male,33.0,2,"€141,204.65",2,No,No,"€76,257.46",0
15579996,Iroawuchi,Germany,Female,25.0,7,"€131,402.21",1,No,No,"€193,668.49",0
15675252,Martin,Spain,Female,39.0,3,"€92,636.96",2,Yes,Yes,"€125,671.29",0
15579617,Sinclair,France,Female,51.0,3,€0.00,2,Yes,Yes,"€174,098.28",1
15593976,Swanson,Germany,Female,31.0,5,"€102,088.68",4,No,No,"€187,866.21",1
15716041,Chinomso,Spain,Male,39.0,9,€0.00,2,Yes,Yes,"€100,862.36",0
15654489,Fomin,France,Female,38.0,8,"€134,887.53",1,Yes,Yes,"€10,804.04",0
15736302,McKay,French,Male,48.0,4,€0.00,2,Yes,Yes,"€170,893.85",0
15805909,Bergamaschi,Spain,Male,28.0,8,"€159,900.38",1,No,No,"€22,698.56",0
15572762,Matveyeva,Germany,Female,50.0,2,"€102,278.79",2,No,No,"€89,822.48",0
15724632,Madukaego,French,Female,41.0,0,€0.00,2,Yes,Yes,"€175,262.49",0
15670416,Ferri,French,Female,43.0,0,€0.00,1,Yes,Yes,"€15,705.27",0
15749528,Achebe,Spain,Male,58.0,6,€0.00,2,Yes,Yes,"€170,025.43",0
15578783,Mai,Germany,Male,35.0,0,"€76,989.97",1,Yes,Yes,"€17,242.79",0
15580719,Davis,French,Female,23.0,10,€0.00,2,Yes,Yes,"€79,734.23",0
15656293,Davey,FRA,Male,35.0,3,€0.00,2,No,No,"€92,712.97",0
15691875,Tsou,Germany,Female,39.0,5,"€114,491.82",1,No,No,"€99,689.48",0
15596870,Marino,Germany,Male,54.0,3,"€144,768.94",1,No,No,"€93,336.30",1
15780770,Kerr,FRA,Male,31.0,7,"€145,056.59",1,Yes,Yes,"€175,893.53",0
15751491,Hsiao,Germany,Male,50.0,3,"€117,206.30",1,No,No,"€42,840.18",1
15706200,Graham,Germany,Male,41.0,2,"€138,014.40",2,No,No,"€140,298.24",0
15808674,Ejikemeifeuwa,Germany,Female,45.0,6,"€128,352.59",3,Yes,Yes,"€144,000.59",1
15641411,Volkova,French,Female,23.0,1,"€112,568.31",1,Yes,Yes,"€113,408.11",0
15764661,Wang,FRA,Male,33.0,2,€0.00,1,No,No,"€96,420.58",0
15689492,Benjamin,Germany,Male,41.0,1,"€176,958.46",2,Yes,Yes,"€125,806.30",0
15602405,Ryrie,Germany,Female,38.0,9,"€99,167.54",1,No,No,"€65,720.92",0
15610271,Andreev,Spain,Female,42.0,3,"€103,210.27",1,No,No,"€31,002.03",0
15791780,Ts'ao,Germany,Female,48.0,10,"€104,478.12",3,Yes,Yes,"€158,248.71",1
15589147,Frolov,Spain,Male,61.0,8,"€125,921.37",1,Yes,Yes,"€94,677.83",0
15756975,Montemayor,Spain,Female,35.0,3,€0.00,2,Yes,Yes,"€17,257.72",0
15729582,Fu,Germany,Male,48.0,3,"€80,697.44",1,No,No,"€101,397.86",0
15742971,Whitehead,French,Female,44.0,2,"€161,887.81",2,No,No,"€84,870.23",0
15568046,Izuchukwu,French,Male,24.0,7,"€109,558.36",1,No,No,"€183,515.13",0
15694890,Lai,FRA,Male,38.0,1,"€124,271.26",1,No,No,"€75,969.19",0
15736963,Herring,FRA,Male,43.0,1,€0.00,2,Yes,Yes,"€146,379.30",0
15646490,Duffy,Spain,Male,42.0,1,"€190,569.23",1,Yes,Yes,"€127,154.80",0
15607314,Chiefo,Spain,Male,53.0,2,"€143,923.96",1,No,No,"€2,019.78",1
15576745,Fyodorov,France,Male,48.0,2,"€96,542.16",2,Yes,Yes,"€197,885.72",0
15669606,Chu,French,Male,33.0,5,€0.00,2,No,No,"€138,017.68",0
15737832,Robertson,Spain,Male,45.0,0,"€139,825.56",1,No,No,"€170,984.97",1
15681990,Palmerston,Germany,Male,24.0,6,"€111,769.14",2,No,No,"€55,859.27",0
15758050,Madukwe,Spain,Male,37.0,4,€0.00,2,No,No,"€4,459.50",0
15787848,Chinedum,Spain,Male,30.0,9,"€113,672.18",2,No,No,"€102,135.92",0
15713594,French,French,Female,32.0,7,"€147,256.86",1,No,No,"€112,771.95",0
15588186,Polyakov,Spain,Male,45.0,7,"€107,023.03",1,No,No,"€32,903.93",0
15786739,Clements,FRA,Male,37.0,1,"€125,529.55",1,Yes,Yes,"€162,260.93",0
15699467,Connor,Spain,Female,41.0,0,€0.00,1,No,No,"€87,959.83",0
15680706,Balashov,Germany,Male,48.0,4,"€131,834.80",1,No,No,"€166,476.95",1
15645717,Avdeeva,French,Male,62.0,2,€0.00,2,Yes,Yes,"€25,438.87",0
15748597,Chester,Spain,Male,56.0,5,"€99,529.70",1,Yes,Yes,"€157,230.06",1
15773709,Hung,Spain,Male,35.0,0,€0.00,2,Yes,Yes,"€197,305.91",0
15629787,Tu,FRA,Male,27.0,10,"€107,303.72",2,No,No,"€44,435.76",0
15661007,Thompson,France,Male,33.0,0,"€72,783.42",1,No,No,"€181,051.99",0
15686812,Jones,Spain,Female,44.0,8,€0.00,1,Yes,Yes,"€159,069.37",0
15754113,Li,French,Female,35.0,0,€0.00,2,Yes,Yes,"€155,485.24",0
15749489,Denisova,Germany,Female,22.0,10,"€115,743.60",1,No,No,"€43,852.05",0
15574352,Clogstoun,French,Male,43.0,4,"€161,256.53",1,Yes,Yes,"€140,071.57",0
15701281,Tan,French,Male,27.0,8,€0.00,2,Yes,Yes,"€49,089.36",0
15811985,Power,Spain,Male,44.0,6,€0.00,2,No,No,"€55,893.37",0
15713505,Harriman,FRA,Male,31.0,1,€0.00,2,Yes,Yes,"€192,660.55",0
15685653,Benson,Germany,Female,40.0,3,"€162,261.01",2,No,No,"€137,028.51",0
15758831,Thornton,France,Male,39.0,3,"€74,896.33",1,No,No,"€34,430.16",0
15618774,White,FRA,Male,54.0,3,€0.00,1,No,No,"€108,409.17",1
15764448,Mackenzie,Germany,Male,35.0,0,"€144,037.60",1,No,No,"€145,325.32",0
15611024,Kalinina,French,Female,23.0,9,"€93,522.20",1,Yes,Yes,"€81,425.61",0
15738220,Bennet,Spain,Male,38.0,1,€0.00,2,No,No,"€51,553.43",0
15805764,Hallahan,FRA,Male,18.0,10,€0.00,2,Yes,Yes,"€52,795.15",0
15580487,Martin,Germany,Male,38.0,8,"€106,922.92",2,Yes,Yes,"€84,270.09",0
15675787,Rivera,France,Male,26.0,8,"€112,972.57",1,No,No,"€145,011.62",0
15583580,Chiawuotu,Germany,Female,35.0,1,"€123,042.00",1,No,No,"€66,245.44",1
15780654,Sergeyev,Germany,Female,33.0,3,"€100,488.92",2,Yes,Yes,"€36,446.74",0
15695034,Christie,France,Female,44.0,4,"€123,322.15",1,No,No,"€137,136.29",0
15805671,Louis,France,Male,32.0,0,€0.00,1,Yes,Yes,"€117,323.31",0
15790658,Iqbal,Spain,Male,42.0,8,"€68,683.68",1,Yes,Yes,"€74,157.71",0
15578648,Marino,Germany,Male,49.0,6,"€59,532.18",1,No,No,"€104,253.56",0
15734987,Robertson,FRA,Female,43.0,7,"€140,260.36",2,No,No,"€2,748.72",0
15721740,Pai,Germany,Male,50.0,7,"€88,302.65",1,Yes,Yes,"€195,937.16",0
15641822,Barese,French,Female,19.0,1,€0.00,2,Yes,Yes,"€22,101.86",0
15765650,Chigolum,Germany,Male,40.0,5,"€114,655.58",1,No,No,"€126,535.92",0
15788556,Trouette,France,Female,42.0,4,"€148,283.94",1,Yes,Yes,"€44,692.63",1
15576550,Ugochukwu,Spain,Female,38.0,1,€0.00,1,No,No,"€112,442.63",1
15622230,Cribb,France,Female,35.0,3,€0.00,2,Yes,Yes,"€66,331.01",0
15653937,McIntyre,Germany,Female,53.0,1,"€123,916.67",1,No,No,"€16,657.68",1
15743538,Pickering,French,Female,31.0,1,€0.00,2,No,No,"€20,081.30",0
15591740,Fletcher,French,Female,54.0,4,€0.00,2,Yes,Yes,"€93,820.49",1
15650086,Uchenna,France,Male,43.0,2,"€165,896.00",2,No,No,"€130,795.52",0
15718773,Pisano,French,Female,32.0,0,€0.00,2,No,No,"€160,129.99",0
15615140,Corson,French,Male,36.0,6,"€111,168.97",1,Yes,Yes,"€189,969.91",0
15644361,Hooper,France,Female,40.0,1,"€103,549.24",1,No,No,"€9,712.52",1
15774536,He,France,Female,32.0,6,€0.00,2,No,No,"€196,062.01",0
15618661,Chidubem,French,Male,30.0,6,"€103,804.97",1,Yes,Yes,"€125,710.53",0
15605020,Schofield,FRA,Male,45.0,2,"€165,901.59",2,No,No,"€23,054.51",1
15762134,Liang,Germany,Male,59.0,8,"€119,152.10",2,Yes,Yes,"€170,679.74",0
15685279,Somadina,Spain,Female,57.0,8,"€122,950.31",1,Yes,Yes,"€181,258.76",0
15582849,McIntosh,France,Female,51.0,1,€0.00,1,Yes,Yes,"€22,835.13",1
15655410,Hinton,Germany,Male,49.0,1,"€133,384.66",1,No,No,"€102,397.22",1
15649129,Sal,French,Male,32.0,9,€0.00,2,No,No,"€115,950.96",0
15702380,De Luca,Spain,Male,64.0,6,€0.00,2,Yes,Yes,"€15,876.52",0
15759067,Bromby,Germany,Female,37.0,7,"€158,411.95",4,Yes,Yes,"€117,690.58",1
15683027,Chang,Germany,Male,29.0,4,"€122,028.65",2,Yes,Yes,"€173,792.77",0
15597487,Hunter,France,Female,35.0,5,€0.00,1,Yes,Yes,"€80,992.80",0
15763256,Sheppard,Germany,Female,64.0,8,"€128,751.65",2,No,No,"€189,398.18",1
15620111,Fan,France,Male,54.0,8,"€133,436.52",1,No,No,"€56,787.80",0
15623053,Muir,Spain,Male,40.0,2,"€123,177.01",1,No,No,"€148,309.98",0
15595592,Lai,French,Female,59.0,2,€0.00,1,No,No,"€179,673.11",1
15740072,Padovesi,FRA,Female,37.0,2,"€120,328.88",2,Yes,Yes,"€138,470.21",0
15778005,Kemp,France,Female,39.0,1,"€130,147.98",1,No,No,"€163,798.41",1
15583278,Greece,Spain,Female,36.0,8,"€92,716.96",1,Yes,Yes,"€33,693.78",0
15601263,Young,Spain,Female,48.0,7,€0.00,2,No,No,"€48,545.10",0
15709222,Chukwueloka,Spain,Male,34.0,3,€0.00,1,Yes,Yes,"€123,427.98",0
15713949,Woods,FRA,Male,40.0,1,"€76,914.21",1,No,No,"€174,183.44",0
15717706,Forbes,France,Female,32.0,3,"€106,045.92",2,Yes,Yes,"€17,938.00",0
15756071,Kang,FRA,Male,34.0,1,"€103,133.26",1,Yes,Yes,"€90,059.04",0
15696564,Nweke,FRA,Male,38.0,0,"€145,974.79",2,Yes,Yes,"€137,694.23",0
15657637,Ts'ui,Spain,Female,36.0,3,€0.00,3,No,No,"€65,039.90",0
15755863,Milano,Spain,Female,49.0,1,€0.00,2,Yes,Yes,"€162,858.29",0
15719858,Chao,Spain,Female,38.0,9,€0.00,2,Yes,Yes,"€35,701.06",0
15688876,Wan,Spain,Male,39.0,9,€0.00,2,Yes,Yes,"€18,826.06",0
15698528,Napolitani,Spain,Female,31.0,3,€0.00,1,Yes,Yes,"€130,086.47",1
15770345,Kovaleva,Spain,Female,31.0,1,"€139,183.06",1,Yes,Yes,"€143,360.56",0
15761506,Russell,Spain,Male,19.0,5,€0.00,2,No,No,"€159,920.92",0
15716619,Chiebuka,Germany,Female,36.0,3,"€74,974.89",1,Yes,Yes,"€12,099.67",0
15788367,Ellis,Spain,Male,44.0,6,"€61,691.45",1,Yes,Yes,"€53,087.98",0
15709451,Gordon,Germany,Female,35.0,1,"€121,952.75",2,Yes,Yes,"€142,839.82",0
15640421,Conway,FRA,Female,35.0,7,€0.00,1,Yes,Yes,€178.19,0
15580068,Buccho,Spain,Male,35.0,5,€0.00,2,Yes,Yes,"€105,618.14",0
15677123,Aksyonova,Spain,Male,37.0,7,€0.00,2,Yes,Yes,"€24,734.25",0
15619801,Batty,FRA,Female,33.0,1,"€80,107.83",2,Yes,Yes,"€82,245.67",0
15582246,Rowe,Spain,Female,45.0,2,€0.00,2,Yes,Yes,"€177,695.67",0
15711843,Pisani,Germany,Male,40.0,1,"€147,856.82",3,No,No,"€107,961.11",1
15680046,Onochie,Spain,Male,36.0,8,€0.00,2,No,No,"€55,207.41",0
15804131,Farmer,Spain,Female,53.0,7,"€65,407.16",2,No,No,"€182,633.63",1
15722611,Cameron,France,Female,53.0,8,"€114,233.18",1,Yes,Yes,"€51,587.04",0
15729224,Jennings,French,Female,37.0,5,€0.00,2,No,No,"€115,403.31",0
15811588,Eluemuno,Spain,Female,53.0,7,"€187,602.18",1,No,No,"€186,392.99",1
15702138,Swift,French,Female,22.0,3,"€156,834.34",1,No,No,"€44,374.44",0
15749799,Pisani,France,Female,34.0,2,€0.00,2,Yes,Yes,"€84,033.35",0
15752885,Nnonso,FRA,Male,42.0,1,"€157,498.90",1,Yes,Yes,"€82,276.62",0
15674932,Cameron,Spain,Female,44.0,9,€0.00,2,No,No,"€177,528.92",0
15743828,Stevens,French,Male,41.0,2,€0.00,1,Yes,Yes,"€56,850.92",1
15642022,Zito,Spain,Male,34.0,8,€0.00,1,No,No,"€47,972.65",0
15746461,Taylor,Spain,Male,35.0,2,€0.00,2,No,No,"€104,982.39",0
15809991,Ferrari,Spain,Male,19.0,4,"€130,274.22",1,Yes,Yes,"€133,535.29",0
15787322,Yeh,France,Female,41.0,6,€0.00,1,Yes,Yes,"€25,571.37",0
15575498,Gould,FRA,Female,39.0,5,"€149,379.66",2,No,No,"€96,075.55",0
15691387,Agafonova,French,Male,29.0,9,€0.00,1,Yes,Yes,"€81,634.45",0
15765457,Fowler,Spain,Male,35.0,1,"€100,829.94",1,Yes,Yes,"€165,008.97",0
15666173,Chidumaga,Germany,Female,32.0,1,"€96,408.98",1,Yes,Yes,"€138,191.81",0
15627377,Sabbatini,France,Male,41.0,6,€0.00,2,Yes,Yes,"€99,136.49",0
15656683,Johnson,French,Male,52.0,1,€0.00,1,No,No,"€63,584.55",1
15679810,Chapman,France,Male,39.0,6,€0.00,2,No,No,"€160,532.88",0
15606310,Birk,FRA,Male,71.0,5,"€149,105.08",1,Yes,Yes,"€162,683.06",0
15756871,Capon,Spain,Male,39.0,3,€0.00,1,No,No,"€134,878.19",0
15610002,Chidubem,Spain,Male,41.0,5,€0.00,2,Yes,Yes,"€134,626.30",0
15567802,Childs,Spain,Female,34.0,2,€0.00,2,No,No,"€175,480.93",0
15745452,Sun,Germany,Male,41.0,1,"€90,218.11",1,No,No,"€174,337.68",0
15617252,Lung,French,Female,33.0,1,"€87,347.70",1,No,No,"€172,524.51",0
15753248,Tao,France,Male,28.0,2,€0.00,2,No,No,"€25,395.83",0
15610755,Napolitano,FRA,Female,33.0,0,"€137,811.75",1,Yes,Yes,"€184,856.89",0
15662238,Davis,FRA,Male,37.0,3,"€105,563.00",1,No,No,"€182,624.93",0
15799186,Sagese,France,Male,38.0,4,€0.00,2,No,No,"€192,505.62",0
15686941,Hutchinson,Spain,Female,26.0,7,€0.00,2,No,No,"€112,507.63",0
15601172,Nelson,France,Male,31.0,6,"€91,125.75",1,No,No,"€177,295.92",0
15723858,Schiavone,Spain,Male,39.0,3,€0.00,2,Yes,Yes,"€12,465.51",0
15615896,Chienezie,Spain,Male,39.0,8,€0.00,2,No,No,"€36,122.96",0
15737647,Obioma,Germany,Female,77.0,6,"€135,120.56",1,No,No,"€37,836.64",0
15582841,Butusov,French,Male,29.0,8,€0.00,2,Yes,Yes,"€34,747.43",0
15760090,Pisano,FRA,Male,28.0,7,€0.00,2,Yes,Yes,"€131,097.90",0
15588587,Stetson,FRA,Female,36.0,1,"€86,837.95",1,Yes,Yes,"€105,280.55",0
15683157,Waring,FRA,Male,26.0,4,"€100,446.57",1,Yes,Yes,"€149,653.81",0
15694209,Fanucci,French,Female,32.0,3,€0.00,2,Yes,Yes,"€139,390.99",0
15655875,Thao,France,Female,33.0,3,€0.00,2,No,No,"€132,436.71",0
15805704,Murphy,French,Female,32.0,2,€0.00,4,Yes,Yes,"€179,705.13",1
15744789,McConnell,Spain,Female,32.0,6,"€114,512.59",1,No,No,"€15,796.66",0
15799357,Armfield,French,Male,35.0,5,"€136,364.46",1,No,No,"€142,754.71",0
15726153,Fanucci,France,Male,31.0,5,"€106,260.67",1,Yes,Yes,"€2,578.43",0
15713346,Panina,French,Male,24.0,10,"€146,126.75",1,Yes,Yes,"€88,992.05",0
15665053,Nixon,Spain,Male,52.0,4,"€111,284.53",1,Yes,Yes,"€32,936.44",1
15592379,Walker,Spain,Female,42.0,9,"€121,056.63",2,No,No,"€39,122.58",0
15692599,Chiemela,France,Male,34.0,5,"€128,270.56",1,No,No,"€191,092.62",0
15620758,Martel,Spain,Male,30.0,4,€0.00,2,No,No,"€129,149.06",0
15637428,Briggs,French,Male,35.0,7,€0.00,2,No,No,"€13,218.60",0
15808389,Iheatu,FRA,Female,79.0,7,€0.00,1,Yes,Yes,"€160,589.18",0
15807003,Jennings,French,Male,32.0,10,"€191,775.65",1,No,No,"€179,657.83",0
15702912,Ch'en,Spain,Female,35.0,2,€0.00,1,No,No,"€44,335.54",1
15590623,Kovalyov,Spain,Male,34.0,4,"€85,141.79",2,Yes,Yes,"€29,217.37",0
15728078,Yeh,France,Male,26.0,10,"€126,392.18",1,Yes,Yes,"€43,651.49",0
15708256,Chien,French,Male,28.0,3,€0.00,2,No,No,"€159,654.00",0
15582335,Brown,French,Female,40.0,9,"€129,860.37",1,No,No,"€17,992.94",0
15649150,Buddicom,FRA,Female,53.0,5,"€127,642.44",1,No,No,"€141,501.45",1
15691647,McGregor,FRA,Female,35.0,2,€0.00,2,Yes,Yes,"€93,825.78",0
15668270,Thompson,Germany,Female,44.0,5,"€125,584.17",2,Yes,Yes,"€41,852.24",1
15624820,Ross,Spain,Male,56.0,7,"€50,911.21",3,No,No,"€97,629.31",1
15736254,Ch'ang,French,Male,29.0,2,"€91,955.61",1,No,No,"€37,065.66",0
15720814,Warren,Germany,Female,36.0,2,"€84,266.44",2,No,No,"€38,614.69",0
15642997,Uspenskaya,France,Female,36.0,2,"€147,149.59",1,Yes,Yes,"€87,816.86",0
15693200,King,France,Female,36.0,7,€0.00,2,No,No,"€184,866.86",0
15624596,Trentini,France,Female,23.0,5,"€104,822.45",1,Yes,Yes,"€160,176.47",0
15807167,Konovalova,French,Male,42.0,1,"€146,766.72",2,Yes,Yes,"€164,357.10",0
15660301,Dellucci,Germany,Male,70.0,6,"€148,745.92",2,Yes,Yes,"€17,818.33",0
15593094,Goddard,French,Male,27.0,9,€0.00,1,No,No,"€142,680.64",1
15618239,Neumann,France,Female,48.0,0,€0.00,1,No,No,"€85,081.09",0
15574137,Ch'in,Spain,Male,35.0,3,€0.00,2,Yes,Yes,"€176,450.19",0
15614740,Walters,France,Female,41.0,6,"€135,203.81",2,Yes,Yes,"€121,967.88",0
15574071,Muravyova,Germany,Male,23.0,2,"€93,301.97",2,Yes,Yes,"€127,187.04",0
15671148,Barry,Germany,Male,33.0,5,"€96,341.00",2,No,No,"€108,313.34",0
15721921,Woolnough,FRA,Male,44.0,8,"€165,326.20",1,Yes,Yes,"€57,205.55",0
15717995,Keen,FRA,Male,27.0,0,€0.00,2,Yes,Yes,"€157,891.86",0
15632050,Liebe,FRA,Female,41.0,10,"€99,786.20",1,No,No,"€86,927.53",0
15647111,White,Spain,Female,22.0,4,"€114,440.24",1,Yes,Yes,"€107,753.07",0
15759991,Hunter,Spain,Male,36.0,4,"€141,573.55",1,No,No,"€82,158.14",0
15790204,Myers,Spain,Female,22.0,9,€0.00,1,No,No,"€29,135.89",1
15686780,Rogova,Spain,Female,55.0,1,"€133,676.65",1,Yes,Yes,"€17,095.49",0
15640491,Raff,FRA,Female,33.0,10,"€147,493.70",2,No,No,"€100,447.53",0
15783225,Cocci,FRA,Male,54.0,9,€0.00,1,No,No,"€83,470.40",1
15734438,Kanayochukwu,France,Female,29.0,4,€0.00,2,No,No,"€121,846.81",0
15688760,Obialo,Germany,Female,37.0,3,"€95,022.57",1,Yes,Yes,"€129,107.59",0
15768124,Liu,FRA,Female,34.0,3,€0.00,1,No,No,"€54,726.43",0
15661330,Gilbert,France,Male,37.0,6,€0.00,1,Yes,Yes,"€116,141.72",0
15781272,Coles,France,Male,50.0,4,"€149,713.61",3,Yes,Yes,"€124,872.42",1
15573888,Ponomaryov,Germany,Female,43.0,1,"€107,963.38",1,No,No,"€186,438.86",1
15575858,Bergamaschi,FRA,Male,40.0,3,€0.00,2,No,No,"€134,281.11",0
15645937,Guerin,Spain,Male,32.0,3,€0.00,1,No,No,"€91,044.47",0
15702337,Sinclair,FRA,Male,37.0,7,€0.00,2,Yes,Yes,"€74,320.75",0
15764537,Dominguez,FRA,Male,43.0,8,€0.00,2,No,No,"€9,704.66",0
15619616,Costa,FRA,Female,33.0,9,"€102,017.25",2,No,No,"€128,600.49",0
15585133,Wei,Spain,Female,27.0,8,€0.00,2,No,No,"€6,468.24",0
15573971,Mills,France,Male,44.0,7,€0.00,2,No,No,"€57,898.58",0
15579433,Pugh,Spain,Male,29.0,8,"€96,674.55",2,No,No,"€192,120.66",0
15777045,Price,Spain,Female,44.0,3,"€81,811.71",1,No,No,"€164,213.53",1
15611580,Wood,Spain,Male,33.0,4,"€79,281.61",1,No,No,"€117,547.76",0
15614778,Robertson,French,Male,31.0,6,€0.00,2,No,No,"€26,149.25",0
15771750,Sawtell,Germany,Female,36.0,10,"€122,314.39",1,No,No,"€9,181.66",0
15593280,Yuryeva,Germany,Male,43.0,8,"€140,733.74",1,Yes,Yes,"€166,588.76",0
15569274,Pisano,Germany,Male,49.0,2,"€116,933.11",1,No,No,"€195,053.58",1
15654408,Kharitonova,Spain,Male,41.0,5,"€165,445.04",2,No,No,"€85,787.31",0
15657468,Simmons,Germany,Female,53.0,5,"€123,805.03",1,No,No,"€102,428.51",0
15614213,Muramats,French,Male,37.0,0,"€107,548.94",1,No,No,"€71,175.94",0
15589869,Tang,FRA,Male,49.0,9,"€111,634.29",2,Yes,Yes,"€166,440.32",0
15693205,Peng,Germany,Female,41.0,8,"€109,153.96",3,Yes,Yes,"€148,848.76",1
15797113,Bevan,Spain,Female,34.0,4,€0.00,2,No,No,"€140,286.69",0
15676958,Zito,Germany,Male,34.0,5,"€86,055.17",2,Yes,Yes,"€104,220.50",0
15739592,Sokolov,Germany,Female,51.0,10,"€98,438.23",1,No,No,"€70,778.63",1
15656263,Teng,Spain,Male,29.0,5,€0.00,2,No,No,"€65,868.28",0
15636872,Amadi,France,Female,32.0,8,"€144,705.87",2,No,No,"€171,482.56",0
15589435,Davide,French,Male,31.0,7,€0.00,2,Yes,Yes,"€143,204.41",0
15640464,Parkes,France,Male,41.0,5,"€91,612.91",1,Yes,Yes,"€28,427.84",0
15723851,Mazzanti,Spain,Male,40.0,2,€0.00,1,No,No,"€78,387.32",0
15722122,Findlay,France,Female,40.0,7,€0.00,1,Yes,Yes,"€161,076.92",0
15696852,Hsu,France,Female,32.0,9,"€192,122.84",1,Yes,Yes,"€54,277.45",1
15634936,Chukwukadibia,France,Male,41.0,7,"€179,904.00",1,Yes,Yes,"€137,180.95",0
15575935,Baxter,France,Male,59.0,0,"€178,058.06",2,Yes,Yes,"€21,063.71",1
15634491,Kung,FRA,Male,30.0,2,"€176,166.56",2,Yes,Yes,"€152,210.81",0
15628530,Booth,France,Male,42.0,3,"€156,864.20",2,No,No,"€88,890.75",0
15678720,Evans,France,Female,44.0,7,€0.00,2,Yes,Yes,"€190,534.76",0
15627999,Kung,Spain,Male,30.0,3,€0.00,2,No,No,"€83,090.35",0
15571244,Tung,Spain,Female,33.0,3,€0.00,2,Yes,Yes,"€141,426.78",0
15739931,Yuan,French,Male,34.0,2,"€161,588.89",1,Yes,Yes,"€51,358.66",0
15806256,Jackson,French,Male,48.0,2,"€109,349.29",1,No,No,"€88,703.04",1
15787258,Ross,Spain,Female,29.0,6,€0.00,2,No,No,"€116,696.77",0
15706463,Yang,French,Female,36.0,9,€0.00,2,Yes,Yes,"€7,156.09",0
15691004,Yu,Spain,Male,37.0,1,€0.00,1,Yes,Yes,"€49,161.12",1
15792228,Onwumelu,French,Male,60.0,0,"€152,335.70",1,No,No,"€126,743.33",1
15733447,Gay,French,Female,51.0,1,"€124,662.54",1,Yes,Yes,"€65,390.46",1
15679062,Morrison,Germany,Female,47.0,10,"€91,522.04",2,Yes,Yes,"€138,835.91",0
15594409,Belov,French,Male,45.0,1,€0.00,2,Yes,Yes,"€36,154.66",0
15613816,Mao,Spain,Female,39.0,6,"€62,052.28",1,Yes,Yes,"€59,755.14",0
15681991,Walsh,FRA,Male,32.0,7,"€107,871.72",1,No,No,"€125,302.64",0
15796074,Bruno,French,Female,36.0,2,"€99,472.76",2,No,No,"€94,274.72",1
15625941,Gray,Spain,Female,50.0,10,"€128,039.01",1,Yes,Yes,"€102,260.16",0
15615016,Maurer,French,Male,33.0,2,€0.00,2,Yes,Yes,"€136,028.97",0
15748414,Chiang,Spain,Female,33.0,8,"€114,634.63",2,No,No,"€110,114.38",1
15751203,Cattaneo,French,Male,26.0,5,"€56,738.47",2,Yes,Yes,"€100,442.22",1
15662658,Grieve,Germany,Male,34.0,2,"€90,355.12",2,No,No,"€193,597.94",0
15574868,Lowell,Germany,Male,36.0,5,"€115,725.24",2,No,No,"€1,871.25",0
15790282,Trentino,Germany,Male,58.0,3,"€114,327.59",2,Yes,Yes,"€42,831.11",0
15762927,Sung,Germany,Female,36.0,6,"€100,762.64",1,No,No,"€182,156.86",0
15803456,Yen,FRA,Female,40.0,9,€0.00,1,No,No,"€151,648.66",1
15771857,Philipp,Spain,Male,39.0,7,"€89,039.90",2,Yes,Yes,"€146,738.83",0
15700601,Dynon,FRA,Male,34.0,1,"€78,829.53",1,Yes,Yes,"€12,148.20",0
15569670,Alexeyeva,Germany,Male,30.0,6,"€112,372.96",1,Yes,Yes,"€118,029.09",0
15772341,Hs?eh,Germany,Male,81.0,6,"€122,029.15",1,Yes,Yes,"€50,783.88",0
15661548,Ferri,French,Female,29.0,0,"€157,829.12",1,No,No,"€129,891.66",0
15787597,Hsu,Germany,Female,31.0,1,"€108,377.75",2,Yes,Yes,"€9,904.63",0
15806913,Bishop,French,Female,54.0,2,"€95,507.12",1,Yes,Yes,"€63,213.31",0
15804862,Toscani,Germany,Male,43.0,6,"€127,146.68",1,No,No,"€137,565.87",0
15792986,T'ao,Germany,Male,24.0,1,"€133,811.78",1,No,No,"€17,185.95",1
15625632,Philip,French,Male,36.0,3,"€121,092.47",2,Yes,Yes,"€143,783.46",0
15727703,Li Fonti,Germany,Male,34.0,10,"€126,979.75",1,No,No,"€36,823.28",0
15606273,Rene,French,Male,37.0,5,"€144,235.73",2,No,No,"€154,957.66",1
15799652,Daigle,FRA,Female,38.0,0,"€152,582.20",2,No,No,"€31,892.82",0
15715047,Joshua,Spain,Male,43.0,9,"€172,478.15",1,No,No,"€191,084.40",1
15784687,Simmons,FRA,Male,36.0,1,"€126,477.42",1,No,No,"€179,718.17",0
15615322,Jamieson,Spain,Male,43.0,7,"€97,473.87",2,Yes,Yes,"€159,823.16",0
15722072,Hou,French,Male,53.0,5,"€138,053.67",1,Yes,Yes,"€114,110.97",0
15646784,Cochran,French,Female,31.0,2,"€164,003.05",2,Yes,Yes,"€60,993.23",0
15644692,Bibb,French,Female,47.0,8,€0.00,1,Yes,Yes,"€66,408.01",1
15670354,Jen,France,Female,62.0,6,€0.00,2,Yes,Yes,"€136,398.90",0
15716357,Corran,Spain,Female,39.0,4,"€122,486.11",2,Yes,Yes,"€140,709.25",0
15786717,He,FRA,Male,36.0,1,€0.00,2,No,No,"€8,555.73",0
15771383,Loggia,Germany,Female,45.0,6,"€53,667.44",1,No,No,"€115,022.94",0
15649793,Lovely,France,Male,20.0,7,€0.00,2,No,No,"€187,638.34",0
15731543,Becker,Spain,Male,58.0,9,"€109,327.65",1,Yes,Yes,"€3,829.13",0
15684516,Plascencia,Spain,Male,34.0,1,"€121,151.05",1,No,No,"€119,357.93",0
15677249,Somadina,Spain,Male,42.0,9,"€101,043.63",1,Yes,Yes,"€192,175.52",0
15581525,Walker,Germany,Male,33.0,3,"€83,501.66",2,No,No,"€128,841.31",0
15628420,Alekseeva,Spain,Male,33.0,2,"€80,462.24",1,No,No,"€150,422.35",0
15600478,Watson,FRA,Male,39.0,3,€0.00,1,No,No,"€188,187.05",0
15594502,Zotov,FRA,Male,37.0,6,"€109,093.41",2,No,No,"€1,775.52",0
15784361,Williamson,Spain,Female,46.0,5,"€140,355.60",1,Yes,Yes,"€85,086.78",0
15767626,Carpenter,French,Male,42.0,10,€0.00,2,Yes,Yes,"€3,797.79",0
15632521,Cattaneo,Germany,Male,45.0,0,"€130,170.82",2,No,No,"€150,856.38",0
15665088,Gordon,French,Female,42.0,2,€0.00,2,Yes,Yes,"€90,537.47",0
15652084,Boni,French,Male,40.0,0,"€109,542.29",1,Yes,Yes,"€166,370.81",0
15574761,Lynch,FRA,Female,41.0,3,"€33,563.95",2,No,No,"€178,994.13",1
15729515,McCarthy,France,Male,36.0,1,"€148,795.17",2,Yes,Yes,"€195,681.43",0
15682070,Davies,France,Male,64.0,9,€0.00,2,Yes,Yes,"€53,277.15",0
15743817,Hargreaves,Germany,Male,40.0,8,"€174,126.75",3,No,No,"€172,490.78",1
15572158,Blackburn,Spain,Male,41.0,3,€0.00,1,No,No,"€11,819.84",0
15584477,K?,Spain,Female,35.0,1,"€106,405.03",1,Yes,Yes,"€82,900.25",0
15614893,Meng,Spain,Male,38.0,2,€0.00,1,Yes,Yes,"€82,709.80",0
15665963,Cattaneo,Spain,Male,30.0,2,"€128,393.29",1,Yes,Yes,"€180,593.45",0
15612524,Hunt,Germany,Male,41.0,2,"€127,841.52",1,No,No,"€172,363.41",0
15596962,Owens,France,Female,24.0,4,"€137,295.19",2,Yes,Yes,"€91,195.12",0
15744942,Steele,Spain,Female,55.0,2,"€155,828.22",1,Yes,Yes,"€108,987.25",1
15573278,Kennedy,FRA,Male,39.0,6,€0.00,2,No,No,"€44,265.28",0
15717056,Pan,Germany,Female,25.0,7,"€144,351.86",1,No,No,"€116,613.26",0
15795881,Alexander,Spain,Male,35.0,8,"€106,365.29",1,Yes,Yes,"€148,527.56",0
15758939,Bray,Germany,Male,35.0,7,"€127,801.88",1,Yes,Yes,"€84,239.46",0
15792250,Nnabuife,Germany,Female,45.0,4,"€122,793.96",1,Yes,Yes,"€62,002.04",0
15740406,Padovesi,Germany,Male,38.0,10,"€113,525.84",1,No,No,"€46,044.48",1
15768137,Bray,Spain,Female,23.0,6,"€136,100.69",2,No,No,"€169,669.33",1
15569120,Lucas,FRA,Male,30.0,7,€0.00,2,Yes,Yes,"€156,346.84",0
15723721,Tinline,French,Male,30.0,4,"€140,916.81",1,No,No,"€157,711.18",0
15777122,Esomchi,FRA,Female,31.0,4,€0.00,2,Yes,Yes,"€89,087.40",0
15742681,Liao,Germany,Male,26.0,4,"€121,365.39",1,Yes,Yes,"€8,742.36",0
15582090,Iroawuchi,Spain,Female,36.0,4,€0.00,1,No,No,"€117,038.96",0
15711254,Retana,French,Female,35.0,7,€0.00,2,No,No,"€164,241.67",0
15775067,Fang,French,Male,47.0,3,"€93,578.68",2,Yes,Yes,"€137,720.56",1
15602851,Ozioma,France,Male,40.0,9,€0.00,1,No,No,€106.67,0
15802857,Robson,Spain,Female,33.0,8,"€115,409.60",1,Yes,Yes,"€1,539.21",0
15701175,Bruno,French,Female,33.0,8,"€90,791.69",1,Yes,Yes,"€59,659.53",0
15783019,Price,FRA,Female,62.0,9,"€123,681.32",3,No,No,"€173,586.63",1
15728912,Swanson,France,Female,44.0,6,"€92,436.86",1,No,No,"€126,033.90",0
15585580,Chang,Germany,Female,52.0,9,"€167,194.36",1,Yes,Yes,"€62,808.93",1
15583480,Morgan,France,Female,36.0,4,€0.00,2,Yes,Yes,"€147,007.33",0
15620341,Nwebube,Germany,Male,44.0,9,"€160,838.13",2,No,No,"€196,261.64",0
15613886,Trevisan,Spain,Male,43.0,1,€0.00,1,No,No,"€44,560.17",1
15792916,Ositadimma,Spain,Female,40.0,7,"€144,470.77",1,Yes,Yes,"€18,917.95",0
15710408,Cunningham,Spain,Female,38.0,3,€0.00,2,Yes,Yes,"€4,525.40",0
15598695,Fields,Germany,Female,68.0,9,"€130,169.27",2,Yes,Yes,"€93,112.20",0
15649354,Johnston,Spain,Male,35.0,4,€0.00,2,Yes,Yes,"€9,658.41",0
15737556,Vasilyev,French,Male,43.0,7,"€81,076.80",2,Yes,Yes,"€182,627.25",1
15671610,Hooper,FRA,Male,36.0,7,€0.00,1,Yes,Yes,"€13,177.40",0
15625092,Colombo,Germany,Female,57.0,3,"€101,465.31",1,No,No,"€43,568.31",1
15741032,Tsao,France,Male,48.0,5,€0.00,1,Yes,Yes,"€117,830.57",0
15750014,Chikere,Germany,Female,37.0,0,"€113,865.23",2,Yes,Yes,"€117,396.25",0
15784761,Ballard,Spain,Female,46.0,7,"€87,603.35",3,Yes,Yes,"€96,929.24",1
15768359,Akhtar,France,Male,36.0,4,"€120,037.96",1,No,No,"€36,275.94",0
15805769,O'Loughlin,Spain,Male,33.0,4,€0.00,2,No,No,"€116,706.00",0
15719508,Davis,Germany,Male,49.0,7,"€121,205.15",4,Yes,Yes,"€168,080.53",1
15609011,Barry,Spain,Male,47.0,8,"€75,408.33",1,No,No,"€25,887.89",1
15703106,K'ung,French,Male,40.0,5,€0.00,2,Yes,Yes,"€122,488.59",0
15626795,Gorman,French,Female,40.0,3,€0.00,1,No,No,"€113,171.61",1
15773731,John,Spain,Female,35.0,5,€0.00,2,No,No,"€100,365.51",0
15756196,Tsou,FRA,Male,50.0,6,"€121,818.84",2,Yes,Yes,"€124,151.37",0
15687903,Okonkwo,France,Female,29.0,8,€0.00,2,No,No,"€112,664.24",0
15777599,Esposito,Germany,Male,34.0,6,"€141,806.00",2,Yes,Yes,"€183,494.87",0
15754577,Boni,FRA,Female,51.0,8,"€61,354.14",1,No,No,"€198,810.65",1
15584113,Pratt,Germany,Female,53.0,4,"€124,954.94",1,Yes,Yes,"€131,259.60",1
15669589,Page,Germany,Female,68.0,1,"€95,039.12",1,Yes,Yes,"€116,471.14",1
15632793,Wilkinson,FRA,Female,29.0,9,"€103,417.74",1,Yes,Yes,"€15,336.40",0
15711130,Tseng,French,Male,45.0,2,€0.00,2,No,No,"€99,593.28",0
15615254,Clark,French,Male,40.0,10,"€43,028.77",1,No,No,"€170,514.21",0
15720583,Finch,Germany,Female,44.0,0,"€119,638.21",1,Yes,Yes,"€34,265.08",1
15780432,Shen,FRA,Male,37.0,3,"€122,689.51",2,No,No,"€106,977.53",1
15673223,Hou,FRA,Male,44.0,10,€0.00,2,No,No,"€164,287.86",0
15807989,Wall,Germany,Male,37.0,8,"€73,179.34",2,Yes,Yes,"€25,292.53",0
15761168,Manna,France,Female,38.0,4,"€171,913.87",1,No,No,"€51,820.87",1
15651272,Reyes,FRA,Male,38.0,5,€0.00,2,Yes,Yes,"€81,452.29",0
15812832,Jideofor,Germany,Male,33.0,8,"€92,659.20",2,No,No,"€1,354.25",0
15680517,Sal,Germany,Female,34.0,7,"€137,239.17",1,Yes,Yes,"€71,379.92",1
15750569,Iweobiegbunam,Germany,Female,46.0,3,"€102,955.14",2,No,No,"€154,137.33",0
15690743,Shao,France,Female,61.0,8,"€65,190.29",1,Yes,Yes,"€64,308.49",1
15627741,Heath,Germany,Female,29.0,2,"€96,863.52",2,Yes,Yes,"€31,613.35",0
15712121,Chidimma,Spain,Male,34.0,5,"€154,983.98",1,No,No,"€27,738.01",0
15805429,Murray,Germany,Male,59.0,3,"€106,819.65",1,Yes,Yes,"€163,570.25",0
15814923,Sullivan,Spain,Male,38.0,7,"€128,578.52",1,Yes,Yes,"€193,878.51",0
15589230,Wu,FRA,Female,63.0,2,"€126,473.33",1,Yes,Yes,"€147,545.65",0
15775490,Downie,FRA,Female,38.0,5,"€110,570.78",2,No,No,"€195,906.59",0
15749727,Chukwufumnanya,Spain,Male,50.0,7,€0.00,2,Yes,Yes,"€178,458.86",0
15619238,Allan,Spain,Male,29.0,8,€0.00,2,No,No,"€156,125.72",0
15593468,Findlay,FRA,Female,33.0,3,€0.00,2,Yes,Yes,"€11,159.19",0
15718454,Ch'eng,Spain,Female,44.0,2,€0.00,2,No,No,"€45,738.94",0
15789498,Miller,French,Male,30.0,3,"€111,099.79",2,No,No,"€140,650.19",0
15744691,Tsai,FRA,Female,29.0,3,€0.00,3,No,No,"€4,733.94",0
15708289,Graham,Spain,Male,25.0,3,"€100,913.57",1,No,No,"€10,579.72",0
15790412,Norton,Spain,Male,26.0,8,€0.00,2,Yes,Yes,"€179,655.87",0
15741416,Yegorov,FRA,Male,42.0,2,"€16,893.59",1,Yes,Yes,"€77,502.56",0
15598894,Holt,Spain,Male,38.0,10,"€122,267.85",1,No,No,"€145,759.93",0
15663294,Kao,French,Male,32.0,1,"€125,685.79",1,Yes,Yes,"€56,246.72",0
15572728,Ross,Spain,Male,36.0,8,"€127,397.34",1,No,No,"€151,335.24",0
15706729,Hsiao,French,Male,38.0,0,"€105,271.56",1,Yes,Yes,"€179,833.45",0
15674433,Allan,Germany,Female,28.0,2,"€115,265.14",1,No,No,"€191,627.85",0
15641170,Liang,Spain,Male,36.0,4,€0.00,1,No,No,"€173,016.46",0
15806284,Briggs,Spain,Male,31.0,1,€0.00,2,Yes,Yes,"€58,469.75",0
15690958,Cantrell,Germany,Male,23.0,2,"€139,542.82",1,Yes,Yes,"€28,038.28",0
15606386,Wang,Germany,Female,46.0,3,"€111,512.75",3,No,No,"€159,576.75",1
15682322,Aksenov,FRA,Male,37.0,9,"€148,466.93",2,Yes,Yes,"€151,280.96",0
15579915,Glennon,French,Male,29.0,4,€0.00,2,No,No,"€139,953.94",0
15681928,Yancy,French,Female,35.0,4,"€108,155.49",1,No,No,"€105,407.79",0
15734005,Mazzi,France,Female,42.0,1,€0.00,2,No,No,"€56,865.62",0
15650432,Liu,Germany,Male,41.0,10,"€84,622.13",1,Yes,Yes,"€198,072.16",0
15592578,Nucci,Spain,Female,41.0,7,"€146,997.64",2,No,No,"€137,791.18",0
15671243,Y?,France,Female,47.0,9,€0.00,2,No,No,"€103,787.28",0
15775709,Nucci,French,Female,27.0,10,"€98,590.25",1,No,No,"€30,912.89",0
15702631,Tang,France,Female,26.0,2,€0.00,2,Yes,Yes,"€78,651.55",0
15602282,Kao,Germany,Female,45.0,8,"€134,980.74",1,Yes,Yes,"€123,309.57",1
15717879,Chen,Spain,Female,79.0,5,"€108,078.56",1,Yes,Yes,"€174,118.93",0
15740878,Yao,Spain,Female,29.0,9,€0.00,2,Yes,Yes,"€85,736.26",0
15794468,Tsou,FRA,Female,42.0,6,€0.00,2,No,No,"€121,138.77",0
15773277,Barnes,France,Male,35.0,5,"€106,836.67",2,No,No,"€84,199.78",0
15572657,H?,French,Male,29.0,8,"€102,490.27",1,Yes,Yes,"€181,224.56",0
15800295,Cruz,Germany,Male,34.0,9,"€112,746.54",2,No,No,"€141,230.07",0
15672397,Smith,FRA,Male,38.0,0,"€125,487.89",1,No,No,"€158,111.71",0
15684921,Onuchukwu,Spain,Male,25.0,8,"€142,862.21",1,Yes,Yes,"€130,639.01",0
15720676,Bukowski,French,Female,37.0,7,€0.00,2,No,No,"€17,040.82",0
15731829,Simmons,French,Male,34.0,10,€0.00,2,No,No,"€25,662.27",0
15732672,Stewart,Spain,Male,35.0,6,"€79,388.33",1,Yes,Yes,"€193,360.69",0
15692406,Gow,French,Male,37.0,5,€0.00,2,Yes,Yes,"€121,485.10",0
15764405,Williams,France,Male,29.0,10,€0.00,2,Yes,Yes,"€162,452.65",0
15757537,Francis,France,Female,31.0,6,"€107,784.65",1,Yes,Yes,"€141,137.53",0
15793307,Calabresi,Spain,Female,41.0,4,"€142,880.28",3,No,No,"€185,541.20",1
15660679,Chimaobim,Spain,Female,38.0,9,"€149,571.94",1,No,No,"€118,383.18",0
15666856,Chikwendu,France,Male,49.0,1,"€142,767.39",1,Yes,Yes,"€8,214.41",0
15687372,Padovesi,Germany,Male,49.0,8,"€121,537.71",2,No,No,"€46,521.45",1
15667289,Henderson,Spain,Male,50.0,2,€0.00,2,No,No,"€10,772.13",0
15624641,Kharlamova,Spain,Male,43.0,9,€0.00,1,No,No,"€199,290.68",1
15734610,Onio,French,Male,42.0,4,"€89,838.71",3,No,No,"€85,983.54",1
15631882,Yeh,Germany,Male,45.0,9,"€103,399.87",1,No,No,"€129,870.93",0
15642709,Feng,France,Female,30.0,9,€0.00,2,No,No,"€63,158.22",0
15811026,Norman,Germany,Male,43.0,5,"€136,855.94",2,No,No,"€171,070.52",0
15596303,White,FRA,Female,39.0,0,€0.00,2,No,No,"€53,222.15",1
15787255,Manfrin,Germany,Female,55.0,2,"€140,891.46",3,Yes,Yes,"€179,834.45",1
15617166,Ritchie,FRA,Male,37.0,0,€0.00,1,No,No,"€114,514.64",0
15742442,Udegbulam,Spain,Female,46.0,5,"€89,364.91",1,Yes,Yes,"€139,162.15",0
15758692,Kao,France,Female,29.0,7,"€146,011.40",1,No,No,"€50,249.16",0
15568238,Diaz,Spain,Male,20.0,8,€0.00,2,Yes,Yes,"€113,469.65",0
15730353,Olisaemeka,Germany,Male,29.0,9,"€145,294.08",2,No,No,"€147,484.13",0
15731555,Ross-Watt,Germany,Female,45.0,9,"€106,000.12",1,No,No,"€191,448.96",1
15582404,Miller,Spain,Female,26.0,5,€0.00,2,No,No,"€119,381.41",0
15721462,Shubin,Spain,Female,58.0,2,€0.00,2,Yes,Yes,"€33,277.31",0
15632899,Nwankwo,Spain,Male,20.0,9,"€104,508.77",2,No,No,"€73,107.53",0
15808526,Cartwright,Germany,Female,58.0,3,"€127,539.30",1,Yes,Yes,"€96,590.39",1
15694349,Ngozichukwuka,Spain,Male,44.0,7,€0.00,1,Yes,Yes,"€6,923.11",0
15718465,Sadler,Germany,Male,51.0,3,"€96,891.46",1,No,No,"€176,403.33",1
15682995,Azuka,France,Female,32.0,1,"€78,535.25",1,No,No,"€64,349.60",0
15584776,Shen,Spain,Female,37.0,9,"€112,712.17",1,No,No,"€116,097.26",0
15777772,Whittaker,Spain,Male,55.0,9,"€119,618.42",1,Yes,Yes,"€29,861.13",0
15576156,Abazu,Spain,Female,28.0,6,€0.00,1,No,No,"€48,426.98",0
15646756,Murphy,French,Female,33.0,8,"€74,963.50",1,Yes,Yes,"€32,770.56",0
15742886,Ford,French,Male,26.0,1,"€138,023.79",2,Yes,Yes,"€117,060.20",0
15586135,Gratwick,Spain,Female,28.0,4,€0.00,1,Yes,Yes,"€136,197.65",0
15616152,Pai,France,Female,47.0,1,"€185,513.67",1,No,No,"€27,438.83",0
15721460,Lorenzo,France,Male,60.0,8,"€185,648.56",1,No,No,"€192,156.54",1
15727317,Brady,Germany,Female,49.0,1,"€102,286.60",3,No,No,"€69,409.37",1
15649536,Wong,Germany,Male,38.0,4,"€128,015.83",1,No,No,"€58,440.43",0
15754929,Douglas,France,Male,31.0,10,"€39,539.39",2,No,No,"€192,519.39",0
15572051,Kennedy,France,Male,40.0,3,€0.00,1,Yes,Yes,"€144,874.67",0
15668142,Chang,France,Male,37.0,3,"€77,608.46",2,Yes,Yes,"€175,373.46",0
15701176,Brown,France,Male,26.0,5,"€141,462.13",1,No,No,€440.20,0
15708422,Hsiung,Spain,Female,35.0,0,€0.00,2,No,No,"€76,637.38",0
15655632,MacDonald,France,Male,27.0,2,"€131,691.33",1,No,No,"€49,480.66",0
15744606,Davidson,Spain,Male,29.0,8,"€93,833.86",1,Yes,Yes,"€10,417.87",0
15612140,Milano,Spain,Female,46.0,7,"€137,933.39",1,Yes,Yes,"€67,976.57",0
15656086,Bovee,Spain,Male,54.0,8,"€105,770.14",1,Yes,Yes,"€140,929.98",1
15655298,Lewis,Spain,Female,54.0,5,€0.00,2,Yes,Yes,"€47,139.06",0
15644796,Dyer,Spain,Female,38.0,8,€0.00,2,Yes,Yes,"€126,241.40",1
15726250,Hsia,FRA,Female,38.0,3,"€166,328.65",2,Yes,Yes,"€22,614.19",0
15764432,Hicks,Germany,Female,42.0,2,"€164,307.77",1,No,No,"€48,498.19",0
15631721,Millar,Germany,Male,38.0,9,"€163,965.69",2,Yes,Yes,"€103,511.26",0
15707479,Fan,French,Male,40.0,7,"€125,608.72",1,No,No,"€122,073.48",0
15579826,Young,France,Female,66.0,9,€0.00,1,No,No,"€65,535.56",0
15668104,Kerr,Spain,Male,37.0,6,"€118,433.94",1,Yes,Yes,"€160,060.90",0
15641604,Frolova,FRA,Female,55.0,10,"€98,488.08",1,No,No,"€155,879.57",1
15587240,Vasilyev,FRA,Male,40.0,4,€0.00,2,Yes,Yes,"€194,416.58",0
15680767,Sabbatini,Germany,Female,64.0,10,"€98,362.35",2,Yes,Yes,"€21,630.21",0
15601594,Ifeanacho,France,Female,51.0,6,"€144,237.91",4,No,No,"€157,143.61",1
15589969,Capon,French,Male,34.0,6,€0.00,1,Yes,Yes,"€52,796.31",0
15703728,Chieloka,Spain,Male,47.0,4,€0.00,1,No,No,"€121,798.52",1
15617790,Hanson,France,Female,29.0,4,"€105,767.28",2,No,No,"€41,104.82",0
15662500,Ts'ao,Spain,Male,32.0,9,€0.00,2,No,No,"€10,604.48",0
15778526,Bradshaw,Spain,Female,48.0,5,€0.00,2,No,No,"€78,563.66",0
15670584,Nkemakolam,Spain,Male,31.0,2,€0.00,1,Yes,Yes,"€170,821.43",1
15748069,Clunie,France,Female,25.0,3,"€134,467.26",1,Yes,Yes,"€113,266.09",0
15680597,Cover,Germany,Male,38.0,1,"€138,515.02",1,Yes,Yes,"€171,768.76",0
15628992,Esposito,Germany,Male,32.0,2,"€128,647.98",2,No,No,"€54,416.18",0
15719624,Hodgson,French,Female,38.0,9,"€121,858.98",1,No,No,"€130,755.34",0
15812767,Harvey,Spain,Male,70.0,3,€0.00,2,Yes,Yes,"€141,180.66",0
15689201,Dobie,FRA,Female,49.0,1,"€120,108.56",1,Yes,Yes,"€183,421.76",0
15614716,Okwudilichukwu,French,Female,37.0,0,"€196,853.62",1,Yes,Yes,"€132,770.11",0
15683618,Dyer,FRA,Female,35.0,3,"€121,418.62",1,Yes,Yes,"€24,400.37",0
15799631,Chase,Spain,Male,36.0,10,€0.00,2,Yes,Yes,"€180,318.60",0
15692259,Baresi,France,Female,29.0,9,€0.00,2,No,No,"€111,565.45",0
15590966,Lo,Germany,Female,42.0,4,"€97,495.80",2,No,No,"€2,002.50",0
15656426,Tyler,French,Female,42.0,3,€0.00,2,No,No,"€82,565.01",0
15675256,Ts'ui,Spain,Male,33.0,5,"€127,343.40",1,Yes,Yes,"€121,789.30",0
15751185,Aparicio,Spain,Female,50.0,0,"€158,633.61",1,No,No,"€193,785.87",0
15789582,Macleod,FRA,Male,55.0,9,€0.00,1,No,No,"€64,593.07",0
15651103,Sal,Spain,Female,69.0,9,"€183,744.98",1,Yes,Yes,"€196,993.69",0
15672299,Yeh,French,Male,44.0,6,€0.00,2,Yes,Yes,"€175,518.31",0
15772250,Udegbunam,Spain,Male,46.0,9,€0.00,1,No,No,"€17,268.02",0
15763922,Alexandrov,FRA,Male,31.0,7,"€79,962.92",2,No,No,"€60,901.72",0
15633870,Ozioma,France,Female,36.0,10,€0.00,2,Yes,Yes,"€100,750.03",0
15624323,Atkins,French,Male,36.0,4,€0.00,2,Yes,Yes,"€195,224.91",0
15688612,Campos,French,Male,33.0,7,"€140,956.99",1,No,No,"€3,510.18",0
15694644,Wood,Spain,Female,43.0,6,€0.00,1,Yes,Yes,"€81,250.79",0
15587174,Kerr,FRA,Male,29.0,7,€0.00,2,Yes,Yes,"€91,844.14",1
15579559,Chienezie,Spain,Male,30.0,8,"€145,241.63",1,Yes,Yes,"€80,676.83",0
15775430,Tsou,Germany,Male,31.0,7,"€138,008.06",2,No,No,"€129,912.74",0
15623695,McKinnon,France,Female,31.0,4,€0.00,2,Yes,Yes,"€142,029.17",0
15760849,Nwachukwu,French,Male,39.0,2,€0.00,2,Yes,Yes,"€137,651.60",0
15813095,Nwebube,French,Male,37.0,2,€0.00,2,No,No,"€33,877.29",0
15705281,Burt,Spain,Male,38.0,9,€0.00,1,No,No,"€78,744.39",0
15812594,Ross,France,Male,34.0,7,€0.00,2,No,No,"€96,734.46",0
15626322,Lees,Spain,Female,29.0,9,"€127,570.93",2,No,No,"€164,756.81",0
15723105,Feetham,France,Female,28.0,6,€0.00,1,Yes,Yes,"€164,394.65",0
15588449,Chuang,Spain,Female,27.0,5,"€107,812.67",1,Yes,Yes,"€162,501.83",1
15794849,Aitken,Germany,Male,22.0,7,"€91,560.58",2,No,No,"€10,541.38",0
15620000,Chambers,Germany,Male,34.0,6,"€121,303.77",2,Yes,Yes,"€59,325.21",0
15799720,Coburn,Spain,Male,43.0,8,"€161,546.68",2,Yes,Yes,"€178,187.28",0
15711287,Ahmed,Spain,Female,35.0,5,"€128,415.45",1,No,No,"€142,626.49",0
15613102,Ogochukwu,France,Female,31.0,2,"€57,530.06",1,Yes,Yes,"€181,893.31",1
15621440,Soto,France,Male,38.0,1,€0.00,2,Yes,Yes,"€156,858.20",0
15677146,Obiajulu,France,Female,28.0,4,"€142,243.54",2,No,No,"€33,074.51",0
15801169,Yegorova,Germany,Female,39.0,9,"€138,341.51",1,No,No,"€50,072.94",1
15722425,Lucchese,French,Male,32.0,9,€0.00,2,No,No,"€111,340.36",0
15682421,Talbot,FRA,Female,30.0,2,€0.00,2,Yes,Yes,"€100,496.84",1
15691910,Lu,Spain,Male,30.0,4,€0.00,3,No,No,"€101,371.05",0
15721779,Arnold,Spain,Male,41.0,5,"€146,466.46",2,No,No,"€180,934.67",0
15579548,Nicholson,Spain,Male,36.0,5,€0.00,2,No,No,"€105,152.17",0
15681075,Chukwualuka,FRA,Female,58.0,1,€0.00,1,Yes,Yes,€706.50,0
15607884,Wallace,FRA,Female,39.0,8,€0.00,2,Yes,Yes,"€101,168.90",0
15767757,Pisano,Spain,Female,29.0,9,"€120,307.58",1,Yes,Yes,"€6,795.61",0
15791550,Kelly,French,Male,27.0,4,"€87,637.26",2,No,No,"€196,111.35",0
15658589,Brady,Spain,Male,38.0,2,"€94,652.04",1,Yes,Yes,"€171,960.76",0
15670822,Palmer,France,Female,22.0,7,"€114,415.84",1,Yes,Yes,"€177,497.40",0
15629744,Tan,French,Female,71.0,8,€0.00,2,Yes,Yes,"€147,995.96",0
15660768,L?,French,Male,40.0,1,"€84,315.02",1,No,No,"€36,209.10",0
15726310,Mordvinova,Spain,Female,27.0,3,€0.00,2,No,No,"€143,614.01",0
15641298,Corones,Germany,Male,42.0,9,"€93,955.83",2,No,No,"€14,828.54",0
15625675,Clements,French,Male,36.0,1,"€67,087.69",1,No,No,"€154,775.70",0
15713354,Morrice,Germany,Female,22.0,6,"€101,528.61",1,No,No,"€70,529.00",1
15633866,Hsiung,Germany,Male,30.0,1,"€110,824.52",1,Yes,Yes,"€57,896.27",0
15704231,Barrett,French,Female,33.0,8,€0.00,1,Yes,Yes,"€69,759.91",0
15735400,Kanayochukwu,France,Male,28.0,8,"€179,960.20",1,No,No,"€89,938.08",0
15632826,Tardent,France,Male,38.0,3,"€134,006.77",1,No,No,"€89,578.32",0
15751022,Bowhay,Germany,Female,37.0,10,"€121,532.17",2,Yes,Yes,"€73,464.88",0
15664737,Lei,Spain,Female,38.0,7,€0.00,2,Yes,Yes,"€138,542.87",0
15681126,Baker,Spain,Female,38.0,2,€0.00,1,Yes,Yes,"€161,888.63",0
15738954,Pisano,French,Male,35.0,7,"€129,717.30",2,No,No,"€86,937.20",0
15662263,Castillo,Germany,Male,22.0,4,"€94,762.16",2,Yes,Yes,"€42,241.54",0
15621611,Gibson,Germany,Male,55.0,5,"€155,196.17",1,Yes,Yes,"€121,207.66",1
15783752,Lindsay,Germany,Male,29.0,4,"€129,514.99",1,Yes,Yes,"€102,930.46",0
15709474,Macnamara,Germany,Female,57.0,3,"€113,386.36",2,Yes,Yes,"€65,121.63",1
15701280,Romano,France,Male,24.0,3,€0.00,1,Yes,Yes,"€78,498.04",1
15671104,Aksakova,Spain,Male,43.0,3,"€172,196.23",1,Yes,Yes,"€104,769.96",0
15796434,Farnsworth,France,Male,28.0,5,"€97,612.12",1,Yes,Yes,"€96,498.14",0
15781505,Giordano,France,Male,20.0,4,"€104,719.94",2,No,No,"€38,691.34",0
15625819,Arnold,FRA,Female,38.0,7,€0.00,1,No,No,"€164,804.02",0
15753174,Thompson,Germany,Male,37.0,9,"€139,592.98",3,No,No,"€104,152.65",1
15654067,Koch,Spain,Female,29.0,4,€0.00,2,No,No,"€88,866.92",0
15724719,Jones,French,Female,22.0,7,"€139,096.85",1,No,No,"€129,890.94",0
15624695,Otitodilinna,Spain,Female,72.0,7,"€140,301.72",1,Yes,Yes,"€179,258.67",0
15718216,Fleetwood-Smith,Spain,Male,43.0,3,€0.00,1,No,No,"€72,051.44",0
15586300,Chinonyelum,FRA,Male,66.0,7,€0.00,2,Yes,Yes,"€74,580.80",0
15783349,Montague,Spain,Male,39.0,1,"€111,233.09",1,Yes,Yes,"€123,995.15",0
15725767,Milani,FRA,Male,23.0,3,€0.00,2,No,No,"€38,960.59",0
15791925,Palermo,France,Male,29.0,10,"€147,737.63",1,Yes,Yes,"€94,951.27",0
15793585,Anderson,France,Male,35.0,8,€0.00,2,Yes,Yes,"€56,642.97",0
15576641,Crawford,Germany,Male,40.0,5,"€125,725.02",2,Yes,Yes,"€50,783.10",0
15749519,Lin,France,Male,38.0,6,"€128,289.70",3,No,No,"€9,149.96",1
15684960,Yewen,France,Female,46.0,5,€0.00,1,No,No,"€21,006.10",1
15591286,Simmons,Germany,Female,49.0,4,"€88,826.07",1,Yes,Yes,"€33,759.41",1
15668323,Mbadiwe,France,Female,41.0,1,"€143,443.61",1,No,No,"€196,622.28",1
15608528,Munro,France,Female,68.0,9,€0.00,4,Yes,Yes,"€176,353.87",1
15645184,Graham,France,Male,29.0,2,€0.00,2,No,No,"€176,943.59",0
15702566,Lombardo,Spain,Male,26.0,8,"€149,134.46",1,Yes,Yes,"€177,966.24",0
15660840,Kalinin,FRA,Male,30.0,3,"€124,119.54",1,No,No,"€162,198.32",0
15750811,Woodward,Germany,Male,44.0,3,"€116,822.70",1,No,No,"€197,643.24",0
15733842,Pirozzi,France,Female,24.0,1,"€103,219.47",1,No,No,"€60,420.07",0
15581526,Iweobiegbulam,France,Male,41.0,1,€0.00,2,No,No,"€70,550.00",0
15662751,Piazza,Germany,Female,40.0,0,"€81,954.60",1,Yes,Yes,"€198,798.44",1
15684319,Baranova,Germany,Female,37.0,10,"€95,196.26",1,No,No,"€126,310.39",1
15702190,Fan,Spain,Male,43.0,5,€0.00,2,Yes,Yes,"€64,515.50",0
15588517,Sun,FRA,Male,38.0,7,€0.00,2,Yes,Yes,"€158,580.05",0
15801863,Marino,FRA,Female,32.0,2,"€136,555.01",2,Yes,Yes,"€129,353.21",0
15584271,Donaldson,FRA,Male,59.0,5,€0.00,1,Yes,Yes,"€137,273.97",0
15700366,Burton,France,Male,39.0,3,"€119,452.03",1,Yes,Yes,"€171,575.54",0
15804038,Quinn,France,Male,44.0,9,€0.00,1,Yes,Yes,"€96,528.00",1
15720820,Sabbatini,Germany,Female,24.0,9,"€69,881.09",2,Yes,Yes,"€64,421.02",0
15743759,Brooks,France,Male,39.0,5,€0.00,2,Yes,Yes,"€158,444.61",0
15749947,Black,French,Female,44.0,7,€0.00,2,Yes,Yes,"€66,548.58",0
15670496,Schwartz,Spain,Female,27.0,9,€0.00,2,No,No,"€108,008.05",0
15746664,Ts'ui,Spain,Male,20.0,8,"€204,223.03",1,No,No,"€128,268.39",0
15745533,Sargent,FRA,Female,63.0,1,"€110,314.21",2,No,No,"€37,464.00",1
15761497,Udinesi,Spain,Female,48.0,1,"€163,760.82",1,No,No,"€157,381.14",1
15628600,Lee,Germany,Female,31.0,1,"€141,069.18",3,Yes,Yes,"€194,257.11",0
15627002,Taylor,FRA,Male,38.0,1,"€115,934.74",1,Yes,Yes,"€139,059.05",0
15614635,Kepley,French,Male,52.0,2,"€151,457.88",1,Yes,Yes,"€40,893.61",0
15731281,Ozuluonye,Germany,Female,35.0,3,"€154,206.07",2,Yes,Yes,"€40,261.49",0
15814022,Lassetter,FRA,Female,26.0,9,"€89,928.99",1,No,No,"€46,203.31",0
15659194,Mishina,FRA,Male,30.0,8,"€89,182.09",1,Yes,Yes,"€13,126.90",0
15745030,Trevisano,Germany,Male,41.0,1,"€79,706.25",2,No,No,"€165,675.01",0
15691817,Iloerika,Spain,Female,44.0,5,€0.00,3,No,No,"€5,459.07",1
15707488,Tan,French,Female,27.0,5,€0.00,2,No,No,"€131,919.48",0
15784700,Chikelu,FRA,Male,31.0,7,"€117,799.28",1,Yes,Yes,"€182,372.35",0
15710397,Lin,France,Male,26.0,4,€0.00,2,No,No,"€147,600.54",0
15687648,Nicholson,France,Male,28.0,1,€0.00,2,No,No,"€92,865.41",0
15732281,Ugoji,Germany,Male,34.0,6,"€146,422.22",1,No,No,"€67,142.97",1
15607230,Michel,Germany,Male,33.0,9,"€150,186.22",2,Yes,Yes,"€65,611.01",0
15567630,Bruce,Germany,Male,40.0,6,"€100,275.88",1,No,No,"€138,564.48",1
15587507,Feng,France,Male,47.0,6,€0.00,1,No,No,"€187,391.02",1
15733904,McDonald,France,Male,32.0,9,"€147,493.89",1,No,No,"€33,656.35",0
15709511,Watt,FRA,Male,43.0,8,€0.00,2,No,No,"€100,618.17",0
15579616,Goodwin,FRA,Female,42.0,8,€0.00,2,Yes,Yes,"€198,134.90",0
15694852,Arcuri,French,Male,29.0,4,"€121,823.40",2,Yes,Yes,"€50,368.87",0
15589924,Rapuluolisa,Spain,Female,40.0,1,€0.00,2,Yes,Yes,"€108,787.00",0
15799300,Kao,Germany,Male,31.0,0,"€113,688.63",1,No,No,"€33,099.41",1
15731330,Tsui,Spain,Female,40.0,7,"€100,471.34",1,Yes,Yes,"€124,550.88",0
15694129,Summers,Germany,Female,28.0,3,"€100,032.52",1,No,No,"€5,159.21",1
15620372,Cross,Spain,Male,31.0,3,€0.00,2,No,No,"€48,228.10",0
15744622,Osorio,French,Male,32.0,8,"€116,358.00",1,No,No,"€108,798.36",0
15799815,Bobrov,Germany,Female,23.0,4,"€163,549.63",1,Yes,Yes,"€21,085.12",0
15759250,Barnett,Germany,Male,51.0,3,"€99,183.90",1,Yes,Yes,"€28,922.25",0
15732643,Pike,Spain,Female,53.0,1,"€131,955.07",1,Yes,Yes,"€62,514.65",1
15690540,Gearheart,Spain,Female,41.0,1,"€134,177.06",1,No,No,"€177,506.66",0
15803078,Bruno,Spain,Female,38.0,1,€0.00,2,No,No,"€90,605.05",0
15652180,Egobudike,France,Male,30.0,2,€0.00,2,Yes,Yes,"€132,029.95",0
15741195,Okechukwu,Spain,Male,19.0,5,€0.00,1,Yes,Yes,"€176,903.35",0
15743490,Zikoranachidimma,Germany,Female,56.0,9,"€94,348.94",1,No,No,"€29,239.29",1
15575510,Milanesi,FRA,Female,32.0,2,"€155,584.21",1,Yes,Yes,"€153,662.88",0
15732610,Ahern,France,Female,28.0,6,€0.00,2,No,No,"€154,389.18",0
15602909,Dickson,Spain,Female,41.0,10,€0.00,2,Yes,Yes,"€166,224.39",0
15734058,Anayochukwu,Germany,Male,32.0,9,"€170,661.47",1,Yes,Yes,"€21,646.20",0
15801788,McDonald,Germany,Female,29.0,6,"€185,544.36",1,No,No,"€171,037.63",0
15702462,Fiorentini,Spain,Female,44.0,6,"€52,831.13",1,Yes,Yes,"€112,649.22",1
15683416,Russo,Germany,Male,51.0,8,"€97,750.07",3,Yes,Yes,"€193,014.26",1
15794187,Young,FRA,Male,36.0,6,"€114,007.50",2,No,No,"€118,120.88",0
15792989,Bianchi,French,Female,71.0,1,"€104,308.77",1,Yes,Yes,"€25,650.04",0
15613734,Fallaci,FRA,Female,33.0,6,"€84,719.13",2,Yes,Yes,"€113,048.79",0
15606177,Crawford,France,Male,39.0,2,€0.00,2,No,No,"€87,372.49",0
15636700,Marsh,France,Male,39.0,9,"€140,236.98",1,Yes,Yes,"€146,651.99",0
15645766,Kosisochukwu,Spain,Male,25.0,9,€0.00,2,Yes,Yes,"€8,227.91",0
15671345,Piccio,Spain,Female,42.0,6,"€75,302.85",2,No,No,"€57,034.35",0
15652469,Nevels,FRA,Male,27.0,1,€0.00,2,No,No,"€93,003.21",0
15749638,Kaodilinakachukwu,France,Female,51.0,9,"€104,760.82",1,Yes,Yes,"€165,574.54",1
15728706,Amaechi,French,Female,49.0,7,€0.00,1,No,No,"€13,566.48",1
15735439,P'an,Spain,Female,31.0,1,"€113,693.00",1,No,No,"€82,796.29",0
15778696,Ikemefuna,Spain,Female,36.0,5,"€174,180.39",1,No,No,"€119,830.08",0
15624744,Tai,Germany,Male,42.0,9,"€115,766.26",1,No,No,"€72,155.85",1
15584338,Winn,FRA,Female,40.0,0,€0.00,2,No,No,"€62,762.12",0
15726178,Hardy,Spain,Female,48.0,8,€0.00,2,No,No,"€183,235.33",0
15794939,Chiu,FRA,Female,72.0,5,"€121,215.90",2,Yes,Yes,"€105,206.48",0
15788068,Lopez,Germany,Male,45.0,10,"€144,677.19",3,No,No,"€22,512.44",1
15572956,Steen,France,Male,36.0,5,"€115,350.63",1,Yes,Yes,"€122,305.91",0
15780386,Ferri,Spain,Male,40.0,5,"€105,683.63",1,No,No,"€173,617.09",0
15791114,Yegorova,FRA,Male,37.0,1,"€135,179.49",1,No,No,"€160,670.37",0
15708046,Knowles,Spain,Male,31.0,0,"€117,551.23",1,No,No,"€158,958.90",0
15719779,May,Germany,Male,25.0,1,"€157,404.02",2,No,No,"€93,073.04",0
15591550,Bianchi,Spain,Male,36.0,3,"€77,910.23",1,No,No,"€67,238.01",0
15639368,Pipes,FRA,Male,25.0,0,"€110,942.90",1,No,No,"€172,576.56",0
15699830,Doherty,France,Female,40.0,7,€0.00,2,Yes,Yes,"€122,580.48",0
15569264,Yobanna,French,Male,32.0,5,"€179,305.09",1,Yes,Yes,"€149,043.78",0
15595158,Hsu,Germany,Male,31.0,5,"€150,593.59",2,Yes,Yes,"€105,218.45",0
15599126,Russell,France,Female,43.0,0,"€123,815.86",1,Yes,Yes,"€78,463.99",1
15650575,Payne,Spain,Female,59.0,6,€0.00,2,Yes,Yes,"€160,849.43",1
15641490,Windsor,Germany,Female,25.0,8,"€69,385.17",2,No,No,"€87,834.24",0
15680234,Bray,Germany,Male,27.0,2,"€138,032.15",1,No,No,"€166,317.71",0
15592230,Seleznyov,FRA,Male,41.0,3,€0.00,2,Yes,Yes,"€137,309.06",0
15626212,Wark,French,Male,29.0,9,€0.00,1,Yes,Yes,"€166,984.44",0
15700627,Y?,Germany,Female,46.0,2,"€143,500.82",1,No,No,"€166,996.46",1
15782641,Brown,Spain,Female,29.0,3,"€119,670.18",1,No,No,"€188,022.44",0
15784445,Huang,Spain,Male,33.0,1,"€99,106.73",1,No,No,"€194,467.23",0
15813681,Zito,Germany,Male,24.0,2,"€120,135.55",2,Yes,Yes,"€125,449.47",0
15596649,Bailey,France,Female,39.0,8,€0.00,1,No,No,"€137,452.57",0
15700460,Allnutt,French,Female,55.0,4,"€120,905.03",1,Yes,Yes,"€123,475.88",1
15724076,Christie,Spain,Female,57.0,5,€0.00,3,No,No,"€38,941.44",1
15784000,Pope,Germany,Female,34.0,9,"€102,277.52",1,No,No,"€177,852.57",1
15733966,Johnstone,Germany,Female,55.0,4,"€125,292.53",1,Yes,Yes,"€31,532.96",1
15612667,Bird,Spain,Male,42.0,0,€0.00,1,No,No,"€136,377.21",0
15654025,Jones,FRA,Female,51.0,4,"€101,629.30",1,No,No,"€130,541.10",0
15589431,Pedder,Germany,Male,47.0,1,"€171,937.27",1,Yes,Yes,"€65,636.92",0
15578238,Calabrese,France,Male,47.0,7,€0.00,2,No,No,"€193,305.35",0
15566269,Chialuka,France,Male,25.0,5,€0.00,2,No,No,"€47,307.90",0
15639217,McKenzie,French,Male,34.0,6,€0.00,2,No,No,"€100,809.99",0
15688644,Holloway,France,Male,31.0,1,"€129,743.75",1,No,No,"€109,145.20",0
15662426,Tang,Spain,Male,32.0,1,€0.00,1,Yes,Yes,"€91,167.19",1
15720511,Byrne,Germany,Male,41.0,3,"€151,191.31",1,No,No,"€175,295.89",1
15567246,Selwyn,Germany,Male,32.0,3,"€102,630.13",2,Yes,Yes,"€127,433.47",0
15647965,Genovese,FRA,Female,57.0,9,"€114,023.64",2,Yes,Yes,"€71,167.17",1
15679048,Koger,Germany,Male,41.0,2,"€124,227.14",1,Yes,Yes,"€111,184.67",0
15675749,Baranov,French,Female,23.0,1,€0.00,2,Yes,Yes,"€141,756.32",0
15782181,Greco,Spain,Male,35.0,6,"€80,285.16",1,No,No,"€72,678.75",1
15795738,Owens,FRA,Male,31.0,4,"€175,477.15",1,Yes,Yes,"€172,832.90",0
15773751,Y?,French,Female,29.0,1,"€132,144.35",1,No,No,"€158,086.33",0
15655436,Kendall,Germany,Male,47.0,2,"€136,911.07",1,Yes,Yes,"€168,184.62",1
15691396,Ko,Germany,Male,31.0,5,"€133,299.67",2,Yes,Yes,"€72,950.14",0
15796958,Tang,France,Male,39.0,7,€0.00,2,No,No,"€48,378.40",0
15801832,Lombardo,Germany,Male,42.0,1,"€117,691.00",1,Yes,Yes,"€23,135.65",1
15661349,Perkins,FRA,Male,35.0,10,€0.00,2,No,No,"€65,675.47",0
15719265,Feng,France,Male,46.0,9,€0.00,2,No,No,"€170,676.67",0
15779985,Lo,Germany,Female,37.0,1,"€133,199.71",2,Yes,Yes,"€27,366.77",0
15663410,Piccio,Spain,Male,51.0,5,"€135,506.58",3,Yes,Yes,"€152,479.64",1
15704144,Mazzanti,Germany,Male,33.0,2,"€127,154.14",2,Yes,Yes,"€105,383.49",0
15774104,Chukwualuka,Spain,Male,39.0,2,€0.00,2,Yes,Yes,"€48,189.94",0
15812230,Elliot,Germany,Female,42.0,5,"€49,508.79",3,Yes,Yes,"€100,324.01",0
15742848,Gratton,FRA,Male,41.0,5,€0.00,1,Yes,Yes,"€65,657.29",0
15745326,Carandini,France,Female,62.0,3,"€75,051.49",1,No,No,"€17,682.02",1
15674541,Robinson,Spain,Male,52.0,8,"€123,925.23",1,No,No,"€111,342.66",1
15728564,Lo,France,Male,41.0,6,€0.00,2,Yes,Yes,"€134,158.09",1
15580701,Ma,FRA,Male,33.0,3,"€153,819.58",1,No,No,"€79,176.09",1
15688973,Vinogradova,Spain,Female,39.0,5,€0.00,2,Yes,Yes,"€83,103.46",0
15709412,H?,Spain,Male,30.0,6,€0.00,2,Yes,Yes,"€63,908.86",0
15607753,Alexandrova,Spain,Female,23.0,10,"€70,417.79",1,Yes,Yes,"€90,896.04",0
15705352,Yang,Spain,Male,38.0,7,"€111,484.88",1,Yes,Yes,"€76,076.20",0
15602500,Maslova,Spain,Male,38.0,1,"€146,343.98",1,Yes,Yes,"€103,902.11",0
15672437,Buccho,France,Male,72.0,1,"€160,541.00",2,Yes,Yes,"€142,223.94",0
15720968,Young,Germany,Male,27.0,2,"€130,274.26",2,No,No,"€147,533.09",0
15730796,Barker,French,Female,21.0,7,"€98,993.02",1,Yes,Yes,"€169,156.64",0
15768219,Sung,Spain,Male,36.0,0,€0.00,2,No,No,"€141,242.57",0
15663883,Hansen,Germany,Male,32.0,9,"€141,827.33",2,Yes,Yes,"€149,458.73",0
15589296,Brown,France,Female,40.0,6,"€110,054.45",1,Yes,Yes,"€86,950.72",0
15586425,Lo Duca,France,Male,28.0,4,€0.00,2,Yes,Yes,"€176,925.69",0
15679813,Ellis,Spain,Male,28.0,1,€0.00,1,No,No,"€40,357.39",0
15681410,Korff,Germany,Female,36.0,6,"€98,088.09",1,Yes,Yes,"€26,687.22",1
15668283,Gardiner,FRA,Male,48.0,9,"€118,317.27",4,No,No,"€78,702.98",1
15624072,Kiernan,Spain,Male,22.0,10,€0.00,2,No,No,"€176,163.74",0
15669664,Thompson,Germany,Male,54.0,1,"€99,774.50",1,No,No,"€4,896.11",1
15682728,Mathews,French,Female,32.0,4,€0.00,2,No,No,"€114,899.13",0
15573851,Macrossan,France,Female,38.0,1,€0.00,3,No,No,"€92,220.12",1
15733661,Illingworth,Spain,Female,27.0,8,"€133,806.54",2,No,No,"€6,251.30",0
15710012,Bowen,Spain,Male,44.0,2,€0.00,2,No,No,"€43,018.82",1
15763327,Craig,French,Male,32.0,8,"€124,993.29",2,Yes,Yes,"€27,548.06",0
15668853,Menhennitt,Spain,Female,44.0,0,"€157,622.58",1,Yes,Yes,"€120,454.20",0
15639303,Moore,Germany,Male,48.0,5,"€126,111.61",1,Yes,Yes,"€133,961.19",0
15691011,Shoebridge,FRA,Male,42.0,9,"€161,651.37",2,Yes,Yes,"€131,753.97",0
15638513,Palermo,FRA,Female,40.0,7,"€142,856.95",2,No,No,"€38,019.74",0
15648933,Reilly,Germany,Male,44.0,3,"€111,100.98",1,Yes,Yes,"€28,144.07",1
15628904,Bowen,Spain,Male,35.0,8,"€102,918.38",1,Yes,Yes,"€45,959.86",0
15644788,Fyodorov,French,Female,30.0,5,€0.00,2,No,No,"€189,528.72",0
15598161,Clements,France,Male,47.0,10,€0.00,2,No,No,"€170,481.98",0
15745624,McKenzie,France,Male,37.0,4,€0.00,2,No,No,"€94,845.45",0
15733169,Craig,Spain,Male,22.0,7,"€125,265.61",1,Yes,Yes,"€161,253.08",0
15801417,Iloerika,FRA,Male,37.0,4,"€82,500.28",1,Yes,Yes,"€115,260.72",0
15592707,Dolgorukova,Germany,Female,64.0,2,"€175,754.87",2,Yes,Yes,"€60,721.40",0
15593954,Eva,France,Female,47.0,6,"€109,387.33",1,No,No,"€121,365.45",0
15714431,Yeh,FRA,Male,37.0,1,"€100,443.36",2,Yes,Yes,"€101,693.73",0
15638257,P'an,Spain,Female,54.0,0,"€83,102.72",2,Yes,Yes,"€54,132.93",0
15690939,Howe,Spain,Male,28.0,7,€0.00,1,Yes,Yes,"€10,666.05",0
15723613,Jenkins,France,Female,28.0,4,€0.00,2,No,No,"€41,227.67",0
15813640,Shih,France,Female,40.0,7,€0.00,2,No,No,"€10,712.82",0
15707322,Nnamdi,France,Female,48.0,2,"€115,290.27",1,No,No,"€98,912.69",1
15588918,Mitchell,France,Female,42.0,6,€0.00,2,No,No,"€197,202.48",0
15600357,Findlay,French,Female,40.0,1,"€140,197.71",2,No,No,"€150,720.39",0
15747014,Pisani,FRA,Female,28.0,1,"€105,245.34",1,Yes,Yes,"€74,780.13",0
15809830,Belisario,France,Male,50.0,8,€0.00,2,Yes,Yes,"€79,377.45",0
15662245,Pomeroy,French,Male,32.0,1,€0.00,2,Yes,Yes,"€8,763.87",0
15651075,Ibrahimova,Germany,Male,35.0,3,"€142,296.13",1,Yes,Yes,"€177,112.70",0
15594456,K?,Spain,Female,56.0,4,"€99,097.33",1,Yes,Yes,"€85,016.64",1
15583462,Graham,France,Male,28.0,5,"€171,069.39",2,Yes,Yes,"€88,689.40",0
15757661,Trevisano,French,Female,39.0,7,€0.00,2,No,No,"€95,985.64",0
15729117,Trevisano,FRA,Female,31.0,1,"€102,523.88",1,Yes,Yes,"€166,792.71",0
15749671,K?,France,Male,35.0,6,€0.00,2,Yes,Yes,"€68,730.91",0
15566253,Manning,Germany,Male,44.0,9,"€143,391.07",1,No,No,"€146,891.07",1
15595153,Tucker,Germany,Female,44.0,8,"€106,022.73",2,No,No,"€148,727.42",0
15698572,Schaffer,Spain,Female,36.0,1,€0.00,1,No,No,"€43,134.58",0
15674149,Esomchi,Germany,Male,36.0,3,"€128,960.21",2,Yes,Yes,"€40,318.33",0
15623082,Ch'ang,French,Female,35.0,2,€0.00,2,No,No,"€97,633.93",0
15797905,Walker,France,Female,48.0,7,€0.00,2,No,No,"€65,069.03",0
15746028,Chu,French,Female,24.0,7,€0.00,2,No,No,"€166,335.00",0
15582951,Crawford,French,Female,25.0,8,"€126,442.59",1,No,No,"€121,904.44",0
15616471,Milne,Spain,Male,51.0,0,€0.00,1,Yes,Yes,"€175,235.99",0
15641575,Anenechukwu,FRA,Male,37.0,2,"€127,261.35",1,No,No,"€56,185.05",0
15638803,Donaldson,Spain,Female,32.0,5,€0.00,2,No,No,"€131,625.14",0
15808283,Kelly,FRA,Female,33.0,4,€0.00,1,No,No,"€152,323.04",0
15811200,Ts'ao,French,Female,34.0,2,€0.00,2,No,No,"€165,840.94",0
15733476,Gonzalez,Germany,Male,30.0,6,"€73,481.05",1,Yes,Yes,"€176,692.65",0
15633274,Tai,FRA,Male,34.0,7,"€160,515.37",1,No,No,"€121,904.14",0
15582168,Muravyova,Germany,Female,61.0,4,"€149,525.34",2,No,No,"€123,663.63",0
15807269,Milanesi,Germany,Male,43.0,2,"€166,522.78",1,No,No,"€119,644.59",1
15602979,Lin,French,Male,29.0,1,"€135,536.50",1,No,No,"€66,825.33",0
15660417,Lambert,Germany,Female,43.0,10,"€120,481.69",1,No,No,"€94,875.03",1
15590199,Temple,Spain,Male,28.0,1,"€103,421.32",1,Yes,Yes,"€76,304.73",0
15641794,Ridley,FRA,Male,33.0,5,"€135,658.73",2,Yes,Yes,"€39,755.00",0
15779174,Young,FRA,Female,36.0,2,€0.00,2,Yes,Yes,"€180,142.42",0
15785547,Slye,FRA,Male,28.0,8,"€191,402.82",2,No,No,"€83,238.40",0
15795124,Pan,Germany,Male,50.0,9,"€94,504.35",1,Yes,Yes,"€5,078.90",0
15718912,Hsueh,Germany,Female,44.0,5,"€126,147.84",1,Yes,Yes,"€132,424.69",1
15592028,Roberts,French,Female,46.0,7,€0.00,1,Yes,Yes,"€109,057.56",0
15580227,Moss,FRA,Male,33.0,6,€0.00,2,No,No,"€115,676.61",0
15657830,Andrews,FRA,Male,43.0,4,"€87,624.03",2,No,No,"€149,401.33",0
15798256,Takasuka,FRA,Female,45.0,1,"€153,697.53",2,No,No,"€89,891.40",1
15643819,Dawson,FRA,Female,25.0,4,€0.00,2,No,No,"€82,500.84",0
15754301,Bruche,French,Male,39.0,5,€0.00,1,No,No,"€6,416.92",0
15726855,Oliver,Germany,Female,45.0,9,"€116,585.97",1,No,No,"€189,428.75",1
15755225,Ryan,Germany,Male,34.0,9,"€134,464.58",2,No,No,"€178,833.34",0
15725221,Sabbatini,Germany,Male,62.0,10,"€83,008.31",1,Yes,Yes,"€42,766.03",0
15789055,Watt,Spain,Male,35.0,2,"€113,635.16",1,No,No,"€90,883.12",0
15617507,Wilson,Spain,Female,36.0,7,€0.00,2,No,No,"€80,619.09",0
15668894,Abramova,Germany,Male,41.0,5,"€122,552.48",2,Yes,Yes,"€120,646.40",0
15589563,Purdy,Spain,Male,31.0,2,"€118,899.45",2,No,No,"€41,409.36",0
15693162,Higgins,France,Female,29.0,5,"€99,713.87",1,No,No,"€112,317.89",0
15750099,Marshall,FRA,Female,36.0,6,€0.00,1,No,No,"€152,128.36",0
15795540,Reye,French,Female,36.0,2,"€134,208.22",1,Yes,Yes,"€177,670.57",0
15794941,Chibueze,Germany,Female,41.0,1,"€85,906.65",3,No,No,"€189,159.97",0
15611848,Kwemtochukwu,Germany,Male,32.0,3,"€137,714.25",1,Yes,Yes,"€159,403.68",0
15581237,Biryukova,Spain,Male,33.0,1,"€160,777.90",1,Yes,Yes,"€149,536.15",0
15738150,Chidozie,France,Male,45.0,5,€0.00,2,Yes,Yes,"€155,492.87",0
15678571,Barber,French,Male,21.0,4,€0.00,2,No,No,"€24,847.02",0
15736124,Thompson,France,Male,25.0,1,"€102,585.88",2,Yes,Yes,"€115,387.40",0
15623202,Maslov,Germany,Female,39.0,10,"€102,556.18",2,No,No,"€171,971.25",1
15804201,Jones,Germany,Male,42.0,4,"€126,772.57",1,Yes,Yes,"€126,106.40",0
15596863,Chidumaga,Germany,Female,38.0,3,"€158,373.23",1,Yes,Yes,"€28,228.35",0
15696277,Hs?,French,Female,34.0,9,€0.00,2,No,No,"€138,113.71",0
15748608,Trentini,Germany,Male,42.0,5,"€141,927.10",1,Yes,Yes,"€43,018.98",0
15723864,Lucas,Spain,Male,47.0,1,"€109,876.82",2,No,No,"€83,611.45",1
15802390,Willoughby,FRA,Female,34.0,2,€0.00,2,Yes,Yes,"€118,863.38",0
15774336,Jamieson,Germany,Male,44.0,9,"€111,369.79",2,Yes,Yes,"€91,947.74",0
15648766,Robertson,Spain,Male,35.0,3,"€116,969.35",1,No,No,"€94,488.82",0
15659094,Ojiofor,Germany,Female,34.0,8,"€136,729.51",2,No,No,"€47,058.21",0
15606397,Cameron,Germany,Female,44.0,1,"€152,086.15",1,Yes,Yes,"€44,719.50",1
15642619,Mayne,Spain,Male,46.0,2,€0.00,2,No,No,"€174,478.54",0
15666032,Mancini,Spain,Male,28.0,1,"€127,289.28",1,No,No,"€45,611.51",0
15595842,Paramor,Germany,Male,45.0,2,"€119,852.01",1,No,No,"€73,853.94",1
15753837,Young,Spain,Male,38.0,4,€0.00,2,Yes,Yes,"€196,517.43",0
15783882,Daly,Spain,Female,41.0,5,€0.00,2,Yes,Yes,"€92,914.67",0
15799790,Carter,France,Male,35.0,9,€0.00,1,Yes,Yes,"€31,372.91",0
15628155,Dike,France,Female,35.0,7,"€117,183.74",1,Yes,Yes,"€109,733.73",0
15703778,Hughes,France,Male,33.0,8,"€129,907.63",1,Yes,Yes,"€36,083.96",0
15722322,Green,Spain,Female,78.0,2,€0.00,2,Yes,Yes,"€188,435.38",0
15639278,Chinomso,Germany,Female,36.0,6,"€145,387.32",2,Yes,Yes,"€169,963.20",1
15568487,Gorshkov,France,Male,35.0,7,"€124,616.23",1,Yes,Yes,"€69,320.97",0
15682084,Chinomso,France,Male,31.0,9,€0.00,2,No,No,"€36,145.53",0
15642821,Ijendu,Spain,Female,48.0,8,"€95,808.19",1,No,No,"€137,702.01",1
15601387,Yen,France,Male,35.0,10,€0.00,2,No,No,"€71,594.26",0
15642515,Arcuri,France,Female,42.0,1,€0.00,2,Yes,Yes,"€65,565.92",0
15710421,Baresi,Spain,Female,36.0,8,"€117,152.30",1,No,No,"€101,828.39",0
15726774,Field,French,Male,35.0,3,"€106,250.72",1,No,No,"€39,546.32",0
15649078,Christian,Germany,Female,27.0,8,"€111,837.78",2,Yes,Yes,"€110,805.79",0
15641877,Ross,French,Male,47.0,9,"€97,023.21",1,Yes,Yes,"€2,168.13",0
15796496,Trevisani,French,Female,31.0,8,"€137,687.72",1,No,No,"€190,067.12",0
15815690,Akabueze,Spain,Female,40.0,3,"€113,348.50",1,Yes,Yes,"€77,789.01",0
15631739,Dunn,Spain,Male,24.0,10,"€122,109.78",1,Yes,Yes,"€127,654.37",0
15625584,Martin,French,Male,32.0,2,"€120,452.40",2,No,No,"€79,602.86",0
15802466,Donaldson,French,Female,53.0,7,€0.00,2,Yes,Yes,"€80,619.17",0
15697028,McClinton,Spain,Male,34.0,0,"€65,812.35",2,Yes,Yes,"€160,346.30",0
15575759,Bentley,Spain,Female,40.0,3,"€54,428.37",1,No,No,"€109,638.78",1
15567442,Ibezimako,France,Female,75.0,3,€0.00,2,Yes,Yes,"€1,276.87",0
15746805,Thomson,French,Male,33.0,9,€0.00,2,No,No,"€49,374.82",0
15636330,Ch'in,Germany,Female,48.0,1,"€143,279.58",2,No,No,"€31,580.80",1
15714970,Holbrook,Germany,Male,32.0,0,"€103,846.65",1,No,No,"€20,560.69",0
15653784,Solomina,French,Male,37.0,2,"€125,190.86",1,Yes,Yes,"€84,584.69",0
15693543,McDonald,French,Female,33.0,8,€0.00,2,Yes,Yes,"€15,246.83",0
15773283,Dennis,FRA,Male,65.0,6,"€38,340.02",1,No,No,"€32,607.77",1
15742534,Faulk,Germany,Female,28.0,2,"€123,802.98",2,Yes,Yes,"€155,846.69",0
15569878,Dale,FRA,Male,37.0,3,"€96,651.03",1,Yes,Yes,"€3,232.82",0
15729454,Gorbunov,French,Male,33.0,8,€0.00,2,No,No,"€177,668.55",0
15578375,Farrell,French,Male,39.0,6,€0.00,2,No,No,"€134,441.60",0
15785559,De Luca,France,Male,43.0,1,"€133,237.21",1,No,No,"€111,032.79",1
15649414,Walker,France,Female,61.0,6,"€142,105.35",1,Yes,Yes,"€45,214.04",0
15701605,Forster,FRA,Male,37.0,1,"€166,115.42",1,No,No,"€67,208.30",0
15686696,Brown,France,Female,37.0,6,"€81,070.34",2,No,No,"€80,985.88",0
15625586,Monaldo,French,Male,35.0,4,€0.00,1,Yes,Yes,"€167,573.06",0
15654975,Wu,French,Female,53.0,0,"€123,835.52",2,Yes,Yes,"€160,110.65",0
15782993,Pan,France,Male,51.0,10,"€123,401.43",2,Yes,Yes,"€127,825.25",0
15774382,Longo,Germany,Male,49.0,4,"€169,377.31",1,Yes,Yes,"€123,535.05",0
15689602,Findlay,France,Male,38.0,2,"€130,015.24",1,Yes,Yes,"€41,595.30",0
15756155,Fu,French,Male,32.0,4,€0.00,2,Yes,Yes,"€97,628.08",0
15812647,Yin,FRA,Male,34.0,8,"€133,936.04",2,No,No,"€91,359.79",0
15736043,Hamilton,French,Male,34.0,6,"€114,543.27",1,Yes,Yes,"€97,755.29",0
15696744,Miller,French,Female,31.0,3,"€119,794.67",1,No,No,"€182,528.44",0
15602572,Hsing,FRA,Male,33.0,9,€0.00,2,Yes,Yes,"€142,956.48",0
15674765,Mitchell,Spain,Male,44.0,4,€0.00,1,No,No,"€10,789.30",0
15678725,Chamberlin,French,Female,29.0,8,€0.00,2,Yes,Yes,"€130,461.09",0
15694444,Buttenshaw,Germany,Female,32.0,8,"€157,138.99",3,No,No,"€190,994.48",1
15795878,Anayochukwu,Spain,Male,45.0,3,€0.00,2,Yes,Yes,"€159,463.80",0
15735346,Wallace,Germany,Female,41.0,10,"€136,733.24",1,Yes,Yes,"€57,589.29",0
15687094,Calabresi,Germany,Female,28.0,9,"€82,498.14",2,No,No,"€40,437.67",0
15790067,Sun,Spain,Male,39.0,3,"€151,914.93",1,No,No,"€56,459.45",0
15605742,Tuan,FRA,Male,43.0,0,"€80,090.93",1,No,No,"€39,920.00",1
15566740,Nazarova,Spain,Male,51.0,3,"€83,739.32",1,Yes,Yes,"€148,798.45",0
15664897,Bryant,FRA,Female,35.0,2,"€181,166.44",1,Yes,Yes,"€63,737.19",1
15585777,Pai,FRA,Male,38.0,3,"€130,588.82",1,Yes,Yes,"€154,997.64",0
15650864,Power,France,Male,42.0,6,€0.00,2,No,No,"€34,777.23",0
15806709,Hao,Germany,Male,33.0,6,"€94,126.67",1,No,No,"€93,718.16",0
15633818,McMillan,France,Male,32.0,9,€0.00,2,No,No,"€133,112.41",0
15713845,Merrett,French,Male,38.0,7,"€148,045.68",1,No,No,"€175,479.92",1
15639662,Phillips,French,Male,38.0,2,€0.00,2,No,No,€96.27,0
15567013,De Luca,Spain,Male,33.0,3,€0.00,2,No,No,"€30,804.68",0
15777784,Tu,French,Female,44.0,6,"€168,165.84",1,Yes,Yes,"€197,193.49",0
15800251,Elder,Germany,Female,26.0,10,"€72,835.56",2,No,No,"€96,792.15",0
15651315,Dilke,French,Male,41.0,3,€0.00,2,No,No,"€132,719.80",0
15651450,Panicucci,Germany,Male,31.0,3,"€123,212.08",2,Yes,Yes,"€112,157.31",0
15784218,Mason,Spain,Male,38.0,0,€0.00,2,Yes,Yes,"€38,015.34",0
15572398,Townsend,Spain,Female,39.0,6,€0.00,2,Yes,Yes,"€164,018.98",0
15707962,Gunson,FRA,Male,40.0,6,"€119,501.88",2,No,No,"€46,774.94",0
15705663,Milano,Germany,Female,39.0,5,"€144,550.83",2,Yes,Yes,"€189,664.43",0
15645355,Macleod,Germany,Male,34.0,3,"€126,729.41",1,Yes,Yes,"€26,106.39",1
15729557,Olisaemeka,Germany,Male,36.0,5,"€119,984.07",1,No,No,"€191,535.11",1
15631436,Gleeson,France,Male,35.0,4,€0.00,1,No,No,"€158,937.55",0
15583073,Martin,Spain,Female,56.0,2,€0.00,1,Yes,Yes,"€25,222.60",1
15614361,Liao,Spain,Male,42.0,9,"€121,490.05",1,Yes,Yes,"€29,296.74",0
15724684,Sung,Spain,Male,46.0,5,"€91,897.80",1,No,No,"€54,394.28",0
15700083,Lai,Spain,Male,39.0,2,"€139,443.75",2,No,No,"€9,234.06",0
15636541,Cartwright,Germany,Male,35.0,5,"€144,961.97",1,Yes,Yes,"€26,796.73",0
15796015,Wu,Germany,Male,42.0,3,"€126,041.02",1,Yes,Yes,"€11,796.89",0
15787222,Ch'in,Germany,Male,28.0,1,"€69,459.05",2,Yes,Yes,"€128,461.29",0
15594270,Biryukov,French,Male,38.0,7,"€198,338.77",2,Yes,Yes,"€14,278.18",0
15701524,Ting,France,Male,36.0,0,€0.00,2,No,No,"€46,811.77",0
15645847,P'eng,Germany,Male,35.0,2,"€109,196.66",3,No,No,"€109,393.19",1
15708867,Niu,Spain,Female,38.0,3,"€134,168.50",3,No,No,"€3,966.50",1
15613140,Mellor,French,Male,34.0,6,€0.00,1,Yes,Yes,"€63,173.64",0
15628893,Power,FRA,Male,29.0,8,€0.00,1,No,No,"€66,367.33",0
15764073,Arcuri,Spain,Female,36.0,9,€0.00,2,Yes,Yes,"€16,274.67",0
15782879,Lang,FRA,Male,40.0,2,€0.00,2,Yes,Yes,"€180,553.48",0
15635964,Eve,Germany,Male,65.0,4,"€120,100.41",1,No,No,"€107,563.16",1
15726087,Ch'in,France,Female,62.0,5,€0.00,1,Yes,Yes,"€100,941.57",0
15726313,Napolitani,Spain,Female,50.0,5,€0.00,2,No,No,"€110,230.40",0
15578073,Barker,Spain,Male,22.0,8,€0.00,2,No,No,"€142,331.85",0
15786249,Whitfield,Spain,Male,30.0,2,€0.00,2,No,No,"€199,099.51",0
15812850,Stradford,Spain,Male,67.0,5,€0.00,2,Yes,Yes,"€85,890.16",0
15596972,Brownlow,French,Male,38.0,3,€0.00,1,No,No,"€143,938.27",0
15620579,Dunn,Spain,Female,31.0,8,€0.00,2,Yes,Yes,"€131,644.41",0
15768270,DeRose,Spain,Female,31.0,9,€0.00,2,No,No,"€112,395.98",0
15656597,Wang,Germany,Male,38.0,2,"€135,559.80",2,Yes,Yes,"€71,856.30",0
15699446,Hobbs,Germany,Female,25.0,2,"€150,355.35",2,Yes,Yes,"€35,770.84",0
15615004,Anderson,French,Female,37.0,1,€0.00,2,Yes,Yes,"€124,364.63",0
15704771,Ugochukwu,France,Female,35.0,6,"€133,489.12",2,Yes,Yes,"€78,101.29",0
15588372,Kirsova,Germany,Female,37.0,9,"€105,489.31",1,No,No,"€143,096.49",1
15681439,Tsou,Germany,Male,25.0,10,"€60,205.20",2,No,No,"€14,073.11",0
15607509,Ozerova,France,Male,38.0,5,€0.00,2,No,No,"€47,388.41",0
15670343,Li,Spain,Male,19.0,6,€0.00,2,No,No,"€72,306.07",0
15597968,Fyans,Spain,Male,50.0,7,€0.00,1,No,No,"€184,839.70",1
15658432,Freeman,French,Male,40.0,6,€0.00,1,Yes,Yes,"€47,886.44",0
15616431,Chiu,FRA,Male,33.0,4,€0.00,1,Yes,Yes,"€130,474.03",0
15796957,Iadanza,Spain,Male,35.0,9,€0.00,3,Yes,Yes,"€73,181.39",1
15815552,Ferguson,France,Female,42.0,6,"€112,333.63",1,Yes,Yes,"€65,706.86",0
15631871,Kelly,Germany,Female,57.0,7,"€116,936.81",1,Yes,Yes,"€104,379.36",0
15635870,She,Germany,Female,50.0,5,"€117,721.02",1,Yes,Yes,"€192,146.63",1
15596713,Christie,French,Male,37.0,7,"€165,896.22",2,Yes,Yes,"€66,977.68",0
15684211,Creel,Spain,Female,44.0,9,"€153,656.85",1,No,No,"€158,742.81",0
15760521,Thompson,French,Female,50.0,1,"€94,164.00",1,Yes,Yes,"€189,414.74",0
15608408,Lazareva,Spain,Male,39.0,1,€0.00,2,No,No,"€159,130.32",0
15804721,Boni,FRA,Male,49.0,0,"€191,808.73",1,No,No,"€97,640.20",0
15730272,Evseev,France,Male,58.0,5,"€152,199.33",1,Yes,Yes,"€86,022.09",0
15741988,Marino,Germany,Female,52.0,8,"€125,396.24",1,No,No,"€10,014.72",1
15771728,Mackenzie,Germany,Male,41.0,7,"€104,405.54",3,No,No,"€17,384.21",0
15605113,Sutherland,France,Female,27.0,1,"€133,801.49",1,Yes,Yes,"€143,315.57",0
15661945,Nicolay,Spain,Female,40.0,4,€0.00,3,No,No,"€31,669.18",0
15783816,Lori,FRA,Female,28.0,5,€0.00,2,No,No,"€12,761.16",0
15721207,Piazza,Germany,Male,42.0,6,"€100,047.33",1,No,No,"€93,429.95",0
15764072,Somerville,French,Female,31.0,1,"€109,848.60",1,Yes,Yes,"€42,012.55",0
15689412,Christie,France,Female,32.0,7,"€127,849.38",1,No,No,"€15,798.70",0
15798385,Grave,Spain,Female,46.0,3,€0.00,2,Yes,Yes,"€56,408.14",0
15775339,Lori,French,Female,29.0,8,"€95,947.76",1,No,No,"€4,696.44",0
15585256,Iloerika,Spain,Male,26.0,2,€0.00,2,Yes,Yes,"€25,042.10",0
15797329,Muir,French,Male,43.0,4,"€137,638.69",1,No,No,"€130,442.08",1
15780220,Pauley,France,Male,38.0,10,€0.00,1,Yes,Yes,"€136,521.82",0
15648951,Kao,Spain,Male,41.0,7,€0.00,2,Yes,Yes,"€199,108.88",0
15752409,Grant,France,Male,31.0,6,€0.00,2,No,No,"€124,596.63",0
15807524,Chukwuma,FRA,Female,44.0,4,€0.00,2,No,No,"€134,394.78",0
15766649,Vincent,FRA,Male,38.0,10,"€89,416.99",1,No,No,"€144,275.39",0
15696812,Lazareva,Spain,Male,42.0,6,€0.00,2,Yes,Yes,"€123,410.23",0
15581295,Ch'ien,Spain,Female,45.0,1,€0.00,1,No,No,"€143,298.06",0
15663234,Bishop,French,Female,60.0,7,"€143,262.04",1,Yes,Yes,"€129,562.74",0
15741417,Chibuzo,Spain,Female,35.0,7,"€119,656.45",2,Yes,Yes,"€4,595.05",0
15695174,Chang,French,Male,29.0,4,"€132,954.64",1,Yes,Yes,"€146,715.07",0
15665168,Calabrese,Germany,Female,44.0,3,"€105,206.70",2,Yes,Yes,"€163,558.36",0
15601503,Tokaryev,Spain,Male,28.0,4,€0.00,2,No,No,"€6,947.09",0
15706131,Logan,Spain,Female,37.0,9,"€83,061.26",2,No,No,"€9,170.54",0
15782758,Ozerova,France,Male,40.0,5,"€147,650.68",1,Yes,Yes,"€199,674.83",0
15591091,Goering,FRA,Male,44.0,5,"€73,348.56",1,No,No,"€157,166.79",1
15715877,Lo,FRA,Male,28.0,2,€0.00,2,No,No,"€46,072.52",0
15756918,Simmons,FRA,Female,38.0,2,€0.00,2,No,No,"€3,524.69",0
15746662,Maduabuchim,Spain,Female,27.0,1,"€116,320.68",1,Yes,Yes,"€45,563.94",0
15626679,Linger,France,Male,33.0,3,€0.00,2,Yes,Yes,"€59,103.13",0
15793343,Yeh,FRA,Female,29.0,8,€0.00,2,Yes,Yes,"€189,558.44",0
15576774,Stevenson,FRA,Female,38.0,7,€0.00,2,No,No,"€45,779.90",0
15801316,Ifeatu,France,Male,61.0,8,"€66,250.71",1,Yes,Yes,"€21,859.06",0
15800514,Kenechukwu,Germany,Female,24.0,2,"€95,675.62",2,No,No,"€162,699.70",1
15662232,Learmonth,Germany,Male,42.0,2,"€92,616.64",2,No,No,"€8,567.18",0
15737778,Dickson,Spain,Female,41.0,4,€0.00,1,No,No,"€132,943.88",0
15782096,Volkova,Spain,Female,36.0,6,€0.00,1,Yes,Yes,"€12,916.32",1
15783522,Mitchell,Spain,Female,37.0,8,"€100,565.94",1,Yes,Yes,"€128,799.86",0
15785373,Wong,Spain,Female,42.0,5,"€190,305.78",1,No,No,"€99,347.80",1
15756272,James,Germany,Female,35.0,9,"€118,536.40",1,No,No,"€40,980.87",1
15615245,Shao,French,Male,19.0,5,"€127,649.64",1,Yes,Yes,"€40,368.65",0
15600174,Walton,France,Male,35.0,7,"€165,358.77",1,Yes,Yes,"€94,738.54",0
15752956,Stanley,Spain,Male,29.0,6,€0.00,2,Yes,Yes,"€88,842.80",0
15644882,Watson,Germany,Female,36.0,10,"€78,249.53",1,No,No,"€136,934.91",0
15766272,Folliero,Germany,Female,61.0,0,"€125,193.96",1,Yes,Yes,"€109,356.53",0
15800620,Fitzgerald,France,Female,29.0,9,€0.00,2,No,No,"€199,635.93",0
15569764,Garner,Germany,Female,41.0,2,"€154,007.21",1,No,No,"€158,408.23",0
15747458,Folliero,Spain,Female,43.0,3,"€133,214.88",2,Yes,Yes,"€95,936.84",0
15573171,Liao,Spain,Male,63.0,1,"€146,202.93",1,Yes,Yes,"€126,688.83",1
15736769,Lucchesi,FRA,Female,27.0,9,€0.00,2,No,No,"€150,850.29",0
15763381,Chan,FRA,Male,30.0,0,"€90,963.49",1,Yes,Yes,"€27,802.00",0
15814430,Ma,Spain,Male,41.0,9,€0.00,1,No,No,"€32,430.94",1
15638607,Nwabugwu,French,Female,52.0,2,€0.00,1,No,No,"€137,332.37",1
15737133,P'eng,Spain,Male,68.0,4,"€114,386.85",1,Yes,Yes,"€28,601.68",0
15613945,Andrews,France,Female,26.0,5,€0.00,2,No,No,"€108,411.66",0
15659937,Otutodilinna,French,Female,40.0,7,€0.00,2,Yes,Yes,"€122,518.50",0
15765287,Grant,FRA,Female,38.0,2,€0.00,2,No,No,"€9,015.07",0
15661723,Abramovich,Spain,Male,71.0,4,"€137,260.78",1,Yes,Yes,"€94,433.08",1
15766064,Komarova,FRA,Male,33.0,9,"€111,060.05",2,No,No,"€110,371.84",0
15649616,Otutodilichukwu,Spain,Male,60.0,7,"€124,447.73",1,Yes,Yes,"€141,364.62",1
15719017,Donaldson,French,Female,34.0,8,€0.00,2,Yes,Yes,"€16,245.25",0
15720919,Duggan,French,Male,42.0,7,€0.00,1,Yes,Yes,"€108,348.94",1
15706706,Chinwendu,Germany,Male,33.0,7,"€135,310.41",2,Yes,Yes,"€171,668.20",0
15709653,Hamilton,French,Male,32.0,8,€0.00,2,No,No,"€67,364.42",0
15805104,Smith,France,Female,73.0,6,€0.00,2,Yes,Yes,"€107,867.38",0
15622442,Mazzi,French,Male,29.0,5,€0.00,2,No,No,"€194,310.10",0
15572801,Krischock,Spain,Male,34.0,5,"€139,393.19",2,No,No,"€33,950.08",0
15767598,Kent,Spain,Male,28.0,8,€0.00,2,No,No,"€197,588.32",0
15757897,Binder,French,Female,26.0,3,"€104,258.80",1,Yes,Yes,€428.23,0
15568104,Zubarev,FRA,Female,26.0,6,€0.00,2,Yes,Yes,"€34,948.77",0
15763414,Degtyarev,Germany,Male,32.0,9,"€113,447.01",1,No,No,"€82,084.30",0
15732265,Obialo,France,Male,33.0,9,€0.00,2,No,No,"€64,804.59",0
15621974,Davydova,Germany,Female,33.0,4,"€111,063.73",2,No,No,"€83,556.65",0
15803947,Teng,Germany,Female,30.0,6,"€161,378.02",1,No,No,"€71,926.28",1
15720706,Hsing,Spain,Female,39.0,2,"€82,766.43",1,Yes,Yes,"€122,925.44",0
15759290,Coleman,Spain,Male,29.0,9,€0.00,2,No,No,"€13,133.88",0
15651664,Wilder,FRA,Female,61.0,1,"€104,267.70",1,No,No,"€62,845.64",1
15795132,Molineux,FRA,Female,25.0,3,"€91,718.80",1,No,No,"€28,411.23",0
15811565,Cocci,Spain,Female,47.0,3,"€63,488.70",1,Yes,Yes,"€28,640.92",1
15713774,Chikwendu,Spain,Female,46.0,6,"€12,459.19",1,No,No,"€156,787.34",1
15691840,Fraser,Germany,Female,37.0,6,"€159,863.90",2,Yes,Yes,"€125,307.87",0
15682021,Lai,Germany,Male,23.0,6,"€104,592.55",2,No,No,"€131,736.23",0
15612931,Korovin,Spain,Female,50.0,4,"€132,088.59",1,Yes,Yes,"€128,262.14",0
15676707,Sidorov,Spain,Female,39.0,4,€0.00,2,No,No,"€91,366.42",0
15601383,Ibrahimova,Spain,Male,44.0,5,"€120,654.68",1,No,No,"€82,290.81",0
15662662,Duigan,France,Female,30.0,6,€0.00,2,No,No,"€66,190.21",0
15752694,Taylor,French,Female,32.0,4,"€83,772.95",1,Yes,Yes,"€23,920.65",0
15590683,Donaldson,France,Female,31.0,6,"€172,325.67",1,Yes,Yes,"€45,438.38",0
15773591,Jobson,French,Male,46.0,7,"€117,685.31",2,Yes,Yes,"€93,360.35",0
15723620,Lu,FRA,Male,41.0,7,€0.00,2,Yes,Yes,"€14,496.67",0
15671779,Nebechi,France,Male,39.0,5,€0.00,2,No,No,"€168,521.72",0
15672966,Cross,Spain,Female,64.0,9,€0.00,2,Yes,Yes,"€103,318.44",0
15624667,Wallace,FRA,Male,35.0,6,"€135,871.50",1,Yes,Yes,"€87,219.41",0
15812888,Perreault,France,Male,41.0,3,€0.00,4,Yes,Yes,"€197,490.39",1
15724154,Manna,Germany,Female,49.0,4,"€128,504.76",1,No,No,"€126,812.63",1
15749540,Hsiung,French,Male,36.0,7,€0.00,2,No,No,"€94,283.09",0
15621063,Gibbons,France,Female,42.0,8,"€56,228.25",1,No,No,"€46,857.52",0
15661626,Algeranoff,Germany,Female,45.0,6,"€98,792.40",1,No,No,"€81,491.70",1
15698703,Doherty,Germany,Male,40.0,5,"€181,768.32",2,Yes,Yes,"€129,107.97",0
15801431,Rowe,Spain,Female,48.0,9,"€101,198.01",1,Yes,Yes,"€49,732.90",0
15649451,Yates,France,Male,25.0,9,€0.00,2,Yes,Yes,"€88,728.47",0
15626156,Galloway,France,Female,60.0,3,€0.00,2,Yes,Yes,"€86,981.45",0
15606158,Genovese,French,Female,39.0,9,€0.00,1,No,No,"€3,740.93",0
15589496,Arrington,French,Male,34.0,5,"€139,064.06",2,No,No,"€67,949.32",0
15730345,Miah,French,Female,35.0,2,"€104,508.10",1,Yes,Yes,"€147,636.46",0
15572038,Chijindum,Germany,Male,35.0,9,"€113,948.58",1,No,No,"€188,891.96",1
15643439,Ferguson,FRA,Male,47.0,10,€0.00,2,Yes,Yes,"€25,482.62",0
15604158,Smith,FRA,Female,39.0,10,€0.00,2,Yes,Yes,"€18,391.93",0
15657396,Marshall,France,Male,31.0,9,€0.00,2,Yes,Yes,"€140,168.36",0
15709478,P'an,Germany,Male,37.0,1,"€117,524.72",2,Yes,Yes,"€161,064.29",0
15628824,Burton,FRA,Female,37.0,5,"€160,389.82",1,Yes,Yes,"€183,542.08",0
15814519,Kamdibe,France,Female,37.0,7,€0.00,2,No,No,"€194,238.92",0
15636520,Milani,FRA,Male,27.0,1,"€125,547.53",1,No,No,"€7,900.46",0
15794414,Forbes,Spain,Male,46.0,6,"€92,783.68",1,Yes,Yes,"€51,424.29",0
15643671,Chiekwugo,Germany,Male,49.0,5,"€97,036.22",2,No,No,"€152,450.84",1
15700650,Cousens,French,Male,34.0,3,€0.00,2,No,No,"€55,816.20",0
15680224,Ross,France,Female,26.0,6,€0.00,2,Yes,Yes,"€32,909.13",0
15784286,Wood,Spain,Male,40.0,5,"€102,145.13",1,Yes,Yes,"€100,637.07",0
15693996,Hawks,French,Female,33.0,1,"€113,452.66",1,No,No,"€142,911.99",0
15764343,T'ien,Spain,Female,46.0,8,"€155,681.72",1,No,No,"€26,287.21",0
15704168,Ting,Germany,Male,38.0,8,"€127,475.24",1,No,No,"€60,775.76",1
15680197,Thynne,France,Male,41.0,10,€0.00,2,Yes,Yes,"€146,257.77",0
15633729,Wang,FRA,Male,43.0,10,"€112,751.13",1,Yes,Yes,"€28,332.00",0
15577683,Maclean,France,Female,29.0,4,€0.00,2,Yes,Yes,"€100,919.19",0
15800746,Watson,FRA,Male,45.0,7,"€144,889.18",1,Yes,Yes,"€102,591.90",1
15788686,Gibson,Spain,Male,40.0,8,€0.00,2,Yes,Yes,"€25,554.40",0
15742798,French,France,Female,22.0,7,"€150,126.44",1,No,No,"€152,107.93",1
15596647,Henderson,French,Male,54.0,8,"€69,712.74",1,Yes,Yes,"€69,381.05",0
15756070,Greenwood,Spain,Female,44.0,4,€0.00,2,Yes,Yes,"€101,728.46",0
15775116,Anderson,FRA,Male,31.0,3,€0.00,2,No,No,"€89,040.61",0
15575428,Mistry,Germany,Female,35.0,2,"€117,438.92",2,Yes,Yes,"€16,910.98",0
15654074,Tuan,French,Male,38.0,8,"€119,315.75",1,No,No,"€150,468.35",0
15695872,Fiorentini,FRA,Female,30.0,1,"€89,571.59",1,Yes,Yes,"€177,613.19",0
15568885,Scott,Germany,Female,34.0,8,"€102,251.57",1,No,No,"€120,672.09",0
15725036,Jideofor,FRA,Male,42.0,9,"€118,546.71",1,Yes,Yes,"€77,142.85",0
15632665,Yevseyev,French,Male,61.0,2,€0.00,1,Yes,Yes,"€127,804.66",1
15571476,Kelly,Spain,Male,38.0,0,"€103,257.14",1,No,No,"€158,344.63",0
15776850,Smith,Spain,Female,43.0,1,"€124,209.02",1,Yes,Yes,"€167,179.48",0
15623649,Ogle,Spain,Male,32.0,3,€0.00,2,Yes,Yes,"€15,404.64",0
15751131,Moss,Spain,Female,41.0,7,"€150,302.84",1,Yes,Yes,"€156,036.19",0
15688128,Loggia,Spain,Male,34.0,8,"€108,653.93",1,Yes,Yes,"€144,725.14",0
15678412,Nwankwo,France,Female,45.0,8,"€85,325.93",1,No,No,"€22,558.74",0
15770291,Allan,FRA,Female,29.0,8,€0.00,2,No,No,"€147,342.03",0
15583392,Woronoff,Germany,Male,37.0,9,"€135,776.36",3,No,No,"€85,470.45",1
15690731,Wolfe,France,Male,40.0,6,"€131,411.24",1,Yes,Yes,"€194,656.11",0
15697948,Henderson,Spain,Female,36.0,3,€0.00,2,Yes,Yes,"€48,505.10",0
15608328,Sutherland,Spain,Female,41.0,6,€0.00,2,No,No,"€101,491.23",0
15766378,Marsden,Germany,Female,45.0,9,"€106,431.97",2,Yes,Yes,"€164,117.69",0
15600813,Hyde,France,Male,50.0,9,"€90,305.76",1,Yes,Yes,"€124,626.57",0
15706217,Kao,Germany,Male,28.0,7,"€117,466.03",2,Yes,Yes,"€34,490.06",0
15601417,T'ang,French,Male,32.0,3,"€148,884.47",2,Yes,Yes,"€90,967.37",0
15610972,Crawford,Germany,Female,44.0,4,"€91,115.76",2,No,No,"€24,208.84",1
15674620,Dilibe,Germany,Female,37.0,8,"€77,373.87",2,Yes,Yes,"€174,873.09",0
15785350,Austin,Spain,Male,23.0,7,"€104,744.89",1,No,No,"€170,262.97",0
15749119,Santiago,FRA,Female,31.0,3,€0.00,2,Yes,Yes,"€112,289.06",0
15756535,Chibugo,Germany,Male,39.0,5,"€91,538.51",1,Yes,Yes,"€93,783.00",0
15700965,Toscano,FRA,Female,32.0,6,€0.00,2,Yes,Yes,"€150,026.79",0
15791851,Afanasyeva,French,Female,34.0,0,"€185,734.75",1,Yes,Yes,"€102,036.82",0
15717156,Sokolov,France,Male,30.0,3,"€143,396.54",2,Yes,Yes,€898.51,0
15740846,Wei,French,Male,40.0,5,"€125,909.85",1,Yes,Yes,"€95,124.40",0
15573284,Olisanugo,French,Female,45.0,2,€0.00,2,No,No,"€11,514.39",0
15729083,Gorman,France,Male,36.0,2,"€154,525.70",1,Yes,Yes,"€27,468.72",0
15611612,Priestley,France,Female,29.0,0,€0.00,1,No,No,"€37,092.43",0
15694381,Lloyd,France,Male,51.0,8,"€100,654.80",1,No,No,"€171,587.90",0
15651737,Salmond,Spain,Male,44.0,1,"€83,325.77",1,Yes,Yes,"€80,828.78",0
15663168,MacDonald,FRA,Male,35.0,8,"€110,934.54",1,No,No,"€169,287.99",0
15643426,Robertson,Spain,Female,36.0,8,"€113,680.54",1,No,No,"€13,197.44",0
15618245,Chukwumaobim,Germany,Male,31.0,1,"€117,020.08",2,No,No,"€54,439.53",0
15717527,Ifeanacho,FRA,Female,49.0,9,"€145,359.99",1,No,No,"€38,186.85",0
15793478,Li Fonti,Germany,Female,39.0,8,"€151,391.68",1,No,No,"€27,274.60",1
15642248,Ko,Spain,Male,66.0,8,"€123,935.35",1,Yes,Yes,"€65,758.19",0
15640377,Goloubev,French,Female,36.0,0,€0.00,2,No,No,"€97,767.63",0
15723950,Kruglov,Spain,Male,40.0,2,"€70,291.02",1,Yes,Yes,"€115,468.84",1
15590327,Liao,Germany,Female,42.0,10,"€166,031.45",1,No,No,"€98,293.14",0
15706199,White,Germany,Male,36.0,6,"€96,643.32",1,No,No,"€182,059.28",0
15671514,Sinclair,Spain,Female,33.0,8,€0.00,2,Yes,Yes,"€128,538.05",0
15727041,Fiorentini,French,Male,71.0,7,€0.00,2,Yes,Yes,"€108,841.83",0
15738063,Shen,FRA,Male,29.0,2,€0.00,2,Yes,Yes,"€18,581.84",0
15711733,Rapuokwu,France,Male,48.0,4,€0.00,2,Yes,Yes,"€146,821.42",0
15652320,Woronoff,FRA,Male,40.0,5,€0.00,2,No,No,"€100,727.68",0
15634180,Holden,Germany,Male,26.0,4,"€97,268.10",2,No,No,"€39,356.38",0
15694566,Roberts,FRA,Female,42.0,10,€0.00,2,No,No,"€169,921.11",1
15726103,Tsou,Germany,Female,55.0,1,"€76,296.81",1,No,No,"€42,364.75",1
15646351,Somerville,Spain,Male,27.0,7,€0.00,2,No,No,"€28,823.04",0
15730044,Greco,Germany,Female,42.0,6,"€64,497.94",3,Yes,Yes,"€182,436.81",1
15795186,Leonard,French,Male,38.0,5,€0.00,1,No,No,"€115,700.20",0
15784890,McKenzie,Spain,Female,32.0,8,€0.00,2,No,No,"€16,725.53",0
15694125,McElhone,FRA,Male,57.0,5,€0.00,2,Yes,Yes,"€56,875.76",0
15565891,Dipietro,French,Male,39.0,8,€0.00,2,No,No,"€56,214.09",0
15674254,Kerr,Spain,Female,45.0,4,€0.00,2,Yes,Yes,"€193,412.05",0
15775206,Hunter,FRA,Male,37.0,10,€0.00,2,No,No,"€83,263.04",0
15797627,Niehaus,Spain,Male,54.0,0,"€134,249.70",1,Yes,Yes,"€13,404.40",0
15649853,Craig,France,Female,45.0,3,€0.00,1,Yes,Yes,"€184,474.15",1
15610379,Barclay-Harvey,FRA,Male,30.0,9,"€105,443.68",1,Yes,Yes,"€121,124.53",0
15659800,Teng,Spain,Female,50.0,1,€0.00,1,Yes,Yes,"€152,567.75",1
15716236,Milani,French,Male,35.0,10,€0.00,2,No,No,"€10,722.54",0
15672053,Mistry,Spain,Male,38.0,2,€0.00,2,No,No,"€58,010.98",0
15663933,Jamieson,Germany,Female,35.0,5,"€86,147.46",2,No,No,"€163,440.80",1
15814236,Kay,Spain,Female,38.0,1,"€96,939.06",1,Yes,Yes,"€102,606.92",0
15583597,Ikedinachukwu,Spain,Male,47.0,1,"€106,758.60",1,Yes,Yes,"€80,591.18",0
15607395,Holt,France,Female,33.0,9,"€112,528.65",2,No,No,"€177,362.45",0
15694556,Nkemakolam,French,Male,60.0,2,"€116,563.58",1,No,No,"€120,257.70",1
15744109,Hartung,French,Male,32.0,4,€0.00,1,Yes,Yes,"€180,622.02",0
15800688,Ch'en,Spain,Female,42.0,7,€0.00,2,No,No,"€130,404.53",0
15810878,Baker,Spain,Female,38.0,6,"€141,786.78",1,Yes,Yes,"€147,797.54",0
15587835,Osinachi,France,Male,41.0,3,"€136,416.82",1,Yes,Yes,"€57,844.26",0
15763515,Shih,French,Male,30.0,5,€0.00,2,No,No,"€162,523.66",0
15725882,Feng,Germany,Female,40.0,1,"€133,245.52",2,Yes,Yes,"€54,495.82",0
15788022,Sternberg,Germany,Female,41.0,4,"€90,757.64",2,Yes,Yes,"€169,183.66",0
15663917,Adams,France,Male,43.0,1,"€92,350.36",1,Yes,Yes,"€80,262.91",0
15656865,Gray,Germany,Male,69.0,9,"€78,778.49",1,Yes,Yes,"€8,751.59",0
15667971,Shepherd,Germany,Female,34.0,6,"€102,143.93",2,Yes,Yes,"€102,628.98",0
15800366,Walton,French,Male,29.0,5,€0.00,1,Yes,Yes,"€94,823.95",0
15717231,Yang,Germany,Male,37.0,4,"€98,459.60",1,No,No,"€90,821.66",0
15643188,Barnett,Germany,Female,47.0,7,"€114,603.76",2,No,No,"€153,194.32",1
15671351,Romani,Spain,Male,35.0,2,€0.00,2,No,No,"€87,310.59",0
15573628,Greene,Germany,Female,51.0,7,"€148,074.79",1,No,No,"€146,411.41",1
15698953,Hart,Spain,Male,36.0,1,€0.00,3,Yes,Yes,"€74,048.10",1
15753888,Johnston,Spain,Female,62.0,8,"€108,004.64",1,Yes,Yes,"€23,386.77",1
15737961,Miller,Germany,Female,29.0,0,"€107,712.57",2,Yes,Yes,"€92,898.17",0
15801701,Robson,Spain,Male,35.0,9,€0.00,2,Yes,Yes,"€45,956.05",0
15684419,Wallace,Spain,Female,37.0,8,€0.00,3,No,No,"€71,738.56",0
15794266,Cross,France,Male,32.0,9,"€145,303.52",1,No,No,"€103,560.98",0
15810711,Marcum,Germany,Male,37.0,4,"€138,476.41",2,Yes,Yes,"€52,367.29",0
15771270,North,French,Female,27.0,8,"€127,471.56",1,Yes,Yes,"€152,916.05",1
15607786,Mao,France,Male,26.0,6,"€156,551.63",1,Yes,Yes,"€4,410.77",0
15624519,Calabrese,Germany,Female,49.0,9,"€97,092.87",1,No,No,"€74,771.22",1
15799910,Martin,French,Male,32.0,2,€0.00,2,No,No,"€193,817.63",1
15602479,Fleming,Spain,Male,37.0,5,"€129,312.79",1,Yes,Yes,"€26,793.82",0
15617419,Roberts,Germany,Female,29.0,10,"€100,315.10",2,Yes,Yes,"€32,526.64",0
15657603,Finch,French,Female,35.0,6,"€81,684.97",1,No,No,€824.00,0
15570379,Whitelegge,Spain,Male,51.0,3,"€88,827.53",1,No,No,"€85,250.77",1
15772996,Rooke,Germany,Male,40.0,0,"€152,092.44",2,Yes,Yes,"€83,508.93",0
15729574,Lu,Spain,Male,71.0,4,€0.00,2,Yes,Yes,"€173,599.38",0
15737267,Marcelo,French,Female,49.0,1,€0.00,1,No,No,"€79,342.31",1
15799128,Matthews,Spain,Female,38.0,9,"€102,406.76",1,Yes,Yes,"€57,600.66",0
15813327,Romani,FRA,Male,21.0,4,"€109,130.96",2,Yes,Yes,"€56,191.99",0
15711921,Scott,FRA,Male,29.0,5,€0.00,2,Yes,Yes,"€6,770.44",0
15654300,Mao,Germany,Male,33.0,9,"€75,242.28",1,Yes,Yes,"€101,694.67",0
15569945,Horsley,Spain,Male,29.0,1,€0.00,2,No,No,"€69,113.14",0
15569666,Goddard,France,Female,45.0,4,€0.00,1,No,No,"€172,674.36",1
15681887,Eskridge,Germany,Male,33.0,0,"€129,142.54",2,Yes,Yes,"€26,606.28",0
15608873,Smith,FRA,Male,51.0,2,€0.00,1,No,No,"€53,353.36",0
15762091,Simpson,Germany,Female,22.0,6,"€139,129.92",1,Yes,Yes,"€63,747.51",0
15722053,Oguejiofor,Spain,Male,33.0,3,€0.00,2,Yes,Yes,"€190,112.05",0
15782100,Holloway,Spain,Male,22.0,3,"€66,483.32",1,Yes,Yes,"€110,317.39",0
15765300,L?,Germany,Male,40.0,5,"€62,389.03",3,No,No,"€148,623.43",1
15743570,Feng,French,Female,34.0,5,€0.00,2,Yes,Yes,"€125,253.46",0
15608541,Claiborne,FRA,Male,46.0,1,"€91,857.66",1,No,No,"€101,954.78",1
15750671,Egobudike,Spain,Male,31.0,6,€0.00,2,No,No,"€168,462.26",0
15813659,Folliero,France,Female,56.0,7,€0.00,1,No,No,"€26,215.85",1
15757867,Bray,FRA,Female,30.0,10,"€176,173.52",1,No,No,"€97,045.32",1
15652914,Ibrahimov,Spain,Male,38.0,7,€0.00,1,Yes,Yes,"€53,534.80",0
15723818,Carpenter,French,Female,37.0,4,"€131,834.76",2,No,No,"€8,949.20",0
15713819,Walsh,FRA,Male,48.0,3,"€92,347.96",1,Yes,Yes,"€163,116.75",0
15656484,Woods,French,Male,40.0,4,€0.00,2,Yes,Yes,"€140,745.91",0
15778515,Wu,FRA,Male,40.0,3,"€95,297.11",1,No,No,"€171,515.84",0
15803840,Forbes,French,Female,32.0,9,€0.00,2,No,No,"€150,803.44",0
15735339,Lynch,French,Male,39.0,4,€0.00,1,No,No,"€76,884.05",0
15600392,Amaechi,French,Female,53.0,8,"€123,845.36",2,Yes,Yes,"€170,454.93",1
15625740,Enriquez,Germany,Male,62.0,3,"€143,426.34",2,Yes,Yes,"€143,104.30",0
15663817,Y?an,French,Male,46.0,5,€0.00,1,Yes,Yes,"€55,701.62",0
15734461,Brooks,Germany,Male,31.0,2,"€112,708.20",1,Yes,Yes,"€186,370.30",0
15780142,Wang,France,Male,43.0,2,"€100,013.51",1,No,No,"€24,275.32",0
15709920,Burke,FRA,Female,33.0,2,"€208,165.53",1,No,No,"€50,774.81",1
15684248,Meng,Spain,Male,21.0,7,€0.00,2,Yes,Yes,"€154,279.87",0
15643158,Chiganu,FRA,Female,40.0,9,€0.00,1,No,No,"€68,462.59",1
15693902,Hunt,France,Male,19.0,2,€0.00,2,Yes,Yes,"€91,036.74",0
15578307,Lucchese,France,Female,33.0,6,"€121,685.31",2,Yes,Yes,"€83,681.97",0
15585379,Humphries,France,Male,39.0,2,"€111,525.02",1,No,No,"€199,484.96",0
15758510,Frolova,FRA,Male,26.0,6,€0.00,2,No,No,"€152,491.22",0
15692918,Hsing,Germany,Male,36.0,10,"€113,546.30",1,Yes,Yes,"€134,875.37",0
15705301,Parkes,FRA,Male,41.0,6,"€95,696.52",2,Yes,Yes,"€184,366.14",0
15718231,Gregory,France,Male,28.0,0,"€88,963.31",2,Yes,Yes,"€189,839.93",0
15567991,Obiuto,Spain,Male,31.0,0,"€144,880.34",2,Yes,Yes,"€175,643.44",0
15772650,Longo,France,Male,55.0,9,"€136,576.02",1,Yes,Yes,"€3,268.17",1
15574795,Lombardo,France,Female,38.0,2,"€63,093.01",1,Yes,Yes,"€47,089.72",0
15706036,Lombardo,Germany,Male,38.0,10,"€132,271.12",2,Yes,Yes,"€46,562.02",0
15723856,Gonzalez,French,Female,29.0,3,"€88,814.40",2,Yes,Yes,"€62,487.97",0
15812920,Nwabugwu,Germany,Male,40.0,5,"€90,594.55",1,Yes,Yes,"€181,598.25",0
15691287,Ford,Germany,Female,33.0,0,"€141,816.25",1,No,No,"€64,815.05",1
15804797,Gilleland,France,Female,54.0,3,"€138,547.97",1,Yes,Yes,"€70,196.23",1
15708650,Fullwood,France,Female,31.0,2,"€52,192.08",2,Yes,Yes,"€160,383.47",0
15712777,Kao,FRA,Male,38.0,4,"€124,976.19",1,No,No,"€35,848.12",0
15786469,Montalvo,French,Female,34.0,1,€0.00,2,No,No,"€87,278.48",0
15669219,Wilson,Germany,Male,35.0,3,"€104,356.38",1,No,No,"€94,498.82",0
15641004,Doyne,Spain,Female,48.0,10,"€150,315.92",1,Yes,Yes,"€133,486.36",0
15648067,Onwuamaeze,France,Male,39.0,1,"€129,299.28",2,No,No,"€73,107.60",0
15704014,K'ung,Germany,Male,37.0,7,"€140,950.92",2,No,No,"€195,333.98",0
15645136,O'Donnell,Spain,Male,30.0,1,"€128,065.12",1,No,No,"€121,525.48",0
15709604,McMillan,France,Male,23.0,2,"€107,433.48",1,No,No,"€173,843.21",0
15713637,Chinedum,France,Male,34.0,2,"€117,468.67",1,No,No,"€185,227.42",0
15793901,Capon,French,Female,27.0,2,€0.00,2,No,No,"€125,244.18",0
15569759,Rawling,FRA,Female,27.0,4,€0.00,3,No,No,"€163,113.41",0
15712930,Duncan,France,Male,42.0,1,€0.00,1,No,No,"€123,006.91",0
15586504,Trevisani,French,Male,40.0,9,€0.00,2,No,No,"€40,463.03",0
15677317,Ankudinova,France,Female,29.0,4,"€153,040.03",1,Yes,Yes,"€131,363.57",1
15664270,Balsillie,Germany,Male,45.0,6,"€142,084.04",4,No,No,"€188,305.85",1
15731519,Kerr,France,Female,30.0,5,€0.00,2,No,No,"€143,994.86",0
15745623,Worsnop,FRA,Male,32.0,4,"€112,079.58",1,No,No,"€89,368.59",0
15813862,Yevseyev,Spain,Male,66.0,7,"€132,044.60",2,Yes,Yes,"€158,365.89",0
15641934,Manna,Spain,Female,46.0,9,"€66,582.81",1,No,No,"€78,753.12",1
15713043,Siciliani,FRA,Female,33.0,6,€0.00,2,Yes,Yes,"€100,408.31",0
15700749,Powell,FRA,Female,39.0,6,€0.00,1,Yes,Yes,"€24,677.54",0
15697567,Bazarova,French,Male,33.0,4,€0.00,2,Yes,Yes,"€39,570.78",0
15715414,White,FRA,Female,38.0,6,"€102,895.10",1,No,No,"€155,665.76",0
15639530,Buda,Spain,Male,42.0,2,€0.00,1,Yes,Yes,"€168,294.27",0
15726058,Cattaneo,Germany,Male,27.0,7,"€117,578.35",2,Yes,Yes,"€87,908.01",0
15725665,Lo,FRA,Male,47.0,10,"€198,546.10",2,No,No,"€191,198.92",1
15698872,Brown,Spain,Female,39.0,2,€0.00,2,No,No,"€191,207.03",0
15812184,Rose,FRA,Female,31.0,1,€0.00,1,No,No,"€128,954.05",0
15742609,Lombardo,Germany,Male,28.0,2,"€116,623.31",1,Yes,Yes,"€59,905.29",0
15815043,McMillan,Spain,Male,49.0,8,€0.00,2,No,No,"€162,012.60",0
15640648,Howe,France,Male,36.0,6,€0.00,2,Yes,Yes,"€19,231.98",0
15627203,Hsu,Spain,Male,54.0,10,€0.00,1,Yes,Yes,"€175,749.36",0
15786196,Han,France,Female,44.0,3,"€105,770.70",3,No,No,"€60,533.96",1
15612095,Calabrese,France,Female,48.0,9,€0.00,1,No,No,"€137,508.42",1
15674368,Riley,France,Female,39.0,1,"€94,435.45",2,Yes,Yes,"€189,430.86",0
15783477,Biryukov,Germany,Female,39.0,8,"€112,889.91",1,Yes,Yes,"€6,723.66",0
15757559,Broadhurst,FRA,Female,53.0,7,€0.00,2,No,No,"€41,371.68",1
15591036,Genovesi,Germany,Female,43.0,3,"€127,940.47",1,No,No,"€125,140.72",1
15761241,Hsieh,Germany,Female,36.0,8,"€129,745.10",1,Yes,Yes,"€143,683.75",0
15695078,Kemp,France,Male,32.0,3,€0.00,2,Yes,Yes,"€170,770.44",0
15645744,Chukwudi,FRA,Female,30.0,5,€0.00,2,Yes,Yes,"€157,397.57",0
15566988,Iqbal,Germany,Female,46.0,7,"€141,535.52",1,No,No,"€50,595.15",1
15749300,Teng,French,Female,47.0,2,"€139,914.27",1,Yes,Yes,"€50,390.98",0
15594340,Tao,France,Male,41.0,4,"€120,243.49",1,No,No,"€163,150.03",1
15607065,Chinedum,FRA,Male,34.0,9,"€91,835.16",1,No,No,"€138,280.17",0
15778089,Stevenson,Spain,Male,37.0,2,€0.00,2,No,No,"€135,067.02",0
15773723,Duncan,Spain,Female,22.0,9,"€67,178.19",1,Yes,Yes,"€163,534.75",1
15697035,Garrett,Spain,Female,31.0,8,€0.00,2,No,No,"€86,657.48",0
15679668,Yao,Spain,Male,38.0,7,"€115,378.94",1,Yes,Yes,"€162,087.82",0
15709861,He,Germany,Male,30.0,4,"€127,786.28",2,Yes,Yes,"€28,879.30",0
15791958,Mazzi,French,Female,41.0,6,€0.00,2,Yes,Yes,"€169,203.51",1
15791030,Edwards,FRA,Female,33.0,0,"€64,900.32",2,No,No,"€102,426.12",0
15695339,Lucchesi,Germany,Male,53.0,0,"€109,172.88",1,No,No,"€54,676.10",1
15658813,Siciliani,French,Female,55.0,7,€0.00,2,Yes,Yes,"€18,369.33",0
15715709,Shih,Germany,Male,43.0,4,"€114,091.38",1,Yes,Yes,"€159,888.10",0
15722533,Logue,French,Female,40.0,3,€0.00,2,Yes,Yes,"€167,636.15",0
15683118,Rechner,French,Male,32.0,9,€0.00,2,No,No,"€138,889.15",0
15672798,O'Brien,FRA,Female,45.0,7,"€145,933.27",1,Yes,Yes,"€199,392.14",0
15680112,Stewart,Germany,Female,35.0,7,"€131,504.73",1,No,No,"€189,560.43",0
15714575,Batt,Germany,Female,44.0,8,"€107,926.02",1,Yes,Yes,"€17,375.27",1
15806808,Hope,Germany,Female,57.0,8,"€112,281.60",3,No,No,"€140,225.14",1
15590637,Ahmed,French,Male,41.0,7,€0.00,2,Yes,Yes,"€61,018.85",0
15657535,Pearson,Spain,Male,29.0,10,€0.00,1,Yes,Yes,"€51,907.72",1
15696141,Kruglov,Spain,Female,31.0,7,€0.00,1,No,No,"€47,018.75",0
15811947,Gordon,FRA,Male,33.0,0,"€124,781.67",1,Yes,Yes,"€33,700.52",0
15649024,Trujillo,FRA,Female,39.0,9,"€132,865.56",1,Yes,Yes,"€59,636.43",1
15594928,Pagnotto,Germany,Female,38.0,4,"€129,055.13",1,No,No,"€157,147.59",0
15765532,Horton,Germany,Male,76.0,6,"€96,166.88",1,Yes,Yes,"€191,393.26",0
15741719,DeRose,FRA,Female,40.0,3,"€165,298.12",1,Yes,Yes,"€199,862.75",0
15665629,Chiang,Spain,Female,33.0,7,€0.00,2,No,No,"€20,016.59",0
15728917,Gill,FRA,Male,48.0,6,"€120,682.53",1,No,No,"€30,635.52",1
15762993,Trevisano,Spain,Male,32.0,5,"€102,773.15",2,Yes,Yes,"€117,832.88",0
15571193,Morrison,Germany,Male,42.0,0,"€144,386.32",1,Yes,Yes,"€22,497.10",1
15653521,Onuora,Germany,Female,40.0,7,"€104,449.80",1,Yes,Yes,€747.88,0
15802220,Ikenna,Spain,Male,35.0,6,"€137,102.65",1,No,No,"€76,870.81",0
15644132,Mancini,France,Female,30.0,9,"€142,475.87",1,Yes,Yes,"€107,848.24",0
15600832,Moss,France,Female,43.0,9,€0.00,1,No,No,"€103,726.71",0
15797919,Ting,Spain,Male,37.0,2,"€103,195.20",2,No,No,"€178,268.36",0
15603743,Tai,France,Male,28.0,1,"€112,070.44",1,Yes,Yes,"€126,281.83",0
15579714,Pan,French,Female,29.0,7,€0.00,2,Yes,Yes,"€196,651.72",0
15634295,Wilson,France,Male,35.0,1,"€96,473.59",1,No,No,"€5,962.30",0
15786680,Bianchi,Spain,Male,37.0,5,€0.00,2,No,No,"€21,928.81",0
15623499,Holman,Germany,Male,49.0,9,"€108,437.89",1,No,No,"€127,022.87",1
15691823,Obidimkpa,French,Male,37.0,5,"€153,195.59",1,Yes,Yes,"€162,763.01",0
15809279,Wallace,FRA,Male,45.0,8,"€96,877.21",1,Yes,Yes,"€113,950.51",0
15758039,Ash,France,Male,44.0,6,€0.00,2,Yes,Yes,"€104,930.46",0
15807163,Ku,FRA,Female,38.0,10,€0.00,1,No,No,"€52,337.97",1
15631639,Uspensky,French,Female,40.0,6,"€95,452.89",1,Yes,Yes,"€179,964.55",0
15713770,Shih,Spain,Male,41.0,3,"€63,873.56",1,No,No,"€83,753.64",0
15698167,Kumm,France,Female,24.0,0,"€148,298.59",2,No,No,"€182,913.95",0
15781710,Carey,Spain,Female,31.0,7,€0.00,2,No,No,"€166,720.28",0
15801296,Farber,Germany,Female,37.0,7,"€143,258.85",2,No,No,"€192,721.98",0
15704378,Calabrese,Germany,Male,37.0,9,"€121,342.24",1,Yes,Yes,"€180,241.44",0
15767891,Findlay,Germany,Female,28.0,6,"€99,152.73",2,No,No,"€48,475.12",0
15640667,Yu,French,Female,41.0,4,€0.00,2,No,No,"€126,551.48",0
15702145,Edments,Spain,Male,33.0,7,"€68,423.89",1,Yes,Yes,"€64,872.55",0
15679738,Brown,Spain,Female,35.0,8,€0.00,1,No,No,"€98,031.53",1
15636634,Lindon,Germany,Female,25.0,7,"€79,656.81",1,No,No,"€93,524.22",0
15809227,Chukwudi,French,Male,35.0,2,€0.00,2,Yes,Yes,"€56,991.66",0
15601811,Caldwell,FRA,Female,53.0,10,"€110,240.04",1,No,No,"€183,980.56",1
15625494,Li Fonti,France,Female,32.0,9,"€125,321.84",2,Yes,Yes,"€130,234.63",0
15723737,Pitcher,FRA,Male,27.0,3,€0.00,1,No,No,"€32,454.26",0
15682955,Capon,FRA,Female,32.0,2,"€84,378.90",1,Yes,Yes,"€75,396.43",0
15758856,Kable,FRA,Male,45.0,7,€0.00,2,No,No,"€167,756.45",0
15746065,Lo Duca,Germany,Male,35.0,10,"€136,281.41",2,Yes,Yes,"€24,799.47",0
15783865,Kulikova,FRA,Male,59.0,5,"€119,380.37",1,Yes,Yes,"€60,429.43",0
15745455,Navarrete,Germany,Male,62.0,4,"€108,716.59",2,Yes,Yes,"€74,241.09",0
15583033,Huguley,French,Female,20.0,4,€0.00,2,Yes,Yes,"€78,310.82",0
15644212,Han,Spain,Male,28.0,0,€0.00,2,No,No,"€119,419.37",0
15735688,Horsley,French,Female,31.0,6,"€106,596.29",1,No,No,"€91,305.77",0
15658577,Massie,France,Female,37.0,10,"€99,546.25",3,Yes,Yes,"€25,136.95",1
15606887,Singh,FRA,Female,30.0,5,€0.00,1,No,No,"€193,880.60",1
15783026,H?,FRA,Female,41.0,2,€0.00,1,No,No,"€47,856.78",0
15579892,Doyle,Spain,Male,19.0,7,"€112,615.86",1,Yes,Yes,"€4,491.77",0
15802088,Grant,Spain,Female,22.0,10,€0.00,1,Yes,Yes,"€101,311.95",0
15589323,Law,France,Female,24.0,9,€0.00,2,Yes,Yes,"€38,830.72",0
15636395,King,FRA,Female,31.0,5,€0.00,2,No,No,"€26,817.23",0
15712772,Onwubiko,FRA,Male,28.0,3,"€75,381.15",1,Yes,Yes,"€199,727.72",0
15700937,Romano,Spain,Female,24.0,5,€0.00,2,Yes,Yes,"€67,445.85",0
15766659,Okwudilichukwu,Spain,Male,33.0,5,€0.00,2,No,No,"€161,002.29",0
15814033,Milano,Spain,Male,38.0,1,€0.00,2,No,No,"€20,778.39",0
15783007,Parker,Germany,Female,45.0,1,"€123,086.39",1,Yes,Yes,"€41,042.40",1
15654183,Aitken,French,Female,26.0,3,€0.00,2,No,No,"€67,484.16",0
15609899,Obiora,Spain,Male,37.0,4,€0.00,1,No,No,"€121,763.68",0
15747323,Vasilyeva,Spain,Male,48.0,9,"€109,472.47",1,No,No,"€157,358.43",1
15582591,Chiabuotu,Spain,Male,59.0,4,"€155,766.05",1,Yes,Yes,"€110,275.17",0
15738835,Slater,Germany,Male,38.0,7,"€101,985.81",2,No,No,"€43,801.27",0
15782404,Hughes,French,Female,34.0,2,"€96,019.50",1,No,No,"€9,085.00",0
15697480,Menkens,French,Male,30.0,7,€0.00,2,Yes,Yes,"€143,086.09",0
15697045,Pisani,Spain,Female,35.0,9,€0.00,2,Yes,Yes,"€100,556.98",0
15781234,Y?an,FRA,Female,35.0,2,"€147,900.43",1,No,No,"€140,000.29",0
15579891,Milani,FRA,Male,52.0,4,"€100,755.66",1,Yes,Yes,"€186,775.25",0
15805690,Chin,Spain,Female,35.0,7,€0.00,1,No,No,"€133,570.43",1
15612139,Fu,France,Female,33.0,0,"€83,036.05",1,Yes,Yes,"€154,990.58",1
15568834,Howells,Spain,Male,27.0,6,"€125,427.37",2,No,No,"€27,654.44",0
15709917,Ni,France,Female,46.0,3,"€98,202.76",1,No,No,"€137,763.93",0
15718843,Maslova,Spain,Male,41.0,1,"€72,509.91",1,No,No,"€25,723.73",0
15799494,Forster,Germany,Male,44.0,3,"€140,393.65",2,Yes,Yes,"€186,285.52",0
15673439,Sun,Spain,Female,50.0,5,"€142,644.64",2,Yes,Yes,"€142,208.50",1
15669011,Bocharova,France,Female,44.0,9,"€23,503.31",1,Yes,Yes,"€169,862.01",1
15581388,Y?an,Spain,Male,33.0,8,"€145,729.71",1,No,No,"€41,365.85",0
15743153,Singh,Germany,Female,40.0,2,"€122,295.17",2,Yes,Yes,"€30,812.84",0
15579787,Nkemakonam,France,Male,39.0,4,€0.00,2,No,No,"€155,023.93",0
15759966,Chiemenam,Spain,Female,36.0,5,"€119,799.27",2,No,No,"€159,416.58",0
15601045,Angelo,Spain,Male,37.0,8,"€163,708.58",2,No,No,"€76,259.23",0
15764021,Frolov,FRA,Male,34.0,1,"€61,687.33",2,No,No,"€105,965.25",0
15687218,West,France,Female,27.0,4,"€79,144.34",1,Yes,Yes,"€50,743.83",0
15626452,Beatham,Spain,Male,32.0,5,€0.00,2,Yes,Yes,"€147,720.27",0
15700964,Pollard,Germany,Female,27.0,7,"€104,848.68",1,Yes,Yes,"€167,387.36",0
15768887,Hsing,Spain,Male,26.0,5,€0.00,2,Yes,Yes,"€95,159.13",0
15735358,Dowse,Spain,Male,46.0,4,€0.00,1,Yes,Yes,"€4,654.28",0
15749472,Lucciano,French,Male,45.0,8,€0.00,1,No,No,"€130,376.68",0
15685872,Godfrey,FRA,Female,29.0,1,"€146,652.01",1,Yes,Yes,"€173,486.39",0
15760851,Gratton,France,Male,31.0,6,€0.00,2,No,No,"€93,881.75",0
15734588,Manning,FRA,Male,46.0,0,€0.00,2,Yes,Yes,"€36,376.97",0
15784594,Mazzi,Germany,Female,37.0,1,"€130,622.34",2,Yes,Yes,"€128,499.94",0
15606435,Wall,Germany,Male,69.0,2,"€187,013.13",2,Yes,Yes,"€105,898.69",0
15790247,Sims,Spain,Male,40.0,9,€0.00,2,Yes,Yes,"€11,959.03",0
15676433,Allan,France,Female,36.0,6,€0.00,1,No,No,"€98,810.78",0
15625905,Griffen,Spain,Male,41.0,0,€0.00,2,No,No,"€65,906.07",0
15626414,Russell,France,Male,44.0,6,"€98,862.54",1,No,No,"€151,516.70",0
15623220,Brown,Spain,Female,45.0,4,€0.00,2,No,No,"€37,214.39",0
15752857,Palerma,Germany,Male,52.0,1,"€98,443.14",2,No,No,"€92,033.98",0
15677908,Gilbert,Spain,Male,42.0,4,€0.00,2,No,No,"€195,692.30",0
15773013,Uvarov,French,Female,47.0,0,€0.00,1,Yes,Yes,"€6,342.84",1
15623972,Wisdom,Germany,Female,23.0,9,"€123,575.51",1,Yes,Yes,"€95,148.28",0
15738627,Hussain,French,Male,25.0,6,€0.00,2,Yes,Yes,"€21,215.67",0
15643392,Woods,FRA,Male,31.0,4,"€105,239.10",1,Yes,Yes,"€19,700.24",0
15684868,Cameron,Germany,Male,56.0,9,"€110,993.79",1,No,No,"€134,396.64",1
15627854,Mai,Spain,Male,44.0,3,€0.00,2,Yes,Yes,"€135,077.01",0
15669253,Gibson,Spain,Male,39.0,7,"€157,691.98",2,No,No,"€133,600.89",1
15758023,Grigoryeva,Germany,Male,47.0,5,"€105,245.21",1,No,No,"€99,922.08",1
15574558,Gunter,Spain,Male,32.0,8,€0.00,2,Yes,Yes,"€41,399.33",0
15635256,Arcuri,France,Male,31.0,7,"€117,687.35",1,Yes,Yes,"€159,344.43",0
15680399,Tung,French,Male,23.0,2,€0.00,2,No,No,"€18,364.19",0
15674720,Smith,Germany,Female,37.0,7,"€123,067.63",1,Yes,Yes,"€98,162.44",1
15580249,Lori,FRA,Male,45.0,0,€0.00,1,No,No,"€84,663.21",0
15675431,Chidimma,FRA,Female,34.0,6,€0.00,2,No,No,"€36,536.93",0
15698285,Ting,FRA,Female,41.0,4,"€101,457.14",1,Yes,Yes,"€79,101.67",0
15810775,Tsao,Spain,Male,52.0,2,"€100,549.43",2,Yes,Yes,"€16,644.16",0
15678173,Collee,Spain,Male,35.0,4,"€174,588.80",2,Yes,Yes,"€158,420.14",0
15665222,Lettiere,Spain,Male,52.0,8,"€121,161.57",1,No,No,"€48,988.28",0
15803908,Fu,FRA,Male,45.0,9,€0.00,2,Yes,Yes,"€96,862.56",0
15586039,Bergamaschi,Germany,Female,36.0,5,"€90,063.74",2,Yes,Yes,"€96,366.70",0
15802570,Dyer,France,Female,45.0,5,€0.00,2,Yes,Yes,"€146,123.19",0
15781451,Buccho,French,Male,42.0,3,"€134,936.97",2,No,No,"€135,178.91",0
15721019,Jones,FRA,Female,24.0,3,"€110,495.27",1,No,No,"€158,615.41",0
15738588,Nebechi,Germany,Female,37.0,2,"€133,200.09",1,No,No,"€71,433.88",0
15730657,Ibekwe,French,Female,41.0,4,"€82,596.80",1,Yes,Yes,"€55,672.09",0
15739292,Gorshkov,Germany,Male,31.0,9,"€103,837.75",1,Yes,Yes,"€150,218.11",0
15725945,Nweke,Spain,Female,42.0,2,€0.00,1,No,No,"€162,734.31",1
15813159,Hairston,France,Male,52.0,8,"€93,590.47",1,Yes,Yes,"€21,228.71",1
15636820,Loggia,Germany,Male,40.0,8,"€104,149.66",1,No,No,"€62,027.90",0
15603880,Morgan,Germany,Male,38.0,1,"€114,141.64",1,Yes,Yes,"€60,988.21",1
15619494,Abdulov,Germany,Female,31.0,9,"€117,153.00",1,Yes,Yes,"€108,675.01",0
15596992,Norris,Germany,Male,45.0,7,"€156,353.46",1,No,No,"€72,643.95",1
15735025,Clark,Spain,Male,37.0,3,"€175,534.78",2,Yes,Yes,"€9,241.52",0
15730759,Chukwudi,French,Female,27.0,9,"€135,637.00",1,No,No,"€153,080.40",1
15752912,Perkin,French,Female,30.0,7,€0.00,2,No,No,"€72,196.57",0
15711316,Ch'ang,FRA,Male,27.0,2,€0.00,2,Yes,Yes,"€199,527.34",0
15738785,Kang,FRA,Male,26.0,7,€0.00,2,Yes,Yes,"€156,598.23",0
15777896,Chukwudi,Germany,Female,33.0,2,"€83,415.04",1,Yes,Yes,"€74,917.64",0
15628963,Frolova,Germany,Male,43.0,3,"€141,859.12",2,Yes,Yes,"€111,249.62",0
15742126,Chiu,Germany,Male,38.0,7,"€132,767.66",2,Yes,Yes,"€59,115.77",0
15575623,Simpson,French,Female,31.0,10,"€110,635.32",1,No,No,"€148,218.86",0
15741652,McLean,Spain,Male,37.0,8,"€177,657.35",1,Yes,Yes,"€77,142.32",0
15738884,Hu,Germany,Male,41.0,4,"€157,777.58",1,No,No,"€67,484.60",0
15615050,Savage,Germany,Male,47.0,9,"€107,915.94",2,Yes,Yes,"€63,452.18",1
15803005,Wallace,Germany,Female,57.0,5,"€86,568.75",1,Yes,Yes,"€103,660.31",0
15743498,Winter,Germany,Male,52.0,9,"€137,755.76",1,No,No,"€163,191.99",1
15720463,Ho,French,Male,30.0,2,"€137,262.71",2,No,No,"€62,905.29",0
15588695,Su,Spain,Male,32.0,6,€0.00,1,Yes,Yes,"€44,323.22",1
15665802,Li Fonti,Spain,Female,36.0,6,€0.00,2,Yes,Yes,"€97,938.59",0
15571144,Ives,French,Male,28.0,10,€0.00,2,Yes,Yes,"€126,565.21",0
15750731,Trevisani,Germany,Male,50.0,9,"€116,309.01",1,No,No,"€185,360.40",1
15605134,Bond,France,Female,34.0,0,"€131,244.65",2,No,No,"€183,229.02",0
15626044,Lettiere,Germany,Male,28.0,3,"€125,155.83",2,Yes,Yes,"€106,024.02",0
15737910,Houghton,Germany,Male,35.0,5,"€140,691.08",2,No,No,"€167,810.26",0
15761076,Lei,FRA,Male,41.0,3,"€58,820.32",2,Yes,Yes,"€138,536.09",0
15710105,Stirling,Germany,Female,26.0,3,"€105,099.45",1,Yes,Yes,"€184,520.00",1
15577402,Grant,FRA,Male,31.0,9,€0.00,2,Yes,Yes,"€20,492.16",0
15803337,Baresi,France,Male,23.0,9,"€168,372.52",1,No,No,"€134,676.72",0
15654372,Pearce,Germany,Male,34.0,1,"€94,682.56",2,No,No,"€138,478.20",0
15585867,Rutledge,Spain,Male,36.0,2,€0.00,2,Yes,Yes,"€125,557.95",0
15662488,Udegbunam,France,Female,44.0,5,€0.00,2,No,No,"€82,969.61",1
15604813,Zaytseva,France,Male,40.0,7,€0.00,2,Yes,Yes,"€158,071.69",0
15611644,Onyemauchechukwu,FRA,Male,73.0,0,"€146,329.73",1,Yes,Yes,"€43,615.67",0
15674928,Mullah,Spain,Male,37.0,2,€0.00,2,No,No,"€119,969.99",0
15656100,Candler,French,Female,49.0,5,"€167,962.70",1,No,No,"€140,201.21",0
15764293,Konovalova,France,Male,33.0,1,€0.00,2,Yes,Yes,"€80,792.83",0
15636423,Lei,FRA,Male,40.0,7,€0.00,1,Yes,Yes,"€141,359.11",0
15607629,Hollis,France,Male,48.0,8,€0.00,2,No,No,"€23,344.94",0
15577313,Lionel,French,Male,44.0,3,"€116,967.68",1,No,No,"€5,075.17",1
15714493,Francis,Spain,Female,33.0,6,€0.00,2,Yes,Yes,"€95,500.98",0
15643359,Carter,Spain,Male,32.0,7,€0.00,1,Yes,Yes,"€79,082.62",0
15687913,Mai,Germany,Female,34.0,7,"€93,244.42",1,Yes,Yes,"€199,805.63",0
15790935,Johnson,French,Female,29.0,5,€0.00,2,Yes,Yes,"€52,709.55",0
15708693,Sherman,FRA,Female,33.0,2,€0.00,2,No,No,"€56,583.88",0
15672016,Sabbatini,French,Male,35.0,1,€0.00,2,Yes,Yes,"€3,385.04",0
15727605,Shih,Germany,Male,43.0,4,"€80,442.06",2,Yes,Yes,"€12,537.42",0
15651144,Yao,Germany,Female,35.0,2,"€150,561.03",2,No,No,"€64,722.61",0
15749401,Ko,France,Male,60.0,9,€0.00,3,Yes,Yes,"€75,246.21",1
15691874,Kazakova,FRA,Female,34.0,9,"€125,474.44",1,No,No,"€198,929.84",0
15620735,Chiganu,Germany,Female,33.0,4,"€127,076.68",2,No,No,"€69,011.66",0
15769781,Nucci,Spain,Female,25.0,8,€0.00,2,Yes,Yes,"€52,404.47",0
15624611,Marsden,Spain,Male,37.0,8,"€128,650.11",2,Yes,Yes,"€163,641.53",0
15773071,Serena,Spain,Female,33.0,6,"€145,580.61",1,Yes,Yes,"€154,598.56",0
15720371,McLean,French,Female,51.0,3,€0.00,1,No,No,"€173,989.47",1
15717984,Longo,France,Male,47.0,9,"€144,900.58",1,No,No,"€61,315.37",1
15806407,Wilson,French,Female,37.0,4,€0.00,2,No,No,"€143,393.24",0
15785042,Hsiung,France,Female,31.0,8,"€97,588.60",1,No,No,"€124,210.53",0
15809302,Wright,French,Male,24.0,1,€0.00,2,Yes,Yes,"€151,460.84",0
15677550,Folliero,French,Female,38.0,1,€0.00,2,No,No,"€20,734.81",0
15654096,Johnston,Germany,Female,24.0,10,"€122,200.31",2,No,No,"€43,705.56",0
15617320,Palermo,Spain,Female,46.0,3,"€151,709.33",1,No,No,"€180,736.24",0
15653065,Nwabugwu,Spain,Female,22.0,7,€0.00,2,No,No,"€104,170.48",0
15649112,Endrizzi,Spain,Female,33.0,3,"€122,134.40",2,Yes,Yes,"€27,867.59",0
15690526,Tuan,Germany,Male,31.0,2,"€137,260.45",2,No,No,"€55,387.28",0
15806945,Udobata,France,Female,30.0,9,"€88,594.14",1,No,No,"€196,332.45",0
15670066,Ibezimako,Spain,Male,34.0,6,€0.00,2,Yes,Yes,"€116,046.22",0
15625761,Maclean,Germany,Male,41.0,8,"€127,205.32",4,No,No,"€93,874.87",1
15761525,Shaw,Spain,Female,31.0,10,"€96,997.09",2,No,No,"€76,614.04",0
15735080,Cummins,French,Female,64.0,2,€0.00,1,Yes,Yes,"€6,076.62",0
15619537,Lavrentiev,FRA,Male,31.0,5,"€142,200.19",2,Yes,Yes,"€122,221.71",0
15598162,Saunders,Germany,Female,39.0,3,"€160,761.41",1,Yes,Yes,"€24,156.03",0
15694300,Fiorentino,France,Male,26.0,4,€0.00,2,No,No,"€135,394.62",0
15637235,Knight,Spain,Male,33.0,8,€0.00,2,No,No,"€91,340.02",0
15612444,Manfrin,France,Male,29.0,3,€0.00,2,No,No,"€146,090.38",0
15626457,Zetticci,FRA,Male,31.0,0,"€116,234.61",1,No,No,"€172,096.08",0
15627995,Angelo,Germany,Female,26.0,5,"€155,143.52",1,Yes,Yes,"€135,034.57",1
15706128,Zhdanov,FRA,Female,21.0,1,€0.00,2,No,No,"€84,008.66",0
15666430,Peck,French,Male,38.0,8,€0.00,2,No,No,"€91,763.67",0
15627385,Uwaezuoke,France,Male,34.0,5,"€84,009.47",1,Yes,Yes,"€137,001.10",0
15581323,White,Germany,Female,28.0,7,"€139,246.22",2,No,No,"€106,799.49",0
15608109,Greco,Germany,Male,58.0,7,"€170,113.00",2,Yes,Yes,"€10,494.64",0
15801942,Chu,Spain,Female,41.0,8,€0.00,3,Yes,Yes,"€79,866.73",1
15567431,Kodilinyechukwu,France,Male,64.0,2,"€145,578.28",1,Yes,Yes,"€186,172.85",0
15810167,Scott,Spain,Male,75.0,7,"€126,273.95",1,Yes,Yes,"€91,673.60",0
15644501,Enyinnaya,France,Female,26.0,10,"€162,482.76",1,Yes,Yes,"€18,458.20",0
15785290,Hao,FRA,Male,29.0,9,€0.00,1,No,No,"€8,342.35",0
15611157,McElhone,French,Female,32.0,2,"€87,814.89",1,No,No,"€138,578.37",0
15673837,Ko,Spain,Male,61.0,3,"€113,858.95",1,Yes,Yes,"€38,129.22",0
15656822,Day,Germany,Male,43.0,5,"€87,612.64",4,Yes,Yes,"€107,155.40",1
15580560,Harris,France,Female,73.0,1,€0.00,1,Yes,Yes,"€29,792.11",0
15760641,Gerald,Germany,Male,26.0,1,"€106,648.98",1,Yes,Yes,"€7,063.60",0
15587584,Nebeuwa,Spain,Male,31.0,4,€0.00,2,Yes,Yes,"€21,645.06",0
15604146,Kaodilinakachukwu,Germany,Female,38.0,8,"€103,653.51",2,Yes,Yes,"€137,079.86",0
15813974,Maruff,Germany,Male,37.0,3,"€116,880.53",1,No,No,"€172,718.35",1
15746986,Howe,Germany,Female,40.0,4,"€97,990.49",2,No,No,"€106,691.02",0
15759741,Knepper,Germany,Female,34.0,4,"€150,635.30",1,Yes,Yes,"€72,274.84",0
15734892,Fennell,Spain,Male,37.0,4,€0.00,2,Yes,Yes,"€32,246.63",0
15797194,T'ao,French,Male,39.0,10,"€129,674.89",2,No,No,"€80,552.36",0
15723786,Morris,French,Female,37.0,9,€0.00,2,No,No,"€16,733.59",0
15642726,Holmes,French,Male,53.0,3,"€83,568.26",1,No,No,"€1,235.49",0
15664339,Yu,Spain,Male,48.0,4,"€178,144.91",2,No,No,"€50,168.41",1
15754526,Walker,Germany,Male,36.0,6,"€147,137.74",1,Yes,Yes,"€33,687.90",0
15703037,Edwards,French,Male,37.0,5,€0.00,1,Yes,Yes,"€178,705.45",1
15751412,Harvey,France,Male,36.0,3,"€114,370.41",1,Yes,Yes,"€66,810.48",0
15609558,McDonald,Germany,Female,47.0,5,"€108,289.28",2,Yes,Yes,"€45,859.55",1
15572408,Chambers,Germany,Male,39.0,3,"€149,887.49",2,No,No,"€63,846.36",0
15613923,Reed,Spain,Female,43.0,4,"€170,172.90",1,Yes,Yes,"€100,236.02",0
15747000,Shih,FRA,Male,27.0,3,€0.00,2,Yes,Yes,"€19,645.65",0
15731781,Onyemachukwu,France,Male,43.0,7,€0.00,2,No,No,"€178,393.68",0
15727198,Teng,Germany,Female,28.0,2,"€64,808.32",2,No,No,"€78,591.15",0
15794273,Hand,FRA,Female,56.0,0,"€62,732.65",1,Yes,Yes,"€124,954.56",0
15804950,Onyemauchechukwu,France,Female,41.0,7,€0.00,2,Yes,Yes,"€3,756.65",0
15576304,Bailey,France,Male,29.0,5,"€95,167.55",1,Yes,Yes,"€152,723.23",0
15645200,Chiang,Germany,Female,54.0,2,"€152,508.99",1,No,No,"€187,597.98",1
15779627,Maclean,Germany,Male,31.0,0,"€134,644.19",1,Yes,Yes,"€70,381.49",0
15750755,Yobachi,Spain,Female,33.0,8,€0.00,2,No,No,"€156,792.89",0
15569654,Munro,Germany,Female,31.0,3,"€51,293.47",1,No,No,"€35,534.68",0
15753079,Chidi,France,Male,41.0,5,€0.00,3,No,No,"€151,256.22",0
15684995,Chamberlain,Spain,Male,49.0,8,"€116,622.73",1,Yes,Yes,"€51,011.29",0
15790763,Trujillo,Spain,Female,49.0,2,€0.00,2,No,No,"€111,190.53",0
15766458,Tang,France,Male,33.0,1,"€198,113.86",1,No,No,"€69,664.35",0
15616221,Wilson,FRA,Female,29.0,4,"€85,646.81",1,No,No,"€63,233.02",1
15776124,Mann,Spain,Male,51.0,7,€0.00,1,Yes,Yes,"€40,855.79",0
15665811,Parry,FRA,Male,33.0,9,"€141,234.98",1,No,No,"€95,673.05",0
15729804,Manfrin,France,Male,34.0,10,€0.00,2,Yes,Yes,"€80,234.14",0
15714062,Millar,French,Female,40.0,9,"€77,641.99",1,No,No,"€189,051.59",1
15592197,Simmons,Spain,Male,30.0,3,€0.00,2,No,No,"€145,490.85",0
15793116,Beneventi,Germany,Female,40.0,7,"€117,304.29",1,No,No,"€196,278.32",0
15638231,Chung,Spain,Female,62.0,2,€0.00,2,Yes,Yes,"€162,889.10",0
15697678,Maxwell,Germany,Male,36.0,6,"€92,340.69",2,Yes,Yes,"€174,667.58",0
15800412,Dale,Germany,Male,35.0,9,"€146,780.52",2,Yes,Yes,"€3,476.38",0
15597610,Stevens,Spain,Male,41.0,6,"€144,974.55",1,Yes,Yes,"€19,344.92",0
15726634,Wei,French,Male,47.0,1,€0.00,1,No,No,"€95,270.83",0
15670866,Chiu,France,Male,31.0,2,€0.00,2,Yes,Yes,"€107,759.31",0
15667462,Duncan,Spain,Male,43.0,10,€0.00,2,No,No,"€118,368.20",0
15662574,Brady,Spain,Male,37.0,1,"€115,137.26",1,No,No,"€52,484.01",0
15716926,Macleod,FRA,Male,33.0,10,"€101,952.97",2,No,No,"€178,153.65",0
15603554,Berkeley,FRA,Female,45.0,0,"€164,649.52",3,No,No,"€49,915.52",1
15716800,Kaur,French,Male,31.0,2,€0.00,2,Yes,Yes,"€33,747.03",0
15679429,Bell,France,Male,32.0,0,"€91,956.49",1,Yes,Yes,"€59,961.81",0
15616122,Nwokike,France,Male,39.0,8,€0.00,2,Yes,Yes,"€18,613.52",0
15742172,Williamson,Germany,Male,32.0,9,"€123,938.60",2,No,No,"€198,894.42",0
15792305,Mountgarrett,Germany,Male,46.0,6,"€123,571.77",3,Yes,Yes,"€57,014.17",1
15636016,Wreford,France,Female,34.0,3,"€120,777.88",1,Yes,Yes,"€131,729.52",0
15733138,Paterson,Germany,Male,42.0,5,"€90,248.79",1,Yes,Yes,"€79,169.73",0
15669741,Hou,France,Male,36.0,7,€0.00,1,No,No,"€106,472.34",0
15616954,Smith,FRA,Male,71.0,4,€0.00,2,Yes,Yes,"€17,013.54",0
15729238,Peng,Germany,Male,48.0,1,"€106,396.48",1,Yes,Yes,"€150,661.42",1
15718242,Wollstonecraft,Germany,Female,47.0,1,"€104,887.43",1,No,No,"€86,622.56",1
15682914,Bolton,French,Male,34.0,2,"€72,079.71",1,Yes,Yes,"€115,767.93",0
15654274,Corrie,FRA,Male,37.0,6,€0.00,2,No,No,"€141,998.89",0
15691457,Boyle,Spain,Male,36.0,2,€0.00,2,Yes,Yes,"€182,787.17",0
15719649,Lambie,France,Male,38.0,3,"€99,844.68",1,No,No,"€187,915.70",0
15778897,Cartwright,FRA,Female,28.0,1,€0.00,2,Yes,Yes,"€133,267.78",0
15589437,Lu,French,Male,26.0,3,"€156,815.71",1,Yes,Yes,"€137,476.09",0
15682369,Pisano,French,Male,47.0,6,"€146,034.74",1,Yes,Yes,"€77,146.14",0
15626507,Chukwubuikem,French,Male,27.0,1,"€152,283.39",1,No,No,"€183,271.15",0
15571995,Harper,Germany,Female,33.0,1,"€118,897.10",2,Yes,Yes,"€26,362.40",0
15673333,Wilson,Germany,Male,52.0,8,"€96,781.39",1,Yes,Yes,"€153,373.71",0
15748752,Ch'in,Germany,Male,33.0,1,"€102,772.67",2,No,No,"€70,705.58",0
15725302,Streeton,Spain,Female,20.0,4,€0.00,2,No,No,"€119,759.24",0
15722083,Ch'ang,Spain,Male,39.0,8,€0.00,2,No,No,"€42,392.24",0
15771442,Pennington,France,Male,40.0,4,"€150,578.00",1,Yes,Yes,"€34,670.62",1
15803633,T'ien,FRA,Female,46.0,1,€0.00,2,No,No,"€82,106.19",0
15672185,Liu,French,Male,47.0,3,€0.00,2,No,No,"€171,774.50",0
15806486,Cunningham,France,Female,48.0,0,€0.00,2,No,No,"€149,772.61",0
15570895,Ch'in,France,Male,42.0,10,"€163,548.07",1,No,No,"€38,866.85",0
15614520,Smith,FRA,Female,37.0,8,"€148,580.12",1,No,No,"€35,179.18",0
15687492,Anderson,Germany,Male,32.0,3,"€96,709.07",2,No,No,"€41,788.37",0
15675337,Forbes,Germany,Female,34.0,5,"€106,011.59",1,Yes,Yes,"€17,376.57",1
15721047,Ansell,Germany,Male,37.0,1,"€135,650.88",1,No,No,"€199,428.19",0
15589017,Chiu,Germany,Male,55.0,4,"€111,362.76",3,No,No,"€16,922.28",1
15611186,Yevdokimova,French,Male,37.0,1,"€39,344.83",1,Yes,Yes,"€178,291.89",1
15617301,Chamberlin,Germany,Male,36.0,9,"€130,809.77",1,No,No,"€152,290.28",0
15726046,Johnston,FRA,Female,27.0,2,"€133,009.51",1,No,No,"€126,809.15",0
15585748,McDonald,Germany,Female,28.0,9,"€135,337.49",2,Yes,Yes,"€40,385.61",0
15672826,Chen,France,Female,32.0,10,"€112,536.57",2,Yes,Yes,"€34,350.54",0
15595162,Cattaneo,Spain,Female,35.0,8,"€122,570.69",1,No,No,"€199,005.88",0
15650026,Barclay-Harvey,France,Male,44.0,1,"€63,562.02",2,Yes,Yes,"€52,629.73",1
15745826,Dawson,France,Male,37.0,3,€0.00,2,Yes,Yes,"€180,012.39",0
15708610,Costa,Germany,Male,44.0,9,"€100,368.63",2,No,No,"€35,342.33",0
15624471,Chikwado,France,Male,37.0,6,€0.00,2,No,No,"€109,291.22",0
15590097,Ch'eng,Spain,Female,33.0,7,"€136,082.00",1,No,No,"€62,746.54",0
15689328,Harrison,Germany,Male,48.0,9,"€114,169.16",1,No,No,"€173,273.20",1
15582154,Crawford,FRA,Female,45.0,5,"€47,884.92",1,Yes,Yes,"€54,340.24",0
15734626,Gibson,Spain,Female,36.0,1,€0.00,2,Yes,Yes,"€19,302.78",0
15702806,Martin,Spain,Male,24.0,9,€0.00,1,No,No,"€10,883.52",0
15620756,Stokes,FRA,Male,49.0,6,"€202,904.64",1,Yes,Yes,"€17,298.72",1
15611331,Niu,France,Female,46.0,1,€0.00,1,Yes,Yes,"€115,779.48",1
15576935,Ampt,Spain,Male,43.0,2,"€161,807.18",2,Yes,Yes,"€93,228.86",1
15661275,Wynn,Germany,Male,52.0,3,"€110,791.97",1,No,No,"€148,704.77",1
15814940,Lawrence,Spain,Female,33.0,9,€0.00,2,Yes,Yes,"€150,475.14",0
15768471,Wagner,Germany,Female,54.0,6,"€108,755.00",1,No,No,"€40,914.32",1
15697391,Argyle,Spain,Female,34.0,3,€0.00,2,No,No,"€38,587.70",0
15793346,Ofodile,France,Female,72.0,3,€0.00,2,Yes,Yes,"€171,260.66",0
15608338,Chiemenam,Spain,Female,55.0,9,"€117,294.12",4,No,No,"€94,187.47",1
15578546,Akobundu,Germany,Male,26.0,4,"€102,251.14",1,Yes,Yes,"€145,900.89",0
15656921,Locke,French,Male,31.0,4,€0.00,2,No,No,"€152,298.28",0
15761340,Bullen,France,Male,22.0,5,€0.00,2,Yes,Yes,"€99,828.45",0
15591135,Forster,French,Male,37.0,2,"€132,057.92",2,No,No,"€34,743.98",0
15623219,Smith,French,Male,33.0,8,€0.00,1,No,No,"€121,189.30",1
15655229,Craig,Germany,Female,35.0,7,"€114,285.20",1,Yes,Yes,"€129,660.59",0
15805884,Archer,FRA,Female,41.0,9,€0.00,2,No,No,"€145,477.36",0
15668289,McWilliams,Spain,Male,32.0,2,"€76,087.98",1,Yes,Yes,"€151,822.66",0
15568562,Moss,FRA,Male,40.0,8,"€160,272.27",1,No,No,"€49,656.24",0
15773276,Townsend,Spain,Male,63.0,4,"€114,552.60",1,No,No,"€73,856.28",1
15622801,Brown,France,Female,27.0,8,"€102,000.17",1,Yes,Yes,"€116,757.00",0
15779886,Munson,Spain,Male,24.0,7,€0.00,2,No,No,"€16,319.56",0
15713673,T'ien,French,Female,33.0,1,"€137,853.00",1,Yes,Yes,"€90,273.85",0
15783083,Shubin,FRA,Male,27.0,9,€0.00,2,No,No,"€161,344.13",0
15742824,Isayeva,Germany,Male,42.0,7,"€162,318.61",1,No,No,"€121,061.89",0
15621550,Hung,Spain,Female,50.0,1,"€140,292.58",3,No,No,"€69,531.22",1
15799480,Webb,France,Male,34.0,0,€0.00,2,Yes,Yes,"€3,756.23",0
15625247,Scott,France,Female,34.0,1,€0.00,1,No,No,"€114,448.13",0
15755241,Rahman,FRA,Female,52.0,2,€0.00,1,Yes,Yes,"€144,045.08",1
15575679,Lori,France,Male,24.0,7,"€126,431.54",1,No,No,"€58,781.11",0
15668235,Cooke,FRA,Female,41.0,3,"€123,475.04",1,Yes,Yes,"€179,227.52",0
15683183,Volkova,Germany,Female,45.0,6,"€97,652.96",1,No,No,"€127,332.33",0
15684592,Lamb,Spain,Male,42.0,4,€0.00,2,Yes,Yes,"€86,642.38",0
15591169,Hawes,Germany,Female,49.0,4,"€137,455.99",1,No,No,"€184,178.29",1
15653455,Smith,FRA,Female,38.0,2,€0.00,2,Yes,Yes,"€9,551.49",0
15732563,Swanton,Germany,Female,33.0,7,"€99,046.31",2,Yes,Yes,"€56,053.06",0
15656471,Mitchell,France,Male,33.0,9,€0.00,2,Yes,Yes,"€1,118.31",0
15598510,Colombo,Germany,Male,27.0,4,"€105,907.42",2,Yes,Yes,"€195,732.04",0
15766427,Shaw,Germany,Male,52.0,5,"€97,720.35",2,No,No,"€175,070.94",1
15785342,Shipp,FRA,Male,25.0,9,€0.00,2,Yes,Yes,"€112,331.19",0
15641595,Jonathan,Spain,Male,43.0,4,"€97,392.18",2,No,No,"€43,956.83",0
15798429,Hernandez,French,Male,29.0,8,€0.00,2,Yes,Yes,"€115,994.52",0
15648136,Green,Germany,Female,28.0,9,"€152,812.58",1,No,No,"€166,682.57",0
15812482,Young,France,Male,27.0,3,"€139,301.68",1,No,No,"€99,843.98",0
15790810,Han,French,Female,41.0,10,"€76,319.64",1,Yes,Yes,"€141,175.18",1
15687421,Highland,Spain,Male,67.0,9,"€125,919.35",1,No,No,"€175,910.95",1
15765643,Hamilton,FRA,Male,37.0,6,"€124,348.38",2,Yes,Yes,"€176,984.34",0
15654878,Yobanna,FRA,Male,29.0,7,"€117,199.80",1,Yes,Yes,"€43,480.63",0
15686835,Crawford,Germany,Female,57.0,9,"€148,384.64",1,No,No,"€155,047.11",1
15768340,Beavers,Germany,Female,19.0,3,"€113,905.48",1,Yes,Yes,"€176,137.20",0
15673599,Williamson,Spain,Male,32.0,5,"€133,476.09",1,Yes,Yes,"€154,843.40",0
15689096,Beneventi,FRA,Male,47.0,0,"€117,879.32",1,Yes,Yes,"€8,214.46",0
15684294,Chidumaga,French,Male,50.0,2,€0.00,2,Yes,Yes,"€147,075.69",0
15615828,Mitchell,FRA,Male,34.0,8,"€122,359.50",1,No,No,"€116,495.55",0
15746012,Chibugo,Spain,Female,28.0,0,€0.00,2,Yes,Yes,"€31,165.06",1
15615797,Hyde,Germany,Male,59.0,5,"€108,585.35",1,Yes,Yes,"€192,127.22",1
15788494,Alekseeva,French,Male,31.0,8,"€145,875.74",1,No,No,"€137,491.23",0
15793856,Abdulov,Spain,Female,36.0,3,"€121,542.57",2,Yes,Yes,"€186,841.71",0
15629545,Buckley,Spain,Female,41.0,7,"€109,508.68",1,No,No,"€86,776.38",0
15661198,Howard,Germany,Male,34.0,2,"€146,407.11",1,Yes,Yes,"€72,073.72",0
15715117,Peel,France,Female,39.0,6,€0.00,1,No,No,"€10,662.58",0
15701074,Herz,Germany,Male,35.0,8,"€112,330.83",1,Yes,Yes,"€91,001.02",0
15793046,Holden,French,Female,35.0,4,"€90,413.12",1,Yes,Yes,"€20,555.21",0
15623744,McLean,France,Male,34.0,8,"€105,302.66",1,Yes,Yes,"€123,164.97",0
15611329,Findlay,Spain,Female,35.0,6,€0.00,2,Yes,Yes,"€143,463.28",0
15740428,Wyatt,French,Female,35.0,1,€0.00,2,No,No,"€92,131.54",0
15781534,Rapuluolisa,Germany,Female,35.0,4,"€121,520.36",1,No,No,"€77,178.42",0
15618243,Buckland,Spain,Female,43.0,1,"€103,960.38",1,Yes,Yes,"€193,650.16",0
15784161,Hargreaves,Germany,Male,39.0,8,"€102,945.01",1,No,No,"€52,861.89",0
15700325,Onyeoruru,FRA,Female,24.0,8,"€92,760.55",1,No,No,"€35,896.75",0
15659064,Salas,Spain,Male,37.0,8,€0.00,2,Yes,Yes,"€149,418.41",0
15658364,Laney,Germany,Female,40.0,1,"€134,590.21",1,Yes,Yes,"€46,253.65",0
15704340,Fu,French,Female,37.0,10,"€104,255.03",1,No,No,"€86,609.37",0
15793455,Tien,Spain,Female,55.0,6,€0.00,1,No,No,"€91,943.94",1
15579777,Sazonova,France,Male,41.0,3,€0.00,2,No,No,"€128,892.36",0
15632345,Tuan,France,Female,35.0,4,€0.00,2,No,No,"€44,830.71",0
15814468,Wei,Germany,Male,50.0,1,"€121,399.98",1,Yes,Yes,"€84,508.44",1
15754820,Bergamaschi,Germany,Male,35.0,8,"€147,127.81",2,Yes,Yes,"€84,760.70",0
15707505,Taylor,Spain,Male,31.0,8,"€125,927.51",2,No,No,"€147,661.47",0
15699507,Messersmith,French,Female,25.0,7,€0.00,2,Yes,Yes,"€82,393.08",0
15799600,Coles,Germany,Male,48.0,1,"€111,599.32",1,Yes,Yes,"€135,995.58",0
15794472,Brookes,France,Female,27.0,3,€0.00,2,No,No,"€159,800.16",0
15646632,Reid,French,Male,38.0,9,€0.00,2,No,No,"€14,379.01",0
15676353,Etheridge,France,Male,35.0,8,"€114,212.60",1,Yes,Yes,"€74,322.85",0
15566312,Jolly,Spain,Female,42.0,5,€0.00,3,Yes,Yes,"€189,016.24",1
15570414,Chizoba,Spain,Male,41.0,4,"€115,251.64",1,No,No,"€136,435.75",0
15776743,Eberegbulam,French,Male,43.0,9,€0.00,2,Yes,Yes,"€78,488.39",0
15674637,Pagnotto,FRA,Female,68.0,3,"€107,571.61",1,Yes,Yes,"€113,695.99",0
15730418,Lucchesi,FRA,Female,32.0,2,€0.00,2,No,No,"€54,628.11",0
15739972,Hughes,Germany,Female,45.0,9,"€152,367.21",3,No,No,"€150,835.21",1
15661591,Panicucci,Germany,Male,39.0,1,"€130,969.77",2,Yes,Yes,"€158,891.79",0
15675585,Burns,Germany,Female,25.0,0,"€97,738.97",2,Yes,Yes,"€160,523.33",0
15814750,Ricci,Spain,Male,34.0,8,€0.00,2,Yes,Yes,"€180,595.02",0
15593454,Lambert,Spain,Female,40.0,4,"€113,794.22",1,No,No,"€16,618.76",0
15663421,Esposito,Spain,Male,28.0,6,"€128,396.33",2,No,No,"€79,919.97",0
15576196,Benson,Spain,Female,48.0,5,"€118,207.69",2,No,No,"€186,489.14",1
15677324,Botts,Germany,Male,73.0,9,"€124,730.26",1,Yes,Yes,"€51,999.50",0
15568742,Parkes,FRA,Female,41.0,9,€0.00,1,No,No,"€121,299.14",0
15693764,Mai,Spain,Male,52.0,0,"€136,298.65",1,No,No,"€144,593.30",1
15714260,Castiglione,FRA,Female,38.0,2,€0.00,2,No,No,"€178,752.73",0
15798200,Manna,French,Male,35.0,2,€0.00,3,Yes,Yes,"€94,148.30",0
15656627,Lin,France,Male,34.0,5,€0.00,2,Yes,Yes,"€77,414.45",0
15791111,Fink,France,Female,47.0,2,"€125,724.95",2,No,No,"€63,236.97",0
15638269,Baresi,French,Male,67.0,2,€0.00,2,Yes,Yes,"€108,645.85",0
15807473,Morehead,France,Male,38.0,1,€0.00,2,Yes,Yes,"€95,153.24",0
15708534,Afamefuna,Spain,Female,64.0,5,€0.00,1,No,No,"€136,079.64",1
15640686,Greco,French,Male,46.0,5,"€95,872.86",1,No,No,"€98,273.01",1
15588904,Balashova,French,Male,33.0,9,€0.00,1,No,No,"€113,505.93",1
15768763,Bogdanov,French,Male,37.0,2,€0.00,1,Yes,Yes,"€52,525.15",1
15770543,Lowe,FRA,Male,37.0,7,"€74,260.03",1,No,No,"€194,617.98",0
15642162,Ponce,Germany,Male,35.0,1,"€123,407.69",1,No,No,"€152,541.89",1
15714046,Trevisano,Spain,Male,33.0,3,"€123,783.91",2,Yes,Yes,"€142,903.44",0
15575060,Gardner,FRA,Male,24.0,5,€0.00,2,No,No,"€182,257.61",0
15812040,Lorenzo,French,Male,36.0,6,"€153,880.15",1,No,No,"€135,431.72",0
15812073,Palmer,France,Female,31.0,7,€0.00,2,Yes,Yes,"€175,697.87",0
15706810,Zuyeva,Germany,Female,32.0,1,"€106,301.85",2,Yes,Yes,"€59,061.25",0
15584090,Jen,Spain,Female,40.0,7,€0.00,2,Yes,Yes,"€131,283.60",1
15810807,Alekseeva,France,Female,43.0,9,€0.00,2,No,No,"€152,499.80",0
15582033,Manfrin,Germany,Male,44.0,3,"€138,076.47",1,No,No,"€15,523.09",1
15687607,Chiemenam,French,Female,30.0,9,"€135,422.31",1,Yes,Yes,"€186,418.85",0
15588406,Chiemenam,Spain,Female,37.0,7,€0.00,2,No,No,"€32,262.28",0
15784099,Clark,FRA,Female,38.0,5,"€126,875.62",1,No,No,"€128,052.29",0
15701352,Fanucci,Spain,Female,28.0,3,"€96,381.68",2,No,No,"€181,419.29",0
15789371,Cattaneo,Germany,Female,41.0,4,"€119,703.10",2,Yes,Yes,"€109,783.29",0
15602845,Udinesi,Germany,Male,41.0,2,"€152,102.18",2,No,No,"€181,879.56",0
15707918,Bentley,Germany,Female,36.0,0,"€127,675.39",2,No,No,"€74,260.16",0
15602812,Holmes,Germany,Female,44.0,2,"€133,776.86",2,Yes,Yes,"€49,865.04",0
15675888,Austin,Spain,Female,33.0,9,"€72,788.03",1,Yes,Yes,"€103,608.06",0
15591822,Mackenzie,Spain,Male,26.0,9,"€76,226.90",1,No,No,"€167,564.82",0
15738501,Booth,Germany,Male,48.0,9,"€163,630.76",1,Yes,Yes,"€41,816.49",1
15585907,Collier,Spain,Female,30.0,5,€0.00,2,No,No,"€179,066.58",0
15579040,Hs?,France,Female,46.0,10,€0.00,2,No,No,"€109,184.24",0
15804211,Oluchukwu,France,Male,36.0,3,"€155,423.17",1,Yes,Yes,"€199,841.32",0
15736126,Sung,Germany,Male,55.0,0,"€98,710.89",1,Yes,Yes,"€83,617.17",1
15745399,Marino,Spain,Female,49.0,2,€0.00,1,No,No,"€84,863.85",1
15760749,Vinogradov,Spain,Male,41.0,7,"€126,683.80",1,Yes,Yes,"€114,775.53",0
15637118,Burns,FRA,Male,33.0,4,"€140,700.61",1,No,No,"€103,557.93",0
15657829,Fanucci,Germany,Male,30.0,8,"€168,078.83",1,No,No,"€85,028.36",1
15738497,Chukwujamuike,Spain,Male,44.0,4,"€107,726.93",2,No,No,"€153,064.87",0
15690695,Flynn,France,Female,33.0,9,€0.00,2,Yes,Yes,"€38,784.42",0
15762351,Chao,Spain,Female,63.0,1,€0.00,2,Yes,Yes,"€186,526.12",0
15791172,Yeh,Germany,Female,21.0,1,"€35,741.69",1,No,No,"€28,789.94",0
15598982,Klein,Germany,Female,53.0,5,"€98,268.84",1,Yes,Yes,"€45,038.29",1
15734765,Mahmood,FRA,Female,20.0,4,"€133,800.98",1,Yes,Yes,"€150,245.81",0
15642912,Tu,France,Female,21.0,2,"€125,682.79",1,No,No,"€57,762.00",0
15769516,Shcherbakov,FRA,Female,42.0,9,€0.00,2,No,No,"€4,292.72",0
15789379,Zetticci,France,Male,26.0,6,"€130,428.78",1,No,No,"€173,365.89",0
15695103,Carr,Spain,Male,37.0,6,€0.00,2,Yes,Yes,"€119,484.01",0
15801924,Browne,Spain,Female,27.0,8,€0.00,2,No,No,"€121,821.16",0
15767804,Feng,FRA,Male,44.0,6,€0.00,2,No,No,"€151,733.43",0
15718039,Ferguson,Germany,Female,47.0,0,"€137,138.20",2,Yes,Yes,"€53,784.22",0
15579994,Shaw,French,Male,23.0,8,"€73,112.95",1,Yes,Yes,"€62,733.05",0
15595037,Palermo,FRA,Male,47.0,9,"€152,347.01",1,Yes,Yes,"€17,671.78",0
15600720,Moore,Spain,Male,41.0,8,"€115,144.68",1,No,No,"€188,905.43",0
15782608,Huang,French,Male,43.0,5,€0.00,2,No,No,"€113,079.19",1
15566894,Gray,France,Male,39.0,3,"€137,817.52",1,No,No,"€83,997.79",0
15749123,Sokolova,Spain,Male,45.0,7,"€157,332.26",1,No,No,"€125,424.42",0
15668943,Henderson,France,Male,37.0,2,€0.00,2,No,No,"€143,194.05",0
15577423,Mosley,Germany,Female,39.0,5,"€124,586.93",1,No,No,"€93,132.61",1
15623102,Nnaemeka,Spain,Male,38.0,6,"€116,980.78",2,Yes,Yes,"€76,038.38",0
15728012,Everett,Spain,Female,40.0,3,"€128,398.38",1,No,No,"€168,658.30",0
15683363,Goddard,Spain,Male,39.0,1,€0.00,1,Yes,Yes,"€108,419.41",0
15699335,Kuo,Germany,Female,33.0,3,"€137,657.25",2,Yes,Yes,"€171,657.57",0
15574369,Bianchi,Spain,Male,53.0,5,"€167,259.44",1,Yes,Yes,"€22,357.25",0
15703167,Rouse,FRA,Female,45.0,8,€0.00,2,No,No,"€193,903.06",0
15754874,Nwoye,France,Male,26.0,4,"€119,009.57",1,No,No,"€141,926.43",0
15723216,Greco,Germany,Male,33.0,2,"€80,002.33",1,Yes,Yes,"€104,079.62",0
15725094,Fang,FRA,Female,37.0,4,"€140,211.88",1,Yes,Yes,"€93,832.33",0
15647974,Chiemenam,French,Female,44.0,3,"€118,742.74",2,No,No,"€1,568.91",0
15583371,Artemiev,Spain,Male,37.0,1,"€138,207.08",1,No,No,"€60,778.11",1
15772559,Burrows,French,Female,47.0,10,"€148,636.21",1,Yes,Yes,"€16,119.96",1
15711251,Chizuoke,France,Male,45.0,1,"€178,827.79",1,No,No,"€60,375.18",0
15719212,T'ien,French,Male,33.0,5,"€83,134.30",1,No,No,"€187,946.55",0
15764927,Rogova,France,Male,92.0,3,"€121,513.31",1,Yes,Yes,"€195,563.99",0
15731412,Trevisano,Germany,Female,37.0,6,"€95,900.04",1,Yes,Yes,"€38,196.24",0
15719170,Sagese,France,Female,30.0,1,"€112,543.42",1,Yes,Yes,"€179,435.21",0
15596011,Artyomova,Spain,Male,34.0,9,€0.00,1,Yes,Yes,"€93,208.22",0
15614834,Long,Spain,Female,31.0,3,"€141,751.82",1,Yes,Yes,"€61,531.86",0
15600510,Hsueh,Spain,Female,37.0,6,"€124,140.57",2,No,No,"€92,826.35",0
15625706,White,Germany,Male,45.0,2,"€116,546.59",2,No,No,"€23,140.28",1
15781409,Lazarev,French,Female,28.0,6,€0.00,1,No,No,"€74,287.53",0
15722583,Benjamin,Spain,Female,29.0,6,"€157,576.47",2,Yes,Yes,"€101,102.39",0
15677243,Wan,Spain,Male,43.0,5,€0.00,2,No,No,"€126,933.73",0
15815070,Romano,Germany,Female,44.0,5,"€141,428.99",2,No,No,"€68,408.74",0
15705899,Craig,Spain,Male,35.0,0,"€127,510.99",1,Yes,Yes,"€155,356.34",0
15701522,Yermolayeva,France,Female,29.0,9,€0.00,2,Yes,Yes,"€3,234.80",0
15755978,Tseng,France,Male,31.0,10,€0.00,2,No,No,"€195,209.40",0
15722090,Tseng,Spain,Male,51.0,6,"€81,818.49",1,Yes,Yes,"€169,149.38",0
15783526,Le Hunte,FRA,Male,36.0,1,"€100,895.54",1,Yes,Yes,"€68,075.14",0
15632125,Blake,Germany,Male,45.0,5,"€63,832.43",1,Yes,Yes,"€93,707.80",0
15688395,Lane,French,Male,29.0,4,€0.00,2,No,No,"€156,153.27",0
15666975,Sparks,French,Female,36.0,4,"€116,085.06",1,No,No,"€58,601.61",0
15682211,Tu,FRA,Male,57.0,1,€0.00,2,Yes,Yes,"€114,448.77",0
15637411,Tochukwu,French,Male,30.0,1,€0.00,2,Yes,Yes,"€126,551.65",0
15591512,Whittaker,Germany,Female,33.0,2,"€115,761.51",1,Yes,Yes,"€112,350.21",1
15606855,Wang,Spain,Male,26.0,6,€0.00,2,Yes,Yes,"€185,808.70",0
15763683,Northern,Germany,Male,32.0,4,"€139,626.01",1,Yes,Yes,"€118,235.52",1
15641782,Humphries,France,Female,31.0,7,€0.00,1,Yes,Yes,"€183,051.60",1
15677184,Cremonesi,French,Female,35.0,6,"€115,576.44",1,Yes,Yes,"€27,922.45",0
15775042,Ku,France,Female,23.0,4,€0.00,2,No,No,"€196,476.19",0
15616630,Tobenna,Germany,Female,41.0,5,"€77,647.60",1,No,No,"€190,429.52",0
15800233,Okwuadigbo,French,Female,40.0,5,€0.00,2,No,No,"€35,034.15",0
15588419,Johnston,Germany,Female,34.0,10,"€148,962.46",1,No,No,"€66,389.43",1
15595557,Li,French,Male,22.0,8,€0.00,2,No,No,"€107,615.43",0
15626143,Talbot,France,Male,37.0,2,€0.00,2,Yes,Yes,"€99,692.65",0
15566030,Tu,Germany,Male,41.0,5,"€80,542.81",1,No,No,"€88,729.22",1
15701412,T'ien,French,Male,40.0,4,€0.00,2,No,No,"€173,321.65",0
15702464,Ross,France,Female,34.0,4,€0.00,2,No,No,"€139,463.57",0
15573348,Maclean,French,Male,35.0,9,"€102,050.47",1,Yes,Yes,"€3,769.71",0
15704160,Wan,Spain,Male,49.0,5,€0.00,1,No,No,"€149,946.43",1
15693704,Tsou,FRA,Female,24.0,6,"€114,948.76",2,Yes,Yes,"€135,768.25",0
15664752,Jack,Germany,Male,39.0,8,"€136,000.45",2,No,No,"€31,708.53",0
15628292,Lucchesi,French,Male,32.0,4,"€156,001.68",2,Yes,Yes,"€151,677.31",0
15621195,Ch'eng,Germany,Male,41.0,3,"€147,974.16",2,No,No,"€170,518.83",0
15668629,Saunders,Spain,Male,44.0,2,€0.00,2,No,No,"€196,582.19",0
15635197,Glover,Germany,Male,26.0,5,"€90,402.77",1,Yes,Yes,"€3,298.65",0
15592761,Tung,FRA,Male,40.0,5,€0.00,2,No,No,"€162,878.96",0
15574283,Padovano,France,Male,31.0,2,€0.00,2,Yes,Yes,"€64,014.24",0
15598097,Johnstone,FRA,Male,44.0,9,€0.00,2,No,No,"€26,257.01",0
15711352,Endrizzi,FRA,Female,31.0,3,"€162,701.65",2,Yes,Yes,"€126,794.56",0
15620751,Secombe,France,Male,34.0,2,€0.00,2,No,No,"€164,162.44",0
15656717,Elewechi,France,Female,30.0,6,€0.00,2,No,No,"€179,206.92",0
15643121,Chu,Germany,Female,35.0,5,"€82,453.96",2,No,No,"€18,254.75",0
15723671,Lucciano,France,Male,35.0,9,"€100,107.99",1,No,No,"€83,949.68",0
15752846,Pinto,France,Male,28.0,7,€0.00,2,Yes,Yes,"€22,684.78",0
15640852,McGregor,Germany,Female,39.0,5,"€83,348.89",3,No,No,"€7,953.62",1
15789313,Ugorji,Germany,Female,44.0,4,"€96,553.52",2,No,No,"€143,952.24",1
15793688,Bancks,French,Male,50.0,9,"€201,009.64",1,No,No,"€158,032.50",1
15770405,Warlow-Davies,French,Female,27.0,5,"€125,167.74",1,No,No,"€199,104.52",0
15702561,Dale,FRA,Male,32.0,9,€0.00,1,Yes,Yes,"€87,566.97",0
15625964,Buckley,France,Female,43.0,5,"€153,313.67",1,No,No,"€170,563.73",0
15761364,Nkemjika,French,Male,30.0,9,€0.00,2,No,No,"€157,871.55",0
15590286,Fairley,French,Female,40.0,2,"€125,879.29",1,No,No,"€93,203.43",0
15587978,Boothby,Germany,Female,37.0,6,"€170,057.62",1,Yes,Yes,"€54,398.56",0
15773242,Chukwuhaenye,France,Male,32.0,1,€0.00,2,Yes,Yes,"€168,779.47",0
15761053,Lock,Germany,Male,48.0,2,"€131,326.47",1,No,No,"€1,140.02",1
15702095,Clarke,Spain,Female,56.0,1,"€128,472.80",1,No,No,"€186,476.91",1
15764253,Ramsey,France,Male,32.0,6,"€160,485.16",1,No,No,"€29,023.03",0
15700801,Eipper,Germany,Male,42.0,6,"€84,445.68",3,Yes,Yes,"€60,021.34",1
15730590,Ko,Germany,Female,40.0,1,"€115,409.18",2,No,No,"€180,456.80",0
15643916,Munro,Spain,Male,46.0,8,"€62,400.48",1,Yes,Yes,"€132,498.39",1
15720636,McGregor,FRA,Female,50.0,4,"€143,054.56",1,Yes,Yes,"€109,608.81",1
15795429,Henderson,French,Male,24.0,7,"€133,628.09",2,Yes,Yes,"€98,570.01",0
15609254,Fernandez,Spain,Female,41.0,9,"€107,135.04",2,Yes,Yes,"€160,546.58",0
15625141,Porter,Spain,Male,26.0,7,€0.00,2,No,No,"€6,139.74",0
15810898,Pan,France,Female,65.0,2,"€151,659.52",2,Yes,Yes,"€6,930.17",0
15775797,Esposito,Spain,Female,32.0,7,€0.00,3,Yes,Yes,"€10,674.62",0
15795246,Kaeppel,Germany,Female,51.0,9,"€155,903.82",2,Yes,Yes,"€71,159.84",0
15795275,Lamb,Spain,Female,49.0,4,"€82,940.25",2,No,No,"€62,413.01",1
15571869,Lei,Germany,Female,50.0,4,"€112,650.89",1,No,No,"€166,386.22",1
15694143,Conti,FRA,Female,41.0,10,€0.00,1,No,No,"€133,086.45",0
15748231,Hargreaves,Germany,Male,35.0,4,"€95,853.39",2,No,No,"€192,933.37",0
15632185,Yermolayev,FRA,Female,42.0,1,"€82,228.67",2,No,No,"€71,359.78",0
15806249,Kerr,Spain,Female,31.0,4,€0.00,2,Yes,Yes,"€79,270.02",0
15743293,Waters,Germany,Female,35.0,1,"€163,700.78",3,Yes,Yes,"€29,583.48",1
15598157,Onyeorulu,FRA,Male,34.0,4,"€106,328.08",1,No,No,"€88,680.65",0
15700946,Kolesnikova,FRA,Female,34.0,7,"€152,992.91",1,Yes,Yes,"€134,691.20",0
15722692,Kazakova,FRA,Male,38.0,3,"€116,439.65",1,No,No,"€75,574.48",0
15696506,MacDonald,Spain,Male,27.0,9,"€101,352.78",1,No,No,"€30,252.30",0
15728823,Sharwood,Spain,Female,37.0,10,€0.00,2,No,No,"€111,324.41",0
15808851,Bufkin,Germany,Female,75.0,9,"€105,609.17",1,Yes,Yes,"€105,425.18",0
15675231,Nwankwo,France,Female,45.0,8,€0.00,2,Yes,Yes,"€36,193.07",0
15732299,Boniwell,France,Male,67.0,4,€0.00,3,Yes,Yes,"€93,081.87",0
15706269,Willis,FRA,Female,47.0,8,"€103,894.38",2,Yes,Yes,"€107,625.46",0
15590078,Burns,Spain,Male,27.0,9,"€139,834.93",1,Yes,Yes,"€152,733.89",0
15776985,Kung,French,Female,36.0,6,"€112,518.71",2,Yes,Yes,"€110,421.31",0
15756743,Howells,French,Female,37.0,7,"€115,895.42",1,No,No,"€48,486.25",0
15782364,Bevan,Spain,Female,39.0,3,"€146,408.68",1,No,No,"€72,993.67",0
15604093,Neitenstein,France,Male,34.0,4,"€165,363.31",2,Yes,Yes,"€25,744.13",1
15749328,Johnson,France,Female,45.0,1,€0.00,2,No,No,"€46,807.62",1
15656322,Sandover,Germany,Male,33.0,3,"€71,843.15",1,No,No,"€26,772.04",0
15685564,Nnamutaezinwa,Spain,Male,35.0,5,"€105,492.53",1,Yes,Yes,"€150,057.20",0
15785831,Sinclair,French,Male,35.0,7,"€183,027.25",1,Yes,Yes,"€56,028.79",0
15796218,Wei,Germany,Male,29.0,1,"€131,968.57",2,Yes,Yes,"€147,693.92",0
15716218,Higgins,France,Female,45.0,3,"€104,118.50",1,Yes,Yes,"€174,032.00",0
15572735,Chang,Spain,Male,27.0,2,€0.00,2,Yes,Yes,"€153,698.65",0
15633840,Henderson,FRA,Male,20.0,0,"€125,023.10",2,Yes,Yes,"€108,301.45",0
15608760,Cox,France,Female,30.0,4,"€74,323.20",1,Yes,Yes,"€22,929.08",0
15627848,Tsui,FRA,Male,38.0,7,"€109,346.13",2,No,No,"€102,665.92",0
15792029,Lee,French,Male,32.0,6,€0.00,2,No,No,"€56,139.09",0
15617331,Sergeyeva,Germany,Female,39.0,3,"€109,698.41",1,Yes,Yes,"€88,391.29",1
15651740,Napolitani,Spain,Female,30.0,5,€0.00,2,Yes,Yes,"€149,195.44",0
15636407,Beatham,Germany,Female,34.0,5,"€127,758.09",1,No,No,"€143,357.03",0
15607526,Lu,Germany,Male,50.0,1,"€102,645.48",1,No,No,"€168,359.98",1
15632576,Yashina,France,Male,31.0,4,"€93,249.40",1,No,No,"€77,335.75",0
15581505,Bales,FRA,Male,35.0,5,€0.00,2,No,No,"€93,148.93",0
15612207,Hill,Germany,Female,51.0,1,"€87,779.83",1,Yes,Yes,"€36,687.11",1
15707242,Ibeamaka,Spain,Male,40.0,5,€0.00,2,No,No,"€146,703.36",0
15721937,Romilly,France,Male,38.0,0,"€138,131.34",1,Yes,Yes,"€115,927.85",0
15773852,Hayes,Germany,Male,38.0,4,"€70,362.52",2,Yes,Yes,"€104,189.46",0
15719778,Chiu,FRA,Female,32.0,1,€0.00,2,No,No,"€9,902.39",0
15650538,Sun,Germany,Female,48.0,7,"€168,286.58",1,No,No,"€16,645.77",1
15797475,Brennan,France,Male,44.0,3,"€86,102.27",1,No,No,"€180,134.88",1
15780359,Storey,Germany,Male,25.0,4,"€115,142.90",1,Yes,Yes,"€148,098.95",0
15737104,Lawson,Germany,Female,47.0,0,"€126,597.89",2,Yes,Yes,"€38,798.79",1
15789936,T'ao,French,Female,33.0,2,€0.00,2,No,No,"€153,295.00",0
15709523,Yao,Germany,Female,30.0,0,"€157,989.21",2,Yes,Yes,"€100,687.67",0
15593425,Bracewell,Spain,Female,54.0,1,"€187,997.15",1,No,No,"€111,442.71",1
15776725,Kerr,Germany,Male,54.0,8,"€172,192.49",1,Yes,Yes,"€136,902.01",0
15604706,Blake,Germany,Male,38.0,1,"€133,105.47",1,No,No,"€105,732.90",1
15790958,Sanders,Spain,Male,38.0,4,€0.00,2,Yes,Yes,"€35,884.91",0
15747534,Torkelson,French,Male,46.0,10,€0.00,1,No,No,"€73,489.15",1
15574237,Hsueh,France,Female,21.0,8,€0.00,2,Yes,Yes,"€110,114.19",0
15690332,Wang,Germany,Male,35.0,3,"€192,407.97",1,Yes,Yes,"€40,145.28",0
15661290,Hightower,Germany,Female,38.0,9,"€107,199.75",1,No,No,"€146,398.51",0
15651883,Genovesi,Germany,Female,55.0,6,"€115,796.70",1,No,No,"€160,526.36",1
15808905,Levan,France,Male,37.0,5,"€164,858.18",1,Yes,Yes,"€173,516.71",0
15715532,Lai,Germany,Male,38.0,4,"€117,633.28",1,Yes,Yes,"€88,396.60",0
15786078,Loginov,FRA,Female,28.0,9,€0.00,2,No,No,"€185,821.41",0
15652401,Lafleur,FRA,Female,36.0,7,€0.00,2,No,No,"€108,098.28",0
15673074,Obidimkpa,Germany,Female,30.0,6,"€126,663.51",1,Yes,Yes,"€162,267.91",0
15598744,Ch'ang,Germany,Female,71.0,6,"€140,273.47",1,Yes,Yes,"€193,135.25",1
15785975,Mason,Spain,Female,60.0,7,€0.00,2,Yes,Yes,"€168,034.90",0
15613180,Miranda,Germany,Male,21.0,8,"€153,344.72",1,Yes,Yes,"€163,295.87",0
15584229,Simon,Germany,Female,23.0,9,"€123,943.18",1,Yes,Yes,"€159,553.27",0
15773804,Golubeva,France,Male,39.0,5,€0.00,1,No,No,"€99,800.87",0
15699515,Manfrin,Germany,Male,33.0,7,"€98,630.31",2,Yes,Yes,"€40,250.82",0
15705313,Stange,France,Female,33.0,2,"€58,036.33",1,Yes,Yes,"€83,335.78",0
15693817,Ferrari,Spain,Male,28.0,5,€0.00,2,No,No,"€48,382.40",0
15673790,Taylor,Germany,Male,45.0,7,"€109,200.74",2,Yes,Yes,"€165,990.44",0
15674868,Wei,Spain,Female,30.0,0,€0.00,2,Yes,Yes,"€9,002.80",0
15692110,Ch'eng,French,Female,33.0,7,€0.00,1,No,No,"€188,156.34",0
15645904,Parsons,French,Female,33.0,6,€0.00,2,Yes,Yes,"€186,785.01",0
15581332,Pan,Germany,Female,30.0,1,"€83,173.98",2,Yes,Yes,"€184,259.60",0
15808544,Cameron,FRA,Female,40.0,3,€0.00,1,No,No,"€57,817.84",1
15734948,Igwebuike,Spain,Male,24.0,7,€0.00,2,No,No,"€144,660.42",0
15654531,Tuan,France,Male,22.0,5,"€82,559.42",2,No,No,"€163,112.90",1
15637774,Fraser,FRA,Male,32.0,5,"€73,494.21",1,No,No,"€136,301.10",0
15677141,Turnbull,Spain,Male,29.0,2,"€132,450.24",1,Yes,Yes,"€36,176.63",0
15739578,Chiazagomekpere,French,Male,49.0,6,"€128,663.90",1,No,No,"€65,769.30",1
15697360,Yudina,FRA,Female,36.0,2,"€79,951.90",1,Yes,Yes,"€174,123.16",1
15655213,Udinese,Germany,Female,51.0,8,"€132,508.30",1,Yes,Yes,"€161,304.68",1
15580872,Chinweike,Germany,Female,38.0,1,"€120,530.13",2,No,No,"€109,394.62",0
15683213,Bergamaschi,France,Female,35.0,10,"€74,988.59",2,Yes,Yes,"€190,155.13",0
15801188,Milliner,French,Female,47.0,6,"€94,722.88",1,Yes,Yes,"€61,450.96",0
15645029,Knowles,Spain,Female,33.0,5,€0.00,2,No,No,"€8,673.43",0
15633181,Swinton,French,Male,31.0,6,"€71,269.89",2,Yes,Yes,"€125,912.77",0
15598259,Gregory,Germany,Female,41.0,9,"€98,612.10",1,No,No,"€151,349.35",0
15576000,Chibueze,French,Male,40.0,6,"€138,033.55",1,Yes,Yes,"€67,972.45",0
15766047,Sukhorukova,FRA,Female,41.0,2,"€91,621.69",1,Yes,Yes,"€71,139.31",0
15596339,French,FRA,Male,54.0,3,"€140,014.42",1,Yes,Yes,"€86,350.97",0
15715199,Estrada,Spain,Male,27.0,5,"€126,815.97",2,Yes,Yes,"€118,648.12",0
15615938,Fleming,FRA,Female,64.0,3,"€139,663.37",1,Yes,Yes,"€100,995.11",0
15679991,Kennedy,French,Female,28.0,7,€0.00,2,Yes,Yes,"€147,100.72",0
15626135,Combes,FRA,Male,34.0,1,"€165,312.27",1,No,No,"€155,495.63",0
15792934,Carruthers,France,Male,26.0,8,€0.00,2,No,No,"€196,875.87",0
15744046,Andrejew,Spain,Male,33.0,8,€0.00,2,Yes,Yes,"€63,176.77",0
15700826,Ko,Germany,Female,54.0,1,"€123,699.28",2,Yes,Yes,"€105,221.76",0
15756301,Daniels,Germany,Female,29.0,3,"€97,325.15",1,Yes,Yes,"€131,924.38",0
15586517,Toscano,French,Male,32.0,5,"€97,041.16",1,Yes,Yes,"€23,132.73",0
15751297,Wilson,FRA,Male,36.0,5,€0.00,2,No,No,"€161,428.25",0
15710365,Thomson,FRA,Male,50.0,0,"€104,129.24",2,No,No,"€181,794.86",1
15679307,Kazantseva,FRA,Female,43.0,1,€0.00,1,Yes,Yes,"€86,634.30",0
15610753,Cremonesi,FRA,Male,28.0,3,"€104,367.50",1,Yes,Yes,"€29,937.75",0
15811036,Ferri,France,Male,46.0,7,"€135,369.71",1,Yes,Yes,"€140,130.22",0
15610912,Ferri,Spain,Female,41.0,6,"€112,119.48",1,No,No,"€17,536.82",0
15619932,Lombardi,France,Male,66.0,7,"€123,760.68",1,Yes,Yes,"€53,157.16",0
15746199,Eluemuno,France,Female,41.0,6,€0.00,1,Yes,Yes,"€143,585.29",1
15584967,Chiganu,Spain,Male,57.0,6,€0.00,2,Yes,Yes,"€72,402.00",0
15734365,Hsueh,France,Male,39.0,5,€0.00,2,Yes,Yes,"€39,891.84",0
15726960,O'Brien,France,Female,36.0,3,€0.00,2,Yes,Yes,"€89,804.83",0
15665177,Booth,French,Male,44.0,3,€0.00,2,Yes,Yes,"€136,491.72",0
15779915,O'Loghlin,Spain,Male,31.0,5,€0.00,1,No,No,"€35,593.18",0
15729110,Lavrov,Spain,Female,42.0,7,€0.00,2,No,No,"€58,268.20",1
15575399,Somadina,French,Female,42.0,1,"€152,160.21",2,No,No,"€101,778.90",0
15678374,Colombo,FRA,Female,59.0,5,€0.00,2,Yes,Yes,"€185,123.09",0
15792679,Troupe,France,Male,24.0,2,€0.00,2,Yes,Yes,"€119,927.81",0
15668767,Kenenna,FRA,Male,36.0,3,€0.00,2,No,No,"€195,033.07",0
15761886,Franklin,FRA,Male,36.0,4,"€172,381.80",1,Yes,Yes,"€86,480.29",0
15583076,Deleon,Germany,Male,41.0,6,"€106,116.56",2,No,No,"€198,766.61",0
15815615,Kung,France,Male,36.0,5,"€141,952.07",1,Yes,Yes,"€185,144.08",0
15591942,Zito,Spain,Female,33.0,7,€0.00,2,Yes,Yes,"€3,729.89",0
15724924,Giordano,French,Female,37.0,6,"€138,497.84",1,Yes,Yes,"€18,988.58",0
15762123,Davide,Spain,Female,34.0,1,€0.00,2,No,No,"€119,313.74",0
15567893,Lei,Germany,Male,33.0,3,"€124,213.36",2,No,No,"€62,627.55",0
15648989,Moss,France,Male,37.0,4,"€126,872.60",1,No,No,"€197,266.58",0
15662021,Lucciano,Spain,Female,42.0,2,€0.00,2,No,No,"€199,992.48",0
15691627,Tai,French,Female,37.0,8,€0.00,1,Yes,Yes,"€16,403.41",0
15731751,Osinachi,French,Female,26.0,1,"€120,923.52",1,Yes,Yes,"€78,854.57",0
15635277,Coates,Spain,Male,47.0,7,"€142,643.54",1,No,No,"€189,310.27",0
15655252,Larionova,Germany,Male,41.0,10,"€79,857.64",1,Yes,Yes,"€78,088.17",0
15803941,Seleznev,French,Male,46.0,10,"€95,502.21",1,No,No,"€19,842.18",0
15714380,Butcher,FRA,Male,38.0,5,€0.00,2,No,No,"€103,305.01",0
15666559,Gould,Germany,Male,23.0,8,"€197,715.93",2,Yes,Yes,"€116,124.28",0
15799998,Cunningham,France,Female,30.0,8,"€85,859.76",1,No,No,"€142,730.27",0
15703763,Sanderson,FRA,Male,44.0,7,"€85,304.27",1,Yes,Yes,"€58,076.52",0
15795640,Mai,Germany,Female,35.0,1,"€132,371.30",2,No,No,"€186,123.57",0
15780056,Reid,Spain,Male,33.0,4,€0.00,1,No,No,"€29,664.45",0
15777873,Downer,France,Female,31.0,5,€0.00,1,No,No,"€147,963.07",1
15584749,Humphries,Germany,Male,39.0,4,"€79,896.00",1,No,No,"€38,466.39",0
15765258,Bochsa,FRA,Female,29.0,5,€0.00,2,Yes,Yes,"€143,301.49",0
15623346,Czajkowski,FRA,Male,36.0,4,€0.00,2,No,No,"€31,422.69",0
15614054,Pankhurst,French,Male,36.0,1,€0.00,2,Yes,Yes,"€121,505.61",0
15766185,She,Germany,Male,31.0,4,"€146,587.30",1,Yes,Yes,"€89,874.82",0
15667632,Birdseye,France,Female,42.0,7,€0.00,2,Yes,Yes,"€72,500.68",0
15599024,Hope,Spain,Male,32.0,8,€0.00,2,Yes,Yes,"€182,692.80",0
15798709,Gill,Spain,Male,32.0,3,"€109,109.33",1,Yes,Yes,"€4,993.94",0
15741921,Moon,Spain,Female,26.0,8,€0.00,2,Yes,Yes,"€124,964.82",0
15793671,Watt,France,Male,34.0,5,€0.00,1,No,No,"€161,971.42",0
15797900,Chinomso,France,Male,56.0,9,"€142,147.32",1,No,No,"€39,488.04",1
15667932,Bellucci,Spain,Female,43.0,10,€0.00,2,Yes,Yes,"€55,313.44",0
15795933,Barese,FRA,Female,49.0,3,€0.00,2,Yes,Yes,"€187,811.71",0
15660403,Fleming,Spain,Female,35.0,0,€0.00,2,Yes,Yes,"€184,514.01",0
15736299,Bell,French,Female,36.0,8,"€109,106.80",1,No,No,"€121,311.12",0
15759034,Li Fonti,French,Male,36.0,2,"€112,262.84",1,No,No,"€12,873.39",0
15724663,Christmas,Spain,Female,36.0,5,€0.00,2,No,No,"€157,238.05",0
15594556,Chuter,Spain,Male,52.0,8,€0.00,2,Yes,Yes,"€123,242.11",0
15737169,Johnson,Spain,Male,26.0,8,"€144,238.70",1,Yes,Yes,"€184,399.76",0
15632472,Scott,Spain,Female,32.0,1,"€159,397.75",1,Yes,Yes,"€57,323.18",0
15722813,Byrne,Spain,Male,30.0,4,"€125,385.01",1,No,No,"€68,293.93",0
15588450,Chukwudi,French,Female,60.0,8,"€69,365.25",1,Yes,Yes,"€10,288.24",0
15736717,Ma,France,Male,31.0,7,"€155,271.83",1,Yes,Yes,"€179,446.31",0
15680683,Simmons,Spain,Male,29.0,5,"€197,200.04",2,No,No,"€141,453.62",0
15710316,Fang,Spain,Female,48.0,5,"€144,837.79",1,Yes,Yes,"€93,151.77",0
15746333,Blake,French,Female,57.0,3,€0.00,3,No,No,"€6,554.97",1
15606861,Tien,FRA,Male,34.0,8,€0.00,2,No,No,"€38,570.13",0
15641285,Yusupova,Spain,Male,50.0,3,"€163,085.79",1,Yes,Yes,"€131,048.36",0
15662908,Davidson,Germany,Male,38.0,7,"€125,903.22",2,Yes,Yes,"€127,068.92",0
15814267,Zhdanova,FRA,Male,22.0,6,"€154,377.30",1,Yes,Yes,"€51,721.52",0
15614923,Nielson,Spain,Male,41.0,7,"€107,511.52",1,Yes,Yes,"€46,156.87",0
15579223,Niu,Germany,Male,30.0,8,"€127,406.50",1,No,No,"€192,950.60",0
15651389,Kay,Spain,Male,24.0,8,"€143,656.55",1,Yes,Yes,"€180,932.46",0
15677087,Green,France,Female,39.0,5,"€138,106.75",1,No,No,"€19,596.73",0
15665784,She,French,Male,27.0,9,"€128,940.24",1,No,No,"€46,786.92",0
15576706,Ajuluchukwu,Germany,Male,37.0,9,"€114,453.58",1,Yes,Yes,"€175,820.91",0
15615473,Sabbatini,French,Female,33.0,2,€0.00,2,No,No,"€198,208.00",0
15587299,Board,FRA,Female,48.0,3,€0.00,1,No,No,"€55,362.45",0
15655389,Leckie,FRA,Male,41.0,1,"€131,762.94",1,Yes,Yes,"€47,675.29",0
15784491,Ho,French,Female,31.0,6,€0.00,1,No,No,"€61,326.43",0
15809999,Gordon,France,Female,41.0,3,"€150,300.65",2,No,No,"€71,672.86",0
15681115,Iroawuchi,Spain,Male,39.0,10,"€108,935.39",1,Yes,Yes,"€101,168.30",0
15629390,Liao,FRA,Male,37.0,7,"€135,847.47",1,No,No,"€144,880.81",0
15792668,Hamilton,Germany,Male,37.0,7,"€109,908.06",2,No,No,"€115,037.67",1
15583863,Chimaobim,Germany,Male,49.0,8,"€142,946.18",1,No,No,"€187,280.51",1
15681878,Fan,Germany,Male,45.0,3,"€104,339.11",2,Yes,Yes,"€183,540.22",1
15782875,Cayley,FRA,Male,33.0,5,"€157,274.36",2,Yes,Yes,"€28,531.81",0
15732235,Kuykendall,French,Male,64.0,0,"€98,848.19",1,Yes,Yes,"€42,730.12",0
15735909,McDonald,Germany,Female,39.0,8,"€105,103.33",1,No,No,"€104,721.50",1
15653448,Duncan,France,Male,34.0,7,€0.00,2,Yes,Yes,"€65,219.85",0
15587647,Browne,Germany,Female,66.0,0,"€127,120.62",1,Yes,Yes,"€118,929.64",1
15701037,Barton,FRA,Male,39.0,2,€0.00,2,No,No,"€70,563.90",0
15727499,Boyle,Germany,Female,36.0,3,"€129,118.50",2,No,No,"€139,435.12",0
15724838,Moretti,FRA,Female,43.0,4,€0.00,1,No,No,"€170,347.10",0
15666711,Ukaegbulam,France,Female,46.0,0,€0.00,3,Yes,Yes,"€131,553.82",1
15588933,Nwankwo,France,Female,36.0,3,"€146,053.66",1,Yes,Yes,"€138,344.70",0
15763111,Niu,Spain,Female,67.0,10,"€124,577.15",1,Yes,Yes,"€169,894.40",0
15805676,Hsu,Spain,Male,29.0,4,"€151,012.55",2,No,No,"€9,770.97",0
15586674,Shaw,Spain,Female,58.0,5,"€216,109.88",1,Yes,Yes,"€74,176.71",1
15744553,Ho,French,Male,34.0,2,"€144,318.97",1,No,No,"€112,668.06",0
15776629,Christie,France,Female,39.0,4,€0.00,2,No,No,"€186,275.70",0
15647207,Onwuemelie,FRA,Male,26.0,7,€0.00,2,No,No,"€98,463.99",0
15715638,Ch'ang,Germany,Male,77.0,3,"€27,517.15",2,Yes,Yes,"€2,746.41",0
15750602,Clendinnen,France,Male,29.0,5,"€147,092.65",1,No,No,"€10,928.30",0
15766810,Onyemauchechi,Germany,Female,51.0,2,"€92,246.14",2,Yes,Yes,"€91,346.03",0
15756625,Crawford,France,Female,41.0,8,€0.00,2,No,No,"€139,844.04",1
15639552,Mellor,Germany,Female,40.0,8,"€148,897.02",1,No,No,"€105,052.90",0
15633213,Rizzo,Spain,Male,50.0,8,€0.00,1,No,No,"€144,366.83",1
15610416,Christie,France,Female,36.0,9,€0.00,1,No,No,"€19,605.18",1
15715208,Watkins,Germany,Female,33.0,10,"€138,335.96",1,Yes,Yes,"€80,483.76",0
15619608,Ojiofor,Germany,Female,50.0,10,"€92,895.56",1,No,No,"€154,344.00",1
15628697,Tung,Spain,Male,46.0,9,"€160,736.63",1,Yes,Yes,"€93,503.02",0
15643826,McKay,French,Male,32.0,4,€0.00,2,Yes,Yes,"€153,036.97",0
15718588,Meng,France,Female,37.0,9,€0.00,2,No,No,"€98,029.58",0
15709741,Hussain,France,Male,28.0,4,"€107,141.27",1,No,No,"€193,018.71",0
15723318,Mactier,French,Female,55.0,0,€0.00,3,No,No,"€60,810.64",1
15717328,Hsueh,French,Female,37.0,4,"€132,446.08",2,No,No,"€87,071.18",1
15771299,Nnachetam,French,Female,57.0,1,"€92,053.00",1,Yes,Yes,"€164,064.44",1
15706223,Barnes,Spain,Male,38.0,2,"€96,798.79",2,Yes,Yes,"€4,554.67",0
15612358,Christie,Germany,Male,35.0,9,"€134,498.54",2,Yes,Yes,"€119,924.80",0
15769191,Lipton,FRA,Male,55.0,8,"€132,387.91",2,Yes,Yes,"€170,360.11",0
15618816,Yu,Germany,Female,40.0,2,"€147,171.20",1,Yes,Yes,"€69,850.04",0
15730810,Storey,Spain,Male,44.0,9,"€100,524.69",1,Yes,Yes,"€47,298.95",0
15783463,Read,French,Female,26.0,1,€0.00,2,No,No,"€45,443.68",0
15616213,Levy,Germany,Female,51.0,9,"€138,214.50",1,No,No,"€198,715.27",1
15611287,Chiu,FRA,Female,30.0,4,€0.00,2,Yes,Yes,"€115,611.97",0
15786454,Moore,Spain,Male,55.0,3,€0.00,1,Yes,Yes,"€40,333.94",0
15768682,Amies,Spain,Male,39.0,3,€0.00,1,Yes,Yes,"€105,997.25",0
15766172,Tsao,French,Male,34.0,3,"€128,743.55",1,No,No,"€134,851.12",0
15637646,Rowley,FRA,Male,31.0,10,"€122,647.32",1,No,No,"€61,666.87",0
15653404,Aliyev,Spain,Female,24.0,9,"€79,263.90",1,Yes,Yes,"€196,574.48",0
15690546,Riley,France,Female,42.0,2,€0.00,4,No,No,"€111,097.39",1
15735636,Toscano,France,Female,53.0,2,"€121,389.78",1,Yes,Yes,"€48,201.64",1
15605424,Oluchukwu,Spain,Male,38.0,7,"€123,906.55",1,No,No,"€135,096.78",0
15568449,Fu,Spain,Male,38.0,7,"€143,006.70",1,Yes,Yes,"€15,650.89",0
15688085,Warner,Spain,Female,28.0,3,"€157,597.61",1,Yes,Yes,"€34,097.22",0
15683483,Fleming,Spain,Male,38.0,3,"€127,117.80",2,Yes,Yes,"€174,822.74",0
15659567,Ch'iu,French,Female,39.0,9,"€117,103.26",2,Yes,Yes,"€85,937.52",1
15766667,Langler,Spain,Male,36.0,2,"€102,989.83",2,Yes,Yes,"€49,185.57",0
15624975,Angelo,Spain,Male,28.0,1,"€145,118.83",1,Yes,Yes,"€77,742.38",0
15660878,T'ien,France,Male,92.0,1,"€126,076.24",2,Yes,Yes,"€34,436.83",0
15586557,Milani,French,Male,41.0,5,€0.00,1,Yes,Yes,"€88,279.60",0
15746183,Pye,French,Female,27.0,4,€0.00,2,Yes,Yes,"€157,549.60",0
15631457,Asher,French,Male,37.0,5,"€98,186.70",1,Yes,Yes,"€173,386.95",0
15754053,Chung,France,Female,67.0,7,€0.00,3,Yes,Yes,"€82,782.08",0
15645839,Yudin,France,Male,37.0,6,€0.00,1,Yes,Yes,"€187,758.50",0
15689955,Arcuri,FRA,Female,40.0,7,€0.00,2,No,No,"€176,547.80",0
15593510,Capon,Germany,Female,33.0,5,"€129,335.65",1,Yes,Yes,"€56,585.20",1
15654964,Piccio,Spain,Male,48.0,7,"€75,801.74",1,No,No,"€125,762.95",0
15594039,Lung,Spain,Male,42.0,6,€0.00,2,No,No,"€113,868.40",0
15625929,Trevisan,FRA,Female,44.0,7,"€159,316.64",1,No,No,"€24,780.13",0
15815295,John,FRA,Female,38.0,2,"€96,479.81",1,No,No,"€120,259.41",0
15621818,Anayolisa,Germany,Male,29.0,7,"€117,726.33",1,Yes,Yes,"€175,398.34",0
15652700,Ritchie,France,Male,39.0,6,€0.00,2,Yes,Yes,"€86,767.48",0
15636860,Ch'eng,French,Male,43.0,4,"€122,351.29",1,No,No,"€71,216.60",0
15569432,Macleod,France,Female,48.0,9,€0.00,2,Yes,Yes,"€85,240.61",1
15751455,Boyle,FRA,Female,48.0,5,€0.00,1,No,No,"€160,529.71",1
15800583,Chukwuemeka,Spain,Female,43.0,8,€0.00,1,No,No,"€102,806.60",0
15770214,Bryant,France,Female,27.0,7,€0.00,2,No,No,"€144,134.64",0
15613463,Hackett,Germany,Female,50.0,6,"€132,598.38",2,Yes,Yes,"€184,017.98",0
15587066,Kovaleva,FRA,Male,38.0,2,"€119,272.29",1,No,No,"€195,896.59",1
15693752,Reed,France,Male,37.0,2,€0.00,2,Yes,Yes,"€126,722.57",0
15714874,Major,France,Female,42.0,3,€0.00,2,Yes,Yes,"€176,883.42",0
15657809,Lo,France,Male,55.0,10,"€106,415.57",3,Yes,Yes,"€122,960.98",1
15651955,Hanson,French,Male,31.0,4,€0.00,2,Yes,Yes,"€9,607.10",0
15570912,Ogbonnaya,Germany,Female,32.0,9,"€127,772.10",2,Yes,Yes,"€152,643.48",0
15640266,Windsor,Spain,Male,41.0,5,"€104,631.67",1,Yes,Yes,"€95,551.22",0
15652069,Calabrese,FRA,Male,30.0,1,€0.00,2,No,No,"€141,860.62",0
15596074,Keating,French,Male,37.0,10,€0.00,1,Yes,Yes,"€76,642.68",0
15800268,Costa,Germany,Male,37.0,6,"€118,050.79",1,Yes,Yes,"€52,301.15",0
15809847,Tan,FRA,Male,46.0,0,€0.00,2,No,No,"€29,388.02",0
15599074,Ma,Spain,Female,40.0,6,"€136,093.74",1,Yes,Yes,"€193,408.43",0
15599591,Martin,Germany,Female,39.0,7,"€88,477.36",2,No,No,"€58,632.37",0
15776096,Halpern,Spain,Male,34.0,3,"€161,572.24",1,Yes,Yes,"€191,076.22",0
15611669,Nyhan,Germany,Male,50.0,7,"€126,608.37",1,Yes,Yes,€645.61,1
15694098,Jackson,FRA,Female,54.0,9,"€68,332.96",1,Yes,Yes,"€144,390.75",0
15713347,Reynolds,Spain,Male,48.0,6,"€179,852.26",1,No,No,"€193,580.32",0
15713094,Tai,French,Female,25.0,8,€0.00,2,Yes,Yes,"€126,761.20",0
15811978,Trevisani,Germany,Male,46.0,2,"€104,763.41",1,Yes,Yes,"€62,368.33",0
15799925,Uwakwe,France,Male,60.0,6,"€88,541.57",2,Yes,Yes,"€131,718.12",0
15692575,Kerr,French,Male,38.0,6,"€162,888.73",1,No,No,"€91,098.76",1
15743149,Findlay,French,Female,35.0,8,€0.00,1,Yes,Yes,"€67,508.01",0
15776947,Ugorji,Spain,Male,43.0,8,€0.00,1,No,No,"€12,156.93",1
15700656,Balashova,France,Male,32.0,9,€0.00,2,No,No,"€65,089.38",0
15594515,Cheng,French,Female,44.0,7,€0.00,2,No,No,"€62,370.67",1
15787884,Martin,France,Female,30.0,7,€0.00,2,Yes,Yes,"€18,826.34",0
15577988,Skinner,France,Female,35.0,1,€0.00,2,Yes,Yes,"€3,342.62",0
15795586,McDonald,France,Male,35.0,1,"€92,474.05",1,No,No,"€178,626.07",0
15677739,Dellucci,France,Male,36.0,6,€0.00,2,No,No,"€32,845.32",0
15720134,Reynolds,Germany,Male,30.0,9,"€115,479.48",2,Yes,Yes,"€134,732.99",0
15688868,Birdsall,French,Female,26.0,5,"€87,098.91",1,No,No,"€106,095.82",0
15642996,Tsai,Germany,Female,42.0,9,"€86,351.85",2,No,No,"€57,380.13",0
15771222,Oguejiofor,FRA,Female,42.0,5,€0.00,2,No,No,"€25,951.91",0
15605059,Mackie,Germany,Male,63.0,3,"€148,843.56",1,No,No,"€69,414.13",1
15568088,Jamieson,Germany,Male,44.0,3,"€163,714.52",1,No,No,"€96,123.72",0
15665943,Mai,France,Male,25.0,6,€0.00,2,No,No,"€119,425.94",0
15795571,Patterson,Spain,Male,36.0,0,"€94,153.56",1,Yes,Yes,"€120,138.27",0
15662243,Taylor,French,Male,50.0,5,"€162,702.35",1,No,No,"€150,548.50",1
15593128,Vinogradoff,France,Female,56.0,10,"€129,255.20",2,No,No,"€142,492.04",1
15589739,North,France,Male,41.0,3,"€90,605.29",1,Yes,Yes,"€14,357.00",0
15787602,Carter,Spain,Male,39.0,5,€0.00,2,Yes,Yes,"€129,569.92",0
15685019,Graham,France,Male,29.0,3,"€102,787.42",1,No,No,"€55,972.56",0
15704209,Noble,French,Female,39.0,7,"€120,145.96",2,Yes,Yes,"€59,497.01",1
15605264,Walker,Germany,Male,47.0,0,"€63,723.78",2,Yes,Yes,"€181,928.25",0
15708265,Chibugo,Spain,Female,24.0,10,"€159,203.71",1,Yes,Yes,"€102,517.83",1
15740264,Yobachi,French,Male,38.0,9,€0.00,2,No,No,"€88,827.67",0
15615477,Ignatyeva,Spain,Female,44.0,1,€0.00,2,No,No,"€14,161.30",0
15727361,Chiemela,French,Female,51.0,1,€0.00,2,Yes,Yes,"€56,908.41",0
15760216,Pokrovskaya,France,Female,49.0,10,€0.00,1,No,No,"€184,474.72",1
15806134,Storey,Germany,Male,34.0,9,"€162,691.16",2,No,No,"€94,912.78",0
15601351,Moroney,France,Male,43.0,9,"€127,806.91",1,Yes,Yes,"€73,069.59",0
15669262,Maslov,France,Male,43.0,9,"€157,960.49",2,No,No,"€136,602.80",0
15696989,Chukwueloka,Germany,Female,52.0,8,"€139,493.25",3,No,No,"€150,093.32",1
15688498,Chu,Germany,Female,21.0,2,"€87,096.82",2,No,No,"€168,186.11",0
15686964,Spence,France,Female,34.0,10,"€84,944.58",1,No,No,"€146,230.63",0
15625035,Mills,French,Male,50.0,8,"€160,139.59",2,Yes,Yes,"€79,314.10",0
15618391,Doyle,FRA,Male,33.0,6,€0.00,2,Yes,Yes,"€77,965.67",0
15591344,Donnelly,Spain,Male,42.0,6,€0.00,2,Yes,Yes,"€128,745.69",0
15605455,Tai,France,Male,40.0,9,€0.00,2,No,No,"€194,767.30",0
15680804,Abbott,FRA,Male,29.0,6,€0.00,2,Yes,Yes,"€10,672.54",0
15768282,Perez,Germany,Male,36.0,6,"€94,615.11",2,Yes,Yes,"€10,627.21",0
15685826,Hsiung,France,Male,30.0,7,"€90,727.79",1,No,No,"€122,268.75",0
15793491,Cherkasova,Germany,Male,26.0,3,"€119,545.48",2,No,No,"€65,482.94",0
15797787,Denisov,France,Male,36.0,1,"€118,311.76",1,No,No,"€146,134.68",0
15611171,Fowler,French,Male,33.0,1,"€129,574.98",1,Yes,Yes,"€123,300.38",0
15601627,Siciliano,FRA,Male,33.0,8,"€148,163.57",1,No,No,"€122,925.40",0
15734085,Crocker,Germany,Male,24.0,5,"€117,154.90",1,Yes,Yes,"€127,744.02",0
15809309,Longo,Spain,Female,40.0,5,"€154,251.67",1,Yes,Yes,"€118,319.50",0
15809462,Polyakova,France,Male,30.0,3,€0.00,2,Yes,Yes,"€17,104.00",0
15634628,Brown,French,Female,33.0,1,"€65,667.79",2,No,No,"€164,608.98",0
15775678,Uspensky,France,Female,44.0,1,€0.00,1,Yes,Yes,"€152,108.47",0
15579526,O'Meara,France,Male,42.0,1,"€50,194.59",1,Yes,Yes,"€23,399.58",0
15779103,Cantamessa,Germany,Female,39.0,9,"€96,748.89",2,No,No,"€94,711.43",0
15738715,Alexander,FRA,Female,37.0,4,€0.00,3,No,No,"€7,312.25",1
15593943,Chinagorom,FRA,Female,43.0,1,"€132,667.17",1,Yes,Yes,"€41,876.98",0
15754574,Tomlinson,Spain,Male,36.0,5,€0.00,2,Yes,Yes,"€96,881.32",0
15737814,Lo,France,Male,41.0,2,"€127,087.06",1,No,No,"€102,402.91",1
15670889,Nwachukwu,FRA,Male,34.0,1,"€125,566.90",1,Yes,Yes,"€176,763.27",0
15629299,Yang,Germany,Female,52.0,1,"€106,074.89",1,Yes,Yes,"€23,548.45",1
15771569,Bage,Germany,Male,46.0,4,"€137,367.94",1,Yes,Yes,"€33,450.11",0
15811927,Marcelo,France,Female,38.0,3,"€157,658.36",1,No,No,"€19,658.43",0
15785654,Ofodile,Germany,Male,45.0,6,"€114,422.85",2,Yes,Yes,"€104,678.78",1
15665524,Savage,Spain,Male,41.0,5,"€103,154.66",1,No,No,"€143,203.78",0
15736287,Piccio,France,Male,33.0,9,€0.00,1,No,No,"€6,975.02",0
15765732,Simmons,Spain,Female,24.0,6,"€149,592.14",1,Yes,Yes,"€153,771.80",0
15797381,DeRose,Germany,Female,48.0,3,"€133,903.12",2,Yes,Yes,"€85,902.39",1
15598536,Onuchukwu,Germany,Female,26.0,0,"€84,587.90",1,Yes,Yes,"€188,037.76",0
15664506,Goodwin,Spain,Male,32.0,8,"€197,436.82",1,Yes,Yes,"€52,710.70",0
15575619,Teakle,Spain,Female,32.0,1,"€104,254.27",1,Yes,Yes,"€17,034.37",0
15587394,Thomson,FRA,Male,39.0,4,"€140,133.08",2,No,No,"€131,304.45",0
15654457,Cross,Spain,Female,30.0,2,€0.00,3,Yes,Yes,"€172,576.43",1
15762793,Jones,Germany,Female,36.0,0,"€136,980.23",2,Yes,Yes,"€99,019.65",0
15658067,Walker,Germany,Female,48.0,3,"€120,568.41",1,No,No,"€190,160.04",1
15642816,De Salis,FRA,Female,27.0,7,"€43,658.33",2,Yes,Yes,"€3,025.49",0
15693088,Oliver,FRA,Female,37.0,9,€0.00,2,Yes,Yes,"€34,689.77",0
15793883,Lo Duca,FRA,Male,28.0,3,€0.00,2,No,No,"€2,305.27",0
15665283,Brookes,French,Female,57.0,7,"€72,092.95",4,Yes,Yes,"€113,228.82",1
15680421,Challis,France,Female,42.0,10,€0.00,2,No,No,"€171,099.22",0
15695148,Ibeabuchi,Spain,Female,37.0,9,€0.00,2,Yes,Yes,"€62,023.10",0
15636592,Iroawuchi,FRA,Male,35.0,0,"€181,821.96",2,Yes,Yes,"€36,923.67",1
15772618,Tyler,FRA,Male,25.0,7,"€90,920.75",1,Yes,Yes,"€112,256.57",0
15724453,Fan,FRA,Male,23.0,2,€0.00,1,No,No,"€198,830.98",0
15565878,Bates,Spain,Male,29.0,3,€0.00,2,Yes,Yes,"€197,963.46",0
15609160,Marsden,French,Male,32.0,1,€0.00,2,No,No,"€31,635.99",0
15678460,Dodgshun,FRA,Male,30.0,9,€0.00,1,No,No,"€49,594.02",0
15662571,Maclean,FRA,Male,35.0,8,€0.00,2,No,No,"€170,483.90",0
15606849,Blackall,France,Female,27.0,1,"€94,920.71",1,Yes,Yes,"€40,339.90",0
15670738,Mazzanti,Germany,Male,45.0,2,"€113,939.36",2,No,No,"€3,218.71",0
15662641,Amadi,France,Male,19.0,8,€0.00,1,Yes,Yes,"€68,569.89",0
15727539,Schoenheimer,French,Female,31.0,4,€0.00,2,No,No,"€29,176.04",0
15651020,Fiorentino,FRA,Female,25.0,6,"€110,666.42",2,No,No,"€46,758.42",0
15673877,Murray,French,Male,39.0,1,€0.00,3,No,No,"€171,060.01",1
15760865,Fan,Germany,Female,48.0,7,"€141,819.02",1,No,No,"€93,550.53",1
15705009,Cartwright,FRA,Female,56.0,8,"€156,974.26",1,No,No,"€89,405.26",1
15657540,Cremonesi,FRA,Male,50.0,5,"€151,215.34",2,No,No,"€169,804.40",0
15707441,White,Spain,Male,26.0,8,"€116,318.23",1,Yes,Yes,"€83,253.05",0
15694765,Sabbatini,Germany,Male,49.0,6,"€113,882.33",1,No,No,"€195,813.81",1
15649086,Patterson,France,Male,42.0,7,€0.00,2,Yes,Yes,"€121,568.37",0
15650488,Bromley,French,Female,48.0,6,"€127,253.98",1,Yes,Yes,"€92,144.09",1
15760924,Doherty,Spain,Male,41.0,2,"€100,062.39",1,No,No,"€126,307.25",0
15700263,Ifeatu,French,Male,66.0,2,€0.00,1,No,No,"€130,784.20",1
15806922,Bergamaschi,Spain,Female,41.0,4,"€126,605.14",1,Yes,Yes,"€166,694.93",0
15637522,Shubina,France,Female,31.0,0,"€106,942.08",1,Yes,Yes,"€44,001.11",0
15636548,Lung,Spain,Male,44.0,7,€0.00,2,No,No,"€185,992.36",0
15566891,Kinder,Germany,Female,41.0,3,"€88,594.93",1,No,No,"€178,997.89",0
15627185,Terry,Germany,Male,29.0,6,"€123,737.04",2,No,No,"€141,558.04",0
15754012,Shepherdson,France,Female,35.0,1,"€110,752.15",2,Yes,Yes,"€47,921.22",0
15627514,Short,Spain,Female,46.0,3,€0.00,2,Yes,Yes,"€104,902.68",0
15661433,Zetticci,French,Male,34.0,5,€0.00,1,No,No,"€68,479.60",0
15610653,Belov,Spain,Female,38.0,5,€0.00,2,Yes,Yes,"€1,271.51",0
15667002,Knight,Spain,Male,43.0,5,€0.00,2,No,No,"€29,346.10",0
15709199,Burson,Spain,Female,40.0,1,€0.00,1,Yes,Yes,"€184,118.73",0
15710087,Nicholls,Germany,Female,54.0,3,"€125,889.30",3,No,No,"€96,013.50",1
15679884,Hs?eh,France,Male,48.0,10,"€78,314.63",3,Yes,Yes,"€103,713.93",1
15784180,Ku,French,Female,36.0,7,"€206,329.65",1,Yes,Yes,"€46,632.87",1
15808849,T'ien,France,Male,40.0,7,"€145,536.90",1,Yes,Yes,"€135,334.24",0
15751549,H?,Germany,Male,31.0,2,"€77,082.65",2,No,No,"€13,482.28",0
15588235,Vasilieva,France,Female,24.0,8,"€145,081.73",1,Yes,Yes,"€130,075.07",0
15640418,Omeokachie,Germany,Female,41.0,4,"€115,897.73",1,No,No,"€143,544.48",0
15721116,Napolitano,Spain,Male,24.0,0,"€108,058.07",2,Yes,Yes,"€187,826.11",0
15599084,Hopwood,FRA,Male,33.0,7,"€191,523.09",1,Yes,Yes,"€167,058.75",0
15773394,Bergamaschi,FRA,Male,38.0,3,€0.00,2,Yes,Yes,"€79,928.41",0
15625713,Lindeman,Spain,Female,39.0,7,"€91,187.90",1,Yes,Yes,"€6,075.36",0
15766417,McKinley,FRA,Female,60.0,2,€0.00,2,Yes,Yes,"€43,821.56",0
15622578,Sergeyev,France,Male,34.0,5,"€113,958.55",1,Yes,Yes,"€32,125.98",0
15799924,Sanchez,Spain,Male,43.0,1,"€147,167.25",1,No,No,"€141,679.73",0
15618363,Muomelu,Germany,Male,29.0,9,"€82,916.48",1,Yes,Yes,"€84,133.48",0
15637138,Murray,FRA,Male,34.0,1,€0.00,2,No,No,"€9,692.58",0
15781665,Ibekwe,FRA,Female,37.0,5,€0.00,1,No,No,"€20,708.60",0
15804853,McVey,France,Female,48.0,0,"€57,098.96",1,No,No,"€85,644.06",1
15651627,White,Germany,Male,39.0,1,"€115,341.19",1,Yes,Yes,"€107,674.30",1
15680685,Patterson,French,Male,30.0,3,"€165,257.20",1,No,No,"€134,822.05",0
15808930,Mai,France,Female,37.0,1,€0.00,1,No,No,"€4,606.97",0
15570970,Han,FRA,Female,42.0,9,€0.00,2,Yes,Yes,"€51,362.82",0
15679961,Davidson,Spain,Male,46.0,7,"€68,799.72",1,Yes,Yes,"€39,704.14",0
15705458,Parkin,Spain,Male,39.0,2,"€116,120.19",2,Yes,Yes,"€195,638.13",0
15750396,McKissick,French,Male,33.0,1,€0.00,2,Yes,Yes,"€86,413.11",0
15679928,Horsfall,French,Female,31.0,2,"€84,102.11",2,Yes,Yes,"€116,385.24",0
15711181,Clapp,France,Female,50.0,4,€0.00,2,Yes,Yes,"€182,076.97",0
15698324,Azikiwe,France,Female,33.0,4,€0.00,1,Yes,Yes,"€67,879.80",0
15807433,Zubarev,France,Female,43.0,9,€0.00,2,Yes,Yes,"€11,417.26",0
15636590,Pisano,FRA,Male,46.0,1,€0.00,2,Yes,Yes,"€65,998.26",0
15628950,Coates,Germany,Male,25.0,6,"€104,013.79",1,No,No,"€114,774.35",0
15617206,Trentino,Germany,Male,42.0,8,"€120,822.86",2,No,No,"€126,153.24",0
15603741,MacDonnell,Spain,Male,40.0,4,"€128,389.12",1,Yes,Yes,"€176,091.31",0
15742607,Ermakov,Germany,Male,36.0,7,"€102,800.72",1,Yes,Yes,"€87,352.43",0
15747821,K?,Germany,Female,31.0,6,"€135,470.90",1,No,No,"€107,074.81",0
15612043,Hammonds,France,Male,36.0,7,"€90,145.04",1,Yes,Yes,"€69,157.93",0
15809558,Peppin,Spain,Male,31.0,7,€0.00,1,Yes,Yes,"€149,970.59",0
15803750,Ball,Spain,Female,33.0,3,"€161,801.47",1,Yes,Yes,"€153,288.97",1
15704681,Yeh,Germany,Male,37.0,2,"€99,660.13",2,Yes,Yes,"€147,700.78",0
15667392,L?,Spain,Female,38.0,6,"€123,081.84",2,Yes,Yes,"€188,657.97",0
15738889,Shih,France,Male,42.0,8,"€102,870.93",1,Yes,Yes,"€103,764.55",1
15598838,Greco,France,Female,37.0,1,"€151,105.68",1,Yes,Yes,"€140,934.57",0
15579109,Napolitano,Germany,Male,35.0,5,"€163,856.76",1,Yes,Yes,"€15,118.20",0
15799042,Zaytseva,France,Male,38.0,7,€0.00,1,Yes,Yes,"€63,202.00",0
15697042,Genovesi,Spain,Male,35.0,8,"€127,290.61",1,No,No,"€16,081.62",0
15696605,Angelo,French,Male,49.0,4,"€180,614.04",1,No,No,€523.00,0
15802274,Waters,French,Female,44.0,7,"€55,053.62",1,No,No,"€181,757.19",0
15596808,Maclean,Spain,Male,33.0,4,"€96,110.22",1,No,No,"€1,173.23",0
15705403,Seleznyova,Spain,Female,46.0,3,"€106,521.49",1,Yes,Yes,"€86,587.37",0
15732903,Fontenot,French,Male,39.0,7,"€82,255.51",2,No,No,"€109,545.56",0
15581968,Reid,French,Female,33.0,1,€0.00,2,Yes,Yes,"€174,431.01",0
15683892,Fraser,Germany,Female,26.0,3,"€102,395.79",1,No,No,"€119,368.99",0
15595447,Tuan,Spain,Male,39.0,8,"€118,201.41",1,No,No,"€23,315.59",0
15569249,Howarth,FRA,Female,55.0,6,"€44,582.07",3,Yes,Yes,"€67,539.85",1
15656188,Davis,Spain,Female,30.0,5,€0.00,2,Yes,Yes,"€185,201.58",0
15689661,Gorbunov,French,Male,22.0,6,€0.00,2,Yes,Yes,"€131,827.15",0
15644934,Gentry,French,Male,26.0,9,"€105,522.06",1,No,No,"€10,842.46",0
15721793,Chiu,Germany,Female,50.0,7,"€123,936.54",1,Yes,Yes,"€23,768.01",0
15687413,Sunderland,Spain,Female,38.0,6,€0.00,2,Yes,Yes,"€117,616.29",0
15761286,Fan,Germany,Female,66.0,7,"€119,499.42",2,Yes,Yes,"€174,027.30",0
15658240,Parry,FRA,Female,44.0,9,"€135,814.70",2,No,No,"€115,091.38",0
15706232,Niu,FRA,Male,52.0,9,€0.00,1,Yes,Yes,"€106,340.66",1
15583394,Zuyev,Germany,Male,39.0,8,"€106,259.63",2,Yes,Yes,"€198,103.32",0
15715643,Ijendu,French,Male,44.0,8,€0.00,2,Yes,Yes,"€175,314.87",0
15644856,Bird,Spain,Male,38.0,2,"€115,463.16",1,No,No,"€150,679.65",0
15785488,Palmer,Spain,Female,39.0,9,€0.00,2,Yes,Yes,"€110,043.88",0
15711571,Y?,Spain,Male,42.0,5,"€120,233.83",1,No,No,"€194,890.33",0
15778604,Nicholson,French,Female,47.0,7,€0.00,2,No,No,"€112,366.98",0
15751180,Adams,French,Female,40.0,7,"€81,132.21",1,No,No,"€167,289.82",0
15748360,Cocci,Germany,Female,34.0,10,"€122,196.99",2,Yes,Yes,"€182,099.71",0
15770039,Kuo,Germany,Male,39.0,4,"€112,290.22",1,No,No,"€49,373.97",1
15685096,Trevisani,French,Female,50.0,4,€0.00,2,Yes,Yes,€861.40,0
15669501,Kuo,French,Male,35.0,5,€0.00,2,Yes,Yes,"€81,718.37",0
15622631,H?,FRA,Male,44.0,8,"€154,409.74",1,No,No,"€49,324.03",1
15586699,Thomson,France,Male,32.0,9,€0.00,2,No,No,"€9,751.03",0
15702377,Knorr,Spain,Male,48.0,1,"€132,759.80",1,No,No,"€78,899.22",0
15577170,Manfrin,FRA,Male,60.0,5,"€76,705.87",2,Yes,Yes,"€13,889.73",0
15769451,Hayes,French,Female,44.0,1,€0.00,2,Yes,Yes,"€11,467.38",0
15811877,Shao,FRA,Female,36.0,4,€0.00,2,No,No,"€130,789.15",0
15648725,Sinclair,French,Male,41.0,3,€0.00,2,Yes,Yes,"€108,665.89",0
15752801,Bradshaw,Germany,Male,29.0,9,"€125,961.74",2,No,No,"€160,303.08",1
15808175,Castiglione,FRA,Female,39.0,7,"€49,572.73",1,No,No,"€115,287.99",1
15681342,Hurst,FRA,Female,35.0,1,"€103,015.12",2,Yes,Yes,"€139,094.12",0
15589210,Adamson,FRA,Female,24.0,4,€0.00,1,No,No,"€20,515.72",0
15696826,James,French,Female,32.0,1,"€104,001.38",1,Yes,Yes,"€36,642.65",0
15614962,Pavlova,Spain,Female,50.0,2,"€87,116.71",1,Yes,Yes,"€104,382.11",0
15689061,Davey,FRA,Male,68.0,5,"€82,547.11",2,Yes,Yes,"€146,448.01",0
15640074,Barrett,Spain,Female,47.0,5,€0.00,1,No,No,"€166,650.90",1
15776156,Dolgorukova,France,Male,27.0,4,"€121,325.84",1,Yes,Yes,"€164,223.70",1
15739548,Johnson,France,Male,28.0,9,"€111,167.70",1,No,No,"€149,331.01",0
15662854,Manna,Germany,Male,48.0,5,"€139,714.40",2,No,No,"€73,066.72",0
15687688,Hou,Germany,Female,32.0,10,"€139,875.20",2,No,No,"€15,378.23",0
15715750,Okeke,Germany,Female,44.0,2,"€113,063.83",1,No,No,"€53,072.49",1
15571121,Kodilinyechukwu,French,Female,50.0,8,"€138,340.06",1,Yes,Yes,"€3,159.15",0
15726466,Esposito,FRA,Male,43.0,1,"€114,974.24",1,No,No,"€125,920.54",0
15660390,Boyle,French,Female,33.0,6,€0.00,2,Yes,Yes,"€124,113.04",0
15663942,Hsiung,FRA,Female,38.0,5,€0.00,2,No,No,"€93,716.38",0
15638610,Kennedy,Germany,Female,65.0,5,"€117,325.54",1,No,No,"€155,799.86",1
15644446,Norton,France,Female,28.0,6,€0.00,1,Yes,Yes,"€8,814.69",0
15585892,Zakharov,French,Female,35.0,8,€0.00,1,No,No,"€164,453.98",0
15609356,Chimaraoke,France,Female,25.0,1,€0.00,2,No,No,"€87,803.32",0
15803378,Small,Spain,Male,44.0,8,€0.00,2,Yes,Yes,"€183,617.32",0
15599440,McGregor,FRA,Female,34.0,8,€0.00,2,No,No,"€53,584.03",0
15692408,Brown,Spain,Female,35.0,2,€0.00,2,Yes,Yes,"€1,950.93",0
15683168,Frederickson,FRA,Female,30.0,6,€0.00,1,Yes,Yes,"€175,025.27",0
15790254,Wood,Spain,Male,50.0,1,"€78,737.61",1,Yes,Yes,"€13,018.96",0
15767729,Smith,Spain,Male,25.0,5,"€182,876.88",2,Yes,Yes,"€42,537.59",1
15768600,Harris,Germany,Male,50.0,9,"€130,023.38",1,No,No,"€62,989.82",1
15699839,Hall,French,Male,36.0,2,"€152,606.82",1,Yes,Yes,"€71,692.80",0
15786237,Pickworth,French,Male,28.0,7,€0.00,2,No,No,€823.96,0
15694530,Porter,French,Male,28.0,4,"€167,268.98",1,Yes,Yes,"€169,469.30",0
15796813,Storey,France,Male,54.0,3,"€167,831.88",2,No,No,"€150,159.95",1
15605791,Li,Germany,Male,29.0,9,"€144,287.60",2,No,No,"€32,063.30",0
15714087,McGill,Germany,Female,45.0,5,"€151,855.33",1,No,No,"€68,794.15",0
15711446,Sinclair,Spain,Female,51.0,3,€0.00,3,No,No,"€75,084.96",1
15588123,Horton,FRA,Female,27.0,2,€0.00,2,Yes,Yes,"€114,685.92",0
15748552,Sal,Germany,Male,37.0,4,"€155,994.15",1,No,No,"€143,665.44",0
15618410,Murray,Germany,Male,26.0,7,"€147,527.03",1,No,No,"€51,099.56",0
15672432,Giles,France,Female,53.0,4,€0.00,1,No,No,"€5,408.74",1
15610042,Brown,FRA,Male,33.0,8,"€100,267.03",1,No,No,"€103,006.27",0
15580914,Okechukwu,Spain,Male,48.0,0,"€83,287.05",2,Yes,Yes,"€44,147.95",1
15583680,White,Spain,Male,41.0,4,€0.00,1,Yes,Yes,"€149,278.96",0
15813718,Kirillova,Spain,Male,45.0,4,€0.00,2,No,No,"€193,009.21",0
15767264,Lawson,Germany,Male,53.0,1,"€117,438.17",1,No,No,"€74,898.80",1
15686461,Sarratt,France,Female,56.0,7,"€121,235.05",2,Yes,Yes,"€116,253.10",0
15678882,Hay,Germany,Male,37.0,3,"€129,965.18",1,No,No,"€19,374.08",0
15789611,Lin,Germany,Male,46.0,8,"€150,836.92",1,No,No,"€64,516.80",1
15668679,Ozerova,FRA,Male,31.0,0,€0.00,2,Yes,Yes,"€34,475.14",0
15631685,Lambert,Germany,Male,60.0,1,"€163,894.35",1,Yes,Yes,"€57,061.71",0
15655658,Bulgakov,French,Female,48.0,2,€0.00,2,Yes,Yes,"€32,301.88",0
15753591,He,FRA,Male,38.0,2,€0.00,2,No,No,"€136,859.55",0
15617348,Uchechukwu,French,Male,44.0,1,€0.00,2,No,No,"€69,244.24",0
15704581,Robertson,Germany,Male,34.0,2,"€87,967.42",2,Yes,Yes,"€156,309.52",0
15738487,Leworthy,FRA,Male,26.0,3,€0.00,2,No,No,"€4,989.33",0
15648069,Onyemachukwu,FRA,Female,36.0,6,€0.00,2,Yes,Yes,"€190,194.95",0
15737627,Rivero,Germany,Female,20.0,2,"€121,093.29",2,No,No,"€3,529.72",0
15731586,Lai,Spain,Female,31.0,2,"€121,691.54",2,No,No,"€81,778.72",0
15757467,Feng,Spain,Male,57.0,6,€0.00,2,Yes,Yes,"€39,297.48",0
15597709,Hornung,FRA,Female,39.0,6,"€154,121.32",2,No,No,"€176,614.86",1
15720529,Schiavone,France,Male,29.0,6,€0.00,2,Yes,Yes,"€108,684.65",0
15596797,Barnet,Spain,Male,43.0,1,€0.00,2,Yes,Yes,"€145,764.40",0
15681755,Dennys,France,Female,32.0,5,€0.00,2,Yes,Yes,"€42,135.28",0
15815271,Ritchie,Germany,Male,43.0,6,"€165,048.50",3,No,No,"€16,929.41",1
15682860,Lo,Spain,Male,38.0,6,€0.00,2,No,No,"€104,393.78",0
15621546,Yuriev,French,Female,33.0,9,"€127,638.35",1,Yes,Yes,"€192,717.57",0
15705918,Howarth,France,Male,31.0,8,€0.00,2,Yes,Yes,"€59,650.42",0
15684512,Gibson,Germany,Female,72.0,8,"€135,290.42",2,Yes,Yes,"€63,729.72",0
15671769,Zikoranachidimma,France,Female,71.0,4,"€170,252.05",3,Yes,Yes,"€73,679.59",1
15642934,Mason,Germany,Female,35.0,4,"€108,269.20",2,No,No,"€174,969.92",0
15594305,Rizzo,France,Female,32.0,1,€0.00,2,No,No,"€1,703.58",0
15789201,Thomson,Germany,Female,35.0,9,"€145,623.36",1,No,No,"€163,181.62",0
15706762,Ignatyev,French,Female,41.0,4,"€145,809.53",2,Yes,Yes,"€52,319.26",0
15766183,Ferguson,Germany,Male,76.0,2,"€130,334.84",2,Yes,Yes,"€51,672.08",0
15777994,Woods,France,Female,39.0,3,€0.00,2,Yes,Yes,"€145,355.11",0
15568162,Sung,Spain,Male,53.0,8,€0.00,1,Yes,Yes,"€51,711.57",0
15680643,Lo,Spain,Female,42.0,1,€0.00,2,Yes,Yes,"€149,535.97",0
15761854,Burn,French,Female,24.0,4,€0.00,1,Yes,Yes,"€94,105.00",0
15730793,Russell,Germany,Female,54.0,3,"€111,009.32",1,Yes,Yes,"€155,905.79",1
15692137,Jen,French,Female,46.0,2,€0.00,1,Yes,Yes,"€138,380.11",0
15608595,Lo Duca,France,Female,39.0,3,"€157,371.54",1,Yes,Yes,"€97,734.30",0
15709459,Oluchi,Spain,Female,63.0,5,€0.00,1,Yes,Yes,"€173,576.71",0
15775750,Yao,French,Male,37.0,9,"€134,560.62",1,No,No,"€27,596.39",0
15585855,Gould,France,Male,40.0,1,€0.00,1,Yes,Yes,"€16,897.19",0
15752139,Salter,Germany,Male,36.0,5,"€72,373.62",2,No,No,"€36,895.99",0
15768295,Warner,France,Female,34.0,7,"€109,564.10",1,Yes,Yes,"€113,046.81",0
15766906,Salier,French,Female,25.0,4,"€132,116.13",2,No,No,"€129,933.50",0
15725776,Lazar,Germany,Male,24.0,7,"€101,195.23",1,No,No,"€133,091.32",0
15682576,Onyenachiya,France,Male,67.0,1,"€149,436.73",2,Yes,Yes,"€106,282.74",0
15704081,Findlay,Germany,Male,30.0,9,"€130,682.11",2,Yes,Yes,"€57,862.88",0
15719940,Gibbons,Germany,Female,51.0,10,"€115,280.49",2,No,No,"€12,628.61",1
15672894,McCawley,French,Female,36.0,8,"€129,944.39",2,No,No,"€198,914.80",0
15667451,Taylor,France,Male,36.0,5,€0.00,2,Yes,Yes,"€109,127.54",0
15636767,Yang,Spain,Female,32.0,10,€0.00,1,Yes,Yes,"€22,487.45",0
15571415,Okwudiliolisa,Germany,Male,56.0,6,"€151,802.29",1,No,No,"€46,791.09",1
15575605,Napolitano,France,Male,38.0,6,€0.00,2,Yes,Yes,"€158,697.28",0
15649160,Vavilov,French,Female,38.0,3,"€138,731.95",1,Yes,Yes,"€194,138.36",0
15615832,Teague,Spain,Female,35.0,8,"€155,621.08",1,Yes,Yes,"€35,177.31",0
15600975,Chiemenam,French,Female,54.0,4,"€150,005.38",1,No,No,"€157,015.50",1
15690772,Hughes,Spain,Female,48.0,2,€0.00,2,Yes,Yes,"€136,551.25",0
15565714,Cattaneo,France,Male,47.0,1,"€64,430.06",2,Yes,Yes,"€96,517.97",0
15763108,Davis,Germany,Male,53.0,7,"€106,261.63",1,No,No,"€93,629.66",1
15723884,Nekrasova,Spain,Male,40.0,3,€0.00,2,No,No,"€96,097.65",0
15644453,Loggia,Germany,Female,41.0,4,"€132,670.53",1,No,No,"€156,476.36",1
15655464,Combes,French,Female,67.0,3,€0.00,1,Yes,Yes,"€42,964.63",0
15783883,Onwuka,Germany,Female,38.0,1,"€117,314.92",1,No,No,"€122,021.33",1
15787693,Kharlamov,Spain,Male,38.0,3,"€145,874.35",1,No,No,"€56,311.39",1
15664793,Scott,Spain,Female,50.0,7,"€146,777.44",2,Yes,Yes,"€150,685.52",0
15642391,Lettiere,Germany,Male,51.0,4,"€109,978.83",1,No,No,"€177,740.58",1
15756538,Osonduagwuike,France,Female,37.0,5,€0.00,1,Yes,Yes,"€71,492.28",0
15668830,Wan,Spain,Male,24.0,8,"€108,881.73",1,No,No,"€104,492.83",0
15796569,Donaldson,Spain,Female,44.0,10,€0.00,1,Yes,Yes,"€47,729.33",0
15677112,Chukwufumnanya,FRA,Male,39.0,2,"€112,957.26",2,No,No,"€97,593.16",0
15815040,Ma,Germany,Female,42.0,8,"€103,362.14",1,Yes,Yes,"€186,869.58",1
15590434,Alexander,Spain,Male,41.0,4,"€89,015.61",1,Yes,Yes,"€135,227.23",0
15597536,Nkemjika,Spain,Male,45.0,5,"€133,618.01",1,No,No,"€135,244.87",0
15723989,Carroll,FRA,Male,40.0,5,"€93,680.43",2,Yes,Yes,"€179,473.26",0
15767358,Obioma,Germany,Female,45.0,1,"€97,486.15",2,No,No,"€50,610.62",0
15594812,Campbell,Spain,Female,37.0,2,"€137,794.18",2,Yes,Yes,"€75,232.02",0
15688210,Sims,FRA,Female,39.0,8,"€101,928.51",1,No,No,"€89,205.54",0
15681509,McKay,Spain,Female,28.0,9,€0.00,2,Yes,Yes,"€61,761.77",0
15572390,Huang,Spain,Female,39.0,6,€0.00,2,No,No,"€103,921.43",0
15801441,Campbell,Germany,Female,35.0,2,"€79,585.96",1,Yes,Yes,"€198,802.90",0
15783859,Boni,FRA,Female,24.0,3,"€161,884.99",1,Yes,Yes,"€9,617.24",0
15575243,Gorbunova,France,Female,39.0,1,"€129,068.54",2,Yes,Yes,"€187,905.12",0
15773421,Genovese,French,Female,42.0,4,€0.00,2,No,No,"€121,440.80",0
15788776,Landor,Germany,Male,49.0,6,"€132,623.76",3,No,No,"€36,292.94",1
15765257,Meng,Spain,Male,31.0,5,"€121,461.87",1,Yes,Yes,"€20,432.09",1
15661412,Wardell,French,Male,32.0,8,"€175,307.32",1,No,No,"€187,051.23",0
15636478,Williams,French,Male,31.0,7,"€136,658.61",1,Yes,Yes,"€148,689.13",0
15603683,Ofodile,Spain,Female,23.0,3,"€146,584.19",2,No,No,"€125,445.80",0
15651868,Clark,French,Male,34.0,6,€0.00,1,No,No,"€22,736.06",0
15815443,Lo,Spain,Female,46.0,10,"€131,414.76",1,No,No,"€54,947.51",0
15682686,Chukwuemeka,France,Female,38.0,3,€0.00,2,Yes,Yes,"€167,984.72",0
15697460,Lai,Germany,Male,34.0,4,"€99,441.21",2,Yes,Yes,"€4,802.27",0
15748432,Arcuri,France,Female,32.0,4,€0.00,2,Yes,Yes,"€72,909.75",0
15698271,Graham,FRA,Female,26.0,4,€0.00,2,No,No,"€185,488.81",0
15808662,Krylov,France,Male,44.0,3,€0.00,2,No,No,"€88,407.51",0
15690372,Henry,Spain,Male,38.0,1,"€181,110.13",2,No,No,"€184,544.59",0
15781875,Jamieson,Spain,Male,33.0,3,"€100,476.46",2,Yes,Yes,"€136,539.13",0
15801473,Moore,Germany,Male,33.0,2,"€51,949.95",2,No,No,"€85,045.92",0
15704509,Tan,French,Male,35.0,8,"€121,063.49",1,No,No,"€85,421.48",0
15694666,Thornton,Spain,Male,48.0,8,"€88,441.64",1,Yes,Yes,"€119,903.20",1
15731166,Macleod,FRA,Female,30.0,1,"€127,023.39",1,Yes,Yes,"€138,780.89",0
15728523,Rizzo,France,Male,41.0,5,"€144,147.68",1,Yes,Yes,"€14,789.90",0
15788442,Chukwukadibia,Spain,Female,57.0,2,"€173,306.13",1,Yes,Yes,"€131,964.66",0
15689781,Ts'ai,French,Female,49.0,0,€0.00,1,No,No,"€178,709.98",1
15764226,Lu,Germany,Female,28.0,8,"€106,425.75",1,Yes,Yes,"€20,344.84",0
15809837,Kent,Germany,Female,66.0,6,"€135,392.31",2,Yes,Yes,"€172,852.06",1
15805212,Black,France,Female,67.0,1,€0.00,2,Yes,Yes,"€103,945.58",0
15716082,Chukwubuikem,Spain,Male,39.0,6,"€152,685.40",1,No,No,"€183,656.12",0
15643056,McMillan,Germany,Female,38.0,1,"€82,083.52",1,Yes,Yes,"€10,333.78",0
15654859,Ngozichukwuka,Spain,Female,63.0,2,"€131,629.17",2,No,No,"€122,109.58",1
15761158,Y?an,France,Female,54.0,7,€0.00,2,Yes,Yes,"€125,041.52",0
15577515,Sung,Germany,Female,55.0,0,"€108,477.27",1,Yes,Yes,"€140,003.00",1
15723827,Macartney,France,Male,30.0,4,"€114,779.35",1,No,No,"€183,171.47",0
15646594,Ali,French,Male,41.0,5,"€57,568.94",1,Yes,Yes,"€61,128.29",0
15712877,Morley,Spain,Male,36.0,1,€0.00,2,No,No,"€52,462.25",0
15598802,Martin,Spain,Male,30.0,8,€0.00,2,Yes,Yes,"€50,839.85",0
15699340,Okorie,France,Male,37.0,4,€0.00,2,No,No,"€61,240.87",0
15691150,Ku,FRA,Female,32.0,4,"€110,559.46",1,Yes,Yes,"€127,429.56",0
15608688,Andreyeva,French,Male,34.0,4,€0.00,2,No,No,"€68,343.08",0
15737998,Cheng,France,Male,46.0,8,€0.00,1,No,No,"€126,511.94",1
15735837,Hsia,Spain,Male,36.0,3,€0.00,2,Yes,Yes,"€8,559.66",0
15659100,Lane,French,Male,33.0,9,"€128,152.82",1,No,No,"€147,822.81",0
15609070,Findlay,Germany,Male,45.0,7,"€120,961.50",3,Yes,Yes,"€39,288.11",1
15650313,Okonkwo,Germany,Male,65.0,6,"€129,472.33",1,Yes,Yes,"€85,179.48",0
15627699,Pirogova,France,Male,32.0,10,"€105,000.23",1,No,No,"€190,019.61",0
15591010,McDonald,Germany,Male,55.0,8,"€109,339.17",2,No,No,"€96,405.88",1
15798895,Okonkwo,France,Female,59.0,6,"€55,328.40",1,No,No,"€83,342.73",1
15745375,Nnanna,Germany,Male,23.0,3,"€72,012.76",1,No,No,"€161,333.13",0
15775235,Ku,FRA,Female,36.0,6,"€110,480.48",1,No,No,"€81,292.33",0
15780088,Porter,Spain,Male,34.0,9,"€132,439.99",1,No,No,"€177,747.72",0
15649379,Somayina,France,Female,46.0,3,€0.00,2,Yes,Yes,"€187,980.21",0
15713983,Mao,Germany,Male,34.0,5,"€94,108.54",2,No,No,"€177,235.21",0
15709252,Fuller,Germany,Female,28.0,10,"€105,173.99",1,Yes,Yes,"€29,835.37",1
15699238,Craig,Spain,Female,40.0,8,€0.00,2,No,No,"€80,204.38",0
15732884,Trevisano,France,Male,29.0,7,"€131,959.86",1,No,No,"€189,268.81",0
15587297,Ruiz,French,Male,33.0,7,€0.00,2,Yes,Yes,"€85,411.01",0
15684722,Fraser,FRA,Male,34.0,5,"€122,952.90",2,No,No,"€154,360.97",0
15621244,Gallo,FRA,Male,36.0,0,"€107,379.68",1,Yes,Yes,"€84,460.18",0
15744273,Waterhouse,Germany,Male,30.0,6,"€122,641.56",2,No,No,"€65,618.01",0
15682540,Cremonesi,FRA,Female,33.0,8,€0.00,2,Yes,Yes,"€112,928.74",0
15636521,Feng,Spain,Female,30.0,1,"€124,037.28",1,Yes,Yes,"€142,210.94",0
15785339,H?,FRA,Female,50.0,9,"€117,565.03",2,No,No,"€82,559.77",0
15638983,Jara,FRA,Female,38.0,5,"€133,189.40",1,No,No,"€127,388.06",0
15654625,Wilson,Germany,Male,39.0,8,"€120,252.02",2,Yes,Yes,"€10,160.23",0
15697310,O'Callaghan,Germany,Female,28.0,3,"€152,264.81",1,No,No,"€64,242.31",0
15678210,Robson,French,Male,38.0,5,"€105,069.98",2,Yes,Yes,"€198,355.28",0
15575438,Pease,France,Male,42.0,7,"€115,076.06",1,Yes,Yes,"€79,323.61",0
15632789,Maclean,FRA,Male,30.0,8,€0.00,2,Yes,Yes,"€24,113.91",0
15621423,Lavrentyev,French,Female,42.0,7,"€117,280.23",3,No,No,"€41,921.06",1
15573520,Rhodes,Germany,Male,49.0,6,"€110,540.43",2,Yes,Yes,"€107,472.99",0
15740458,Murphy,Spain,Male,36.0,7,"€135,095.47",1,No,No,"€143,859.66",0
15762799,Alexander,Germany,Male,23.0,0,"€187,861.18",2,Yes,Yes,"€104,120.17",0
15686885,Nekrasov,Germany,Male,44.0,3,"€124,655.59",2,Yes,Yes,"€79,792.30",0
15565996,Arnold,French,Male,44.0,8,€0.00,2,Yes,Yes,"€154,639.72",0
15662152,Trevisan,FRA,Female,38.0,9,"€134,105.01",1,No,No,"€57,850.10",0
15711742,Mason,French,Female,34.0,4,€0.00,1,Yes,Yes,"€62,868.33",0
15701885,Tucker,France,Female,40.0,9,€0.00,2,Yes,Yes,"€92,357.21",0
15774262,Hobson,Germany,Male,52.0,8,"€83,693.34",2,Yes,Yes,"€161,083.53",0
15567839,Gordon,French,Male,42.0,9,"€114,631.23",1,Yes,Yes,"€91,429.74",0
15644400,Anderson,France,Male,44.0,9,"€128,601.98",1,No,No,"€117,031.20",0
15797246,Terry,Germany,Female,34.0,2,"€91,258.52",2,No,No,"€44,857.40",0
15778290,Lappin,France,Male,70.0,8,"€70,416.75",1,Yes,Yes,"€36,483.52",0
15708714,Santiago,French,Female,33.0,6,€0.00,2,No,No,"€34,045.61",0
15586183,Wallace,French,Female,35.0,5,€0.00,2,No,No,"€59,981.62",0
15761733,King,France,Female,42.0,10,€0.00,2,Yes,Yes,"€152,944.39",0
15773934,Fang,French,Male,33.0,6,"€88,294.60",1,No,No,"€66,979.06",0
15705343,May,Spain,Female,32.0,7,€0.00,1,No,No,"€28,797.32",0
15593959,Travis,FRA,Male,28.0,1,"€93,577.30",1,Yes,Yes,"€51,670.82",0
15664615,Nnachetam,Germany,Female,30.0,5,"€136,650.89",1,Yes,Yes,"€41,865.72",1
15671014,Zhdanova,Spain,Female,72.0,8,"€98,765.84",1,Yes,Yes,"€96,015.53",0
15657778,Jefferson,France,Male,33.0,1,"€84,309.57",2,No,No,"€103,914.40",0
15585192,Cremonesi,Spain,Male,39.0,10,"€136,258.06",1,No,No,"€89,199.51",0
15592914,Fang,France,Female,29.0,9,€0.00,2,Yes,Yes,"€48,849.89",0
15770995,Sinclair,Germany,Female,47.0,1,"€131,160.85",1,No,No,"€197,444.69",0
15570990,Begley,Spain,Female,30.0,4,"€145,222.99",2,No,No,"€145,160.96",0
15596165,Degtyarev,Germany,Male,25.0,4,"€98,141.57",2,Yes,Yes,"€52,309.80",0
15788131,Atkins,France,Male,47.0,6,€0.00,1,No,No,"€50,695.93",1
15800773,Ikenna,Spain,Female,28.0,9,"€102,282.61",1,Yes,Yes,"€157,891.11",0
15690153,Sun,France,Female,37.0,4,"€116,121.84",2,Yes,Yes,"€181,850.74",0
15638989,Lettiere,France,Female,25.0,5,"€190,066.54",1,No,No,"€51,345.39",1
15623210,Smith,Germany,Female,55.0,8,"€149,349.58",3,No,No,"€137,519.92",1
15652658,Finch,FRA,Male,36.0,1,"€155,176.83",2,Yes,Yes,"€49,653.37",0
15684440,Monaldo,Germany,Male,32.0,2,"€98,986.28",1,Yes,Yes,"€55,867.38",0
15730287,Ugonna,French,Male,41.0,8,"€147,726.98",3,No,No,"€172,749.40",1
15720353,Chiang,French,Male,41.0,1,€0.00,2,No,No,"€90,607.31",0
15767231,Sun,FRA,Male,36.0,7,"€144,852.06",1,No,No,"€130,861.95",0
15761554,Blackburn,FRA,Male,54.0,4,"€89,299.81",1,No,No,"€5,558.47",1
15706637,Chang,Spain,Male,40.0,9,€0.00,2,No,No,"€121,537.91",0
15690492,Palermo,France,Male,41.0,6,"€97,663.16",2,No,No,"€57,128.78",0
15694237,McEwan,Spain,Male,39.0,4,"€95,161.75",1,No,No,"€19,409.77",0
15729771,Davide,Germany,Male,31.0,9,"€154,586.92",1,Yes,Yes,"€88,604.89",1
15609823,Chieloka,Spain,Female,34.0,8,"€127,095.14",2,No,No,€479.54,0
15793366,Humphreys,Germany,Male,35.0,7,"€92,526.15",2,Yes,Yes,"€173,837.54",0
15614813,Cocci,Germany,Female,46.0,0,"€107,362.80",1,No,No,€487.30,0
15566495,Hanson,Spain,Female,24.0,2,€0.00,1,No,No,"€35,600.25",1
15707602,Macleod,FRA,Female,47.0,2,"€127,286.04",2,Yes,Yes,"€166,929.43",1
15635244,Ritchie,FRA,Female,29.0,6,€0.00,2,Yes,Yes,"€98,998.61",0
15805627,Nebechukwu,France,Male,37.0,2,€0.00,2,Yes,Yes,"€54,229.74",0
15607986,Nnamutaezinwa,FRA,Male,40.0,10,"€139,930.18",1,Yes,Yes,"€105,720.09",0
15799785,Ikemefuna,Germany,Female,30.0,4,"€77,949.69",1,Yes,Yes,"€121,151.46",0
15699963,Scott,FRA,Male,38.0,1,"€121,405.04",1,Yes,Yes,"€154,844.22",0
15624595,Chiang,Spain,Female,35.0,5,"€124,580.69",1,Yes,Yes,"€18,785.48",0
15629750,Artyomova,France,Male,35.0,5,"€133,087.76",1,No,No,"€64,771.61",0
15651460,Hsieh,Spain,Male,34.0,7,€0.00,1,Yes,Yes,"€16,250.61",0
15753550,Levien,FRA,Female,43.0,7,€0.00,2,No,No,"€131,093.99",0
15594133,Erskine,Spain,Male,62.0,7,€0.00,1,No,No,"€129,188.18",1
15772329,Fiorentino,Germany,Male,45.0,8,"€103,741.14",1,No,No,"€47,428.73",1
15591552,Okonkwo,France,Female,32.0,7,"€98,877.95",1,No,No,"€132,973.21",0
15750921,Monds,FRA,Male,37.0,5,"€105,843.26",2,Yes,Yes,"€84,908.20",0
15701687,Campbell,Spain,Male,44.0,7,"€77,526.66",3,No,No,"€57,338.56",1
15728906,Ibekwe,FRA,Male,77.0,5,€0.00,2,Yes,Yes,"€161,579.85",0
15670029,Marcelo,France,Female,33.0,7,€0.00,2,No,No,"€122,625.68",0
15763579,Castro,Germany,Female,36.0,2,"€105,264.88",2,Yes,Yes,"€52,909.87",0
15728010,Capon,France,Male,37.0,5,€0.00,2,Yes,Yes,"€170,226.47",0
15663194,Voronova,Germany,Female,40.0,3,"€110,150.43",1,Yes,Yes,"€191,757.65",1
15736510,Loggia,Spain,Female,57.0,2,€0.00,3,No,No,"€66,652.75",1
15745804,Law,France,Male,25.0,7,€0.00,2,Yes,Yes,"€195,977.75",0
15631451,Grant,Spain,Female,28.0,6,€0.00,2,Yes,Yes,"€69,056.26",0
15746995,Greco,Germany,Male,31.0,9,"€138,166.30",1,No,No,"€12,920.43",0
15730673,Dietz,Germany,Male,40.0,7,"€122,265.24",1,No,No,"€138,552.74",0
15734649,Martel,Spain,Female,55.0,0,"€133,295.98",1,No,No,"€22,832.71",1
15701081,Jarvis,France,Male,36.0,2,€0.00,1,Yes,Yes,"€61,811.10",0
15632503,Meng,FRA,Female,32.0,0,"€148,326.09",1,No,No,"€191,604.27",1
15585928,Hay,Germany,Female,31.0,2,"€68,927.57",1,Yes,Yes,"€25,445.00",0
15648681,Voronoff,FRA,Female,47.0,5,"€139,914.60",4,Yes,Yes,"€129,964.56",1
15747757,Trevascus,Germany,Female,58.0,8,"€118,723.11",1,No,No,"€6,209.51",1
15718921,Ho,Spain,Male,32.0,7,"€106,957.28",1,Yes,Yes,"€134,794.02",0
15571081,Hansen,FRA,Female,41.0,7,"€190,238.93",1,Yes,Yes,"€57,549.65",0
15734578,Craig,France,Female,53.0,1,"€113,537.73",1,Yes,Yes,"€28,367.21",0
15579583,Hall,Spain,Female,40.0,4,"€101,090.27",1,Yes,Yes,"€51,703.09",0
15622729,Sun,French,Female,46.0,2,€0.00,2,Yes,Yes,"€66,602.70",0
15662189,Durant,Spain,Male,33.0,3,€0.00,1,Yes,Yes,"€2,739.71",0
15692718,Jackson,FRA,Female,38.0,7,€0.00,2,No,No,"€69,227.42",0
15762716,Chigozie,Spain,Female,60.0,10,"€168,920.75",1,No,No,"€31,445.03",1
15724851,Farmer,Germany,Male,31.0,9,"€111,589.67",1,No,No,"€150,037.19",0
15587266,Douglas,Germany,Female,27.0,6,"€172,310.33",1,Yes,Yes,"€111,448.92",0
15675926,Ardis,Germany,Male,34.0,7,"€118,028.35",1,No,No,"€51,226.32",1
15706268,Smith,Germany,Male,51.0,1,"€147,910.30",1,Yes,Yes,"€53,581.14",0
15581871,Butler,Germany,Male,42.0,7,"€131,287.36",2,Yes,Yes,"€149,697.78",0
15666166,Pettry,FRA,Female,74.0,0,"€121,276.32",1,Yes,Yes,"€160,348.31",0
15671582,John,Spain,Male,38.0,6,"€109,869.32",1,Yes,Yes,"€154,641.91",0
15680901,Potter,French,Female,34.0,6,"€97,435.85",2,Yes,Yes,"€104,331.76",0
15642336,Shaw,France,Female,42.0,9,€0.00,2,No,No,"€135,630.32",0
15653147,Boyle,French,Male,35.0,2,"€133,853.27",1,Yes,Yes,"€65,361.66",0
15571284,Elmore,Germany,Male,32.0,0,"€109,528.16",2,Yes,Yes,"€56,176.31",0
15591360,Udinesi,FRA,Female,33.0,4,"€84,607.34",2,Yes,Yes,"€60,059.47",0
15810485,Sun,Germany,Male,37.0,1,"€101,438.00",1,No,No,"€51,364.56",0
15611973,Tuan,France,Male,55.0,7,€0.00,2,Yes,Yes,"€118,752.60",0
15735572,Lawrence,France,Male,59.0,9,"€113,657.83",1,Yes,Yes,"€116,848.79",1
15567860,Burrows,Spain,Female,44.0,7,"€189,318.16",2,No,No,"€45,026.23",1
15795690,Shao,FRA,Male,31.0,3,"€99,513.91",1,Yes,Yes,"€189,657.26",0
15706464,White,Spain,Male,35.0,4,"€97,585.32",2,No,No,"€57,213.46",0
15725028,Chialuka,France,Male,29.0,3,€0.00,2,Yes,Yes,"€63,687.06",0
15751167,Toscano,FRA,Female,43.0,4,€0.00,2,Yes,Yes,"€58,761.33",0
15633944,McKay,Spain,Male,32.0,3,"€136,659.74",1,Yes,Yes,"€14,187.78",0
15672637,Voronkov,France,Female,30.0,4,"€85,755.86",1,No,No,"€145,115.95",0
15680895,Sal,Spain,Female,35.0,7,€0.00,1,No,No,"€187,718.26",0
15793825,Ikechukwu,FRA,Male,39.0,4,€0.00,2,No,No,"€27,150.35",0
15611318,Kruglova,Spain,Male,33.0,4,"€51,690.89",1,No,No,"€111,622.76",1
15768474,Clements,Spain,Male,34.0,3,€0.00,2,No,No,"€27,244.35",0
15716276,Kennedy,FRA,Female,34.0,2,"€111,669.68",1,No,No,"€57,029.66",0
15623668,Johnson,Germany,Male,31.0,2,"€154,741.45",2,No,No,"€25,183.01",0
15696361,Chung,Germany,Male,31.0,7,"€125,681.51",1,Yes,Yes,"€129,980.93",0
15607988,Garland,Germany,Female,37.0,8,"€155,303.71",1,No,No,"€118,716.63",0
15637891,Docherty,Germany,Female,43.0,4,"€140,681.68",1,Yes,Yes,"€20,134.07",0
15789865,Nnaife,France,Male,28.0,9,"€71,902.52",1,Yes,Yes,"€190,208.23",0
15627190,Lettiere,France,Male,51.0,6,"€146,606.60",1,Yes,Yes,"€68,021.90",0
15788224,Sanderson,Germany,Male,45.0,1,"€123,949.75",1,No,No,"€110,881.56",0
15702149,Fomin,Germany,Female,33.0,1,"€144,753.21",1,Yes,Yes,"€132,480.75",0
15708236,Wright,French,Female,72.0,6,"€91,285.22",1,Yes,Yes,"€7,032.95",0
15568469,Buckley,French,Male,43.0,0,€0.00,2,No,No,"€27,862.58",0
15764444,Pan,Germany,Male,58.0,8,"€125,850.53",2,Yes,Yes,"€87,008.17",0
15794204,Manna,France,Male,28.0,7,"€108,116.66",1,Yes,Yes,"€27,411.19",0
15807546,Chinwendu,France,Female,38.0,2,€0.00,2,Yes,Yes,"€46,395.21",0
15782159,Ndubuagha,FRA,Male,28.0,8,"€67,639.56",2,Yes,Yes,"€194,245.29",0
15618703,White,Spain,Female,53.0,6,"€150,200.23",1,Yes,Yes,"€151,317.27",1
15793317,Hale,Spain,Female,22.0,7,"€141,287.15",1,No,No,"€118,142.79",0
15740487,Ross,FRA,Female,41.0,6,€0.00,3,Yes,Yes,"€138,700.75",1
15722479,Ikenna,FRA,Male,37.0,1,€0.00,2,Yes,Yes,"€6,035.51",0
15688264,Nkemdilim,French,Female,43.0,0,€0.00,2,Yes,Yes,"€41,263.69",0
15583067,McMillan,FRA,Female,36.0,4,"€97,157.96",1,Yes,Yes,"€63,185.05",0
15686670,Duke,France,Female,36.0,2,€0.00,2,No,No,"€92,536.00",1
15593345,Bradbury,Germany,Female,33.0,6,"€125,241.17",2,Yes,Yes,"€158,736.07",0
15811690,Bayley,Germany,Male,54.0,2,"€128,966.13",1,No,No,"€18,633.40",1
15734008,Bartlett,Germany,Male,59.0,5,"€152,581.06",1,No,No,"€71,830.10",1
15771856,Cremin,Spain,Female,32.0,1,€0.00,2,No,No,"€19,525.65",0
15762045,Gilchrist,Germany,Female,37.0,5,"€142,688.57",2,Yes,Yes,"€110,953.33",0
15778142,Shih,Germany,Female,31.0,1,"€130,089.56",2,Yes,Yes,"€4,466.21",0
15689268,Fitzpatrick,French,Male,36.0,9,€0.00,1,Yes,Yes,"€105,818.51",0
15721507,Pagan,French,Female,32.0,1,"€117,094.02",1,No,No,"€149,558.83",1
15750476,Hendrick,Spain,Male,24.0,8,€0.00,2,No,No,"€4,070.28",0
15810723,Sanderson,FRA,Female,39.0,10,€0.00,3,No,No,"€132,741.13",1
15787229,Samsonova,Spain,Female,34.0,2,€0.00,2,No,No,"€61,251.25",0
15570508,Azubuike,France,Male,49.0,7,"€90,218.90",1,No,No,"€91,347.76",0
15617065,Pan,Spain,Male,42.0,4,"€194,532.66",1,No,No,"€171,045.31",1
15689786,Massie,Germany,Male,56.0,1,"€169,743.83",1,No,No,"€155,850.40",1
15648876,Sandover,France,Female,34.0,5,€0.00,1,No,No,"€27,380.99",0
15802106,Craig,France,Male,34.0,8,"€155,973.88",1,No,No,"€154,208.96",0
15773869,Onwudiwe,Spain,Male,59.0,4,"€129,321.44",1,Yes,Yes,"€93,624.55",0
15711635,Chu,Germany,Female,42.0,6,"€138,650.49",2,No,No,"€64,746.07",0
15795527,Zetticci,Spain,Male,43.0,2,"€136,487.86",2,No,No,"€82,815.93",0
15759133,Vaguine,France,Male,18.0,6,€0.00,2,Yes,Yes,"€27,308.58",0
15679394,Owen,France,Female,41.0,4,"€38,617.20",1,Yes,Yes,"€104,876.80",0
15801072,Hurst,French,Female,28.0,7,€0.00,2,No,No,"€151,316.37",0
15646082,Harding,FRA,Female,34.0,8,"€82,909.14",1,No,No,"€91,817.38",1
15796111,Smith,Germany,Female,54.0,8,"€145,151.40",1,Yes,Yes,"€125,311.17",1
15670646,Moore,Spain,Female,42.0,0,"€147,187.84",1,Yes,Yes,"€14,868.94",1
15578722,Bradley,FRA,Male,39.0,4,€0.00,2,No,No,"€196,112.45",0
15815095,Burfitt,Spain,Male,54.0,7,"€108,185.81",2,No,No,"€24,093.40",1
15730360,Mackenzie,French,Male,30.0,4,€0.00,2,Yes,Yes,"€66,263.87",0
15763194,Milanesi,French,Male,34.0,7,€0.00,2,Yes,Yes,"€100,304.13",0
15720725,Shubin,FRA,Male,28.0,2,€0.00,2,No,No,"€167,909.52",0
15567834,Nieves,FRA,Male,49.0,5,"€105,918.10",1,Yes,Yes,"€16,246.59",0
15720644,Martin,French,Male,27.0,6,€0.00,2,No,No,"€103,603.65",0
15811742,Jen,Spain,Male,42.0,7,€0.00,2,No,No,"€7,680.23",0
15813363,Woods,Spain,Male,25.0,2,€0.00,2,No,No,"€95,215.73",0
15717629,Docherty,Germany,Male,42.0,6,"€59,972.26",2,Yes,Yes,"€148,172.94",0
15713160,Lin,Spain,Male,25.0,7,"€157,228.61",2,No,No,"€124,382.90",0
15568878,Cheng,Spain,Male,34.0,5,€0.00,2,No,No,"€159,311.46",0
15809800,Korovina,France,Female,38.0,4,€0.00,2,No,No,"€6,787.48",0
15736420,Macdonald,France,Male,21.0,4,"€210,433.08",2,Yes,Yes,"€197,297.77",1
15757933,Hardy,Germany,Female,30.0,1,"€102,452.71",1,No,No,"€21,556.95",0
15623072,Shaw,Spain,Female,35.0,5,€0.00,2,No,No,"€56,518.00",0
15683993,Knight,France,Female,37.0,8,"€142,987.46",2,No,No,"€158,840.99",0
15570947,Bruny,Spain,Female,29.0,7,"€143,330.56",2,Yes,Yes,"€126,396.01",0
15797767,Ikedinachukwu,France,Female,49.0,6,€0.00,1,Yes,Yes,"€148,087.88",1
15731989,Moran,French,Male,36.0,4,"€120,165.40",2,No,No,"€33,701.50",0
15591035,Macleod,Spain,Male,54.0,6,€0.00,1,Yes,Yes,"€84,622.37",0
15586479,Yin,French,Female,36.0,4,€0.00,1,No,No,"€185,580.89",1
15605872,Felix,French,Male,73.0,6,"€66,573.17",1,Yes,Yes,"€62,768.80",0
15666012,Rippey,French,Male,40.0,4,"€102,833.46",2,Yes,Yes,"€38,829.11",0
15641733,Mishina,FRA,Female,34.0,5,"€164,757.56",1,No,No,"€110,748.88",0
15593178,Graham,Spain,Female,36.0,10,"€153,610.61",1,Yes,Yes,"€54,083.80",1
15649183,Johnston,Spain,Female,35.0,8,€0.00,3,Yes,Yes,"€88,658.73",0
15736399,Korovin,Spain,Male,42.0,10,€0.00,2,No,No,"€177,938.52",0
15751137,Lei,Germany,Female,36.0,3,"€169,025.83",1,No,No,"€174,235.06",0
15757188,Chimaijem,Spain,Female,26.0,4,"€153,455.72",2,Yes,Yes,"€82,696.84",0
15726167,Scott,French,Male,37.0,4,€0.00,2,Yes,Yes,"€142,415.97",0
15624850,Grant,FRA,Male,30.0,10,"€153,972.89",2,No,No,"€62,811.03",0
15717700,McIntyre,Spain,Male,34.0,9,"€114,609.55",2,Yes,Yes,"€25,339.29",0
15716347,Griffin,Germany,Male,37.0,7,"€143,625.83",2,Yes,Yes,"€176,487.05",0
15696287,Converse,Germany,Female,38.0,1,"€116,520.28",1,Yes,Yes,"€49,833.50",1
15638871,Ch'ang,FRA,Male,77.0,6,"€80,926.02",2,Yes,Yes,"€55,829.25",0
15765093,Coates,French,Male,23.0,6,"€166,594.78",1,Yes,Yes,"€155,823.20",0
15592999,Reid,FRA,Female,40.0,0,"€115,465.98",1,Yes,Yes,"€60,622.61",0
15641715,Ts'ui,French,Male,34.0,8,€0.00,2,Yes,Yes,"€174,196.68",0
15607746,Belstead,FRA,Female,36.0,1,€0.00,1,Yes,Yes,"€56,905.38",0
15625311,Dickinson,Germany,Female,41.0,7,"€92,618.62",1,Yes,Yes,"€101,178.85",0
15573077,Nwora,Germany,Female,25.0,8,"€141,825.88",1,Yes,Yes,"€73,857.94",1
15735106,Bishop,Spain,Male,28.0,6,"€149,594.02",2,No,No,"€102,325.19",0
15672912,Loggia,Spain,Female,39.0,7,"€130,051.66",2,No,No,"€55,356.39",1
15589881,Rowe,French,Female,41.0,7,€0.00,2,Yes,Yes,"€131,284.93",0
15660144,Balashov,FRA,Male,38.0,4,€0.00,2,No,No,"€88,080.43",0
15664083,Ulyanova,Germany,Female,37.0,2,"€158,468.76",1,Yes,Yes,"€93,266.01",0
15690898,Bogolyubova,FRA,Male,44.0,8,"€161,889.79",1,No,No,"€75,562.47",0
15808023,Remington,FRA,Female,29.0,9,"€133,681.78",1,Yes,Yes,"€153,747.73",0
15676909,Mishin,Spain,Female,34.0,5,€0.00,2,No,No,"€163,830.64",0
15764922,Tu,Spain,Male,20.0,3,"€187,294.46",1,No,No,"€103,456.47",0
15766734,Castiglione,French,Male,31.0,5,€0.00,1,No,No,"€95,655.16",0
15795079,Nnaife,Spain,Male,67.0,6,€0.00,2,Yes,Yes,"€138,350.74",0
15757434,Yang,FRA,Male,28.0,7,"€119,706.22",1,No,No,"€31,190.42",0
15673747,Ayers,French,Female,22.0,8,€0.00,1,Yes,Yes,"€167,553.06",0
15808386,Cocci,Germany,Female,45.0,7,"€138,523.20",1,No,No,"€59,604.45",1
15603565,Mackenzie,Spain,Female,56.0,5,"€90,778.76",2,No,No,"€162,223.67",1
15744044,Fiorentini,Germany,Male,47.0,4,"€99,353.42",1,No,No,"€196,549.85",1
15577771,Akabueze,Germany,Female,40.0,1,"€111,524.49",1,Yes,Yes,"€120,373.84",1
15769548,Hyde,France,Female,37.0,7,"€128,645.67",1,No,No,"€92,149.64",0
15802071,Levi,Germany,Male,35.0,1,"€117,458.51",1,Yes,Yes,"€178,361.48",1
15677395,Nwabugwu,FRA,Female,39.0,9,"€129,189.15",2,No,No,"€170,998.83",0
15632010,Chia,Spain,Male,33.0,7,"€121,260.19",2,No,No,"€77,216.48",0
15779492,Trevisano,Spain,Male,56.0,6,"€94,231.13",1,No,No,"€121,164.60",1
15694677,Bennetts,FRA,Male,39.0,1,€0.00,2,Yes,Yes,"€141,841.31",0
15704315,Teng,FRA,Male,34.0,8,"€163,757.06",1,Yes,Yes,"€104,000.06",0
15742009,Hsueh,Spain,Male,58.0,4,€0.00,2,Yes,Yes,"€191,419.32",0
15766663,Mahmood,French,Male,22.0,4,€0.00,2,No,No,"€28,188.96",0
15742297,Sinclair,FRA,Male,35.0,2,"€141,005.47",1,Yes,Yes,"€60,407.93",0
15688059,Chin,Germany,Female,42.0,9,"€105,356.09",2,Yes,Yes,"€130,489.37",0
15752344,She,Spain,Male,34.0,5,€0.00,2,No,No,"€193,040.32",0
15698749,He,Germany,Female,23.0,6,"€85,897.95",1,No,No,"€109,742.80",0
15631693,Hill,France,Male,36.0,7,€0.00,2,Yes,Yes,"€74,760.32",0
15604536,Vachon,Germany,Female,31.0,4,"€164,672.66",1,Yes,Yes,"€61,936.10",0
15802869,Ball,Germany,Female,45.0,2,"€99,169.67",2,Yes,Yes,"€78,650.95",0
15635598,Hsieh,French,Male,29.0,6,€0.00,2,No,No,"€168,023.60",0
15592326,Baker,France,Male,36.0,8,€0.00,2,Yes,Yes,"€5,571.59",0
15736533,Monaldo,Germany,Female,37.0,5,"€124,053.03",1,No,No,"€118,591.67",0
15647191,Lucchesi,France,Male,36.0,4,€0.00,2,No,No,"€7,824.31",0
15622507,Hamilton,Germany,Female,40.0,3,"€103,499.09",2,No,No,"€38,153.19",0
15765487,Kuo,Germany,Female,38.0,9,"€151,766.71",1,Yes,Yes,"€180,829.99",0
15646521,Fan,Spain,Female,36.0,1,€0.00,1,Yes,Yes,"€143,960.72",0
15746258,Wright,FRA,Male,29.0,7,"€101,486.96",1,Yes,Yes,"€8,788.35",0
15692430,Milano,Germany,Male,36.0,2,"€123,601.56",2,No,No,"€103,557.85",0
15625501,Wall,Germany,Male,38.0,1,"€127,201.58",1,No,No,"€147,168.28",1
15640521,Chidumaga,Germany,Male,33.0,3,"€144,962.74",1,No,No,"€58,844.84",1
15790630,Olisaemeka,France,Female,48.0,4,€0.00,1,No,No,"€18,094.96",1
15664720,Kovalyova,Spain,Male,33.0,8,"€122,017.19",1,No,No,"€162,515.17",0
15750055,Onio,Spain,Male,32.0,9,"€100,262.88",2,Yes,Yes,"€157,921.25",0
15644878,Hill,Spain,Female,43.0,6,"€117,302.62",1,No,No,"€68,701.73",0
15754578,Okeke,France,Female,35.0,0,"€135,984.15",2,No,No,"€186,778.89",0
15705379,Upjohn,France,Male,38.0,3,€0.00,2,No,No,"€66,561.60",0
15761047,H?,Germany,Male,31.0,2,"€160,997.54",2,Yes,Yes,"€64,831.36",0
15671293,Marcus,Germany,Female,37.0,2,"€128,389.63",1,Yes,Yes,"€6,589.16",1
15687527,Yobachukwu,Spain,Male,35.0,1,€0.00,2,No,No,"€165,370.66",0
15647898,Russell,Spain,Female,50.0,5,"€130,554.51",3,No,No,"€184,758.17",1
15671534,Hovell,Germany,Female,57.0,6,"€90,212.00",1,No,No,"€13,911.27",1
15591248,Chukwumaobim,FRA,Female,29.0,9,"€71,996.29",1,Yes,Yes,"€34,857.46",0
15676156,Boyle,FRA,Female,32.0,4,"€85,615.66",2,No,No,"€156,192.43",0
15812918,Scott,French,Female,27.0,6,"€62,339.81",2,No,No,"€53,874.67",0
15604130,Johnstone,Spain,Female,47.0,6,"€142,319.03",1,No,No,"€100,183.05",0
15700549,Alvares,FRA,Male,54.0,5,€0.00,2,Yes,Yes,"€4,493.12",0
15715519,McDavid,Spain,Male,36.0,5,€0.00,2,No,No,"€130,610.78",0
15707042,Dellucci,France,Female,24.0,2,"€87,413.19",1,No,No,"€63,340.65",0
15605276,Brothers,FRA,Female,29.0,4,€0.00,2,Yes,Yes,"€180,066.59",0
15630592,Sanders,French,Female,45.0,4,€0.00,1,No,No,"€95,273.73",1
15636626,Morrison,French,Male,35.0,3,"€97,560.16",1,Yes,Yes,"€53,511.74",0
15740411,Molle,Germany,Male,30.0,8,"€141,787.31",2,Yes,Yes,"€109,685.61",0
15593834,Genovese,Spain,Male,36.0,7,"€129,934.64",1,No,No,"€75,664.56",1
15804235,Zetticci,FRA,Female,37.0,2,"€166,178.02",2,Yes,Yes,"€71,972.95",0
15679801,Hsueh,Spain,Female,39.0,5,"€163,097.55",2,Yes,Yes,"€23,702.42",0
15673907,Alexander,France,Male,20.0,8,€0.00,2,No,No,"€112,572.02",0
15636562,Muravyova,Spain,Male,44.0,8,€0.00,2,No,No,"€62,424.46",0
15702571,Wright,Germany,Female,35.0,1,"€151,958.19",3,Yes,Yes,"€131,238.37",1
15627365,Calabresi,France,Male,46.0,0,€0.00,2,Yes,Yes,"€184,350.78",0
15748499,Johnson,Germany,Male,33.0,4,"€118,400.91",1,Yes,Yes,"€13,999.64",1
15598614,Lucchesi,Spain,Male,20.0,8,€0.00,2,No,No,"€168,152.76",0
15668889,Galgano,Germany,Female,43.0,2,"€116,322.27",4,No,No,"€35,640.12",1
15800049,Grigoryeva,Spain,Female,43.0,5,€0.00,1,Yes,Yes,"€120,088.17",0
15583724,Raymond,Spain,Female,29.0,4,€0.00,2,Yes,Yes,"€74,346.11",0
15622083,Paterson,Germany,Male,30.0,6,"€143,138.91",2,No,No,"€2,955.46",0
15645571,Genovese,Spain,Male,32.0,4,€0.00,2,Yes,Yes,"€146,504.35",0
15598266,Martin,French,Male,40.0,9,€0.00,1,Yes,Yes,"€149,602.54",0
15667934,Moretti,FRA,Male,36.0,0,"€129,804.17",1,No,No,"€53,020.90",0
15569682,Leckie,Germany,Male,37.0,9,"€108,308.11",1,No,No,"€41,788.25",1
15772941,Lane,Germany,Male,30.0,3,"€110,153.27",1,Yes,Yes,"€74,849.46",0
15586174,Brodney,Germany,Female,30.0,4,"€116,377.48",1,Yes,Yes,"€134,417.31",0
15803682,Angelo,Germany,Female,37.0,10,"€117,791.06",2,Yes,Yes,"€75,837.58",0
15627328,Millar,Spain,Female,26.0,2,€0.00,2,Yes,Yes,"€54,869.54",0
15717065,Balashov,French,Female,35.0,8,"€105,419.73",1,No,No,"€35,356.46",0
15602456,Afanasyev,Germany,Female,47.0,4,"€99,219.47",2,Yes,Yes,"€122,141.13",0
15721569,Chialuka,Germany,Female,55.0,8,"€119,327.93",1,Yes,Yes,"€119,439.66",0
15573798,Yermolayev,France,Female,36.0,6,"€83,947.12",2,No,No,"€81,999.53",0
15638272,Tien,Spain,Male,32.0,4,"€99,883.16",1,Yes,Yes,"€120,594.85",0
15799859,Lucchesi,France,Male,50.0,4,"€165,438.26",1,No,No,"€120,770.75",1
15599152,Lai,FRA,Male,31.0,1,"€156,111.24",1,No,No,"€134,790.74",0
15737909,Bates,French,Male,44.0,2,"€111,095.58",2,No,No,"€100,137.70",0
15646190,Saunders,FRA,Female,56.0,0,"€119,963.45",1,No,No,"€158,325.87",1
15711249,Chukwuemeka,Spain,Male,22.0,4,€0.00,2,No,No,"€70,007.67",0
15671987,Meagher,Spain,Male,35.0,8,"€153,137.74",1,No,No,"€88,659.07",0
15812766,Golubeva,Spain,Male,40.0,6,"€156,111.08",1,No,No,"€190,889.13",0
15778589,Collier,France,Male,34.0,7,"€113,014.70",2,Yes,Yes,"€56,646.28",0
15750104,Chan,Germany,Male,43.0,5,"€132,615.73",2,No,No,"€32,999.10",0
15784526,Chen,FRA,Male,44.0,5,"€102,016.38",1,Yes,Yes,"€178,235.37",1
15646563,Wright,France,Female,35.0,9,€0.00,1,Yes,Yes,"€25,448.31",0
15744423,Cocci,FRA,Male,32.0,5,€0.00,2,No,No,"€84,871.99",0
15593694,Williams,France,Male,49.0,8,€0.00,2,No,No,"€157,822.54",0
15785367,McGuffog,French,Female,56.0,4,€0.00,1,No,No,"€84,383.22",1
15687765,Chukwujamuike,Germany,Female,42.0,4,"€80,380.24",1,No,No,"€119,216.46",0
15789014,Scott,France,Female,26.0,6,"€108,909.12",1,No,No,"€82,547.01",0
15703177,Bell,France,Female,35.0,2,"€90,865.80",1,Yes,Yes,"€86,764.46",0
15660263,Olisaemeka,France,Male,40.0,4,"€99,799.76",2,No,No,"€197,372.13",0
15776545,Napolitani,France,Male,28.0,10,"€200,724.96",1,Yes,Yes,"€82,872.64",1
15683276,Sargood,Spain,Female,37.0,10,"€140,363.95",2,Yes,Yes,"€129,563.86",0
15599272,Harrington,French,Female,36.0,1,"€151,844.64",1,Yes,Yes,"€135,388.89",0
15589541,Sutherland,FRA,Female,27.0,2,€0.00,2,Yes,Yes,"€4,497.55",0
15608804,Allan,Germany,Male,49.0,8,"€133,231.48",1,Yes,Yes,"€67,885.37",0
15645820,Folliero,FRA,Male,27.0,7,€0.00,2,No,No,"€111,471.55",0
15659031,Mordvinova,French,Female,36.0,8,"€126,598.99",2,Yes,Yes,"€134,407.93",0
15790113,Schofield,Germany,Female,71.0,6,"€113,317.10",1,No,No,"€108,258.22",1
15652289,Williams,French,Male,47.0,4,€0.00,2,No,No,"€197,528.62",0
15605341,Baird,France,Female,58.0,8,"€93,173.88",1,Yes,Yes,"€139,761.25",0
15697844,Whitehouse,Spain,Female,32.0,10,€0.00,1,No,No,"€136,119.96",1
15652048,Thompson,Germany,Male,44.0,7,"€105,007.31",2,Yes,Yes,"€197,812.16",0
15587038,Ogochukwu,Spain,Female,32.0,2,€0.00,1,Yes,Yes,"€51,972.92",1
15660528,Niu,Spain,Male,27.0,4,€0.00,2,No,No,"€99,341.87",0
15700300,Okoli,Germany,Female,44.0,4,"€131,593.85",1,Yes,Yes,"€171,345.02",1
15642001,Lorenzen,Germany,Male,44.0,9,"€119,530.52",1,No,No,"€119,056.68",1
15580366,Okechukwu,Germany,Male,54.0,4,"€118,614.60",2,Yes,Yes,"€172,601.62",0
15657228,Anderson,Germany,Male,37.0,9,"€95,829.13",2,Yes,Yes,"€104,936.88",0
15729377,Ku,French,Male,36.0,1,€0.00,2,Yes,Yes,"€159,044.10",0
15686913,Kung,France,Male,38.0,0,€0.00,1,No,No,"€83,263.06",0
15631267,Lu,French,Male,50.0,6,"€153,590.73",2,Yes,Yes,"€130,910.78",0
15632275,Trevisano,France,Male,29.0,2,€0.00,1,No,No,"€126,336.72",0
15715907,Onwubiko,French,Male,64.0,9,"€113,109.52",1,No,No,"€27,980.80",1
15764841,Vidler,FRA,Female,35.0,0,"€130,557.24",1,Yes,Yes,"€47,880.71",0
15748649,Shen,French,Male,40.0,8,"€93,183.19",1,No,No,"€73,882.49",0
15771409,McGregor,France,Male,58.0,7,"€151,933.63",1,No,No,"€162,960.05",1
15779207,Nnamdi,Germany,Male,30.0,2,"€125,495.64",2,Yes,Yes,"€68,807.47",0
15814116,Castiglione,FRA,Female,42.0,7,€0.00,2,No,No,"€144,039.05",0
15665087,Bergamaschi,Germany,Female,26.0,8,"€118,547.72",1,Yes,Yes,"€151,192.18",0
15611189,Allingham,Spain,Male,43.0,1,"€97,792.21",1,No,No,"€120,225.62",0
15729718,Stelzer,FRA,Male,41.0,6,€0.00,3,No,No,"€56,118.81",1
15733602,Rubin,Spain,Female,72.0,2,€0.00,2,Yes,Yes,"€130,853.03",0
15620103,Ho,FRA,Female,40.0,8,"€167,181.01",1,Yes,Yes,"€185,156.94",0
15770406,Watson,Germany,Male,35.0,9,"€121,355.19",1,Yes,Yes,"€35,671.45",0
15800554,Perry,FRA,Female,81.0,1,€0.00,2,Yes,Yes,"€59,568.24",0
15611409,Sun,Spain,Male,35.0,0,€0.00,2,No,No,"€139,911.58",0
15646535,Harrell,FRA,Male,46.0,5,"€113,226.47",1,No,No,"€56,770.76",0
15575430,Robson,French,Female,33.0,1,"€118,392.75",1,Yes,Yes,"€157,564.75",0
15711299,Wilson,Germany,Female,52.0,8,"€145,262.54",1,Yes,Yes,"€131,473.31",0
15642063,Kelechi,French,Male,40.0,6,"€163,505.16",1,No,No,"€90,424.09",0
15706602,Bates,Spain,Female,33.0,1,"€118,114.28",2,Yes,Yes,"€156,660.21",0
15592773,Eberegbulam,Germany,Female,51.0,0,"€108,449.23",3,No,No,"€88,372.69",1
15786539,Olisaemeka,French,Male,32.0,1,€0.00,2,Yes,Yes,"€46,200.71",0
15737542,Davey,Germany,Female,36.0,10,"€103,294.56",1,No,No,"€160,548.12",0
15590234,De Luca,France,Female,42.0,1,€0.00,1,No,No,"€1,262.83",1
15773776,Ho,French,Female,38.0,6,€0.00,1,Yes,Yes,"€188,639.28",0
15728082,Vasiliev,Spain,Male,28.0,6,€0.00,2,No,No,"€14,665.28",0
15609987,Smith,France,Male,42.0,2,"€119,919.12",1,No,No,"€156,868.21",0
15735330,Sung,France,Male,37.0,1,€0.00,1,No,No,"€30,461.55",0
15649430,White,FRA,Male,28.0,4,€0.00,2,Yes,Yes,"€123,885.88",0
15768777,Wang,Spain,Female,34.0,4,€0.00,2,Yes,Yes,"€60,688.38",0
15777893,Davide,France,Male,43.0,1,€0.00,2,No,No,"€21,785.91",0
15791326,Nnamdi,FRA,Male,34.0,3,€0.00,1,No,No,"€188,135.69",0
15615176,Welsh,FRA,Male,26.0,7,€0.00,2,No,No,"€154,364.66",0
15735221,Sousa,FRA,Female,42.0,10,€0.00,2,No,No,"€61,312.15",0
15617991,Andrews,French,Male,29.0,4,"€128,744.04",1,Yes,Yes,"€47,454.93",0
15658504,Chiawuotu,Germany,Female,62.0,9,"€137,727.34",2,Yes,Yes,"€121,102.90",0
15785705,Thomson,Germany,Female,44.0,10,"€106,731.58",1,No,No,"€137,419.87",1
15801817,Carpenter,French,Female,38.0,7,"€123,544.21",1,Yes,Yes,"€157,664.02",0
15752578,Yefimova,French,Female,37.0,2,"€133,968.96",2,No,No,"€148,689.65",0
15781574,Ma,Spain,Male,76.0,9,"€126,534.60",1,Yes,Yes,"€39,789.62",0
15792107,Black,Spain,Female,35.0,8,€0.00,1,Yes,Yes,"€165,162.40",0
15569917,Obijiaku,Spain,Male,30.0,6,"€87,609.68",2,No,No,"€137,674.55",1
15721504,King,Spain,Male,41.0,3,€0.00,2,No,No,"€101,371.72",0
15757306,Miller,Spain,Male,49.0,3,€0.00,3,Yes,Yes,"€65,066.48",1
15647295,Chin,France,Male,34.0,9,€0.00,2,No,No,"€107,876.91",0
15642098,Cox,Spain,Female,36.0,0,"€108,960.00",2,No,No,"€111,180.30",1
15696120,Wallace,Spain,Female,30.0,2,€0.00,2,No,No,"€115,650.63",0
15675176,Price,French,Male,51.0,6,"€144,953.31",1,Yes,Yes,"€165,035.17",0
15700046,Yuan,FRA,Male,41.0,4,"€103,544.88",2,No,No,"€193,746.55",0
15782089,Mullen,FRA,Male,33.0,6,€0.00,1,No,No,"€58,458.26",0
15706394,Howell,FRA,Male,53.0,7,€0.00,2,Yes,Yes,"€52,332.85",0
15759387,McIntosh,Germany,Male,38.0,1,"€101,487.18",1,Yes,Yes,"€75,959.10",1
15623369,Clifton,France,Male,52.0,10,"€105,355.81",1,No,No,€123.07,1
15732943,Okwuoma,Spain,Male,36.0,4,"€77,967.50",1,No,No,"€167,066.95",1
15750545,Chidiebere,French,Male,44.0,5,€0.00,4,No,No,"€117,572.59",1
15809909,Fan,Spain,Female,54.0,4,€0.00,2,Yes,Yes,"€7,166.71",0
15642448,Onyemauchechukwu,Spain,Male,28.0,8,"€120,047.77",1,Yes,Yes,"€137,173.39",0
15791944,Harker,France,Male,32.0,7,"€175,464.85",3,No,No,"€116,442.42",1
15768342,Bolton,FRA,Male,52.0,8,"€79,475.30",3,Yes,Yes,"€32,421.32",1
15567919,Lazarev,Germany,Male,37.0,8,"€167,735.69",2,Yes,Yes,"€104,665.79",0
15674750,Alexeyeva,Spain,Female,37.0,8,€0.00,2,No,No,"€44,215.86",0
15778345,Stevens,French,Female,33.0,1,"€74,385.98",1,No,No,"€20,164.47",0
15687634,Glover,Germany,Male,49.0,5,"€94,754.00",1,Yes,Yes,"€26,691.31",0
15666096,Ibekwe,Spain,Male,27.0,4,€0.00,1,Yes,Yes,"€107,955.67",0
15581700,Paterson,Germany,Male,43.0,3,"€86,920.86",1,Yes,Yes,"€150,048.37",0
15656417,Marsh,French,Female,39.0,1,"€132,077.48",2,No,No,"€192,255.15",0
15649101,Reeves,FRA,Male,40.0,10,"€127,847.86",1,No,No,"€173,245.68",0
15781975,Rees,FRA,Male,34.0,3,€0.00,1,Yes,Yes,"€121,457.88",1
15700511,Hanson,Germany,Male,42.0,9,"€176,702.36",2,Yes,Yes,"€104,804.74",0
15770255,Onwughara,Germany,Female,33.0,10,"€83,555.58",1,No,No,"€69,767.14",0
15643574,Odinakachukwu,French,Male,26.0,8,€0.00,2,No,No,"€178,373.43",0
15595010,Huang,Spain,Female,39.0,9,€0.00,2,No,No,"€99,924.04",0
15580579,Trevisani,French,Female,40.0,1,€0.00,1,Yes,Yes,"€49,594.19",1
15748532,Dale,Spain,Male,42.0,10,€0.00,1,Yes,Yes,"€186,071.14",0
15773789,Pavlova,Spain,Female,38.0,7,"€96,858.35",1,No,No,"€77,511.45",0
15600027,Meng,Spain,Male,33.0,1,€0.00,2,Yes,Yes,"€54,816.57",0
15620832,Dean,French,Female,35.0,0,€0.00,2,Yes,Yes,"€61,290.99",0
15568819,Chiganu,Germany,Female,42.0,8,"€132,796.04",3,Yes,Yes,"€191,821.35",1
15748691,Lung,Spain,Female,30.0,1,"€154,970.54",1,Yes,Yes,"€156,768.45",0
15583552,Donaldson,Germany,Male,44.0,3,"€88,902.21",1,No,No,"€73,731.32",0
15588019,Li Fonti,FRA,Male,28.0,7,"€98,738.92",1,No,No,"€122,190.22",0
15713250,Izmailova,France,Male,33.0,8,€0.00,2,Yes,Yes,"€123,509.01",0
15569595,Walker,France,Female,50.0,6,€0.00,1,No,No,"€8,199.50",0
15794868,Nnonso,Germany,Male,40.0,10,"€137,456.28",2,Yes,Yes,"€14,113.11",0
15576680,Stevenson,France,Male,29.0,4,€0.00,2,No,No,"€51,705.01",0
15613699,Schnaars,FRA,Female,60.0,7,"€73,937.02",1,No,No,"€161,937.62",1
15609758,Geoghegan,France,Female,45.0,7,"€158,621.04",1,No,No,"€120,892.96",1
15762392,Ilyina,Spain,Male,30.0,1,"€113,257.20",1,Yes,Yes,"€65,035.02",0
15693382,Muir,France,Male,31.0,9,€0.00,1,Yes,Yes,"€164,257.37",0
15791769,Gardener,French,Female,29.0,9,"€116,536.43",1,No,No,"€51,987.99",0
15712483,Chidi,Spain,Female,28.0,4,€0.00,2,No,No,"€10,899.63",1
15636454,Fu,FRA,Female,60.0,6,"€101,070.69",1,No,No,"€177,355.80",1
15710138,Sun,Spain,Male,39.0,6,€0.00,2,Yes,Yes,"€63,889.10",0
15571571,Ting,Germany,Female,31.0,3,"€127,331.46",3,Yes,Yes,"€176,433.60",0
15638751,Ashton,Spain,Female,41.0,5,€0.00,2,No,No,"€81,313.51",0
15598574,Uwakwe,Spain,Female,31.0,5,€0.00,2,Yes,Yes,"€13,998.88",0
15796787,Vassiliev,French,Male,46.0,0,"€105,969.42",1,No,No,"€5,771.56",0
15615670,Kazakova,FRA,Male,36.0,5,"€119,547.46",1,Yes,Yes,"€42,693.65",0
15705506,Perry,Spain,Male,38.0,7,€0.00,2,No,No,"€90,839.61",0
15599535,Howell,Spain,Male,28.0,5,"€138,668.18",1,Yes,Yes,"€54,144.01",0
15768449,Ricci,France,Female,37.0,7,"€51,582.50",2,Yes,Yes,"€184,312.88",0
15725002,Smith,French,Male,37.0,7,€0.00,2,No,No,"€20,306.79",0
15611682,Rossi,Spain,Male,37.0,6,"€169,902.92",1,Yes,Yes,"€128,256.18",0
15749964,Jones,France,Female,27.0,4,"€87,262.40",2,No,No,"€182,720.07",0
15678779,Quezada,France,Male,33.0,7,€0.00,2,Yes,Yes,"€4,082.52",0
15752601,McCulloch,France,Female,40.0,7,€0.00,2,No,No,"€102,233.73",0
15758477,Tobeolisa,France,Female,32.0,2,€0.00,2,No,No,"€132,002.83",0
15629133,Black,FRA,Female,27.0,9,€0.00,2,No,No,"€126,838.70",0
15604963,Fraser,French,Male,39.0,5,€0.00,2,No,No,"€181,461.46",0
15796413,Green,FRA,Male,46.0,6,€0.00,2,No,No,"€195,325.74",0
15812470,Allan,FRA,Male,61.0,5,€0.00,2,Yes,Yes,"€29,132.43",0
15587443,Akudinobi,France,Female,69.0,1,€0.00,2,Yes,Yes,"€131,804.86",0
15689692,Walker,Germany,Male,19.0,3,"€150,348.37",1,Yes,Yes,"€173,784.04",0
15779586,Olisaemeka,Germany,Female,46.0,3,"€115,074.02",2,No,No,"€26,249.86",0
15667588,Arcuri,Spain,Female,40.0,3,€0.00,1,Yes,Yes,"€182,650.15",0
15624423,Liu,France,Male,28.0,8,"€99,986.98",1,No,No,"€196,582.55",0
15591107,Flemming,Germany,Female,68.0,3,"€110,357.00",1,No,No,"€141,977.54",1
15748986,Bischof,Germany,Male,42.0,8,"€166,685.92",2,Yes,Yes,"€55,313.51",0
15793896,John,Spain,Male,40.0,7,"€95,312.80",1,Yes,Yes,"€62,944.75",0
15620570,Sinnett,FRA,Male,43.0,4,"€202,443.47",1,No,No,"€72,375.03",0
15727811,Ts'ui,Germany,Female,47.0,0,"€109,493.62",1,No,No,"€188,324.01",1
15707681,Pokrovsky,Germany,Male,38.0,9,"€88,977.39",2,Yes,Yes,"€133,403.07",0
15702030,Azarov,FRA,Female,29.0,2,"€104,982.57",1,No,No,"€157,378.50",0
15673238,McCarthy,Germany,Female,59.0,8,"€154,110.99",2,No,No,"€101,240.08",1
15604196,Simpson,France,Male,32.0,6,"€185,714.28",1,Yes,Yes,"€102,502.50",0
15769356,Stevenson,Germany,Female,23.0,3,"€116,022.53",2,Yes,Yes,"€37,577.66",0
15665590,Moore,France,Male,46.0,6,€0.00,2,Yes,Yes,"€83,456.67",0
15572361,Chill,Germany,Female,34.0,2,"€164,011.48",1,No,No,"€199,420.41",0
15667460,Moore,France,Male,31.0,9,€0.00,2,Yes,Yes,"€24,748.89",0
15654760,Su,French,Male,40.0,1,"€101,514.89",1,Yes,Yes,"€121,765.00",0
15632669,Rees,Spain,Female,32.0,4,€0.00,2,Yes,Yes,"€113,666.48",0
15613673,Lung,France,Male,28.0,9,€0.00,1,No,No,"€134,110.93",0
15698522,Thomas,Germany,Male,39.0,9,"€134,599.33",2,No,No,"€183,095.87",0
15741633,Fuller,Spain,Male,32.0,10,"€147,511.26",1,Yes,Yes,"€159,891.03",0
15674583,Trevisani,FRA,Male,25.0,0,"€78,396.08",1,Yes,Yes,"€8,316.19",0
15665374,Dumolo,Spain,Female,31.0,5,€0.00,2,No,No,"€63,736.36",0
15588854,Wu,FRA,Female,31.0,3,"€110,581.29",1,Yes,Yes,"€94,715.24",0
15810716,Kerr,Germany,Male,42.0,8,"€151,836.36",2,No,No,"€68,695.38",0
15776921,Geoghegan,Germany,Male,45.0,5,"€83,624.55",2,No,No,"€36,899.62",0
15569394,Bailey,FRA,Male,24.0,2,"€148,197.15",2,No,No,"€182,775.08",0
15788215,Hsia,Spain,Female,30.0,5,"€122,924.75",1,No,No,"€62,390.59",1
15641007,Holden,French,Female,38.0,4,"€72,594.00",1,Yes,Yes,"€76,042.48",0
15594651,Milani,French,Male,38.0,4,"€115,221.36",1,Yes,Yes,"€70,956.75",0
15575146,Jamieson,Germany,Male,51.0,8,"€117,808.74",2,Yes,Yes,"€67,311.12",0
15608916,Ndubueze,French,Male,40.0,7,"€147,754.68",1,Yes,Yes,"€110,454.46",0
15666297,Abramova,Spain,Female,53.0,3,€0.00,3,No,No,"€88,479.02",1
15598586,Wetherspoon,France,Male,31.0,10,"€113,292.17",1,Yes,Yes,"€122,639.73",0
15665014,Middleton,Spain,Male,36.0,5,€0.00,2,No,No,"€79,723.78",0
15701738,Arcuri,Germany,Male,44.0,2,"€115,163.38",1,Yes,Yes,"€97,677.52",1
15650591,Calabrese,Germany,Male,50.0,10,"€118,098.62",1,Yes,Yes,"€100,720.02",1
15652667,Hampton,FRA,Male,39.0,9,€0.00,2,Yes,Yes,"€104,730.52",0
15679622,Clayton,France,Male,35.0,8,€0.00,1,Yes,Yes,"€22,499.29",0
15730150,Otutodilichukwu,Spain,Male,37.0,0,"€120,825.70",1,No,No,"€28,257.89",0
15813192,Chukwuemeka,FRA,Male,25.0,6,€0.00,2,Yes,Yes,"€109,988.09",0
15606554,Douglas,France,Male,29.0,1,€0.00,1,Yes,Yes,"€149,991.32",0
15611794,Galloway,Germany,Male,61.0,6,"€133,845.28",2,Yes,Yes,"€45,180.80",0
15672357,Sochima,Spain,Male,38.0,7,€0.00,2,No,No,"€181,605.85",0
15711759,Wilkins,FRA,Female,29.0,5,"€108,541.04",1,Yes,Yes,"€126,469.09",0
15615296,Rice,French,Male,39.0,10,€0.00,1,No,No,"€160,810.85",1
15699294,Pope,FRA,Male,30.0,1,€0.00,2,No,No,"€88,146.86",0
15788634,Romani,Spain,Female,37.0,2,"€113,817.06",1,No,No,"€88,333.74",0
15660871,Ch'ang,FRA,Male,28.0,8,"€137,300.23",1,No,No,"€90,174.83",0
15618258,Chizuoke,Spain,Male,37.0,5,"€158,024.38",1,No,No,"€81,298.09",0
15722535,Ireland,France,Female,33.0,7,"€127,837.54",1,Yes,Yes,"€60,013.17",0
15711977,Finch,FRA,Male,36.0,4,"€161,533.00",1,No,No,"€100,940.91",0
15690169,Meng,France,Male,31.0,7,"€161,171.70",2,No,No,"€12,599.94",1
15790689,Hibbins,Spain,Male,32.0,9,"€80,958.36",1,Yes,Yes,"€128,590.73",0
15665181,Chung,Spain,Male,25.0,7,€0.00,2,Yes,Yes,"€23,180.37",0
15633608,Black,France,Male,33.0,2,"€146,193.60",2,Yes,Yes,"€55,796.83",1
15805261,Balashov,Spain,Male,29.0,8,€0.00,2,Yes,Yes,"€152,097.02",0
15740356,Palmer,Germany,Male,26.0,4,"€115,021.76",1,Yes,Yes,"€162,443.05",0
15808223,Lea,Spain,Male,41.0,1,"€126,773.43",1,Yes,Yes,"€55,551.26",0
15769980,Singleton,Germany,Female,40.0,3,"€92,889.91",1,Yes,Yes,"€109,496.69",0
15675450,Burt,FRA,Male,48.0,9,€0.00,2,Yes,Yes,"€72,105.63",0
15776494,Siciliano,France,Male,61.0,5,"€146,622.35",1,Yes,Yes,"€41,815.22",1
15592412,Sun,Germany,Male,45.0,4,"€131,038.14",1,No,No,"€74,005.04",1
15777452,Sauve,French,Female,46.0,6,"€88,820.29",1,No,No,"€70,224.34",0
15692258,Thompson,Spain,Male,31.0,1,"€115,406.97",1,No,No,"€145,528.22",0
15791045,Boni,FRA,Female,38.0,3,"€132,951.92",1,Yes,Yes,"€124,486.28",0
15807889,Wood,Germany,Male,74.0,5,"€108,891.70",1,No,No,"€10,078.02",0
15602043,Buccho,Germany,Female,46.0,5,"€141,788.63",2,No,No,"€164,967.21",0
15807335,Spencer,Spain,Female,64.0,4,"€116,954.32",1,Yes,Yes,"€91,149.48",0
15629985,Eidson,Germany,Female,47.0,10,"€90,450.00",2,No,No,"€103,379.31",1
15679453,Hung,Germany,Female,39.0,8,"€125,997.22",1,Yes,Yes,"€128,049.34",1
15637315,Melvin,Spain,Female,41.0,3,€0.00,2,No,No,"€54,342.83",0
15691513,Dawkins,France,Male,60.0,9,€0.00,4,Yes,Yes,"€13,614.01",1
15622289,Rizzo,Spain,Female,36.0,9,€0.00,2,Yes,Yes,"€35,521.63",0
15715184,Capon,Spain,Female,31.0,4,"€144,637.86",2,No,No,"€40,496.72",0
15702801,Ts'ao,French,Female,29.0,3,"€86,616.35",1,No,No,"€91,903.90",1
15719931,Johnstone,FRA,Male,31.0,8,€0.00,2,No,No,"€178,667.70",0
15806081,Fleming,Germany,Female,48.0,2,"€127,924.25",2,No,No,"€32,202.61",0
15796336,Chang,Spain,Female,34.0,9,€0.00,2,No,No,"€117,034.32",0
15647306,Gibbs,FRA,Female,29.0,9,"€131,240.61",1,Yes,Yes,"€163,746.09",1
15742369,Rita,Spain,Male,31.0,5,€0.00,2,Yes,Yes,"€20,346.69",0
15655859,Munro,Spain,Male,35.0,5,"€120,046.74",2,No,No,"€84,710.65",0
15675650,Duncan,FRA,Female,39.0,8,"€97,819.36",1,Yes,Yes,"€120,531.31",0
15574119,Okwuadigbo,Spain,Female,64.0,1,"€62,979.93",1,Yes,Yes,"€152,273.57",0
15754168,McIntosh,France,Female,40.0,3,€0.00,1,Yes,Yes,"€144,345.58",0
15763029,Ch'iu,Germany,Male,46.0,9,"€161,450.03",1,Yes,Yes,"€96,961.00",1
15765048,Watt,French,Male,30.0,3,€0.00,2,No,No,"€170,307.43",0
15786215,Udinese,French,Male,56.0,8,"€119,496.25",2,No,No,"€29,880.99",0
15707559,Clark,France,Female,30.0,9,€0.00,2,Yes,Yes,"€195,104.91",0
15582129,Hsia,FRA,Male,62.0,1,"€43,772.66",3,No,No,"€187,756.24",1
15687540,Obiuto,FRA,Male,32.0,9,"€100,249.41",2,Yes,Yes,"€67,599.69",0
15787196,T'ien,Spain,Male,46.0,2,€0.00,2,Yes,Yes,"€105,983.09",0
15670898,McKenzie,French,Female,60.0,5,"€108,028.08",2,No,No,"€25,980.42",1
15775433,Tang,Germany,Male,71.0,1,"€53,013.29",2,Yes,Yes,"€112,222.64",0
15700693,Tu,France,Male,68.0,2,€0.00,2,Yes,Yes,"€59,864.96",0
15677955,Tsui,Germany,Male,33.0,1,"€122,088.67",1,No,No,"€42,581.09",0
15570086,Lynch,Germany,Male,18.0,9,"€90,544.00",1,Yes,Yes,"€4,777.23",0
15794875,Hung,Spain,Male,35.0,6,€0.00,2,Yes,Yes,"€178,038.17",0
15673591,Oluchukwu,France,Male,44.0,3,"€141,252.18",4,Yes,Yes,"€128,521.16",1
15631756,Tuan,FRA,Female,35.0,5,"€147,813.05",2,No,No,"€109,029.72",0
15757617,Lewis,French,Male,55.0,6,"€134,140.68",1,No,No,"€2,267.88",0
15612729,Chidiebere,French,Female,63.0,7,€0.00,2,Yes,Yes,"€55,054.48",0
15637857,Woolacott,French,Female,31.0,8,€0.00,1,Yes,Yes,"€76,456.17",0
15681007,Yen,FRA,Female,35.0,2,"€128,548.49",4,No,No,"€75,478.95",1
15593622,Service,FRA,Male,43.0,10,"€122,198.21",2,Yes,Yes,"€179,144.54",0
15629273,Lin,Germany,Male,42.0,8,"€145,177.84",1,No,No,"€193,471.74",1
15765846,Chuang,Spain,Female,31.0,2,"€94,222.53",1,No,No,"€103,570.80",0
15596013,Akhtar,Germany,Female,58.0,1,"€143,212.22",1,No,No,"€102,628.56",1
15722473,Faulkner,FRA,Male,41.0,3,€0.00,2,No,No,"€55,772.04",0
15774936,Liang,Germany,Male,41.0,6,"€143,350.41",1,Yes,Yes,"€192,070.16",1
15685640,Dancy,France,Female,41.0,3,"€130,931.83",1,Yes,Yes,"€144,808.37",0
15566563,Duigan,FRA,Female,30.0,4,"€137,851.31",1,No,No,"€5,008.23",1
15768746,McLean,FRA,Male,33.0,6,€0.00,2,No,No,"€173,680.39",0
15689952,Zuyeva,Spain,Male,41.0,5,€0.00,1,Yes,Yes,"€115,753.94",0
15725906,Hankinson,Spain,Female,51.0,8,€0.00,1,Yes,Yes,"€38,928.48",1
15634501,Wei,FRA,Male,60.0,1,"€140,614.15",1,Yes,Yes,"€174,381.23",0
15571940,Afamefula,Spain,Male,22.0,3,"€118,680.57",1,Yes,Yes,"€49,829.80",0
15741643,Chiang,Germany,Male,35.0,7,"€122,917.69",1,Yes,Yes,"€76,169.68",0
15806822,Myers,French,Female,36.0,0,€0.00,2,No,No,"€133,465.57",0
15701166,Chinedum,French,Male,40.0,5,"€131,754.11",2,Yes,Yes,"€38,761.61",0
15718531,Ukaegbunam,French,Female,35.0,8,€0.00,2,Yes,Yes,"€176,779.46",0
15628308,Akubundu,French,Female,24.0,6,€0.00,2,Yes,Yes,"€13,159.90",0
15585287,Sal,Germany,Female,35.0,9,"€119,948.09",1,No,No,"€48,217.97",1
15781619,Stevenson,French,Female,38.0,1,€0.00,1,No,No,"€134,964.85",1
15805162,Sutherland,French,Male,25.0,0,€0.00,2,Yes,Yes,"€184,221.11",0
15588535,Ts'ao,Spain,Female,39.0,6,€0.00,2,No,No,"€19,264.33",0
15775307,Sung,Spain,Female,38.0,3,"€97,266.10",1,Yes,Yes,"€92,797.23",0
15777616,Pisani,Germany,Male,28.0,10,"€113,690.83",1,No,No,"€33,114.24",0
15692291,Hs?eh,Spain,Female,42.0,6,"€99,056.22",2,No,No,"€154,347.95",1
15680843,Sherrod,FRA,Male,34.0,8,€0.00,2,Yes,Yes,"€184,842.21",0
15606232,Holloway,Spain,Female,36.0,7,"€116,338.68",1,Yes,Yes,"€155,743.48",0
15641585,Newton,France,Male,40.0,6,"€97,339.99",1,Yes,Yes,"€88,815.25",0
15684358,Kang,French,Male,41.0,3,€0.00,2,Yes,Yes,"€193,747.57",0
15806389,Walton,Germany,Female,55.0,1,"€137,592.31",2,Yes,Yes,"€116,548.02",1
15641860,Bradley,Germany,Male,34.0,6,"€108,760.27",2,No,No,"€166,324.79",1
15814237,Watkins,Germany,Male,30.0,3,"€128,770.88",2,Yes,Yes,"€40,199.01",0
15808780,Tien,FRA,Female,34.0,2,€0.00,2,No,No,"€51,919.04",0
15767064,Davide,Spain,Female,36.0,1,"€44,054.84",1,Yes,Yes,"€73,329.08",0
15751177,Milne,Germany,Female,44.0,2,"€119,657.53",1,No,No,"€145,387.05",1
15613427,Barling,Germany,Female,49.0,7,"€108,797.63",2,No,No,"€140,763.18",0
15647259,Barnett,Spain,Male,35.0,2,€0.00,2,No,No,"€67,979.35",0
15748660,Ellis,Germany,Female,49.0,1,"€102,025.32",1,No,No,"€133,051.64",1
15726695,Hsia,Spain,Female,20.0,9,"€122,446.61",2,No,No,"€86,791.90",0
15757473,Chukwujamuike,French,Female,27.0,7,"€158,786.67",2,Yes,Yes,"€47,579.25",0
15809509,Venables,France,Male,29.0,3,"€125,689.29",1,Yes,Yes,"€151,623.71",0
15715512,Hsia,Germany,Male,29.0,1,"€154,640.41",1,Yes,Yes,"€164,039.51",0
15614168,Alexander,Germany,Female,50.0,4,"€146,710.76",1,No,No,"€16,528.40",1
15679818,Yuan,Germany,Male,67.0,7,"€136,709.35",1,Yes,Yes,"€66,753.10",1
15609928,Johnston,Germany,Male,43.0,5,"€129,305.09",2,Yes,Yes,"€19,244.58",0
15731246,Hobler,Spain,Male,40.0,10,€0.00,2,No,No,"€103,832.58",0
15685243,Jamieson,French,Female,63.0,10,€0.00,2,Yes,Yes,€502.70,0
15638730,Macleod,France,Female,21.0,0,"€82,844.33",2,Yes,Yes,"€1,408.68",0
15697034,Norris,Spain,Female,22.0,2,€0.00,2,Yes,Yes,"€5,985.36",0
15699225,Pirozzi,French,Male,46.0,0,€0.00,2,No,No,"€37,460.05",0
15677387,Folliero,Germany,Female,33.0,10,"€76,692.22",1,Yes,Yes,"€30,396.43",0
15759184,Russell,France,Male,34.0,7,"€117,715.84",1,No,No,"€2,498.67",0
15595991,Hsiung,French,Male,54.0,8,"€87,105.32",1,Yes,Yes,"€55,346.14",0
15681332,Tate,France,Female,43.0,6,€0.00,1,No,No,"€148,330.97",1
15756299,Davis,FRA,Female,64.0,2,"€69,311.16",1,Yes,Yes,"€59,237.72",0
15750547,Bair,French,Male,26.0,9,€0.00,2,Yes,Yes,"€48,644.94",0
15566380,Drury,Spain,Female,33.0,10,"€66,948.67",2,Yes,Yes,"€140,759.03",0
15675963,Padovano,France,Female,57.0,9,€0.00,2,Yes,Yes,"€107,712.42",0
15674671,Conway,Spain,Male,76.0,2,"€128,410.71",2,Yes,Yes,"€181,718.73",0
15621466,Waters,Germany,Male,38.0,3,"€99,897.53",1,No,No,"€37,054.65",0
15607176,Kang,French,Male,22.0,3,€0.00,1,Yes,Yes,"€173,940.59",0
15570299,Martin,Germany,Female,31.0,6,"€152,622.34",1,No,No,"€99,298.80",0
15613197,Ugochukwutubelum,France,Male,40.0,8,€0.00,2,No,No,"€62,933.03",0
15798885,Burns,France,Male,56.0,4,"€138,227.19",2,Yes,Yes,"€55,287.84",0
15714883,Genovese,French,Female,25.0,2,"€111,395.53",1,Yes,Yes,"€48,197.06",0
15604497,Beale,Germany,Male,44.0,7,"€84,386.57",1,No,No,"€178,642.73",0
15773949,Cherkasova,French,Female,36.0,3,€0.00,2,Yes,Yes,"€8,282.22",0
15774164,Coles,Germany,Male,33.0,5,"€174,673.65",2,No,No,"€33,300.56",0
15774127,Potter,France,Male,46.0,3,€0.00,2,No,No,"€76,515.79",0
15619016,McMinn,Germany,Male,46.0,5,"€109,019.65",2,Yes,Yes,"€33,680.56",0
15795759,Bergamaschi,Germany,Female,52.0,1,"€107,906.75",1,No,No,"€168,886.39",1
15798844,Chijindum,France,Male,54.0,7,"€128,914.97",1,No,No,"€191,746.23",1
15717962,Ch'iu,Spain,Male,63.0,9,"€111,179.83",1,Yes,Yes,"€93,091.02",0
15691504,Yusupova,Germany,Female,52.0,8,"€124,099.13",1,No,No,"€23,904.52",0
15693893,Davis,Germany,Male,59.0,9,"€122,471.09",1,Yes,Yes,"€15,807.07",0
15672499,Iadanza,FRA,Male,34.0,3,"€134,692.40",2,Yes,Yes,"€83,773.02",0
15750410,Jordan,French,Female,25.0,4,"€123,816.50",1,Yes,Yes,"€90,162.35",0
15568904,Kruglova,Germany,Male,34.0,3,"€106,288.54",1,Yes,Yes,"€36,639.25",0
15649033,Echezonachukwu,Germany,Female,55.0,7,"€127,723.25",2,No,No,"€139,469.11",1
15780989,Hajek,Spain,Male,43.0,2,"€145,843.82",1,Yes,Yes,"€198,402.37",1
15771059,Welch,Germany,Female,34.0,2,"€148,200.72",1,No,No,"€194,584.48",0
15687852,Vinogradoff,French,Male,30.0,2,"€104,145.65",1,No,No,"€159,629.64",0
15695280,Hung,Germany,Male,24.0,8,"€142,755.25",1,No,No,"€34,231.48",0
15592751,Okwudiliolisa,Germany,Female,63.0,3,"€81,245.79",1,No,No,"€69,643.31",1
15598338,Mays,Germany,Female,33.0,3,"€168,560.46",2,No,No,"€90,270.16",0
15735784,Gardner,FRA,Male,38.0,8,€0.00,1,No,No,"€47,848.56",0
15629128,Mamelu,Germany,Male,42.0,2,"€132,193.94",2,Yes,Yes,"€162,865.52",0
15642870,Ross,France,Male,58.0,9,€0.00,1,Yes,Yes,"€168,650.40",0
15637977,Barese,Germany,Male,25.0,8,"€139,330.10",1,No,No,"€54,372.37",0
15600792,Swayne,Spain,Male,29.0,0,€0.00,2,Yes,Yes,"€133,897.32",0
15576131,Phillips,FRA,Male,40.0,5,€0.00,2,No,No,"€147,878.05",0
15686588,Manfrin,France,Female,28.0,2,"€134,571.50",1,Yes,Yes,"€118,313.38",0
15761018,Tan,Germany,Male,50.0,2,"€143,829.20",2,No,No,"€181,224.24",1
15616029,Adams,French,Male,32.0,7,€0.00,2,No,No,"€7,921.57",0
15761149,Teng,French,Female,44.0,8,"€133,444.97",1,Yes,Yes,"€5,708.19",0
15802758,Chinwendu,Germany,Female,23.0,4,"€104,753.84",2,No,No,"€56,756.52",1
15647838,Davison,Germany,Female,51.0,2,"€116,574.84",1,No,No,"€4,121.04",1
15735968,Hsing,France,Male,41.0,10,€0.00,2,Yes,Yes,"€97,213.09",0
15581286,Castro,French,Female,40.0,9,"€176,914.80",1,Yes,Yes,"€12,799.23",0
15625445,Parkin,FRA,Female,36.0,8,"€68,348.18",2,Yes,Yes,"€50,400.32",0
15600173,Manna,French,Female,33.0,9,€0.00,2,Yes,Yes,"€41,447.86",0
15635143,Fennescey,French,Male,42.0,2,"€56,726.83",2,Yes,Yes,"€185,543.35",0
15664849,Colon,Spain,Male,46.0,3,"€65,269.23",1,Yes,Yes,"€189,988.65",1
15762455,Yeh,Spain,Male,33.0,6,"€66,220.17",1,Yes,Yes,"€170,819.01",0
15797165,Bergamaschi,French,Male,56.0,9,€0.00,1,No,No,"€85,547.33",1
15788189,Matveyeva,French,Female,41.0,8,"€96,147.55",1,No,No,"€137,037.97",0
15780492,Ignatyeva,FRA,Male,42.0,4,€0.00,2,No,No,"€19,283.14",0
15678497,Lederer,Spain,Male,48.0,2,€0.00,1,No,No,"€169,425.30",1
15588560,Nwabugwu,Germany,Female,32.0,8,"€145,330.43",1,Yes,Yes,"€132,038.65",0
15606003,Abramowitz,French,Female,21.0,3,€0.00,2,Yes,Yes,"€3,626.47",0
15611756,Chapman,Germany,Female,47.0,4,"€124,192.28",2,Yes,Yes,"€50,881.51",0
15789563,Fiorentino,Germany,Female,46.0,7,"€111,288.18",1,Yes,Yes,"€149,170.25",1
15702416,Cecil,France,Male,43.0,7,"€107,805.67",1,No,No,"€182,505.68",0
15766288,Ikechukwu,Germany,Female,36.0,5,"€103,700.69",1,No,No,"€194,072.56",1
15667633,Allen,France,Female,38.0,1,€0.00,2,Yes,Yes,"€9,209.21",0
15622774,Kao,FRA,Male,34.0,0,€0.00,1,Yes,Yes,"€167,931.81",0
15755416,Hart,French,Female,27.0,3,"€87,739.08",1,Yes,Yes,"€123,096.56",0
15769915,Charlton,Spain,Female,20.0,0,"€133,313.34",1,Yes,Yes,"€3,965.69",0
15643908,Turnbull,French,Female,49.0,10,€0.00,1,Yes,Yes,"€87,711.61",0
15627395,Manners,Germany,Male,41.0,7,"€154,902.66",1,Yes,Yes,"€49,667.28",0
15679663,Chiazagomekpere,French,Female,36.0,0,€0.00,2,No,No,"€136,675.22",0
15651581,Lavrentyev,Germany,Male,68.0,6,"€112,595.85",1,No,No,"€35,865.44",1
15596379,Wallace,Germany,Male,39.0,3,"€119,695.75",1,Yes,Yes,"€26,136.13",0
15746674,Miller,France,Female,47.0,7,€0.00,1,No,No,"€33,373.26",1
15801256,Bazhenov,Spain,Male,49.0,7,€0.00,2,Yes,Yes,"€10,096.25",0
15663808,Ifesinachi,Germany,Female,59.0,8,"€152,614.51",2,Yes,Yes,"€188,782.30",0
15598521,Ma,Germany,Female,33.0,7,"€131,647.01",2,No,No,"€79,775.19",0
15621457,Chu,French,Male,27.0,6,"€96,654.72",2,No,No,"€152,740.16",0
15764726,Kerr,FRA,Male,22.0,3,"€137,583.04",1,Yes,Yes,"€5,791.85",0
15646374,Wynne,Germany,Female,28.0,3,"€62,717.84",2,Yes,Yes,"€13,182.43",0
15716501,Moon,France,Male,32.0,9,"€95,377.13",1,Yes,Yes,"€187,551.24",0
15589948,Disher,Spain,Male,28.0,1,"€135,936.10",2,Yes,Yes,"€110,560.14",0
15811343,Cattaneo,Germany,Male,35.0,5,"€161,591.11",3,Yes,Yes,"€63,795.62",0
15659677,Beluchi,French,Male,47.0,8,"€142,382.03",1,Yes,Yes,"€62,086.62",0
15594436,Mazzi,Spain,Male,33.0,2,€0.00,2,Yes,Yes,"€12,483.56",0
15748995,Ifeajuna,Spain,Male,30.0,9,€0.00,2,Yes,Yes,"€10,963.04",0
15677062,Howe,French,Female,38.0,6,"€127,043.09",1,Yes,Yes,"€8,247.00",0
15697201,Yocum,Spain,Female,46.0,3,€0.00,1,Yes,Yes,"€156,260.08",0
15666453,Moore,Germany,Female,29.0,4,"€78,885.88",2,Yes,Yes,"€26,927.69",0
15693771,Y?an,Spain,Female,45.0,8,"€95,922.90",1,No,No,"€84,782.42",1
15569867,Chinweuba,FRA,Female,29.0,8,€0.00,2,No,No,"€19,842.11",0
15711602,Lowrie,French,Female,36.0,3,"€91,711.59",1,Yes,Yes,"€95,393.43",0
15717736,Shen,Germany,Female,46.0,10,"€110,031.09",2,Yes,Yes,"€133,995.59",0
15750441,Lavarack,France,Male,36.0,5,"€81,210.72",2,Yes,Yes,"€108,003.38",0
15732791,Davide,Germany,Male,32.0,5,"€122,947.92",1,Yes,Yes,"€99,154.86",0
15775104,Gomes,French,Female,38.0,1,"€182,065.85",1,No,No,"€49,503.50",0
15757607,Matveyeva,France,Male,45.0,0,€0.00,1,No,No,"€196,533.72",1
15793070,Fiorentino,Spain,Female,41.0,2,"€69,974.66",2,No,No,"€188,426.13",1
15760456,Eberechukwu,France,Female,38.0,10,"€123,711.73",2,No,No,"€171,340.68",1
15665385,Gibney,FRA,Male,44.0,6,"€76,495.04",1,No,No,"€79,071.89",0
15612418,Virgo,France,Female,38.0,9,€0.00,2,No,No,"€20,940.76",0
15727138,Kulikova,Spain,Male,46.0,9,€0.00,2,Yes,Yes,"€34,774.26",0
15732061,Liu,Germany,Female,45.0,1,"€121,874.89",1,No,No,"€6,865.41",1
15776051,Kao,France,Female,45.0,6,€0.00,2,Yes,Yes,"€51,143.43",0
15616530,Foran,France,Male,36.0,6,"€188,455.19",1,No,No,"€47,031.40",1
15632344,Jones,FRA,Female,42.0,0,"€99,045.93",2,No,No,"€47,160.01",0
15744979,Fowler,FRA,Female,36.0,8,€0.00,1,Yes,Yes,"€158,666.99",0
15745433,Conti,Germany,Female,30.0,2,"€205,770.78",2,No,No,"€65,464.66",0
15683657,Stephenson,FRA,Female,31.0,0,"€79,340.95",1,No,No,"€78,255.86",0
15718572,Willis,Germany,Male,57.0,9,"€138,456.03",2,Yes,Yes,"€103,548.25",0
15665783,Ts'ui,FRA,Male,49.0,7,€0.00,2,Yes,Yes,"€89,609.26",0
15652782,Chibuzo,Germany,Male,48.0,2,"€101,099.90",2,Yes,Yes,"€193,476.04",0
15707025,Fang,Spain,Female,31.0,5,€0.00,2,Yes,Yes,"€5,199.02",0
15647807,Wyckoff,French,Male,40.0,8,"€109,219.83",1,No,No,"€52,827.51",0
15718281,Muir,Germany,Male,67.0,1,"€123,276.69",2,Yes,Yes,"€86,507.88",1
15660571,Halpern,Spain,Male,43.0,10,"€113,034.31",1,Yes,Yes,"€100,423.88",0
15727857,Flynn,Spain,Male,41.0,1,€0.00,2,No,No,"€175,611.50",0
15639252,Shao,Spain,Male,30.0,6,"€129,548.50",2,Yes,Yes,"€19,282.85",0
15628144,Soares,FRA,Female,72.0,4,"€74,812.84",1,Yes,Yes,"€27,448.33",0
15683560,Gallo,FRA,Female,40.0,7,€0.00,2,No,No,"€183,963.34",0
15653275,Lei,Spain,Female,54.0,1,€0.00,2,No,No,"€45,113.92",1
15622182,Daniels,Germany,Female,28.0,3,"€153,538.13",2,No,No,"€110,776.01",0
15613962,Kenechi,FRA,Female,38.0,9,€0.00,2,Yes,Yes,"€183,042.20",0
15618437,Singleton,Spain,Male,34.0,10,€0.00,2,Yes,Yes,"€161,571.79",0
15783338,Williams,Spain,Male,32.0,0,"€155,619.36",1,Yes,Yes,"€166,692.03",0
15764491,Greece,Spain,Male,35.0,10,"€159,693.90",2,Yes,Yes,"€71,173.64",0
15712960,Olisanugo,Spain,Male,37.0,3,"€171,653.17",1,Yes,Yes,"€5,353.12",0
15688157,Padovano,Germany,Female,39.0,2,"€47,685.47",2,Yes,Yes,"€86,019.48",0
15579287,Rossi,France,Male,35.0,4,€0.00,2,Yes,Yes,"€86,383.82",0
15570931,Grant,FRA,Male,61.0,5,€0.00,1,No,No,"€31,641.52",1
15615177,Ebelegbulam,Spain,Male,28.0,6,"€123,692.00",1,Yes,Yes,"€70,548.96",0
15809906,Mitchell,Germany,Male,26.0,1,"€148,853.29",2,Yes,Yes,"€24,411.02",0
15652169,Buckley,France,Male,35.0,2,"€133,161.95",1,Yes,Yes,"€122,254.86",0
15649450,Repina,Germany,Male,24.0,6,"€143,221.35",2,No,No,"€186,035.72",0
15777179,Ellis,French,Male,35.0,9,€0.00,2,Yes,Yes,"€73,133.82",0
15803538,Douglas,Spain,Male,56.0,1,€0.00,3,No,No,"€187,734.49",1
15610936,Becher,FRA,Male,33.0,6,€0.00,2,No,No,"€111,590.35",0
15590094,Nwachukwu,Germany,Male,38.0,9,"€126,265.88",2,No,No,"€15,859.95",0
15572706,Smith,French,Male,37.0,5,€0.00,1,No,No,"€61,324.87",0
15634564,Aksyonov,Spain,Male,31.0,8,"€112,713.34",1,Yes,Yes,"€176,868.89",0
15684296,Artyomova,French,Male,34.0,5,"€141,173.03",1,Yes,Yes,"€98,896.06",0
15702293,Medvedeva,Spain,Female,35.0,7,€0.00,2,Yes,Yes,"€108,739.15",0
15642099,Tsui,Spain,Male,39.0,6,€0.00,2,No,No,"€12,266.06",0
15773273,Runyon,Spain,Male,38.0,5,"€118,866.36",1,Yes,Yes,"€163,317.50",0
15613337,Gallo,French,Male,47.0,2,€0.00,2,Yes,Yes,"€182,247.77",0
15800482,Bradshaw,Spain,Female,33.0,7,€0.00,2,Yes,Yes,"€168,261.40",0
15732644,Evans,Spain,Female,54.0,5,"€92,316.31",2,No,No,"€158,590.66",1
15713426,Hancock,Germany,Male,30.0,1,"€122,185.53",1,No,No,"€102,566.46",1
15640789,Butler,French,Male,38.0,4,"€123,345.85",1,No,No,"€141,827.83",0
15598892,Bradshaw,France,Male,30.0,4,"€73,070.18",2,No,No,"€161,671.15",0
15606436,Bergamaschi,Spain,Male,38.0,7,€0.00,2,No,No,"€192,013.23",0
15751227,Ebelegbulam,French,Male,47.0,1,"€95,120.59",1,No,No,"€127,875.10",0
15812365,Greco,French,Male,40.0,8,"€102,800.65",1,No,No,"€60,811.56",0
15616088,Lucas,France,Female,70.0,7,"€97,072.42",1,Yes,Yes,"€131,177.22",0
15803886,Barber,Spain,Male,31.0,6,"€132,876.55",1,Yes,Yes,"€130,862.11",0
15587311,Dobbs,Spain,Male,33.0,6,€0.00,2,Yes,Yes,"€72,970.93",0
15617401,Thomson,FRA,Male,22.0,2,€0.00,2,No,No,"€28,123.99",0
15775886,Su,French,Male,36.0,3,€0.00,1,No,No,"€140,754.19",1
15807305,Watkins,France,Male,39.0,2,€0.00,1,No,No,"€166,650.32",0
15761717,Ch'ien,France,Male,26.0,10,"€51,962.91",2,No,No,"€45,507.24",0
15628008,Monds,Spain,Female,29.0,6,"€98,759.89",1,No,No,"€112,202.64",0
15583755,McClemans,Germany,Male,33.0,2,"€156,570.86",1,Yes,Yes,"€37,140.20",0
15661409,Shen,FRA,Female,42.0,1,€0.00,1,Yes,Yes,"€178,256.58",1
15774250,Gallo,FRA,Male,42.0,1,"€159,024.71",1,No,No,"€100,982.93",1
15681476,Foveaux,French,Female,39.0,1,"€73,493.17",1,Yes,Yes,"€109,626.13",1
15654870,Longo,FRA,Female,45.0,8,€0.00,2,Yes,Yes,"€99,251.24",0
15790448,Calabresi,French,Female,35.0,6,"€69,617.36",1,No,No,"€143,345.69",0
15785326,Randall,Spain,Female,35.0,5,"€136,526.26",2,No,No,"€59,653.03",0
15592854,Garcia,FRA,Male,25.0,3,"€113,736.27",1,Yes,Yes,"€196,864.61",0
15617486,Sullivan,French,Male,52.0,1,"€106,723.28",1,No,No,"€109,960.40",1
15806796,Higgins,Germany,Female,33.0,10,"€138,847.90",1,Yes,Yes,"€127,256.70",0
15644699,Crawford,French,Female,40.0,0,€0.00,2,No,No,"€1,099.95",0
15622305,Martin,Germany,Female,33.0,2,"€107,868.14",2,Yes,Yes,"€146,192.40",0
15608209,Currey,Germany,Male,33.0,3,"€96,926.12",2,No,No,"€48,553.77",0
15626898,Teng,France,Male,30.0,7,"€77,599.23",1,No,No,"€144,407.10",0
15644297,Austin,Germany,Male,38.0,5,"€178,787.54",1,Yes,Yes,"€195,760.53",0
15731569,Hudson,FRA,Male,81.0,5,€0.00,2,Yes,Yes,"€44,827.47",0
15582149,Ts'ui,Germany,Female,34.0,3,"€129,668.43",2,Yes,Yes,"€88,743.99",0
15802483,Hancock,French,Male,34.0,6,"€146,178.13",2,Yes,Yes,"€88,837.11",0
15686999,Nicholas,French,Female,40.0,8,€0.00,2,No,No,"€62,112.70",0
15772479,Napolitano,French,Male,37.0,4,€0.00,2,No,No,"€163,563.07",0
15778884,Jamieson,France,Female,38.0,2,"€154,763.21",2,Yes,Yes,"€174,800.31",0
15623630,Foster,Germany,Female,56.0,3,"€116,251.24",1,Yes,Yes,"€42,429.88",1
15774316,Moretti,France,Male,37.0,6,€0.00,2,Yes,Yes,"€82,647.65",0
15695097,Chiedozie,Germany,Female,30.0,0,"€100,954.88",2,No,No,"€134,175.15",0
15645404,Okwukwe,French,Female,51.0,4,"€124,620.01",2,No,No,"€92,243.94",1
15750574,Lumholtz,Spain,Female,34.0,4,€0.00,2,Yes,Yes,"€6,175.53",0
15636812,Rose,FRA,Male,40.0,9,"€112,701.04",1,No,No,"€29,213.63",0
15712068,Wan,Spain,Male,45.0,8,"€84,692.50",1,Yes,Yes,"€67,214.02",0
15652030,De Bernales,Germany,Male,49.0,2,"€108,204.52",1,No,No,"€169,037.84",1
15577398,Ch'eng,France,Male,30.0,6,"€86,449.39",1,Yes,Yes,"€188,809.23",0
15756848,Edmondson,Spain,Male,42.0,10,€0.00,1,Yes,Yes,"€79,408.17",0
15806929,Ch'ien,Germany,Male,36.0,5,"€73,194.99",1,Yes,Yes,"€89,222.66",0
15656005,Millar,Germany,Male,31.0,7,"€124,593.23",1,No,No,"€86,079.67",0
15722632,Dickson,Germany,Male,50.0,2,"€119,655.77",1,Yes,Yes,"€12,944.17",1
15794356,Toscani,Germany,Male,42.0,3,"€121,765.37",2,Yes,Yes,"€166,516.84",0
15659656,Pan,FRA,Male,35.0,4,"€110,837.73",1,No,No,"€126,419.80",0
15588341,Chigozie,Spain,Male,47.0,10,"€99,835.17",1,Yes,Yes,"€89,103.05",0
15709142,Sagese,Germany,Female,30.0,2,"€91,057.37",2,No,No,"€132,973.17",0
15627042,Reilly,FRA,Female,26.0,7,€0.00,2,No,No,"€93,122.41",0
15627517,Taylor,Spain,Male,27.0,7,"€149,400.27",1,No,No,"€167,522.19",0
15803032,Yen,Germany,Male,38.0,9,"€89,111.63",1,No,No,"€157,239.60",0
15665129,Kapustin,Germany,Male,33.0,1,"€132,527.90",2,Yes,Yes,"€107,429.71",0
15628272,Singh,French,Female,36.0,9,"€114,997.42",1,No,No,"€75,304.09",0
15678206,Yeh,France,Male,46.0,6,"€161,798.53",1,No,No,"€182,944.47",0
15678427,Genovese,Germany,Female,27.0,2,"€96,129.32",2,Yes,Yes,"€5,983.70",0
15678067,Boyle,Spain,Male,45.0,3,€0.00,2,No,No,"€163,655.01",0
15793331,Blair,France,Male,32.0,5,"€133,050.97",2,No,No,"€89,385.92",0
15699532,Okagbue,French,Male,51.0,8,"€120,124.35",2,Yes,Yes,"€168,773.54",0
15605827,Khan,FRA,Male,39.0,8,€0.00,2,No,No,"€96,864.36",0
15643635,Robertson,Spain,Male,32.0,5,"€133,705.74",1,No,No,"€134,455.84",0
15787710,Tikhonov,Spain,Female,39.0,9,€0.00,2,No,No,"€28,368.37",0
15614137,MacDonald,French,Female,40.0,7,€0.00,2,No,No,"€103,898.59",0
15754494,Ah Mouy,France,Female,33.0,4,"€152,805.05",1,No,No,"€63,239.65",0
15713440,Barese,Germany,Female,21.0,1,"€151,701.45",3,Yes,Yes,"€170,138.68",1
15803479,Winter-Irving,France,Female,67.0,1,€0.00,2,Yes,Yes,"€3,837.08",0
15709639,Wilson,FRA,Female,22.0,5,"€112,465.06",1,Yes,Yes,"€92,977.75",0
15601719,Fiorentino,Germany,Male,24.0,6,"€156,007.09",1,No,No,"€191,368.37",0
15772482,Iloerika,Germany,Male,28.0,3,"€132,405.52",3,No,No,"€104,889.20",1
15591489,Davison,FRA,Male,26.0,5,"€142,662.68",1,No,No,"€60,285.30",0
15629002,Hamilton,Germany,Male,36.0,8,"€102,603.30",2,Yes,Yes,"€180,693.61",0
15798053,Nnachetam,Spain,Male,32.0,9,€0.00,2,No,No,"€126,475.79",0
15753895,Blue,Spain,Male,37.0,1,€0.00,2,No,No,"€133,535.99",0
15595426,Madukwe,Spain,Male,57.0,6,"€105,000.85",2,Yes,Yes,"€87,412.24",1
15645815,Mills,FRA,Male,45.0,5,€0.00,2,Yes,Yes,"€164,886.64",0
15632848,Ferrari,France,Female,36.0,1,"€69,518.95",1,No,No,"€116,238.39",0
15703068,Nixon,Germany,Male,41.0,8,"€126,145.54",2,Yes,Yes,"€138,051.19",0
15791513,Manfrin,FRA,Male,41.0,4,"€138,937.35",1,Yes,Yes,"€101,617.64",1
15587210,McCartney,Germany,Female,44.0,10,"€113,581.98",1,No,No,"€1,985.41",0
15793803,Robinson,French,Male,34.0,1,"€112,572.39",1,No,No,"€165,626.60",0
15787756,Nkemdirim,Germany,Male,51.0,10,"€114,514.71",2,No,No,"€177,784.68",1
15723437,Sal,FRA,Female,35.0,2,€0.00,2,Yes,Yes,"€65,765.22",0
15702715,Kao,France,Female,34.0,10,€0.00,2,Yes,Yes,"€50,759.80",0
15809872,Ikechukwu,FRA,Male,32.0,2,"€84,906.45",1,No,No,"€163,216.48",0
15644295,Hargreaves,Spain,Female,39.0,2,"€126,816.18",1,Yes,Yes,"€74,850.93",0
15778694,Sievier,Germany,Female,26.0,1,"€105,249.76",2,Yes,Yes,"€23,491.09",0
15759555,Murphy,Spain,Male,41.0,2,€0.00,2,No,No,"€134,272.57",0
15631406,Munro,Germany,Male,50.0,5,"€109,387.90",1,No,No,"€155,721.15",0
15616676,Donnelly,Germany,Male,23.0,3,"€122,478.51",1,No,No,"€147,230.77",1
15771154,North,France,Female,73.0,8,"€137,732.23",2,Yes,Yes,"€133,210.44",0
15669491,Cruz,French,Female,46.0,2,"€157,866.77",1,Yes,Yes,"€18,986.12",0
15697691,Sinclair,France,Female,41.0,6,€0.00,1,Yes,Yes,"€100,507.81",0
15665180,Vasiliev,FRA,Female,31.0,3,"€136,789.14",1,No,No,"€59,346.40",1
15752588,Vasilyeva,France,Male,36.0,1,€0.00,2,Yes,Yes,"€95,372.64",0
15743051,Hamilton,French,Male,30.0,10,"€144,684.03",1,Yes,Yes,"€31,805.49",0
15571873,Sung,France,Male,24.0,9,"€107,065.31",1,Yes,Yes,"€51,959.82",0
15679743,Genovesi,French,Female,33.0,8,"€91,301.72",1,Yes,Yes,"€130,824.57",0
15769412,Atkinson,Spain,Male,39.0,4,"€207,034.96",2,No,No,"€157,694.76",1
15775124,Watterston,Spain,Male,37.0,8,€0.00,2,Yes,Yes,€933.38,0
15732113,Butters,Spain,Male,50.0,8,€0.00,1,Yes,Yes,"€2,560.11",0
15578141,Chien,Spain,Male,38.0,3,€0.00,1,Yes,Yes,"€12,905.89",1
15595874,Gorbunova,Spain,Female,36.0,6,€0.00,2,No,No,"€176,692.87",0
15755642,Bulgakov,FRA,Male,34.0,5,€0.00,2,Yes,Yes,"€102,908.63",0
15576526,Steele,Spain,Male,36.0,6,€0.00,2,Yes,Yes,"€41,291.05",0
15792489,Polyakova,Spain,Male,42.0,9,€0.00,2,No,No,"€119,127.06",0
15733705,Bull,FRA,Female,30.0,8,"€92,472.10",2,Yes,Yes,"€126,434.61",0
15807221,Weaver,Spain,Male,21.0,1,€0.00,2,No,No,"€103,901.35",0
15573045,Earl,France,Male,62.0,10,"€127,738.75",2,Yes,Yes,"€85,153.00",0
15756824,Giordano,Germany,Female,50.0,5,"€101,242.98",2,No,No,"€12,493.61",0
15773520,Begg,French,Female,43.0,4,"€92,599.55",2,Yes,Yes,"€167,336.78",0
15627439,Pickering,Spain,Female,36.0,10,€0.00,2,Yes,Yes,"€186,180.42",0
15701439,Fanucci,Spain,Female,50.0,1,€0.00,4,No,No,"€88,566.90",1
15785352,Chang,FRA,Male,37.0,6,"€82,373.94",1,No,No,"€172,526.90",1
15616525,Sopuluchi,Spain,Male,31.0,4,"€141,356.47",1,No,No,"€137,985.69",0
15717489,Martin,France,Male,23.0,9,€0.00,1,No,No,"€19,793.73",1
15795737,McNaughtan,Spain,Female,47.0,3,"€72,664.00",2,Yes,Yes,"€107,874.39",0
15693877,Stewart,FRA,Female,47.0,3,"€123,365.34",2,No,No,"€171,995.34",0
15576111,Reagan,Germany,Male,33.0,5,"€121,898.58",1,No,No,"€61,829.89",0
15595713,Heller,Spain,Male,33.0,6,€0.00,1,Yes,Yes,"€31,728.35",0
15808868,Nwokeocha,FRA,Female,31.0,3,"€103,696.97",3,No,No,"€155,221.05",1
15708193,Liu,France,Male,33.0,2,€0.00,2,No,No,"€130,866.95",0
15697801,Sokolova,Germany,Female,56.0,1,"€74,129.18",2,Yes,Yes,"€62,199.78",1
15770121,Bancroft,France,Female,34.0,9,€0.00,1,No,No,"€24,255.21",0
15800524,Nnanna,Germany,Male,29.0,3,"€185,379.02",1,No,No,"€64,679.07",0
15686236,Trevisani,Germany,Female,47.0,1,"€118,087.68",1,No,No,"€88,120.78",1
15659807,Nwachinemelu,Spain,Male,41.0,8,"€109,402.13",1,Yes,Yes,"€66,463.62",0
15736078,Ting,Germany,Female,33.0,7,"€130,367.87",1,No,No,"€15,142.10",1
15620836,Lo Duca,Germany,Female,34.0,2,"€108,410.87",2,No,No,"€102,908.91",0
15698184,Marshall,FRA,Female,50.0,2,"€90,408.16",2,No,No,"€48,170.57",0
15717643,Band,France,Female,34.0,6,"€90,425.15",2,Yes,Yes,"€11,597.69",0
15776596,Ferri,Spain,Female,39.0,6,"€140,094.59",1,No,No,"€172,450.04",1
15814757,Carter,Spain,Male,31.0,9,€0.00,2,Yes,Yes,"€184,061.17",0
15812607,Wilson,Germany,Female,46.0,6,"€95,439.40",1,Yes,Yes,"€21,038.58",1
15663888,Connor,Germany,Male,34.0,6,"€204,017.40",2,No,No,"€109,538.35",0
15748882,Reid,Spain,Male,29.0,9,€0.00,2,No,No,"€129,192.55",0
15690829,Sandefur,Germany,Male,49.0,3,"€137,115.16",1,No,No,"€146,516.86",1
15695819,Bidwill,Germany,Male,43.0,5,"€134,740.19",2,No,No,"€181,430.91",0
15696834,Cone,French,Female,29.0,5,€0.00,2,No,No,"€121,451.21",0
15797710,Saunders,Germany,Male,29.0,4,"€98,955.87",1,Yes,Yes,"€131,712.51",0
15700654,Liardet,Germany,Male,44.0,9,"€49,157.09",2,No,No,"€53,294.17",0
15583764,Wilkes,Germany,Male,31.0,1,"€130,240.33",1,No,No,"€96,546.55",0
15688849,Martin,France,Male,48.0,1,"€108,019.27",3,Yes,Yes,"€184,524.65",1
15661473,Boni,Germany,Male,51.0,4,"€126,725.25",1,No,No,"€195,259.31",1
15601030,Patel,Germany,Female,34.0,5,"€96,693.66",1,Yes,Yes,"€172,618.52",0
15789557,Howell-Price,Germany,Female,27.0,7,"€129,810.60",1,Yes,Yes,"€59,259.44",0
15745250,Simpson,FRA,Male,58.0,8,"€156,652.13",1,No,No,"€25,899.21",1
15590349,Rowland,French,Female,36.0,9,€0.00,1,No,No,"€3,749.00",1
15741693,Barnard,France,Male,40.0,4,"€130,661.96",1,Yes,Yes,"€101,918.96",0
15618446,Nnonso,FRA,Female,50.0,8,€0.00,2,Yes,Yes,"€57,802.62",0
15766552,Rossi,France,Male,37.0,6,€0.00,2,No,No,"€142,454.77",0
15668775,Pendred,French,Male,47.0,3,"€130,747.10",1,No,No,"€143,829.54",0
15757895,Martin,Germany,Male,30.0,6,"€106,629.49",1,Yes,Yes,"€44,114.88",0
15774551,K?,Spain,Male,36.0,3,"€112,029.83",1,Yes,Yes,"€186,948.35",0
15684011,Miller,Germany,Male,29.0,7,"€130,575.26",1,Yes,Yes,"€173,629.78",0
15736146,Afamefula,Germany,Male,28.0,4,"€96,679.71",1,Yes,Yes,"€49,133.45",0
15656286,Sims,FRA,Male,33.0,0,€0.00,2,No,No,"€178,122.71",0
15774847,Knight,French,Male,50.0,6,"€171,740.69",1,No,No,"€20,893.61",0
15619340,Obijiaku,Spain,Male,38.0,1,€0.00,2,No,No,"€41,303.29",0
15815656,Hopkins,Germany,Female,39.0,9,"€100,116.67",1,Yes,Yes,"€199,808.10",1
15623357,Onio,Germany,Male,24.0,2,"€120,596.93",1,Yes,Yes,"€180,490.53",0
15601324,Black,France,Female,48.0,1,€0.00,2,Yes,Yes,"€87,400.53",0
15715510,Eluemuno,FRA,Male,29.0,2,"€95,984.69",2,Yes,Yes,"€73,686.75",0
15663770,Doyle,France,Male,38.0,1,"€142,557.11",1,Yes,Yes,"€172,497.73",0
15779267,Onyemere,French,Male,47.0,5,€0.00,2,No,No,"€89,286.29",0
15597957,Rahman,Spain,Male,66.0,2,€0.00,2,Yes,Yes,"€180,082.70",0
15584620,Su,Germany,Female,36.0,6,"€143,644.16",1,No,No,"€22,102.25",1
15750772,Walker,French,Female,38.0,6,"€132,129.72",1,Yes,Yes,"€76,068.95",0
15706557,Ferguson,France,Female,52.0,0,€0.00,2,No,No,"€32,159.46",1
15594391,Samaniego,French,Female,68.0,2,"€183,555.24",1,No,No,"€159,557.28",1
15661656,Onwumelu,French,Male,38.0,2,"€91,902.56",2,Yes,Yes,"€107,673.35",0
15631217,Young,French,Male,40.0,6,"€156,218.19",1,Yes,Yes,"€33,607.72",0
15588955,Mazzi,Germany,Female,43.0,5,"€93,259.57",3,No,No,"€141,035.65",1
15758252,Toscano,Germany,Female,45.0,2,"€168,085.38",2,Yes,Yes,"€115,719.08",0
15740223,Walton,Germany,Male,51.0,1,"€107,714.74",3,No,No,"€86,128.21",1
15805413,Chiang,France,Female,31.0,6,"€117,852.26",2,No,No,"€147,668.64",0
15635116,Burgos,Spain,Male,60.0,2,€0.00,1,No,No,"€177,480.45",1
15764892,Spinelli,Spain,Female,51.0,10,"€84,474.62",2,Yes,Yes,"€190,937.09",0
15795936,Lung,France,Male,50.0,3,€0.00,2,No,No,"€84,531.79",0
15655232,Noble,Germany,Male,35.0,6,"€126,803.34",2,Yes,Yes,"€161,133.40",0
15640133,Pai,FRA,Female,34.0,0,€0.00,2,No,No,"€185,555.63",0
15751524,Chigozie,Germany,Female,36.0,10,"€68,806.84",1,No,No,"€33,075.24",0
15670552,Peavy,French,Female,31.0,3,"€115,141.18",1,No,No,"€39,806.75",0
15623966,Yermakov,France,Female,35.0,2,€0.00,2,Yes,Yes,"€26,389.92",0
15752193,Burton,Spain,Male,34.0,6,"€90,723.36",1,Yes,Yes,"€12,162.76",0
15607269,Costa,Germany,Female,49.0,2,"€151,249.45",2,Yes,Yes,"€167,237.94",0
15700752,Pugliesi,France,Female,32.0,6,€0.00,2,Yes,Yes,"€52,067.37",0
15777901,Lindell,Germany,Female,43.0,9,"€94,752.49",1,No,No,"€184,006.36",1
15639117,Sorenson,Spain,Female,34.0,6,€0.00,1,No,No,€582.59,1
15720203,Arcuri,Spain,Male,28.0,7,€0.00,1,No,No,"€143,274.41",0
15586236,Banks,French,Male,31.0,5,"€132,084.66",3,Yes,Yes,"€54,474.48",1
15676645,Parry,France,Male,45.0,5,€0.00,2,Yes,Yes,"€121,428.20",0
15715988,Cockett,French,Male,35.0,2,€0.00,2,Yes,Yes,"€79,704.12",0
15603749,Galkina,FRA,Female,53.0,2,"€45,472.28",1,Yes,Yes,"€41,055.71",1
15608956,Su,France,Male,33.0,1,€0.00,1,No,No,"€41,590.40",0
15733872,Marino,Germany,Female,33.0,10,"€130,229.71",2,No,No,"€54,019.93",1
15666982,Spears,Germany,Female,38.0,9,"€123,948.85",1,No,No,"€76,053.07",0
15602647,Cunningham,Germany,Male,39.0,6,"€127,415.85",1,Yes,Yes,"€184,977.20",1
15623063,Taylor,Germany,Male,35.0,8,"€110,067.71",1,No,No,"€127,678.95",1
15682928,Chiazagomekpere,Spain,Male,39.0,4,"€65,521.20",1,Yes,Yes,"€1,243.97",0
15729246,Hardacre,Spain,Male,31.0,5,€0.00,2,Yes,Yes,"€76,326.67",0
15588928,Maslow,France,Male,47.0,5,€0.00,2,Yes,Yes,"€145,338.61",0
15803352,Scott,Germany,Male,33.0,3,"€155,736.42",2,Yes,Yes,"€57,751.21",0
15607485,Wakelin,Spain,Female,29.0,4,€0.00,2,No,No,"€138,880.24",0
15656249,Esposito,French,Female,34.0,3,"€118,307.57",2,Yes,Yes,"€136,120.29",0
15761783,Shah,French,Male,41.0,6,€0.00,1,Yes,Yes,"€167,621.18",0
15716605,Chukwufumnanya,Germany,Female,24.0,7,"€103,099.17",2,No,No,"€173,276.62",0
15757425,Fleming,French,Female,38.0,1,€0.00,2,Yes,Yes,"€99,661.46",0
15603096,Lori,France,Male,33.0,6,"€125,789.69",1,No,No,"€66,333.56",1
15588580,Kennedy,Germany,Female,36.0,4,"€109,646.83",1,Yes,Yes,"€70,240.79",0
15770539,Walters,French,Male,30.0,1,"€127,187.86",1,Yes,Yes,"€113,553.42",0
15572022,Han,FRA,Female,36.0,6,€0.00,1,Yes,Yes,€690.84,0
15571843,Lawrence,Spain,Male,24.0,1,€0.00,1,No,No,"€98,802.76",0
15752502,Cooke,French,Male,41.0,4,"€130,385.82",1,Yes,Yes,"€130,661.95",0
15609058,Wan,French,Male,23.0,1,"€107,787.47",1,Yes,Yes,"€116,378.82",0
15775108,Lo Duca,FRA,Male,34.0,1,"€99,325.04",2,Yes,Yes,"€186,052.15",0
15708904,Yermakova,French,Female,37.0,9,€0.00,1,No,No,"€100,101.06",0
15600086,Combs,FRA,Male,48.0,7,"€123,764.95",1,Yes,Yes,"€169,952.82",0
15814675,Chien,Germany,Female,39.0,8,"€128,264.03",1,No,No,"€61,792.76",1
15572777,Meng,Spain,Male,47.0,7,"€86,006.21",1,Yes,Yes,"€37,973.13",0
15585106,Calabresi,Germany,Female,38.0,8,"€57,068.43",2,No,No,"€188,974.81",0
15738936,Stevenson,Germany,Male,29.0,5,"€103,607.24",2,Yes,Yes,"€86,334.64",0
15750970,Davidson,Spain,Male,40.0,1,"€99,004.24",1,Yes,Yes,"€152,845.99",0
15725772,Ch'in,Spain,Female,36.0,2,€0.00,2,Yes,Yes,"€146,652.11",0
15692106,Rose,Spain,Female,25.0,3,"€147,386.72",3,No,No,"€45,482.04",1
15791533,Ch'ien,Spain,Male,42.0,6,"€93,608.28",1,No,No,"€168,816.73",1
15715715,Artyomova,Spain,Male,38.0,2,€0.00,2,Yes,Yes,"€59,297.34",0
15785576,Mayrhofer,Germany,Male,71.0,9,"€119,496.87",1,No,No,"€125,848.88",0
15798834,Yefremov,Spain,Female,32.0,7,€0.00,1,No,No,"€76,264.27",0
15744127,Kosovich,FRA,Female,37.0,2,€0.00,2,No,No,"€3,939.87",0
15637427,Lu,Spain,Female,25.0,6,€0.00,2,Yes,Yes,"€15,306.29",0
15576990,Taplin,Germany,Female,25.0,5,"€152,885.77",1,No,No,"€58,214.79",0
15615352,Ebelechukwu,French,Male,31.0,4,"€99,607.37",2,Yes,Yes,"€35,877.03",0
15647333,Fleming,FRA,Male,27.0,4,"€137,003.68",1,No,No,"€21,254.06",0
15572050,Yefimov,Germany,Male,48.0,3,"€122,831.58",1,Yes,Yes,"€24,533.89",1
15581370,Andreyeva,Spain,Male,38.0,2,"€99,811.44",2,No,No,"€23,531.50",0
15813503,Pickering,Spain,Male,37.0,8,"€154,712.58",2,No,No,"€89,099.18",0
15769783,Allan,Spain,Male,37.0,8,€0.00,1,Yes,Yes,€807.06,0
15793135,Wang,Germany,Female,24.0,7,"€147,687.24",1,Yes,Yes,"€121,592.50",0
15599182,Reynolds,Spain,Female,33.0,2,€0.00,2,Yes,Yes,"€4,700.66",0
15689517,Hales,France,Male,27.0,3,"€127,009.83",1,No,No,"€161,909.95",0
15641366,Y?an,Germany,Male,61.0,1,"€124,737.96",1,Yes,Yes,"€90,389.61",1
15588859,Rowley,Spain,Female,44.0,0,"€179,356.28",2,No,No,"€2,919.21",1
15732293,Chia,Spain,Male,31.0,8,€0.00,2,Yes,Yes,"€99,086.74",0
15568032,Moore,Germany,Male,31.0,1,"€127,320.36",3,No,No,"€163,170.32",0
15623525,Copeland,Spain,Male,31.0,0,"€125,175.58",1,Yes,Yes,"€72,757.33",0
15606601,Rishel,France,Female,22.0,6,"€186,788.96",2,No,No,"€73,286.80",0
15800811,Wan,French,Male,40.0,3,"€148,556.74",1,Yes,Yes,"€146,056.29",0
15610711,Eluemuno,Germany,Female,40.0,8,"€128,644.46",1,No,No,"€167,673.37",0
15809654,Hsia,French,Female,46.0,7,"€127,476.73",2,Yes,Yes,"€146,011.55",0
15576077,Kelly,French,Female,27.0,9,"€159,561.93",1,Yes,Yes,"€103,381.47",0
15643378,Muir,France,Male,42.0,1,"€112,419.92",1,Yes,Yes,"€83,022.92",0
15566790,McIntyre,France,Male,28.0,8,"€129,991.76",2,Yes,Yes,"€46,041.08",0
15774402,Donaldson,Spain,Male,36.0,5,€0.00,1,Yes,Yes,"€182,843.24",0
15694641,Wright,Spain,Female,59.0,2,€0.00,2,Yes,Yes,"€171,364.18",0
15605916,Uvarova,French,Female,50.0,3,€0.00,1,No,No,"€183,399.12",1
15812356,Doherty,Germany,Female,40.0,6,"€89,175.06",2,Yes,Yes,"€152,883.95",0
15644179,Allen,FRA,Female,39.0,3,€0.00,2,No,No,"€50,560.45",1
15771674,Ma,Spain,Female,39.0,5,"€162,390.52",2,No,No,"€54,702.66",0
15623314,Tucker,Germany,Female,59.0,3,"€190,353.08",1,No,No,"€78,365.75",0
15613292,Ch'eng,French,Male,21.0,8,€0.00,2,No,No,"€68,666.63",0
15813871,Hs?,France,Male,47.0,2,€0.00,2,No,No,"€151,375.73",0
15759480,H?,FRA,Female,40.0,10,"€139,180.97",1,Yes,Yes,"€19,959.67",0
15587712,Chimaijem,FRA,Male,36.0,8,"€114,435.47",1,No,No,"€26,955.72",0
15671165,Esomchi,FRA,Female,66.0,5,"€149,950.19",1,Yes,Yes,"€76,267.59",0
15620746,Lorenzo,France,Male,42.0,4,"€126,115.60",1,No,No,"€100,998.50",0
15706537,Pirogov,Germany,Female,59.0,7,"€111,396.97",1,Yes,Yes,"€191,070.01",0
15589312,Larkin,French,Male,30.0,3,"€115,007.08",1,No,No,"€176,858.50",0
15741180,Eddy,France,Male,54.0,6,"€102,141.90",1,Yes,Yes,"€45,325.26",0
15733888,Sells,Spain,Female,36.0,3,"€133,686.52",1,No,No,"€190,958.48",1
15798532,Crawford,France,Male,32.0,9,"€120,879.73",2,Yes,Yes,"€78,896.59",0
15577359,Bezrukov,Spain,Male,47.0,5,€0.00,1,No,No,"€121,964.46",1
15614936,Mancini,Spain,Female,49.0,10,"€82,321.88",1,Yes,Yes,"€11,144.40",0
15747647,Iadanza,Spain,Female,27.0,4,€0.00,2,No,No,"€144,181.48",0
15588566,Wilkinson,Spain,Male,33.0,5,"€116,474.28",2,Yes,Yes,"€32,757.55",0
15570141,P'eng,France,Female,34.0,3,"€132,352.69",1,No,No,"€80,320.30",0
15800793,St Clair,Germany,Female,39.0,4,"€182,491.57",1,No,No,"€185,830.72",0
15572415,Preston,FRA,Male,34.0,6,€0.00,2,Yes,Yes,"€160,095.31",0
15635125,Findlay,Spain,Male,63.0,2,"€120,787.18",2,Yes,Yes,"€52,198.84",0
15636551,Nixon,France,Female,29.0,3,"€130,181.47",2,No,No,"€31,811.44",0
15600912,Gorshkov,Germany,Male,32.0,5,"€88,348.43",2,Yes,Yes,"€104,181.78",0
15768476,Chukwubuikem,Spain,Male,31.0,6,€0.00,2,Yes,Yes,"€67,667.19",0
15650266,Medvedeva,Germany,Male,39.0,2,"€146,186.28",2,Yes,Yes,"€193,974.47",0
15621004,Chukwuhaenye,French,Male,32.0,7,€0.00,1,No,No,"€198,055.94",1
15748352,Endrizzi,Spain,Male,34.0,0,"€104,488.17",1,Yes,Yes,"€43,249.67",0
15788920,Ch'ang,Germany,Female,32.0,4,"€109,196.67",2,No,No,"€55,218.02",0
15743236,Piccio,France,Female,61.0,7,"€80,538.56",1,No,No,"€131,305.37",1
15637717,Lockington,Germany,Male,41.0,4,"€109,026.80",2,Yes,Yes,"€43,117.10",0
15635500,Seleznyov,Germany,Male,75.0,2,"€61,319.63",1,Yes,Yes,"€186,655.11",0
15634792,Weston,France,Female,40.0,9,€0.00,2,Yes,Yes,"€33,266.29",0
15607560,Groom,FRA,Female,39.0,2,€0.00,2,Yes,Yes,€555.28,0
15727177,Manfrin,French,Male,42.0,6,"€177,822.03",1,No,No,"€150,944.31",1
15774358,Robertson,Germany,Male,59.0,4,"€110,939.30",1,No,No,"€72,846.58",1
15791304,Ch'ang,Germany,Male,25.0,7,"€165,413.43",1,Yes,Yes,"€35,279.74",0
15603328,Lucchesi,French,Male,27.0,1,"€77,805.66",1,Yes,Yes,"€2,101.89",0
15804937,Cambage,France,Male,50.0,3,€0.00,2,No,No,"€94,949.84",0
15804142,Tan,Spain,Female,57.0,3,"€175,575.95",2,No,No,"€99,061.75",1
15608845,Tao,Spain,Female,38.0,3,"€124,197.22",1,No,No,"€74,692.06",0
15702434,Hsieh,FRA,Female,30.0,3,€0.00,2,No,No,"€116,692.80",0
15632609,Burdekin,French,Female,39.0,10,"€160,132.75",1,No,No,"€32,824.15",0
15603550,Longo,Germany,Female,37.0,7,"€70,258.88",2,No,No,"€139,607.61",0
15755239,Maughan,Germany,Male,32.0,4,"€162,657.64",2,Yes,Yes,"€115,525.13",0
15670528,Franz,Germany,Male,43.0,0,"€132,217.45",1,No,No,"€20,955.03",1
15732704,Piazza,Spain,Male,25.0,9,"€148,042.97",2,No,No,"€52,341.15",0
15589019,Morant,Spain,Female,33.0,4,"€92,855.02",1,Yes,Yes,"€159,813.18",0
15677796,Becher,Germany,Male,47.0,9,"€129,289.98",1,No,No,"€169,935.46",1
15760177,Lombardi,Spain,Male,37.0,9,"€100,252.18",1,Yes,Yes,"€146,033.52",0
15636595,Loton,Spain,Male,37.0,3,"€107,592.89",2,Yes,Yes,"€153,122.73",0
15737275,Conti,France,Male,39.0,3,"€113,096.41",1,Yes,Yes,"€60,335.24",0
15672905,Sani,Spain,Female,40.0,7,€0.00,2,Yes,Yes,"€163,757.29",0
15753955,Lori,Spain,Male,34.0,7,"€149,940.04",2,No,No,"€156,648.81",0
15708504,Wong,Germany,Male,50.0,8,"€121,438.58",1,Yes,Yes,"€176,471.78",1
15592451,Lombardi,French,Male,32.0,9,€0.00,2,No,No,"€5,388.30",0
15790455,Obialo,French,Female,50.0,2,€0.00,1,Yes,Yes,"€93,332.64",1
15572174,Mazzi,FRA,Male,29.0,3,"€148,874.01",2,Yes,Yes,"€71,192.82",0
15656330,Von Doussa,Spain,Female,32.0,0,"€68,138.37",1,Yes,Yes,"€170,309.19",0
15569626,Miller,Spain,Male,35.0,5,"€110,080.30",1,Yes,Yes,"€109,794.31",0
15608726,Miracle,France,Male,24.0,7,€0.00,2,Yes,Yes,"€166,310.82",0
15637366,Su,Germany,Female,25.0,5,"€114,268.85",2,Yes,Yes,"€126,728.27",0
15778049,Wyatt,Germany,Male,29.0,6,"€117,412.35",1,No,No,"€30,338.94",0
15727421,Anayolisa,France,Female,38.0,6,€0.00,2,Yes,Yes,"€37,935.83",0
15688865,Wade,FRA,Female,35.0,9,€0.00,2,No,No,"€25,329.48",0
15751032,Enemuo,Germany,Female,37.0,1,"€35,549.81",2,No,No,"€49,676.33",0
15734737,Bruno,French,Male,56.0,9,€0.00,2,Yes,Yes,"€169,498.61",0
15746515,Greece,French,Male,36.0,7,"€136,492.92",3,Yes,Yes,"€26,500.29",1
15664311,Yang,Germany,Male,28.0,3,"€123,675.69",1,Yes,Yes,"€166,458.41",0
15708139,Brown,France,Female,40.0,1,"€139,532.34",1,No,No,"€181,294.39",0
15768574,Anderson,Spain,Male,58.0,1,"€178,713.98",1,Yes,Yes,"€21,768.21",0
15738018,Johnston,France,Male,40.0,5,€0.00,2,No,No,"€72,849.29",0
15699753,Zakharov,French,Male,41.0,1,"€89,086.31",1,No,No,"€24,499.97",0
15703199,Golibe,Spain,Male,38.0,3,"€96,143.47",1,No,No,"€98,994.92",0
15627830,Nikitina,Germany,Female,30.0,5,"€32,197.64",1,Yes,Yes,"€141,446.01",0
15570855,Leonard,France,Male,38.0,7,€0.00,2,Yes,Yes,"€77,864.41",0
15772503,Burns,French,Female,33.0,4,€0.00,2,No,No,"€115,115.32",0
15584453,Burtch,Spain,Male,32.0,10,€0.00,2,Yes,Yes,"€168,605.96",0
15710111,Clark,French,Male,33.0,6,€0.00,2,No,No,"€38,550.40",0
15618562,Woodward,Germany,Female,40.0,0,"€140,306.38",1,No,No,"€160,618.61",1
15706764,Spencer,French,Female,35.0,1,€0.00,2,No,No,"€3,701.63",0
15798737,Chao,FRA,Male,38.0,8,€0.00,2,No,No,"€88,659.44",0
15712608,Costa,Germany,Female,42.0,2,"€74,483.97",2,Yes,Yes,"€44,273.91",0
15636736,McLachlan,French,Female,53.0,7,€0.00,2,Yes,Yes,"€156,495.39",1
15703544,Hung,Spain,Male,34.0,0,€0.00,1,No,No,"€182,988.94",0
15815645,Akhtar,FRA,Male,37.0,8,"€152,303.66",2,Yes,Yes,"€175,082.20",0
15705739,Toscani,Germany,Male,32.0,5,"€159,904.79",1,No,No,"€148,811.14",0
15709643,Gray,French,Male,32.0,1,€0.00,3,No,No,"€85,901.09",0
15669805,Warren,Germany,Female,31.0,1,"€99,557.94",1,No,No,"€199,255.32",0
15737489,Ramsden,Spain,Female,46.0,5,"€116,886.59",1,No,No,"€107,973.44",0
15775131,Bartlett,Spain,Male,32.0,9,"€142,188.20",2,Yes,Yes,"€128,028.60",0
15765283,Wenz,Germany,Female,40.0,3,"€149,961.99",2,No,No,"€104,610.86",0
15628715,Kisch,France,Female,36.0,8,€0.00,2,Yes,Yes,"€69,676.55",0
15813283,Mai,French,Female,34.0,2,€0.00,1,No,No,"€35,982.42",0
15745716,McGregor,Spain,Male,53.0,7,€0.00,2,Yes,Yes,"€117,939.17",0
15598485,Pinto,Spain,Male,40.0,8,"€28,649.64",1,Yes,Yes,"€95,140.62",0
15696552,Newman,French,Female,21.0,4,"€81,025.60",2,No,No,"€167,682.57",0
15754569,Pagnotto,France,Male,57.0,1,€0.00,2,Yes,Yes,"€56,562.57",0
15701741,Williams,France,Female,39.0,3,"€152,462.79",1,No,No,"€90,305.97",0
15572631,Ndubuisi,French,Male,25.0,10,€0.00,1,Yes,Yes,"€109,895.16",0
15636069,Plummer,Spain,Male,28.0,7,"€155,519.59",1,No,No,"€1,843.24",0
15682467,Chimezie,France,Female,36.0,1,"€118,851.05",1,Yes,Yes,"€102,747.02",0
15790744,Nash,French,Female,34.0,9,"€92,899.27",2,No,No,"€97,465.89",0
15625023,Onochie,French,Male,40.0,4,€0.00,1,Yes,Yes,"€105,352.55",0
15731267,Rizzo,French,Male,37.0,4,"€75,263.70",1,No,No,"€85,801.77",0
15742879,Boni,Spain,Male,38.0,1,"€147,904.31",1,Yes,Yes,"€69,370.05",0
15757015,Davies,Germany,Female,41.0,5,"€106,640.50",1,No,No,"€176,945.96",0
15770711,Lu,Germany,Female,28.0,4,"€90,696.78",1,Yes,Yes,"€21,597.20",0
15569430,Burrows,Spain,Female,36.0,2,"€175,509.80",2,No,No,"€152,039.67",0
15617304,Ershova,French,Male,40.0,6,€0.00,2,Yes,Yes,"€111,893.09",0
15704466,Udokamma,FRA,Female,34.0,7,€0.00,2,No,No,"€195,074.62",0
15664681,Aitken,FRA,Female,35.0,2,"€114,321.28",2,No,No,"€15,959.01",0
15605534,Turnbull,Germany,Female,51.0,4,"€95,560.04",1,No,No,"€72,628.84",1
15792473,Reilly,Germany,Female,50.0,5,"€88,379.81",3,Yes,Yes,"€64,157.24",1
15802625,Hardy,Germany,Male,48.0,7,"€85,915.52",1,Yes,Yes,"€23,860.50",0
15766017,Brookman,Germany,Male,58.0,3,"€72,309.30",1,Yes,Yes,"€85,687.09",1
15762172,Kerr,French,Female,39.0,2,€0.00,2,No,No,"€179,451.42",0
15728333,McBurney,FRA,Male,43.0,8,€0.00,1,Yes,Yes,"€93,180.09",0
15792868,Mickey,French,Male,69.0,1,€0.00,2,No,No,"€157,097.09",0
15605698,Harrison,French,Male,58.0,3,€0.00,3,Yes,Yes,"€80,344.96",1
15777060,Olszewski,France,Female,33.0,4,€0.00,1,No,No,"€26,080.54",1
15626243,Chijioke,France,Male,30.0,3,"€133,844.22",1,Yes,Yes,"€31,406.93",0
15719898,Young,FRA,Male,36.0,7,"€154,872.08",2,Yes,Yes,"€32,044.64",0
15599976,Bellasis,French,Female,27.0,9,€0.00,2,No,No,"€132,734.87",0
15752809,De Mestre,Spain,Male,43.0,6,"€116,121.67",1,No,No,"€61,602.42",0
15589698,De Luca,Germany,Male,42.0,6,"€107,104.50",1,Yes,Yes,"€41,304.44",1
15609977,Mundy,France,Male,47.0,6,"€71,026.77",1,No,No,"€57,962.41",0
15750121,Tung,FRA,Male,38.0,3,€0.00,1,No,No,"€42,862.82",0
15734177,Donahue,France,Male,33.0,4,€0.00,2,Yes,Yes,"€152,992.04",0
15781347,Okagbue,FRA,Female,41.0,1,€0.00,2,Yes,Yes,"€91,193.65",0
15592025,Nnaemeka,FRA,Male,53.0,7,€0.00,2,Yes,Yes,"€130,132.41",0
15670163,Verjus,FRA,Female,27.0,4,€0.00,2,No,No,"€88,751.45",0
15765402,H?,France,Female,39.0,6,"€145,644.05",1,No,No,"€104,118.93",0
15624343,Napolitani,Spain,Female,50.0,7,"€129,667.77",1,No,No,"€42,028.16",0
15602354,Ginikanwa,Germany,Male,33.0,3,"€109,341.87",1,No,No,"€75,632.78",0
15579183,Spaull,FRA,Male,64.0,1,€0.00,2,Yes,Yes,"€53,710.23",0
15584899,Siciliani,FRA,Female,35.0,5,€0.00,2,Yes,Yes,"€13,066.30",0
15723658,Voronina,Spain,Female,30.0,6,€0.00,2,No,No,"€152,417.97",0
15803965,Tang,France,Male,55.0,3,"€87,485.67",1,Yes,Yes,"€3,299.01",0
15682489,Crumbley,FRA,Male,27.0,9,€0.00,2,No,No,"€198,091.81",0
15813645,Hamilton,French,Female,36.0,0,"€53,369.13",1,Yes,Yes,"€103,934.12",0
15766787,Piazza,France,Female,35.0,9,€0.00,2,Yes,Yes,"€70,403.65",0
15687171,Birch,Spain,Male,34.0,5,"€146,679.77",1,No,No,"€102,179.86",0
15690744,Custance,FRA,Male,43.0,2,"€112,499.42",2,No,No,"€30,375.18",0
15707974,Anayochukwu,Spain,Female,38.0,2,"€48,387.00",1,No,No,"€184,796.84",0
15673084,Galkin,Spain,Male,38.0,1,"€68,079.80",1,Yes,Yes,"€166,264.89",0
15814772,Adams,Germany,Male,49.0,4,"€160,133.88",1,Yes,Yes,"€88,391.97",0
15743709,Toomey,FRA,Male,30.0,4,"€66,190.33",1,Yes,Yes,"€115,186.97",0
15610343,Marshall-Hall,FRA,Female,37.0,10,€0.00,2,Yes,Yes,"€13,935.53",1
15737414,Shen,France,Male,35.0,4,"€123,761.68",1,No,No,"€83,910.40",0
15788480,Pagnotto,Germany,Female,33.0,0,"€122,325.58",1,No,No,"€34,712.34",1
15568519,Wood,French,Male,41.0,9,€0.00,2,No,No,"€13,871.34",0
15792453,More,Spain,Female,42.0,1,"€138,912.17",1,Yes,Yes,"€139,494.75",0
15658100,Piccio,France,Female,42.0,0,€0.00,2,Yes,Yes,"€140,724.64",0
15695197,Tochukwu,Germany,Female,25.0,7,"€128,524.19",2,No,No,"€20,682.46",0
15749807,Graham,Spain,Female,31.0,3,€0.00,2,No,No,"€124,202.26",0
15773876,Tung,France,Female,34.0,3,€0.00,2,No,No,"€159,638.77",0
15591698,P'eng,Germany,Female,49.0,9,"€132,934.89",1,No,No,"€171,056.65",1
15712813,Nevzorova,Germany,Male,43.0,3,"€150,805.17",3,Yes,Yes,"€25,333.03",1
15763898,Toscani,Spain,Female,46.0,3,€0.00,2,Yes,Yes,"€29,372.62",0
15793324,McKenzie,Spain,Male,32.0,9,€0.00,3,Yes,Yes,"€38,533.79",0
15757759,Okwuoma,Spain,Female,28.0,7,"€165,969.26",3,No,No,"€156,122.13",1
15796230,Morley,Germany,Female,36.0,2,"€124,495.98",3,Yes,Yes,"€57,904.22",1
15611729,Kerr,Germany,Male,39.0,1,"€141,559.50",1,Yes,Yes,"€31,257.10",1
15709531,Harding,France,Male,38.0,2,"€114,756.14",1,No,No,"€193,214.05",0
15650751,Butler,France,Female,30.0,6,€0.00,2,Yes,Yes,"€137,757.69",0
15641413,Crawford,Germany,Female,49.0,7,"€155,393.98",2,No,No,"€13,308.20",1
15753840,Brown,Spain,Female,32.0,6,€0.00,1,Yes,Yes,"€132,861.90",1
15669994,Greece,Germany,Female,31.0,1,"€128,663.81",2,No,No,"€125,083.29",0
15695301,Matthews,Spain,Male,44.0,4,"€113,522.64",1,Yes,Yes,"€12,405.20",0
15792004,Heath,Spain,Female,26.0,3,€0.00,2,No,No,"€37,697.29",0
15603035,Vincent,FRA,Male,34.0,3,€0.00,2,Yes,Yes,"€105,599.65",0
15717286,Sal,Spain,Female,40.0,8,"€79,035.95",1,No,No,"€142,783.98",1
15577107,Milne,Spain,Female,22.0,6,€0.00,3,Yes,Yes,"€168,412.07",1
15754747,Bazile,Germany,Male,33.0,9,"€141,918.09",2,Yes,Yes,"€184,036.47",0
15705676,Wardle,France,Female,35.0,9,"€107,944.33",2,No,No,"€48,478.47",0
15751912,Lilly,FRA,Male,36.0,7,€0.00,2,Yes,Yes,"€3,896.08",0
15677336,Aitken,Germany,Male,57.0,1,"€120,043.13",1,No,No,"€132,370.75",1
15684395,Enderby,Spain,Female,45.0,10,"€125,191.69",1,Yes,Yes,"€128,260.86",1
15659949,Chiu,FRA,Male,31.0,1,"€96,399.31",2,No,No,"€106,534.15",0
15812422,Ugorji,FRA,Male,41.0,2,€0.00,2,Yes,Yes,"€102,515.42",0
15806941,Sharpe,France,Male,60.0,7,"€76,961.60",2,Yes,Yes,"€83,643.87",0
15637690,Houghton,Germany,Female,34.0,7,"€98,675.74",1,No,No,"€138,906.85",1
15632882,Konovalova,Germany,Male,37.0,1,"€126,817.13",2,Yes,Yes,"€29,995.83",1
15807107,Patel,French,Male,32.0,3,"€121,394.42",1,No,No,"€164,081.42",0
15661034,Ngozichukwuka,Germany,Female,29.0,5,"€106,059.40",1,No,No,"€187,976.88",1
15811958,Medland,Germany,Male,44.0,2,"€112,755.34",2,No,No,"€158,171.36",0
15785167,Padovano,Spain,Male,29.0,4,€0.00,2,No,No,"€155,711.64",0
15646720,Tsui,Spain,Female,55.0,7,€0.00,3,No,No,"€85,890.75",1
15658614,H?,Germany,Female,38.0,7,"€145,400.69",2,Yes,Yes,"€83,844.79",0
15704657,Denman,FRA,Male,39.0,3,"€72,647.64",1,No,No,"€41,777.90",1
15567147,Ratten,Spain,Male,40.0,4,€0.00,2,Yes,Yes,"€81,908.09",0
15701319,Baxter,Germany,Female,37.0,6,"€96,340.81",2,Yes,Yes,"€139,377.24",1
15745266,Norman,Spain,Male,55.0,6,€0.00,1,Yes,Yes,"€73,562.05",1
15650437,Shen,Germany,Male,32.0,8,"€124,450.36",2,Yes,Yes,"€165,786.10",0
15764314,Reilly,Germany,Male,36.0,2,"€113,877.23",2,No,No,"€174,921.91",0
15612594,Ifeanacho,Spain,Male,25.0,3,€0.00,2,Yes,Yes,"€120,790.02",0
15593501,Graham,French,Female,36.0,5,"€148,667.81",2,No,No,"€56,092.51",0
15804150,Lysaght,FRA,Male,34.0,3,€0.00,2,Yes,Yes,"€158,816.03",0
15649297,T'ang,FRA,Female,62.0,4,"€111,065.93",2,Yes,Yes,"€125,660.99",0
15641110,Abron,French,Male,41.0,0,€0.00,1,No,No,"€128,400.62",0
15660608,Chimaraoke,French,Male,44.0,8,"€158,697.61",1,No,No,"€107,181.22",0
15806570,Y?an,FRA,Female,53.0,4,€0.00,1,No,No,"€77,203.72",1
15715345,Sergeyeva,Spain,Male,25.0,6,€0.00,2,No,No,"€129,740.11",0
15755521,Ma,French,Female,48.0,0,"€90,044.32",2,Yes,Yes,"€187,604.97",1
15579074,Obiajulu,Germany,Male,38.0,10,"€84,651.79",1,Yes,Yes,"€184,754.26",0
15641158,Belcher,Germany,Male,32.0,3,"€102,128.27",1,No,No,"€63,981.37",1
15752507,K?,Germany,Male,60.0,9,"€148,846.39",1,No,No,"€192,831.67",1
15597983,Brown,France,Male,69.0,10,"€154,953.94",1,Yes,Yes,"€70,849.47",0
15586069,Abernathy,French,Female,30.0,0,"€108,883.29",1,No,No,"€27,914.95",0
15655082,Pape,French,Female,48.0,4,"€112,070.86",3,No,No,"€173,568.30",1
15720155,Tao,Germany,Male,29.0,6,"€131,354.39",1,Yes,Yes,"€9,324.31",1
15582116,Ma,Germany,Female,45.0,7,"€132,746.20",2,No,No,"€26,628.88",1
15749365,Earle,FRA,Female,34.0,8,€0.00,2,Yes,Yes,"€145,601.80",0
15632069,Kazantsev,French,Male,39.0,8,"€125,211.55",2,No,No,"€144,496.07",0
15663134,Uspenskaya,Spain,Male,58.0,1,€0.00,2,Yes,Yes,"€11,779.98",1
15766683,Coombes,Germany,Male,36.0,6,"€139,422.37",1,No,No,"€83,983.39",1
15707219,Hopman,French,Female,28.0,4,€0.00,2,Yes,Yes,"€123,318.37",0
15709232,McKay,Germany,Female,47.0,5,"€157,099.47",2,Yes,Yes,"€65,481.86",0
15801351,Milanesi,French,Male,40.0,3,€0.00,2,No,No,"€47,728.00",0
15578747,Chineze,Spain,Male,26.0,5,"€83,600.24",1,Yes,Yes,"€59,195.05",0
15675626,Dawson,French,Male,28.0,2,€0.00,1,No,No,"€98,060.51",0
15583736,Shih,Germany,Male,36.0,4,"€81,795.74",2,No,No,"€90,106.94",0
15590011,Hughes,Spain,Male,38.0,9,"€129,378.32",1,Yes,Yes,"€13,549.34",0
15609913,Clark,French,Female,46.0,9,€0.00,1,No,No,"€113,436.08",0
15719479,Chukwuhaenye,Spain,Female,56.0,7,€0.00,2,Yes,Yes,"€42,442.21",0
15575147,Wall,France,Male,22.0,9,"€99,339.00",1,No,No,"€68,297.61",1
15597309,Howell,Spain,Male,36.0,7,€0.00,2,No,No,"€80,134.65",0
15648367,Lo,Germany,Female,29.0,6,"€74,430.10",2,Yes,Yes,"€96,051.10",0
15758031,Lazarev,Spain,Male,38.0,3,"€91,241.85",1,Yes,Yes,"€80,682.35",0
15751771,Lowe,Germany,Male,32.0,2,"€99,092.45",1,Yes,Yes,"€111,149.98",0
15689288,Folliero,France,Female,26.0,5,€0.00,2,No,No,"€182,612.38",0
15731026,Han,Germany,Female,39.0,2,"€100,062.16",2,No,No,"€109,201.43",0
15775809,Holloway,Germany,Female,26.0,6,"€98,723.67",1,Yes,Yes,"€151,146.67",0
15743076,Pai,Spain,Male,29.0,9,€0.00,1,Yes,Yes,"€93,901.61",0
15658258,Trejo,French,Male,43.0,6,"€128,760.32",1,No,No,"€36,342.79",0
15756321,Johnston,Spain,Female,52.0,5,"€144,772.69",1,No,No,"€98,302.57",1
15706799,Macknight,Spain,Male,44.0,4,€0.00,1,No,No,"€84,972.90",1
15775703,Lo,French,Male,26.0,2,"€71,281.29",1,Yes,Yes,"€108,747.12",1
15642636,Glossop,French,Male,29.0,9,"€117,035.89",1,Yes,Yes,"€21,862.19",0
15704651,Bishop,FRA,Male,26.0,1,€0.00,2,No,No,"€121,551.93",0
15806771,Yefremova,France,Female,40.0,0,"€3,768.69",2,No,No,"€177,065.24",1
15566735,Obialo,Germany,Female,36.0,2,"€108,913.84",2,Yes,Yes,"€140,460.01",0
15681671,Nkemjika,Germany,Male,28.0,2,"€101,100.22",2,Yes,Yes,"€35,337.31",0
15775949,Trevisani,France,Female,38.0,7,"€110,615.47",1,Yes,Yes,"€193,502.93",0
15586752,Parkes,Germany,Male,33.0,8,"€152,143.89",1,Yes,Yes,"€32,174.03",0
15582519,Seleznyov,French,Male,47.0,6,"€121,797.09",1,Yes,Yes,"€5,811.90",1
15658233,Naylor,France,Female,41.0,5,"€109,798.25",1,Yes,Yes,"€149,593.61",0
15755330,Forbes,Germany,Male,41.0,7,"€122,403.24",1,Yes,Yes,"€37,439.90",1
15605072,Douglas,France,Female,43.0,3,"€145,860.98",1,Yes,Yes,"€142,763.51",1
15617538,Nwankwo,Spain,Male,40.0,7,€0.00,2,No,No,"€45,038.74",0
15591428,Myers,France,Male,29.0,9,€0.00,2,No,No,"€172,097.40",0
15692142,Rogova,Germany,Female,48.0,7,"€105,086.74",1,Yes,Yes,"€180,344.69",1
15692931,Hsing,FRA,Male,22.0,2,"€114,991.45",1,Yes,Yes,"€37,392.56",0
15781127,Giordano,Spain,Female,33.0,8,"€96,769.04",1,Yes,Yes,"€36,864.05",0
15677136,Okwukwe,France,Female,23.0,5,€0.00,2,No,No,"€132,418.59",0
15677828,Chalmers,France,Female,34.0,4,€0.00,2,No,No,"€60,894.26",0
15567897,Chiazagomekpere,Germany,Male,23.0,5,"€132,725.10",1,Yes,Yes,"€143,913.33",0
15793641,Evseyev,France,Female,70.0,3,€0.00,2,Yes,Yes,"€172,240.27",0
15678333,Parry-Okeden,French,Female,26.0,7,€0.00,2,No,No,"€86,619.77",0
15630511,Picot,France,Female,33.0,6,€0.00,2,No,No,"€164,074.89",0
15792627,Reid,Spain,Female,33.0,5,"€84,557.82",1,Yes,Yes,"€69,039.43",0
15717191,Ferri,France,Male,49.0,1,"€93,817.41",2,Yes,Yes,"€132,468.76",1
15625716,Genovesi,French,Female,33.0,9,"€113,913.53",1,Yes,Yes,"€65,316.50",0
15710053,Neumayer,Germany,Female,44.0,5,"€140,406.68",2,Yes,Yes,"€57,164.19",0
15580043,Murray,Spain,Female,22.0,8,"€105,229.34",1,Yes,Yes,"€34,397.08",0
15601410,Tien,Spain,Female,46.0,1,€0.00,3,Yes,Yes,"€177,431.59",1
15684669,Parkes,France,Female,41.0,9,"€137,891.35",1,No,No,"€142,009.46",1
15619083,Yip,France,Female,35.0,6,€0.00,2,Yes,Yes,"€80,618.47",0
15692207,Ingle,FRA,Female,53.0,6,€0.00,2,Yes,Yes,"€124,218.27",0
15730705,Chidubem,French,Male,37.0,9,"€165,252.52",1,No,No,"€85,286.30",0
15749688,Lu,FRA,Male,32.0,8,€0.00,2,No,No,"€40,889.14",0
15728542,Vorobyova,French,Female,71.0,4,€0.00,2,Yes,Yes,"€107,236.87",0
15760063,Chiedozie,Spain,Male,23.0,7,€0.00,2,Yes,Yes,"€168,085.97",0
15658982,Napolitani,Germany,Female,28.0,5,"€122,034.40",3,Yes,Yes,"€146,663.43",1
15758769,Coffey,French,Female,44.0,7,€0.00,1,No,No,"€4,791.80",0
15778481,Chigbogu,France,Male,59.0,1,"€118,962.58",1,Yes,Yes,"€120,819.58",0
15661162,Akabueze,Spain,Male,49.0,2,€0.00,1,No,No,"€114,539.67",1
15568164,Istomin,FRA,Female,34.0,4,"€71,379.53",2,Yes,Yes,"€154,000.99",0
15601569,Ndubueze,French,Female,40.0,2,"€171,178.25",1,No,No,"€137,980.58",1
15772383,Toscani,FRA,Male,36.0,9,"€131,307.11",1,No,No,"€83,343.73",0
15667456,Ross,Spain,Male,62.0,3,€0.00,2,Yes,Yes,"€82,195.15",0
15672983,Fernando,Spain,Female,27.0,5,"€87,099.85",2,No,No,"€149,550.95",0
15799534,McClaran,FRA,Male,71.0,5,"€183,135.39",2,Yes,Yes,"€197,688.50",0
15582847,Yermakova,France,Male,26.0,0,€0.00,2,Yes,Yes,"€72,929.96",0
15612478,Somadina,France,Male,51.0,10,€0.00,3,No,No,"€171,045.35",1
15709621,Wan,French,Male,31.0,3,€0.00,2,Yes,Yes,"€27,731.05",0
15802009,Mazzi,French,Female,33.0,6,€0.00,2,Yes,Yes,"€126,131.90",0
15698816,Tuan,Spain,Female,33.0,4,"€72,535.45",1,Yes,Yes,"€103,931.49",0
15574830,Townsley,Germany,Male,58.0,2,"€128,137.42",2,No,No,"€147,635.33",1
15603082,Yashina,France,Male,51.0,9,€0.00,2,No,No,"€61,961.57",0
15685947,Henderson,Germany,Male,42.0,0,"€115,915.53",2,Yes,Yes,"€125,435.47",1
15643048,Mueller,French,Male,66.0,0,€0.00,2,Yes,Yes,"€42,240.54",0
15807568,Wright,FRA,Male,50.0,2,€0.00,2,No,No,"€57,942.88",0
15597591,Lung,French,Male,29.0,5,"€107,000.49",1,Yes,Yes,"€153,419.62",0
15747558,Bryant,Spain,Female,38.0,10,€0.00,2,No,No,"€189,727.12",0
15756655,Madukaife,France,Female,34.0,2,€0.00,2,No,No,"€165,385.55",0
15589949,Maclean,Spain,Male,34.0,9,"€152,806.74",1,No,No,"€19,687.99",0
15601012,Abdullah,French,Female,60.0,3,"€92,887.06",1,No,No,"€39,473.63",1
15724269,Yao,FRA,Male,25.0,7,€0.00,2,Yes,Yes,"€144,723.38",0
15567506,Cheatham,Germany,Female,40.0,6,"€114,940.67",2,Yes,Yes,"€194,895.57",1
15791877,Gallagher,Germany,Male,34.0,0,"€140,641.26",2,Yes,Yes,"€77,271.91",0
15794360,Hao,Germany,Female,70.0,5,"€71,816.74",2,No,No,"€105,096.82",1
15686538,Nixon,French,Female,41.0,7,€0.00,2,Yes,Yes,"€176,780.39",0
15585985,Wang,FRA,Male,48.0,5,"€165,282.42",1,No,No,"€153,786.46",1
15699257,Kerr,Spain,Male,42.0,2,"€143,145.87",2,No,No,"€43,612.06",0
15804104,Romani,FRA,Male,28.0,9,"€114,731.76",2,Yes,Yes,"€79,479.74",0
15727619,Lock,Germany,Female,46.0,9,"€113,909.69",3,No,No,"€92,320.37",1
15740237,Millar,Germany,Male,36.0,2,"€116,695.27",1,No,No,"€193,201.86",0
15801436,K'ung,France,Male,42.0,4,€0.00,1,No,No,"€126,353.13",1
15705735,Onyekachi,Spain,Male,43.0,3,€0.00,2,Yes,Yes,"€135,008.92",0
15649359,Somayina,France,Male,36.0,1,€0.00,2,Yes,Yes,"€17,135.60",0
15624892,Dennis,Germany,Male,37.0,7,"€93,978.96",2,No,No,"€60,651.77",0
15784918,Brown,Germany,Male,35.0,2,"€121,968.11",2,Yes,Yes,"€188,343.05",0
15584785,Ogochukwu,FRA,Male,37.0,2,"€97,324.91",1,No,No,"€23,291.83",0
15797197,Macleod,Spain,Male,29.0,6,€0.00,2,No,No,"€64,443.75",0
15574858,Page,French,Male,37.0,8,€0.00,2,Yes,Yes,€287.99,0
15794101,Barese,French,Female,48.0,2,€0.00,2,Yes,Yes,"€137,961.41",0
15743245,Agafonova,French,Male,42.0,3,"€145,155.37",1,No,No,"€72,169.95",1
15791535,Caraway,French,Male,28.0,5,"€137,222.77",1,No,No,"€39,608.58",0
15605215,Stevenson,French,Male,48.0,9,€0.00,2,Yes,Yes,"€175,458.21",0
15771749,Duncan,Germany,Female,38.0,5,"€114,268.22",2,Yes,Yes,"€89,524.83",0
15616833,Wang,Spain,Male,27.0,2,€0.00,2,Yes,Yes,"€13,221.25",0
15750728,Kaur,Spain,Female,42.0,2,€0.00,1,No,No,"€102,889.34",0
15769353,Jenkins,FRA,Female,40.0,8,"€150,490.32",1,No,No,"€166,468.21",1
15770091,Edwards,Germany,Male,28.0,9,"€160,858.13",2,No,No,"€27,149.27",0
15716420,Kelly,Spain,Male,39.0,5,"€170,288.38",1,Yes,Yes,"€59,601.15",0
15740602,Boyle,Germany,Female,27.0,4,"€111,568.01",1,Yes,Yes,"€22,026.18",0
15796071,Loane,Spain,Male,29.0,7,"€83,889.03",1,No,No,"€153,059.62",0
15811389,Padovano,Germany,Female,35.0,0,"€171,982.95",2,Yes,Yes,"€167,313.07",0
15783875,Li Fonti,FRA,Female,34.0,4,€0.00,2,No,No,"€12,833.96",0
15671800,Robinson,French,Male,20.0,8,"€137,624.40",2,Yes,Yes,"€197,582.79",0
15677288,Geach,France,Male,50.0,3,"€121,159.65",1,No,No,"€4,033.39",1
15633525,Payne,France,Male,29.0,7,€0.00,2,Yes,Yes,"€125,877.22",0
15634606,Chinonyelum,Spain,Male,52.0,1,€0.00,2,Yes,Yes,"€176,913.42",0
15579207,Watkins,French,Male,37.0,3,"€91,184.01",1,No,No,"€105,476.65",0
15619892,Page,Spain,Male,18.0,8,€0.00,2,No,No,"€59,172.42",0
15567778,Genovese,Germany,Female,54.0,1,"€144,027.80",1,Yes,Yes,"€108,731.02",1
15711750,Watson,French,Female,34.0,6,€0.00,2,Yes,Yes,"€175,310.38",0
15751084,Mancini,French,Female,29.0,8,"€140,170.61",1,Yes,Yes,"€38,170.04",0
15768945,Chibueze,FRA,Male,27.0,1,"€62,092.90",1,Yes,Yes,"€105,887.04",0
15586931,Hunter,Spain,Male,39.0,3,€0.00,1,Yes,Yes,"€95,625.03",0
15636353,Buchi,Spain,Male,35.0,4,€0.00,2,No,No,"€9,541.15",0
15623858,Charteris,FRA,Male,45.0,9,€0.00,1,No,No,"€148,516.79",0
15703354,Aksenov,France,Female,33.0,2,"€103,516.87",1,No,No,"€113,907.80",0
15663987,Wright,Spain,Male,30.0,1,€0.00,3,No,No,"€164,647.72",1
15780805,Lu,French,Female,35.0,2,€0.00,2,No,No,"€98,621.04",1
15768566,K?,FRA,Male,34.0,8,€0.00,2,Yes,Yes,"€37,479.97",0
15643229,Hou,France,Female,31.0,6,€0.00,2,Yes,Yes,"€15,846.42",0
15754940,Descoteaux,Spain,Male,43.0,2,"€85,162.26",1,Yes,Yes,"€5,104.08",1
15676576,Stephenson,FRA,Female,43.0,8,"€143,061.88",1,No,No,"€61,937.60",0
15800068,Cooper,Spain,Female,46.0,6,€0.00,2,Yes,Yes,"€170,008.74",0
15648030,Crump,Spain,Female,33.0,5,"€137,388.01",2,No,No,"€165,000.68",0
15668594,Diggs,Germany,Female,25.0,1,"€137,712.01",1,Yes,Yes,"€76,197.05",0
15728709,Shih,Germany,Male,40.0,7,"€106,901.42",2,No,No,"€118,045.98",0
15724181,Hudson,Spain,Male,47.0,5,"€105,603.21",2,Yes,Yes,"€157,360.90",0
15647546,Carvosso,Germany,Female,40.0,8,"€150,679.71",2,Yes,Yes,"€196,226.38",0
15702601,Wyatt,Germany,Male,30.0,4,"€108,300.27",2,Yes,Yes,"€44,384.57",1
15567725,Kodilinyechukwu,France,Female,46.0,7,"€52,016.08",2,Yes,Yes,"€72,993.65",0
15674179,Vorobyova,Germany,Male,34.0,7,"€60,515.13",1,No,No,"€124,571.09",0
15686957,Piccio,Germany,Male,35.0,2,"€158,584.28",2,No,No,"€43,640.16",0
15607690,Hsing,Germany,Male,47.0,2,"€118,812.50",2,No,No,"€31,121.42",0
15806546,Lucas,Spain,Male,46.0,4,€0.00,1,No,No,"€22,372.78",0
15632850,T'ang,France,Male,37.0,8,€0.00,2,Yes,Yes,"€170,338.35",0
15709016,North,Germany,Female,47.0,1,"€91,219.29",1,No,No,"€158,845.49",1
15638068,Thompson,Spain,Male,32.0,7,€0.00,2,No,No,"€67,926.18",0
15749345,Simpson,France,Female,22.0,1,"€76,318.64",1,Yes,Yes,"€194,783.12",0
15791321,Nwora,Spain,Female,58.0,4,€0.00,1,No,No,"€176,036.01",0
15699095,Chandler,France,Female,24.0,3,€0.00,1,Yes,Yes,"€198,826.03",1
15638329,Uspensky,Germany,Male,25.0,1,"€111,432.13",1,Yes,Yes,"€168,683.57",0
15575445,Ferguson,Spain,Male,41.0,10,"€150,148.51",1,No,No,"€6,936.27",0
15752622,Kerr,France,Female,32.0,7,"€38,550.06",1,Yes,Yes,"€179,230.23",0
15774507,Furneaux,France,Female,39.0,5,"€119,013.86",1,No,No,"€103,421.91",0
15570857,Kambinachi,Germany,Female,39.0,0,"€111,213.64",2,Yes,Yes,"€147,578.26",0
15599386,Black,Germany,Male,28.0,5,"€71,097.23",1,Yes,Yes,"€130,504.49",0
15744913,Chizoba,Spain,Male,36.0,10,"€109,632.85",1,Yes,Yes,"€16,149.13",0
15647292,Peng,FRA,Male,63.0,7,"€148,368.02",1,No,No,"€118,862.08",1
15728838,Leach,FRA,Male,45.0,1,"€148,600.91",1,No,No,"€143,397.14",1
15584704,Chiazagomekpele,French,Male,48.0,10,"€71,083.98",1,No,No,"€137,959.00",0
15749068,Nickson,France,Female,40.0,9,"€139,625.34",1,No,No,"€93,702.96",1
15622985,Lin,France,Female,39.0,4,€0.00,1,No,No,"€172,939.30",1
15587676,Alexeieva,France,Male,30.0,9,€0.00,1,Yes,Yes,"€108,162.13",0
15779496,Sykes,FRA,Male,64.0,0,"€81,564.10",2,Yes,Yes,"€35,896.09",0
15733460,Martin,Spain,Male,36.0,9,€0.00,2,Yes,Yes,"€104,852.60",0
15711457,Herz,French,Female,28.0,7,"€124,540.28",1,Yes,Yes,"€188,850.89",0
15795290,Nikitina,France,Female,42.0,2,"€133,616.39",1,No,No,"€28,615.80",0
15611223,Ko,Germany,Female,38.0,10,"€101,648.50",2,No,No,"€172,001.44",0
15794159,Highett,France,Female,26.0,8,"€124,281.84",1,Yes,Yes,"€60,116.57",0
15780677,Jackson,France,Female,59.0,4,€0.00,2,Yes,Yes,"€170,528.63",0
15690175,Ball,Spain,Male,45.0,0,€0.00,2,No,No,"€189,683.70",0
15722599,Nelson,French,Female,37.0,9,"€183,613.66",2,No,No,"€49,734.94",0
15569976,Woronoff,Germany,Male,65.0,1,"€136,186.44",1,Yes,Yes,"€121,529.59",1
15707011,Morrison,French,Male,47.0,10,"€137,682.68",1,No,No,"€71,071.47",0
15702277,Smith,French,Male,34.0,4,"€106,005.54",1,Yes,Yes,"€142,995.32",0
15801915,Rendall,France,Female,31.0,6,"€152,310.55",1,No,No,"€13,054.25",0
15580213,McIntyre,FRA,Female,43.0,2,€0.00,2,No,No,"€89,402.54",0
15637947,Wei,Spain,Male,32.0,1,"€134,446.04",1,Yes,Yes,"€111,241.37",0
15715888,Allardyce,FRA,Female,38.0,2,"€142,289.28",1,Yes,Yes,"€119,638.85",0
15732967,Cremonesi,FRA,Male,19.0,6,€0.00,2,Yes,Yes,"€151,581.79",0
15737047,Weatherford,FRA,Female,45.0,6,€0.00,1,No,No,"€73,881.68",1
15694039,Jen,Germany,Female,46.0,9,"€149,003.76",2,No,No,"€176,902.83",0
15649457,Macleod,Germany,Male,41.0,2,"€131,341.46",2,Yes,Yes,"€7,034.94",0
15742809,Mironova,Spain,Female,29.0,7,"€77,919.78",1,No,No,"€122,547.58",0
15637829,Sharpe,French,Female,34.0,7,€0.00,2,Yes,Yes,"€161,559.12",0
15633194,Osborne,France,Female,41.0,10,"€108,309.00",4,Yes,Yes,"€137,510.41",1
15611635,Chu,Spain,Female,39.0,6,€0.00,1,Yes,Yes,"€185,366.56",0
15638774,Chong,Spain,Female,40.0,9,€0.00,2,No,No,"€182,224.14",0
15722037,Alvarez,Germany,Male,36.0,7,"€115,462.02",1,Yes,Yes,"€42,581.04",0
15672930,Palerma,Spain,Male,37.0,9,€0.00,2,No,No,"€31,921.95",0
15668774,Chiemenam,Germany,Female,23.0,5,"€122,739.10",1,No,No,"€102,460.84",1
15780966,Pritchard,France,Female,32.0,2,€0.00,2,No,No,"€109,681.29",0
15659694,Wallis,Germany,Female,53.0,3,"€113,781.50",2,Yes,Yes,"€106,345.05",1
15624424,Palerma,Spain,Female,49.0,1,€0.00,2,Yes,Yes,"€102,472.90",0
15708713,Hill,French,Male,35.0,3,€0.00,2,Yes,Yes,"€36,249.76",0
15755405,Hudson,French,Male,43.0,9,"€128,284.45",1,No,No,"€32,996.89",1
15647570,Chung,Germany,Male,45.0,8,"€120,591.19",1,No,No,"€195,123.94",0
15684348,Zhdanova,FRA,Male,63.0,8,€0.00,2,Yes,Yes,"€57,014.43",0
15702541,Fraser,France,Female,59.0,2,"€166,968.28",1,No,No,"€159,483.76",1
15646942,Meng,Spain,Female,39.0,7,€0.00,2,No,No,"€100,929.59",0
15748920,Cherkasova,FRA,Female,49.0,8,€0.00,2,Yes,Yes,"€12,513.07",0
15694581,Rawlings,Spain,Male,42.0,5,€0.00,2,Yes,Yes,"€74,900.90",0
15643215,Jen,Germany,Male,38.0,2,"€71,667.97",2,No,No,"€137,111.89",0
15649060,Chien,Germany,Female,31.0,3,"€82,729.47",2,No,No,"€60,212.51",0
15774258,Gorbunov,FRA,Male,40.0,1,€0.00,2,Yes,Yes,"€187,343.40",0
15731553,Lucas,FRA,Male,23.0,8,€0.00,2,No,No,"€183,284.53",0
15617029,Young,Spain,Female,30.0,1,€0.00,2,No,No,"€8,125.39",0
15780716,Colombo,Germany,Male,39.0,3,"€129,626.19",2,Yes,Yes,"€103,220.56",0
15577018,Tsao,Germany,Female,26.0,2,"€114,035.39",1,No,No,"€96,885.19",0
15809515,Lewis,Germany,Male,32.0,1,"€151,922.94",1,No,No,"€8,877.06",0
15789924,Hussain,French,Female,39.0,4,€0.00,1,Yes,Yes,"€147,530.06",0
15725076,Anderson,Spain,Female,27.0,6,"€107,751.68",2,Yes,Yes,"€33,389.42",0
15672481,Ulyanov,France,Male,37.0,6,€0.00,2,No,No,"€45,309.24",0
15574115,Shaw,Spain,Female,41.0,6,"€101,179.23",2,Yes,Yes,"€35,230.61",0
15661830,Lucciano,Spain,Female,36.0,6,€0.00,2,Yes,Yes,"€59,816.41",0
15665879,Gordon,France,Female,40.0,8,€0.00,2,Yes,Yes,"€69,080.46",0
15673820,Woodward,French,Male,33.0,7,€0.00,2,No,No,"€143,450.61",0
15747772,Cunningham,Germany,Male,36.0,9,"€58,571.18",2,No,No,"€40,774.01",0
15666197,Boni,Germany,Female,38.0,8,"€153,058.64",1,No,No,"€99,377.27",0
15773639,Truscott,Germany,Male,35.0,4,"€98,270.34",1,No,No,"€133,617.43",0
15581893,Ginikanwa,FRA,Male,43.0,1,"€130,788.71",1,Yes,Yes,"€101,495.00",1
15672447,Bailey,Germany,Male,40.0,7,"€99,165.84",1,Yes,Yes,"€119,333.95",1
15777830,Hutchinson,France,Female,42.0,4,€0.00,2,No,No,"€167,682.37",0
15713890,Maclean,French,Male,44.0,3,€0.00,2,Yes,Yes,"€152,884.85",0
15577598,Chiang,Spain,Male,23.0,4,"€115,636.05",2,No,No,"€70,400.86",0
15786042,Willmore,Germany,Female,44.0,2,"€185,932.18",2,No,No,"€65,413.41",0
15753462,Godson,Germany,Male,30.0,2,"€72,549.00",2,Yes,Yes,"€182,728.80",0
15759690,Smith,French,Male,42.0,4,€0.00,2,Yes,Yes,"€81,442.60",0
15801414,Bitter,French,Female,35.0,2,€0.00,2,No,No,"€144,251.38",0
15656141,Ts'ao,FRA,Male,39.0,5,€0.00,1,Yes,Yes,"€40,207.06",0
15608701,Chialuka,Germany,Male,29.0,3,"€121,890.06",1,No,No,"€54,530.51",1
15582892,Scott,FRA,Male,46.0,2,"€99,786.07",1,Yes,Yes,"€32,683.88",1
15632967,Feng,France,Male,34.0,3,€0.00,2,Yes,Yes,"€104,703.96",0
15587573,Castiglione,Germany,Male,27.0,4,"€115,084.53",2,Yes,Yes,"€26,907.43",0
15654891,He,France,Male,30.0,6,€0.00,2,Yes,Yes,"€180,591.32",0
15611365,Fanucci,France,Female,32.0,9,"€127,661.69",1,No,No,"€60,905.51",0
15749103,Ginikanwa,Germany,Female,47.0,4,"€118,907.60",1,Yes,Yes,"€47,777.15",1
15810203,Manning,Germany,Female,44.0,6,"€77,627.33",2,No,No,"€108,222.68",0
15813660,Forlonge,Spain,Male,40.0,2,"€160,625.17",1,Yes,Yes,"€3,554.63",0
15605673,Liang,Spain,Female,29.0,8,€0.00,2,No,No,"€78,616.92",0
15669282,Uchechukwu,French,Female,20.0,10,"€124,266.86",1,No,No,"€100,566.81",0
15792726,Sung,French,Female,25.0,8,"€127,974.06",2,Yes,Yes,"€183,259.35",0
15593241,Tochukwu,France,Male,43.0,3,€0.00,2,Yes,Yes,"€159,131.21",0
15683053,Reyna,Spain,Female,48.0,2,€0.00,1,No,No,"€160,976.85",1
15632736,Liang,Germany,Female,30.0,3,"€104,911.35",2,Yes,Yes,"€42,933.26",0
15731865,Unwin,FRA,Male,27.0,1,€0.00,2,No,No,"€91,291.20",0
15760450,Rutherford,FRA,Male,43.0,1,€0.00,2,Yes,Yes,"€52,471.36",0
15787204,Howe,Spain,Female,43.0,1,"€110,646.54",1,No,No,"€108,804.28",0
15650454,Tran,France,Male,57.0,5,€0.00,2,Yes,Yes,"€122,449.18",0
15573730,Thompson,Germany,Male,42.0,6,"€126,704.49",2,No,No,"€41,682.30",0
15705050,Linger,French,Male,30.0,9,€0.00,2,Yes,Yes,"€148,887.69",0
15791342,Johnston,Spain,Male,31.0,1,"€84,560.04",1,Yes,Yes,"€137,784.25",0
15684316,Udokamma,French,Male,43.0,9,€0.00,2,No,No,"€190,573.91",1
15700540,Barrera,Germany,Female,38.0,2,"€129,893.56",1,No,No,"€102,076.03",0
15770631,Sutherland,Spain,Male,25.0,5,"€167,385.81",1,Yes,Yes,"€56,307.51",0
15790594,Bednall,French,Female,27.0,6,€0.00,2,Yes,Yes,"€49,775.58",0
15604020,Otoole,Germany,Female,36.0,4,"€105,858.71",1,Yes,Yes,"€4,395.45",0
15637599,Cremonesi,Germany,Female,44.0,4,"€123,070.89",1,No,No,"€28,461.29",1
15736578,Hamilton,French,Male,39.0,1,€0.00,1,Yes,Yes,"€28,184.70",0
15666332,Donaldson,Spain,Female,48.0,2,€0.00,2,Yes,Yes,"€3,149.10",0
15727291,McKay,French,Female,40.0,1,€0.00,2,No,No,"€194,273.12",0
15785920,Black,Germany,Male,35.0,1,"€125,141.24",2,Yes,Yes,"€148,537.07",0
15658987,Kane,France,Female,46.0,4,"€96,173.17",2,Yes,Yes,"€116,378.31",0
15687719,She,Spain,Female,37.0,5,€0.00,2,Yes,Yes,"€6,761.84",0
15799641,Bruno,Spain,Male,39.0,2,€0.00,2,No,No,"€81,995.92",0
15758702,Watson,FRA,Female,55.0,8,€0.00,2,Yes,Yes,"€14,392.68",0
15689526,Shih,Germany,Female,35.0,9,"€127,543.11",2,No,No,€468.94,1
15586848,Rose,FRA,Male,38.0,1,€0.00,2,No,No,"€122,379.54",0
15707637,Zikoranachukwudimma,French,Female,56.0,1,€0.00,1,No,No,"€13,228.93",1
15719426,Cole,France,Male,67.0,8,"€103,101.56",2,Yes,Yes,"€154,002.02",1
15639265,Isaacs,FRA,Male,54.0,7,"€126,113.28",1,No,No,"€112,777.38",0
15576124,Muravyova,France,Male,41.0,1,"€40,488.76",1,No,No,"€128,528.83",0
15757829,Timperley,Germany,Female,40.0,10,"€137,389.77",2,No,No,"€170,122.22",0
15633227,Kenechukwu,France,Female,28.0,9,"€85,146.36",1,No,No,"€2,803.89",0
15753092,He,Germany,Male,35.0,5,"€129,828.58",1,Yes,Yes,"€181,918.26",1
15782939,Storey,French,Male,42.0,4,"€80,214.36",1,No,No,"€115,241.96",1
15746338,Onyekachukwu,France,Female,40.0,2,€0.00,2,Yes,Yes,"€129,956.13",0
15590676,Kharlamova,France,Male,34.0,1,"€141,796.43",1,No,No,"€45,858.49",0
15599329,Christopher,France,Female,49.0,7,"€195,238.29",4,Yes,Yes,"€131,083.56",1
15783097,Lombardo,Germany,Male,27.0,6,"€111,348.15",1,No,No,"€46,422.46",0
15597885,Kerr,French,Male,43.0,6,€0.00,2,Yes,Yes,"€57,675.88",0
15597467,Duncan,French,Female,71.0,8,€0.00,2,Yes,Yes,"€169,741.96",0
15724764,Lawley,Germany,Female,42.0,10,"€64,404.26",2,No,No,"€26,022.37",0
15778418,Burns,Germany,Male,40.0,9,"€154,309.67",1,Yes,Yes,"€125,334.16",1
15684769,Whitson,French,Male,67.0,10,"€129,431.36",1,Yes,Yes,"€21,343.74",0
15756167,Doyne,Spain,Female,43.0,5,"€134,204.67",1,Yes,Yes,"€139,971.01",0
15632439,Pinto,FRA,Female,39.0,4,€0.00,2,Yes,Yes,"€47,455.82",0
15755138,Chin,French,Female,32.0,8,€0.00,2,Yes,Yes,"€55,593.80",0
15659092,Davide,FRA,Female,50.0,5,€0.00,2,No,No,"€191,756.54",1
15742116,Torres,Germany,Female,48.0,9,"€116,711.06",2,No,No,"€76,373.38",0
15801994,Buccho,French,Male,31.0,9,€0.00,2,No,No,"€169,278.51",0
15647572,Greece,Spain,Male,34.0,0,"€54,980.81",1,Yes,Yes,"€136,909.88",0
15644551,Wimble,Spain,Female,37.0,3,"€99,773.85",2,No,No,"€54,865.92",0
15709135,Pirozzi,Germany,Male,30.0,7,"€101,231.77",2,No,No,"€156,529.44",0
15684469,Hsiung,Germany,Male,32.0,2,"€117,070.21",1,No,No,"€113,482.20",0
15627637,Obioma,Germany,Male,23.0,8,"€73,314.04",2,No,No,"€63,446.47",0
15667093,Onio,France,Male,37.0,2,€0.00,1,Yes,Yes,"€13,624.02",0
15690589,Udinesi,French,Male,37.0,9,"€212,314.03",1,Yes,Yes,"€148,814.54",0
15595350,Fermin,FRA,Female,31.0,3,"€136,067.82",2,No,No,"€65,567.91",0
15777586,Moss,Spain,Female,42.0,2,"€109,052.04",2,No,No,"€6,409.55",0
15804064,Docherty,French,Female,35.0,2,"€79,126.17",1,Yes,Yes,"€126,997.53",0
15717770,Marcelo,Spain,Female,55.0,7,€0.00,1,No,No,"€171,762.87",1
15754443,Fadden,France,Female,35.0,9,"€108,308.00",1,No,No,"€129,031.19",1
15776939,Zox,Germany,Female,48.0,3,"€102,290.56",2,No,No,"€182,691.31",0
15713517,Otitodilinna,France,Male,39.0,6,"€102,025.08",2,No,No,"€12,351.01",0
15683522,Kennedy,Germany,Female,37.0,2,"€113,383.07",1,Yes,Yes,"€135,123.96",0
15673995,Tu,Spain,Female,65.0,9,"€102,541.10",1,No,No,"€181,490.42",0
15771054,Barnes,Spain,Male,35.0,5,€0.00,2,No,No,"€186,490.37",0
15578788,Bibi,Spain,Male,40.0,6,€0.00,2,No,No,"€41,248.80",0
15737408,L?,French,Female,41.0,6,"€109,941.51",1,No,No,"€116,267.28",0
15750837,Landseer,Germany,Male,41.0,0,"€141,749.68",1,Yes,Yes,"€9,201.53",0
15576022,Nwachinemelu,French,Male,38.0,5,€0.00,2,Yes,Yes,"€80,630.32",0
15635502,Ch'iu,French,Male,44.0,2,€0.00,1,No,No,"€159,165.70",0
15627298,Vinogradova,France,Male,37.0,7,"€85,146.48",2,No,No,"€86,490.09",1
15811415,Jenks,France,Female,44.0,6,"€134,066.10",2,Yes,Yes,"€197,572.41",0
15645059,Crace,FRA,Female,28.0,8,€0.00,2,No,No,"€105,159.89",0
15689671,Packham,Spain,Male,27.0,4,€0.00,1,Yes,Yes,"€40,807.26",0
15718667,T'ien,France,Male,35.0,7,"€87,619.29",1,No,No,€143.34,0
15803202,Onyekachi,France,Male,51.0,10,€0.00,1,Yes,Yes,"€125,823.79",1
15593683,Solomina,Spain,Female,30.0,8,€0.00,2,No,No,"€138,465.70",0
15703394,Hawes,Spain,Male,27.0,3,€0.00,2,No,No,"€44,008.91",0
15570289,Benson,Germany,Male,43.0,8,"€103,409.16",1,No,No,"€66,893.28",1
15567437,Emenike,Germany,Female,30.0,7,"€123,040.38",1,Yes,Yes,"€76,503.06",0
15711687,Nero,French,Male,41.0,4,"€108,128.52",1,Yes,Yes,"€56,784.11",0
15656592,Toscano,Germany,Male,48.0,8,"€169,023.33",2,Yes,Yes,"€175,657.55",0
15634373,Yang,FRA,Male,30.0,5,€0.00,2,Yes,Yes,"€105,155.66",0
15769125,Palerma,Spain,Female,41.0,10,€0.00,2,Yes,Yes,"€47,468.56",0
15711386,Trentini,France,Female,29.0,6,€0.00,2,Yes,Yes,"€64,729.51",0
15714241,Haddon,Spain,Male,42.0,9,"€222,267.63",1,No,No,"€101,108.85",1
15642530,Coates,Germany,Female,47.0,10,"€144,090.42",1,No,No,"€140,938.95",1
15713599,Castiglione,France,Male,30.0,10,"€114,835.43",1,Yes,Yes,"€37,662.49",0
15744770,Stone,French,Male,44.0,2,€0.00,2,No,No,"€86,414.41",0
15780498,Maynard,France,Male,34.0,3,"€145,030.92",1,Yes,Yes,"€41,820.65",0
15624397,Moore,FRA,Male,43.0,8,"€71,240.30",1,Yes,Yes,"€127,734.16",0
15615219,Obielumani,FRA,Male,59.0,5,"€138,772.15",1,Yes,Yes,"€123,872.00",0
15570908,Harding,Spain,Female,29.0,7,"€93,617.07",1,Yes,Yes,"€113,050.92",0
15762855,Hill,Spain,Female,23.0,8,€0.00,2,Yes,Yes,"€131,389.39",0
15661827,Brown,Spain,Female,45.0,4,€0.00,2,Yes,Yes,"€26,589.56",0
15746035,Pagnotto,Spain,Male,25.0,9,"€74,237.20",2,Yes,Yes,"€195,463.35",0
15691906,Esposito,Germany,Female,49.0,5,"€127,421.78",2,No,No,"€108,876.75",1
15793424,Tan,Spain,Female,28.0,8,"€61,274.70",2,No,No,"€136,054.45",0
15577905,Hammond,French,Male,34.0,8,"€106,486.66",2,Yes,Yes,"€182,262.66",0
15667216,Chung,France,Female,29.0,10,"€73,194.52",2,Yes,Yes,"€129,209.09",0
15673971,Houghton,Germany,Female,44.0,6,"€146,498.76",1,No,No,"€64,853.51",1
15701238,Chia,French,Male,47.0,1,€0.00,2,No,No,"€148,989.15",0
15644849,Zikoranachidimma,France,Female,32.0,2,€0.00,1,Yes,Yes,"€71,047.51",0
15635531,Boag,Spain,Female,30.0,8,€0.00,2,No,No,"€185,341.63",0
15632263,Pagnotto,Spain,Male,30.0,5,"€120,355.00",1,No,No,"€137,793.35",0
15720110,Oluchukwu,FRA,Male,32.0,2,"€117,265.21",1,Yes,Yes,"€198,317.23",0
15619045,Baxter,France,Female,43.0,4,€0.00,2,Yes,Yes,"€162,137.50",0
15697510,Tien,Spain,Female,52.0,7,€0.00,1,No,No,"€109,688.82",1
15784923,Chimezie,Germany,Female,37.0,3,"€109,974.22",1,Yes,Yes,"€36,320.87",1
15567383,Slone,Germany,Female,44.0,2,"€98,009.13",2,Yes,Yes,"€31,384.86",0
15732621,Martin,France,Male,34.0,10,€0.00,1,Yes,Yes,"€114,083.73",0
15757981,Loggia,FRA,Male,66.0,8,€0.00,1,Yes,Yes,"€163,331.65",0
15727819,Hartley,Spain,Female,34.0,10,"€171,671.90",1,Yes,Yes,"€50,777.77",0
15738088,Parkin,Spain,Male,63.0,10,€0.00,2,No,No,"€30,772.86",1
15765173,Lin,France,Female,60.0,3,€0.00,1,No,No,"€113,796.15",1
15665159,Brooks,FRA,Male,61.0,0,"€128,213.96",2,Yes,Yes,"€188,729.08",1
15618203,Tien,Germany,Male,51.0,8,"€116,197.65",2,Yes,Yes,"€86,701.40",0
15791452,Dann,French,Male,39.0,1,€0.00,2,No,No,"€153,129.22",0
15638159,Trentino,Spain,Female,36.0,6,"€86,607.39",1,No,No,"€19,825.09",0
15585466,Russo,France,Male,29.0,10,€0.00,2,No,No,"€12,186.83",0
15677310,Christie,Germany,Male,62.0,5,"€98,854.34",1,No,No,"€86,920.97",1
15646262,Ross,FRA,Male,31.0,7,€0.00,1,No,No,"€35,408.77",0
15656901,Nnonso,France,Male,59.0,8,€0.00,2,Yes,Yes,"€165,576.55",0
15621093,Teng,Germany,Male,31.0,4,"€97,338.19",2,No,No,"€48,226.76",0
15592123,Buccho,France,Male,30.0,6,€0.00,2,Yes,Yes,"€199,454.37",0
15589200,Madukaife,Spain,Male,34.0,9,€0.00,2,No,No,"€118,749.58",0
15602934,Dunn,France,Female,33.0,6,"€131,698.57",2,No,No,"€151,623.91",0
15812720,Hooker,Germany,Male,37.0,10,"€130,110.45",2,Yes,Yes,"€172,097.95",0
15695383,Griffin,Spain,Male,44.0,9,€0.00,2,No,No,"€87,677.15",0
15723064,Kistler,Spain,Male,24.0,1,"€165,149.13",2,No,No,"€21,858.28",0
15761606,Law,Spain,Female,37.0,9,"€101,707.80",1,No,No,"€123,866.28",0
15650322,Grigoryeva,FRA,Female,34.0,3,"€105,588.66",1,Yes,Yes,"€74,694.41",0
15669782,Chu,Germany,Male,39.0,9,"€111,336.89",1,No,No,"€16,770.31",1
15751628,Onyemachukwu,FRA,Male,60.0,7,"€78,391.17",1,Yes,Yes,"€49,424.60",0
15809057,Lu,Spain,Female,27.0,6,€0.00,2,Yes,Yes,"€172,031.22",0
15617052,Watson,France,Male,34.0,9,€0.00,1,No,No,"€183,021.06",1
15590810,Fallaci,Germany,Female,41.0,9,"€144,326.09",1,No,No,"€73,979.85",1
15801293,Ni,Germany,Male,27.0,1,"€101,278.25",2,Yes,Yes,"€26,265.18",0
15770968,Leason,Germany,Female,19.0,8,"€108,711.57",2,No,No,"€24,857.25",0
15572356,Tsai,Spain,Male,73.0,1,"€108,555.07",1,Yes,Yes,"€167,969.15",0
15603247,Bruner,Germany,Female,35.0,1,"€146,781.24",1,No,No,"€189,307.70",0
15619116,Wallace,France,Female,36.0,2,€0.00,2,Yes,Yes,"€99,770.30",0
15691792,Young,Spain,Male,35.0,8,€0.00,1,No,No,"€119,712.78",0
15783276,Forbes,FRA,Female,25.0,9,€0.00,2,Yes,Yes,"€168,607.74",0
15766137,Muir,FRA,Male,34.0,2,€0.00,2,Yes,Yes,"€83,087.13",0
15574554,Pugh,Germany,Male,66.0,8,"€103,291.25",2,Yes,Yes,"€130,664.79",0
15578671,Webb,Spain,Female,29.0,1,"€209,490.21",1,Yes,Yes,"€133,267.69",1
15716608,Walker,Spain,Male,38.0,2,€0.00,3,No,No,"€67,029.82",1
15690670,Cox,French,Male,33.0,2,€0.00,2,Yes,Yes,"€141,031.08",0
15630466,Maclean,French,Male,45.0,8,€0.00,1,No,No,"€125,110.02",0
15630349,Hollis,Spain,Male,23.0,5,€0.00,2,No,No,"€117,832.39",0
15803801,Jamieson,France,Male,34.0,4,€0.00,2,No,No,"€198,817.72",0
15647890,Su,French,Male,37.0,9,"€149,405.18",1,Yes,Yes,"€146,411.60",0
15606115,P'eng,France,Female,52.0,6,"€191,665.21",1,Yes,Yes,"€131,312.56",1
15714642,Hawkins,Spain,Female,40.0,7,€0.00,1,No,No,"€141,652.20",0
15741181,Ndubuagha,France,Male,41.0,6,"€135,071.12",1,Yes,Yes,"€64,477.25",0
15773973,Hill,FRA,Male,41.0,2,€0.00,2,Yes,Yes,"€191,215.61",0
15758546,Norton,Spain,Male,39.0,8,€0.00,2,Yes,Yes,"€37,090.44",0
15598940,Achebe,Germany,Male,38.0,6,"€181,804.34",2,Yes,Yes,"€57,517.71",0
15669783,Simpson,France,Female,60.0,3,"€47,020.65",2,Yes,Yes,"€63,241.21",1
15624993,Chiang,FRA,Female,36.0,7,"€128,518.98",1,Yes,Yes,"€44,567.83",1
15760568,Dalrymple,Germany,Female,38.0,5,"€142,658.04",2,Yes,Yes,"€135,337.11",0
15699047,Chukwuemeka,French,Female,21.0,9,"€120,150.39",2,Yes,Yes,"€33,964.03",0
15616168,Ojiofor,French,Female,35.0,7,"€81,905.95",1,Yes,Yes,"€61,623.19",0
15773146,Rubeo,France,Male,26.0,3,"€137,998.20",2,Yes,Yes,"€168,989.77",0
15770375,Fanucci,Germany,Female,26.0,8,"€123,126.29",1,No,No,"€74,425.41",0
15589725,Zubarev,FRA,Female,51.0,4,€0.00,2,Yes,Yes,"€178,929.84",0
15710034,T'ao,Germany,Male,43.0,1,"€135,645.29",2,Yes,Yes,"€101,382.86",1
15800806,Pai,Spain,Male,31.0,7,"€122,449.31",2,Yes,Yes,"€180,769.55",0
15570485,Udegbunam,Spain,Male,40.0,4,"€161,766.87",1,No,No,"€92,378.54",0
15575391,Claypool,France,Female,37.0,3,€0.00,2,Yes,Yes,"€38,252.25",0
15790750,Manfrin,Germany,Male,36.0,10,"€123,187.51",1,Yes,Yes,"€146,111.35",0
15714832,Baker,Germany,Male,36.0,9,"€150,956.71",1,No,No,"€72,350.17",0
15619953,Efremov,Spain,Female,42.0,6,"€105,021.28",1,No,No,"€48,242.38",0
15673929,Chin,French,Male,64.0,4,€0.00,2,Yes,Yes,"€148,305.82",0
15578835,Brookes,Spain,Female,50.0,1,"€133,204.91",1,Yes,Yes,"€8,270.06",0
15752388,Doyle,Spain,Female,35.0,6,€0.00,2,Yes,Yes,"€41,549.64",0
15797081,Ajuluchukwu,Germany,Female,49.0,9,"€115,488.52",2,Yes,Yes,"€138,656.81",1
15570194,Ikemefuna,French,Male,29.0,5,€0.00,2,No,No,"€12,510.53",0
15580149,Fowler,Spain,Male,41.0,7,€0.00,2,No,No,"€43,889.41",0
15777708,Liao,Spain,Female,38.0,3,€0.00,2,No,No,"€192,800.25",0
15769955,Onuora,FRA,Female,40.0,1,€0.00,2,No,No,"€75,762.00",0
15810444,Aksenov,Germany,Female,39.0,6,"€130,565.02",1,No,No,"€9,854.72",1
15645593,Trevisani,France,Female,41.0,2,"€91,328.71",1,No,No,"€115,724.78",0
15765345,Wood,French,Male,35.0,4,€0.00,2,Yes,Yes,"€106,303.40",0
15760873,Lombardo,France,Male,50.0,7,"€81,310.34",1,Yes,Yes,"€183,868.01",0
15794178,Walpole,French,Male,34.0,3,"€107,136.60",1,No,No,"€153,895.46",0
15589361,Chikwendu,Spain,Male,34.0,9,€0.00,1,Yes,Yes,"€66,695.71",0
15662483,Ko,French,Male,43.0,7,€0.00,2,Yes,Yes,"€173,851.11",0
15809736,Steigrad,France,Male,46.0,2,€0.00,1,Yes,Yes,"€177,423.02",1
15731148,Isayeva,FRA,Male,33.0,0,"€108,477.49",1,Yes,Yes,"€109,096.71",1
15774328,Boni,Germany,Male,40.0,1,"€144,757.97",2,Yes,Yes,"€166,656.18",0
15646969,Anayolisa,Spain,Male,33.0,2,€0.00,2,Yes,Yes,"€176,921.00",0
15718769,Fallaci,Spain,Male,36.0,1,"€113,110.26",1,No,No,"€98,413.10",0
15610226,Fenton,FRA,Female,27.0,9,"€106,414.57",2,No,No,"€77,500.81",0
15616270,Chao,Spain,Male,42.0,4,"€106,920.91",1,Yes,Yes,"€119,747.08",0
15790717,Osinachi,Spain,Male,35.0,7,€0.00,2,No,No,"€160,387.98",0
15635703,Chu,Germany,Female,39.0,1,"€131,513.26",1,Yes,Yes,"€193,715.00",0
15616365,Obiuto,FRA,Female,53.0,2,€0.00,2,No,No,"€28,045.77",0
15630244,Chu,France,Male,40.0,10,"€134,320.23",2,No,No,"€150,757.35",0
15734714,Nash,French,Female,29.0,3,"€79,715.36",1,No,No,"€82,252.28",0
15721433,Hixson,French,Female,38.0,4,"€74,306.19",2,No,No,"€154,395.56",0
15590201,Fiorentini,Spain,Female,50.0,5,€0.00,4,Yes,Yes,"€83,866.35",1
15590828,Chidimma,Germany,Male,42.0,7,"€126,428.38",1,No,No,"€39,830.10",0
15752097,Chiazagomekpere,Spain,Male,38.0,8,"€99,640.89",1,No,No,"€12,429.22",0
15800031,Laura,France,Male,43.0,3,"€66,338.68",1,Yes,Yes,"€18,772.50",1
15630857,Wu,Spain,Female,39.0,6,€0.00,2,Yes,Yes,"€9,574.83",0
15689953,Toscani,Spain,Male,43.0,10,"€128,226.37",1,No,No,"€188,486.94",0
15759733,McMillan,France,Female,26.0,5,€0.00,2,Yes,Yes,"€64,716.08",0
15810826,Chiekwugo,French,Male,36.0,6,€0.00,2,No,No,"€84,749.96",0
15668009,Hendley,Spain,Male,37.0,1,€0.00,2,Yes,Yes,"€180,551.76",0
15743456,Birnie,FRA,Female,32.0,10,€0.00,2,No,No,"€60,907.49",0
15725762,Kemp,France,Male,24.0,4,"€122,168.65",1,No,No,"€174,107.04",0
15761713,Johnstone,FRA,Female,43.0,7,"€178,074.33",1,No,No,"€110,405.90",0
15769246,Lo Duca,Germany,Male,59.0,2,"€135,078.41",1,No,No,"€187,636.06",1
15781129,Montgomery,Spain,Male,38.0,8,"€69,434.40",2,Yes,Yes,"€66,580.13",1
15599124,Miller,France,Female,29.0,5,€0.00,2,No,No,"€178,779.52",0
15639004,Chiemezie,FRA,Male,72.0,2,€0.00,2,Yes,Yes,"€70,783.61",0
15810995,Wright,Germany,Male,34.0,3,"€122,726.56",1,Yes,Yes,"€46,772.36",0
15653773,Shaw,FRA,Female,38.0,7,"€164,496.99",1,Yes,Yes,"€163,327.27",0
15708357,Chapman,Spain,Female,38.0,8,€0.00,1,No,No,"€103,760.53",0
15733597,Y?an,French,Female,41.0,0,"€150,219.41",2,No,No,"€107,839.03",0
15789560,Clark,French,Male,42.0,8,"€187,534.79",1,Yes,Yes,"€32,900.41",1
15699524,Howells,France,Female,30.0,3,€0.00,1,No,No,"€193,984.60",0
15626475,Gamble,FRA,Male,30.0,2,€0.00,2,Yes,Yes,"€140,889.32",0
15810839,Rogers,FRA,Male,34.0,0,"€103,108.17",1,No,No,"€125,646.82",0
15684318,McMillan,Germany,Female,50.0,6,"€96,486.57",2,Yes,Yes,"€20,344.02",0
15768120,Brown,Germany,Male,36.0,9,"€90,560.48",2,No,No,"€174,268.87",0
15712807,Robertson,Spain,Male,46.0,3,"€131,764.96",1,Yes,Yes,"€108,500.66",1
15696371,Thomas,Spain,Female,24.0,1,"€92,476.88",1,No,No,"€83,247.14",0
15675794,Hsing,Germany,Male,47.0,9,"€152,076.93",1,No,No,"€121,840.20",1
15774277,Chiu,France,Male,43.0,2,€0.00,2,Yes,Yes,"€132,908.07",0
15603764,Chang,FRA,Male,49.0,4,€0.00,1,Yes,Yes,"€100,075.10",1
15618647,Kornilova,FRA,Male,29.0,1,"€43,504.42",1,Yes,Yes,"€119,327.75",0
15614643,Chifo,Spain,Female,39.0,2,€0.00,2,No,No,"€136,737.13",0
15707696,Lu,Spain,Female,28.0,5,€0.00,2,Yes,Yes,"€22,356.97",0
15749583,Bellucci,Germany,Female,38.0,2,"€93,569.86",3,No,No,"€10,137.34",1
15815125,Michael,Spain,Male,45.0,4,"€102,486.21",2,Yes,Yes,"€158,379.25",0
15779620,Sinclair,France,Male,36.0,1,€0.00,1,Yes,Yes,"€94,570.56",0
15768233,Chukwuebuka,Germany,Male,37.0,8,"€114,346.30",1,Yes,Yes,€980.93,1
15637788,Schmidt,FRA,Male,23.0,3,"€110,203.77",1,No,No,"€95,583.45",0
15777046,Parry,FRA,Female,39.0,9,"€128,362.59",1,No,No,"€86,044.98",0
15788723,McIntyre,Germany,Female,49.0,10,"€143,888.22",2,Yes,Yes,"€166,236.38",1
15790489,Lo Duca,Spain,Male,34.0,5,"€170,600.78",1,Yes,Yes,"€5,240.53",0
15739476,Ferrari,France,Female,32.0,5,€0.00,1,Yes,Yes,"€150,684.23",0
15612670,Berry,Spain,Female,46.0,10,€0.00,2,Yes,Yes,"€129,508.96",0
15631222,Cattaneo,French,Female,39.0,2,"€75,339.64",1,Yes,Yes,"€70,665.16",0
15658972,Foster,French,Female,40.0,8,"€122,038.34",1,No,No,"€102,085.35",0
15724691,Gordon,French,Male,34.0,1,€0.00,2,Yes,Yes,"€195,052.12",0
15740442,May,France,Male,51.0,8,"€186,825.57",1,No,No,"€93,739.71",1
15760427,Cameron,French,Male,40.0,6,"€124,788.18",1,No,No,"€65,612.12",0
15677939,Ch'eng,FRA,Female,41.0,3,€0.00,2,Yes,Yes,"€160,095.48",0
15611599,Curtis,France,Female,71.0,2,€0.00,2,Yes,Yes,"€49,506.82",0
15633474,Whitehead,FRA,Male,51.0,2,"€138,553.57",1,Yes,Yes,"€92,406.22",0
15671973,Chukwuemeka,Spain,Male,39.0,5,€0.00,2,Yes,Yes,"€7,415.96",0
15790019,Onwughara,France,Male,35.0,9,"€105,387.89",1,Yes,Yes,"€25,059.06",0
15737735,Grant,Spain,Male,40.0,4,"€95,053.10",1,Yes,Yes,"€116,816.54",1
15661745,Browne,FRA,Male,36.0,3,€0.00,1,Yes,Yes,"€144,078.02",0
15797065,Goloubev,Spain,Female,32.0,0,€0.00,2,Yes,Yes,"€126,675.62",0
15710671,Gordon,FRA,Male,34.0,3,"€137,361.96",1,No,No,"€183,682.09",0
15656522,Sutherland,Spain,Male,32.0,10,"€158,537.42",1,No,No,"€166,850.57",0
15705085,Quesada,Spain,Female,29.0,9,€0.00,2,No,No,"€27,359.19",0
15744873,Wright,Germany,Female,48.0,5,"€143,595.87",1,No,No,"€101,314.65",1
15781914,Simmons,Germany,Male,32.0,9,"€169,947.41",2,Yes,Yes,"€27,979.16",0
15637354,Yobachukwu,France,Female,24.0,7,"€148,167.83",2,Yes,Yes,"€109,470.34",0
15717307,Read,French,Male,31.0,5,€0.00,2,No,No,"€93,713.13",0
15746695,Wunder,French,Female,39.0,6,"€48,023.83",1,No,No,"€74,870.99",0
15804962,Nnaife,France,Male,36.0,1,"€155,655.46",1,Yes,Yes,"€192,387.51",1
15665378,Shen,France,Female,46.0,6,€0.00,2,No,No,"€73,457.55",0
15757865,Powell,French,Male,62.0,7,€0.00,2,Yes,Yes,"€61,120.75",0
15578787,Goddard,FRA,Female,52.0,4,€0.00,1,No,No,"€90,964.54",1
15794323,Buckley,French,Male,32.0,8,"€121,240.76",1,No,No,"€116,969.73",0
15697546,McIntyre,France,Female,36.0,3,€0.00,2,No,No,"€92,118.75",0
15629519,Yen,French,Female,37.0,1,€0.00,2,Yes,Yes,"€48,357.90",0
15624703,Okonkwo,Germany,Male,35.0,9,"€129,847.75",2,No,No,"€197,325.40",0
15570002,Burlingame,Germany,Female,55.0,8,"€118,772.71",4,No,No,"€135,853.62",1
15808566,Hs?,French,Male,46.0,2,€0.00,2,Yes,Yes,"€169,122.54",0
15805463,Board,Germany,Male,32.0,2,"€105,163.88",2,Yes,Yes,"€164,170.46",0
15709136,Adams,FRA,Male,28.0,8,€0.00,2,Yes,Yes,"€199,909.32",0
15801605,Rizzo,France,Female,39.0,0,€0.00,2,Yes,Yes,"€83,295.09",0
15567855,Chukwufumnanya,FRA,Female,29.0,1,€0.00,2,No,No,"€39,382.06",0
15675141,Fraser,FRA,Female,35.0,4,"€93,934.63",1,No,No,"€184,748.23",0
15665759,Russell,French,Female,69.0,5,"€117,866.92",1,Yes,Yes,"€62,280.91",0
15761487,Yefimova,FRA,Female,55.0,5,€0.00,1,Yes,Yes,"€196,794.11",1
15700394,Palermo,Spain,Female,26.0,4,"€122,857.46",2,No,No,"€144,682.17",1
15631162,Bergamaschi,France,Male,32.0,10,€0.00,2,Yes,Yes,"€196,342.66",0
15630641,Shao,FRA,Female,37.0,6,"€127,103.97",1,Yes,Yes,"€41,516.44",0
15585066,Chimaraoke,French,Female,43.0,1,€0.00,1,Yes,Yes,"€112,026.10",1
15722991,McGregor,FRA,Male,54.0,9,"€96,402.96",1,No,No,"€52,035.29",1
15737404,Kesteven,French,Male,31.0,1,"€132,512.26",1,Yes,Yes,"€185,466.85",0
15722409,Ritchie,Spain,Male,47.0,8,"€107,604.66",1,Yes,Yes,"€80,149.27",0
15806420,Jenks,French,Male,34.0,9,€0.00,2,No,No,"€170,980.86",0
15658148,Udokamma,France,Male,38.0,7,€0.00,2,No,No,"€185,827.74",0
15810660,Boyle,Germany,Male,34.0,4,"€120,875.23",2,Yes,Yes,"€113,407.26",0
15709780,Azuka,France,Female,37.0,9,"€71,786.90",2,Yes,Yes,"€67,734.79",0
15727350,Pai,French,Female,37.0,8,"€113,143.12",1,No,No,"€3,363.36",0
15752312,Howells,Spain,Male,49.0,1,"€150,777.72",2,Yes,Yes,"€135,757.27",0
15616745,Hs?,Spain,Male,35.0,2,"€174,894.53",1,Yes,Yes,"€22,314.55",0
15572294,Kelly,French,Male,28.0,7,€0.00,1,No,No,"€129,526.57",0
15674110,Walton,France,Female,43.0,2,"€160,416.56",1,Yes,Yes,"€37,266.43",0
15662501,Ebelechukwu,FRA,Male,48.0,3,"€91,246.53",1,No,No,"€60,017.46",1
15649239,Vasilieva,Spain,Male,46.0,10,€0.00,2,No,No,"€153,015.42",0
15700424,Hsiao,FRA,Female,35.0,5,€0.00,1,Yes,Yes,"€54,209.02",0
15636388,Abrego,Germany,Female,23.0,7,"€98,775.23",1,No,No,"€114,603.96",0
15713975,Gibson,Germany,Female,47.0,10,"€139,756.12",1,No,No,"€165,849.49",1
15592925,Giordano,Spain,Male,42.0,3,"€177,626.77",3,Yes,Yes,"€16,392.72",1
15581626,Mancini,FRA,Male,54.0,8,€0.00,1,Yes,Yes,"€162,719.69",1
15641319,Afanasyeva,Spain,Male,50.0,4,€0.00,1,No,No,"€107,112.25",1
15723481,Wright,Spain,Male,42.0,8,€0.00,2,Yes,Yes,"€41,823.22",0
15787825,Okwudiliolisa,Germany,Male,37.0,6,"€152,496.82",1,Yes,Yes,"€99,907.29",0
15710726,Hughes,France,Male,52.0,8,€0.00,2,Yes,Yes,"€178,229.04",0
15627195,Parrott,Germany,Male,26.0,1,"€112,930.28",2,No,No,"€22,095.73",0
15657957,Hughes,Germany,Female,26.0,8,"€113,674.20",1,No,No,"€197,861.16",1
15676117,Zinachukwudi,France,Male,44.0,9,€0.00,1,No,No,"€138,328.24",0
15607874,Keane,France,Male,38.0,0,"€144,450.58",1,Yes,Yes,"€137,276.83",0
15796993,McCollum,FRA,Male,52.0,1,"€171,236.30",2,No,No,"€21,834.40",1
15649858,Simpson,Spain,Male,37.0,9,"€96,776.49",1,Yes,Yes,"€119,890.86",0
15811032,Gambrell,Germany,Female,58.0,8,"€145,984.92",1,Yes,Yes,"€24,564.70",0
15679963,Moretti,Germany,Male,43.0,8,"€96,353.80",1,No,No,"€10,209.80",0
15579131,Ricci,France,Male,25.0,7,€0.00,2,Yes,Yes,"€83,449.65",0
15572428,Rieke,Germany,Female,33.0,0,"€115,777.23",1,Yes,Yes,"€81,508.10",0
15622461,Ndubuagha,France,Female,51.0,7,"€122,822.00",2,No,No,"€32,626.21",0
15636105,Chung,Spain,Male,61.0,2,€0.00,2,Yes,Yes,"€43,982.41",0
15583849,Ts'ai,FRA,Male,40.0,3,€0.00,2,No,No,"€124,874.23",0
15718780,Cox,Spain,Female,32.0,4,"€79,450.09",1,Yes,Yes,"€118,324.75",0
15739271,Lei,Germany,Male,33.0,2,"€122,394.00",1,Yes,Yes,"€22,113.93",0
15697129,Ulyanova,Spain,Female,43.0,1,€0.00,2,No,No,"€31,962.77",0
15763415,Gray,Germany,Male,41.0,0,"€134,378.89",1,Yes,Yes,"€105,746.94",0
15796617,McGregor,France,Male,29.0,2,€0.00,2,No,No,"€39,925.52",0
15626628,Tretiakova,Spain,Female,31.0,2,"€88,161.85",2,No,No,"€127,630.88",0
15765857,Genovesi,Spain,Male,41.0,2,"€142,412.13",1,No,No,"€28,778.98",0
15742511,Gordon,FRA,Male,35.0,3,"€121,030.90",1,No,No,"€10,008.68",0
15786433,Aitken,Germany,Female,35.0,3,"€165,982.43",2,Yes,Yes,"€24,482.16",0
15685805,Ginikanwa,Spain,Female,35.0,6,€0.00,2,No,No,"€98,618.79",0
15627971,Coates,France,Female,32.0,8,"€206,663.75",1,No,No,"€16,281.94",0
15783025,Piazza,Germany,Male,37.0,3,"€94,661.53",2,No,No,"€121,239.65",0
15726289,Cawood,FRA,Male,25.0,0,"€174,400.36",1,No,No,"€42,669.37",0
15802118,Ignatieff,Spain,Male,41.0,7,"€123,428.69",1,Yes,Yes,"€164,924.11",0
15607990,Gallo,Spain,Male,43.0,6,"€175,735.50",1,Yes,Yes,"€157,337.29",0
15695932,Yelverton,Spain,Male,36.0,5,"€78,381.13",1,Yes,Yes,"€153,831.60",0
15812279,William,FRA,Male,37.0,5,"€115,345.86",2,No,No,"€168,781.80",0
15687558,Mault,Germany,Female,31.0,10,"€118,613.34",1,No,No,"€168,469.65",0
15729065,Mackay,Germany,Male,28.0,2,"€109,960.06",2,Yes,Yes,"€170,829.87",0
15698902,McIntyre,Germany,Female,42.0,1,"€142,703.40",1,No,No,"€86,207.49",1
15570192,Henry,Germany,Female,40.0,8,"€121,729.42",1,No,No,"€61,164.45",0
15809265,Kao,French,Female,35.0,4,€0.00,1,Yes,Yes,"€133,287.73",0
15745201,Frewin,France,Female,43.0,4,"€139,496.35",2,Yes,Yes,"€77,128.23",0
15580623,Yefremova,Spain,Male,28.0,8,€0.00,2,No,No,"€77,660.03",0
15578156,Anenechukwu,Spain,Male,32.0,5,"€138,521.83",1,Yes,Yes,"€56,897.10",0
15631063,Trentino,France,Female,33.0,2,€0.00,2,No,No,"€72,945.32",0
15692577,Tomlinson,Germany,Female,38.0,10,"€83,727.68",1,No,No,"€45,418.12",0
15810910,Royston,Spain,Female,38.0,9,€0.00,2,Yes,Yes,"€158,527.45",0
15723217,Cremonesi,FRA,Male,37.0,9,€0.00,1,No,No,"€111,312.96",0
15733111,Yeh,Spain,Male,32.0,6,"€124,179.30",1,Yes,Yes,"€138,759.15",0
15610727,Ch'in,French,Male,36.0,7,"€128,829.25",1,No,No,"€190,588.59",0
15792720,Martinez,French,Male,33.0,6,"€171,490.78",1,No,No,"€79,099.64",0
15723153,Wearing,Spain,Male,33.0,3,€0.00,2,No,No,"€138,613.21",0
15802823,Maclean,Spain,Female,38.0,7,€0.00,2,Yes,Yes,"€194,230.82",0
15756118,T'ao,Spain,Male,20.0,8,€0.00,1,No,No,"€110,252.53",0
15684934,Rose,FRA,Male,31.0,9,€0.00,2,Yes,Yes,"€106,117.30",0
15776936,Whitworth,FRA,Male,40.0,7,"€160,818.08",1,Yes,Yes,"€169,642.13",1
15729087,Suttor,Germany,Male,54.0,9,"€156,367.60",2,Yes,Yes,"€116,179.92",0
15786463,Hsing,Germany,Female,59.0,8,"€121,669.93",2,No,No,€91.75,1
15717498,Boni,French,Male,42.0,6,"€133,970.22",2,Yes,Yes,"€187,839.90",0
15718406,Marshall,FRA,Male,41.0,3,€0.00,2,No,No,"€121,098.65",0
15799468,Catchpole,FRA,Female,34.0,3,"€96,127.27",1,No,No,"€30,972.06",0
15626383,Tang,Spain,Male,60.0,7,"€121,907.97",1,Yes,Yes,"€30,314.04",0
15597385,Siddons,Spain,Male,41.0,5,€0.00,2,Yes,Yes,"€14,479.29",0
15570271,Wan,Spain,Male,31.0,6,€0.00,1,Yes,Yes,"€196,395.25",0
15690330,Efimov,Germany,Female,40.0,8,"€77,701.64",1,Yes,Yes,"€19,512.38",0
15680611,Rose,FRA,Male,67.0,9,€0.00,3,Yes,Yes,"€72,318.77",0
15810227,Fanucci,French,Male,34.0,2,€0.00,2,Yes,Yes,"€96,615.23",0
15807194,Iweobiegbulam,Spain,Male,34.0,5,"€113,922.44",2,No,No,"€30,772.22",0
15712199,Ijendu,Germany,Female,61.0,2,"€183,997.70",2,Yes,Yes,"€161,217.18",0
15694995,O'Sullivan,France,Male,23.0,2,€0.00,2,Yes,Yes,"€66,795.78",0
15723400,Hutchinson,France,Male,28.0,4,€0.00,2,Yes,Yes,"€123,969.64",0
15654772,Kwemto,France,Female,47.0,6,"€89,799.46",2,Yes,Yes,"€13,783.77",1
15574743,Chiu,Spain,Male,29.0,2,€0.00,1,Yes,Yes,"€168,924.41",0
15807593,Berry,Spain,Female,36.0,7,"€85,660.96",1,No,No,"€134,778.01",0
15686718,Hung,Germany,Male,37.0,9,"€115,569.21",1,Yes,Yes,"€119,782.89",0
15695299,Mordvinova,French,Female,45.0,2,"€81,828.22",1,No,No,"€52,167.97",0
15722701,Bruno,Germany,Male,18.0,1,"€132,694.73",1,No,No,"€167,689.56",0
15799635,Arbour,Spain,Male,51.0,2,"€108,867.00",1,No,No,"€140,800.66",1
15742323,Barese,French,Male,39.0,7,€0.00,2,No,No,"€19,823.02",0
15658435,Hingston,French,Female,27.0,5,€0.00,2,No,No,"€72,969.90",0
15586029,Davis,Germany,Male,34.0,2,"€96,152.68",2,No,No,"€143,711.02",0
15772337,Lawrence,Germany,Female,49.0,0,"€153,855.52",1,Yes,Yes,"€180,862.26",1
15807555,Chung,FRA,Male,45.0,2,€0.00,2,No,No,"€125,658.28",0
15603378,Padovano,France,Female,36.0,3,"€141,334.95",1,Yes,Yes,"€125,870.50",0
15792862,Blinova,Germany,Male,41.0,1,"€104,584.11",1,No,No,"€15,126.32",1
15657349,Carter,Germany,Female,50.0,8,"€98,173.02",1,No,No,"€22,457.25",1
15777614,Webb,Spain,Female,44.0,1,€0.00,2,Yes,Yes,"€82,614.89",0
15653952,T'an,Germany,Female,38.0,3,"€135,157.05",1,Yes,Yes,"€32,919.42",0
15724336,Yates,Germany,Female,49.0,5,"€171,601.27",1,No,No,"€126,223.84",0
15689594,Su,FRA,Male,29.0,5,"€179,539.20",1,No,No,"€112,010.02",0
15801920,Christian,Germany,Male,39.0,5,"€80,615.46",2,No,No,"€180,962.32",0
15653347,Chiu,Spain,Male,47.0,1,€0.00,1,No,No,"€128,882.66",1
15749951,Sacco,Germany,Male,27.0,5,"€126,285.73",1,No,No,"€177,614.17",1
15648178,Lettiere,Germany,Female,23.0,4,"€137,964.51",1,Yes,Yes,"€174,570.55",0
15738662,Daluchi,Germany,Male,41.0,9,"€159,434.03",1,No,No,"€178,373.93",0
15640855,T'ien,Germany,Male,40.0,5,"€113,574.61",2,No,No,"€103,396.08",0
15584288,Hung,France,Female,33.0,6,€0.00,2,Yes,Yes,"€59,129.72",0
15760988,Liu,Germany,Male,33.0,9,"€124,573.33",2,No,No,€683.37,0
15569624,Feng,Germany,Female,31.0,6,"€105,864.60",2,No,No,"€145,567.34",0
15597949,Gilbert,Germany,Female,47.0,5,"€104,552.61",1,No,No,"€48,137.08",1
15604551,Robb,FRA,Female,35.0,3,€0.00,2,No,No,"€90,876.95",0
15617476,Manfrin,French,Female,30.0,5,€0.00,2,Yes,Yes,"€198,543.09",0
15645323,Chinwenma,French,Male,55.0,2,€0.00,1,Yes,Yes,"€106,202.07",1
15793311,Smith,Germany,Female,46.0,8,"€119,492.88",2,Yes,Yes,"€166,896.01",1
15764153,Rowe,France,Female,33.0,0,"€130,499.09",2,Yes,Yes,"€74,804.36",0
15802560,Moran,Spain,Female,48.0,6,"€140,576.11",1,Yes,Yes,"€116,971.05",0
15728608,Walker,Germany,Female,34.0,9,"€91,025.58",2,Yes,Yes,"€163,783.00",0
15770474,Myers,FRA,Female,33.0,1,€0.00,3,Yes,Yes,"€70,221.13",1
15724444,Wall,French,Female,38.0,1,"€125,877.65",2,Yes,Yes,"€107,841.77",0
15753110,McKay,Spain,Male,64.0,3,"€45,752.78",2,No,No,"€79,623.28",1
15711521,Egobudike,FRA,Male,39.0,3,"€121,778.71",1,Yes,Yes,"€138,399.67",0
15632816,Williams,Germany,Female,49.0,2,"€127,948.57",1,Yes,Yes,"€182,765.14",0
15693637,Ochoa,French,Female,30.0,7,€0.00,2,Yes,Yes,"€186,648.19",0
15725509,Otutodilinna,Germany,Male,30.0,5,"€115,286.68",2,Yes,Yes,"€149,587.92",0
15684645,Ajuluchukwu,Germany,Male,41.0,9,"€62,078.21",2,No,No,"€129,050.67",0
15692235,Bellucci,French,Female,38.0,1,€0.00,2,No,No,"€47,764.99",0
15777459,Gordon,Spain,Female,32.0,4,"€175,406.13",2,Yes,Yes,"€172,792.43",1
15656937,Johnston,Spain,Male,26.0,1,"€131,643.25",1,No,No,"€64,436.16",0
15610643,De Luca,Germany,Male,44.0,3,"€151,739.65",1,No,No,"€167,461.50",0
15777315,Hill,FRA,Male,43.0,6,"€93,616.35",2,No,No,"€98,348.66",0
15611058,Eluemuno,Germany,Female,60.0,5,"€138,597.54",2,Yes,Yes,"€41,536.59",1
15630413,Howarth,FRA,Female,41.0,5,€0.00,2,Yes,Yes,"€72,462.25",0
15635942,Thomson,French,Male,40.0,9,€0.00,2,No,No,"€112,465.19",1
15648858,King,FRA,Female,27.0,1,"€85,225.21",1,Yes,Yes,"€64,511.44",0
15810732,Grant,FRA,Female,36.0,8,"€148,749.29",2,No,No,"€91,830.75",0
15705448,Gilbert,Germany,Male,52.0,7,"€130,013.12",1,Yes,Yes,"€190,806.36",1
15730488,Richmond,Spain,Female,27.0,1,€0.00,1,Yes,Yes,"€112,311.15",0
15620443,Fiorentino,FRA,Female,81.0,6,€0.00,2,Yes,Yes,"€72,276.24",0
15741078,Greece,French,Male,54.0,7,"€111,729.47",2,Yes,Yes,"€84,920.49",0
15753161,Dickson,France,Female,36.0,5,"€180,169.44",2,No,No,"€17,348.56",0
15711396,Henderson,Spain,Male,40.0,8,€0.00,2,Yes,Yes,"€82,870.75",0
15593499,Stevens,Spain,Female,47.0,6,€0.00,1,No,No,"€32,080.69",1
15579189,Mitchell,France,Female,42.0,5,€0.00,2,Yes,Yes,"€120,512.08",0
15743545,Nworie,Spain,Female,29.0,2,€0.00,2,No,No,"€179,032.68",0
15791316,Boni,French,Male,35.0,3,€0.00,2,Yes,Yes,"€95,623.28",0
15608246,Wentcher,Germany,Female,36.0,8,"€103,914.17",1,Yes,Yes,"€110,035.88",1
15676526,Bentley,France,Female,34.0,4,"€88,772.87",1,Yes,Yes,"€168,822.01",0
15813911,Hayes-Williams,French,Female,39.0,5,€0.00,1,No,No,"€77,705.75",0
15630195,Johnstone,French,Female,40.0,6,"€131,184.67",1,Yes,Yes,"€49,815.62",0
15736250,Johnstone,French,Male,38.0,2,"€117,810.79",1,Yes,Yes,"€65,632.33",1
15671334,Nixon,FRA,Male,31.0,4,€0.00,1,No,No,"€169,361.89",0
15574169,Trevisano,Germany,Female,32.0,0,"€92,466.21",1,No,No,"€4,721.30",0
15718839,Tsui,Germany,Female,38.0,2,"€102,741.15",2,Yes,Yes,"€23,974.85",0
15762331,Moss,FRA,Male,37.0,9,"€178,755.84",1,No,No,"€199,929.17",0
15606901,Graham,French,Male,43.0,7,€0.00,2,No,No,"€40,023.70",0
15713559,Onyemauchechukwu,Germany,Female,32.0,5,"€146,602.25",2,Yes,Yes,"€72,946.95",0
15768881,Saunders,FRA,Male,29.0,2,€0.00,2,Yes,Yes,"€170,421.13",0
15743075,Ko,France,Male,35.0,6,€0.00,2,Yes,Yes,"€58,879.11",0
15660980,Cairns,Spain,Male,38.0,6,"€115,702.67",2,Yes,Yes,"€25,059.05",0
15810942,Chiemela,Germany,Female,61.0,2,"€137,655.31",1,Yes,Yes,"€29,909.84",0
15728362,Robertson,France,Female,29.0,3,€0.00,2,No,No,"€158,043.11",0
15683339,P'eng,Spain,Female,34.0,6,"€59,877.33",1,No,No,"€14,032.62",1
15685476,Tseng,France,Male,31.0,5,"€100,082.14",1,Yes,Yes,"€49,809.88",0
15663650,Russell,Germany,Male,52.0,10,"€107,304.39",3,No,No,"€28,806.32",1
15617434,Yen,Spain,Male,38.0,9,€0.00,1,Yes,Yes,"€90,490.33",0
15622470,Yeh,Spain,Male,41.0,10,"€96,032.22",1,Yes,Yes,"€75,825.57",0
15703682,Kalinina,Spain,Male,33.0,10,€0.00,1,No,No,"€158,336.36",0
15727391,Collier,Germany,Male,29.0,9,"€144,553.50",2,No,No,"€143,454.95",0
15711062,Thomas,Germany,Male,40.0,5,"€86,172.81",2,Yes,Yes,"€117,279.49",0
15567339,Shaw,France,Male,73.0,9,€0.00,1,Yes,Yes,"€114,283.33",0
15760662,Francis,Germany,Female,29.0,2,"€87,212.80",1,Yes,Yes,€994.86,0
15605737,George,FRA,Male,36.0,5,€0.00,2,No,No,"€124,795.84",0
15692977,Ikenna,Germany,Female,36.0,2,"€130,700.92",2,No,No,"€77,592.80",0
15672082,Schatz,French,Male,62.0,3,€0.00,2,No,No,"€105,986.01",0
15600280,Tao,FRA,Female,32.0,6,€0.00,2,No,No,"€33,606.52",0
15804052,Scott,Spain,Male,23.0,6,€0.00,2,Yes,Yes,"€134,188.11",0
15576065,Sims,Spain,Female,40.0,5,"€171,325.98",1,Yes,Yes,"€159,718.27",1
15796838,Chibugo,Spain,Male,58.0,4,"€92,930.92",1,Yes,Yes,"€85,148.78",0
15693526,Ku,France,Female,40.0,0,€0.00,1,No,No,"€119,059.13",0
15748595,Stanton,France,Female,29.0,1,"€77,556.79",2,Yes,Yes,"€122,998.26",0
15679029,Kung,French,Male,33.0,7,"€102,874.28",1,No,No,"€117,841.06",0
15753639,Gibson,French,Male,37.0,5,"€146,093.39",2,No,No,"€160,593.41",0
15604138,Iheanacho,Spain,Male,34.0,2,€0.00,1,No,No,"€174,189.04",1
15666095,Costa,Spain,Male,51.0,4,"€79,811.72",2,Yes,Yes,"€68,260.27",1
15643487,Sal,Spain,Male,39.0,10,"€105,473.74",1,No,No,"€58,854.88",1
15764033,Lin,Germany,Female,43.0,1,"€121,927.92",1,No,No,"€87,994.95",1
15747288,Ferri,Spain,Female,40.0,6,"€61,671.19",1,Yes,Yes,"€150,659.35",1
15790599,Yin,Germany,Female,39.0,5,"€149,363.12",2,Yes,Yes,"€109,098.39",0
15737705,Avdeyeva,FRA,Female,27.0,4,"€152,309.37",1,No,No,"€104,112.00",0
15737194,Tu,FRA,Female,33.0,5,€0.00,2,No,No,"€122,949.71",0
15726776,Donnelly,Spain,Male,36.0,1,"€111,629.29",1,Yes,Yes,"€21,807.16",0
15804357,Loggia,French,Male,40.0,3,€0.00,1,Yes,Yes,"€32,319.93",0
15664432,Chao,Spain,Female,49.0,7,"€96,296.78",1,No,No,"€190,457.87",1
15688984,Belonwu,France,Male,20.0,4,"€95,830.43",1,No,No,"€177,738.98",0
15583026,Welch,FRA,Female,38.0,0,"€135,919.33",1,No,No,"€80,425.65",0
15771668,Henderson,France,Male,59.0,10,"€185,966.64",1,No,No,"€9,445.42",1
15779904,Yobanna,France,Female,29.0,5,€0.00,2,Yes,Yes,"€174,825.57",0
15784323,Gallo,French,Female,21.0,7,€0.00,2,No,No,"€175,743.92",0
15756277,Wilson,Germany,Female,43.0,8,"€92,244.83",2,No,No,"€54,949.73",0
15663312,Marino,France,Female,35.0,9,"€112,727.06",2,No,No,"€183,752.91",0
15793197,Bailey,FRA,Female,34.0,8,"€100,359.54",1,No,No,"€46,038.28",0
15731463,Gboliwe,Germany,Male,43.0,10,"€105,301.50",1,Yes,Yes,"€78,941.59",0
15621768,Chukwuhaenye,Spain,Male,45.0,6,"€112,994.65",1,No,No,"€198,398.68",0
15691323,Bianchi,Germany,Male,40.0,4,"€89,025.88",2,No,No,"€188,892.19",0
15781326,Ford,FRA,Male,35.0,9,"€95,478.17",1,No,No,"€169,286.74",0
15595640,Rizzo,FRA,Male,37.0,8,€0.00,2,No,No,"€145,004.39",0
15814331,Lung,Germany,Female,43.0,7,"€119,127.46",2,No,No,"€55,809.92",0
15602030,Ramirez,France,Male,28.0,4,"€128,206.79",1,Yes,Yes,"€54,272.12",0
15747974,Sabbatini,France,Male,49.0,1,€0.00,2,No,No,"€192,440.54",0
15611315,Ts'ao,Germany,Female,23.0,4,"€71,433.08",1,No,No,"€103,697.57",0
15636977,Trevisan,Germany,Male,36.0,9,"€118,214.32",3,No,No,"€119,110.03",1
15690337,Chinwenma,France,Female,27.0,5,"€102,258.11",2,No,No,"€194,681.60",0
15680666,Berry,Spain,Female,39.0,2,"€151,963.26",2,No,No,"€158,948.63",0
15679551,Colombo,Spain,Female,46.0,2,"€163,764.84",1,Yes,Yes,"€165,122.55",1
15778915,Harris,FRA,Female,32.0,7,"€128,551.36",2,Yes,Yes,"€189,402.71",0
15568849,Bryan,Spain,Female,31.0,10,"€118,158.74",1,Yes,Yes,"€158,027.57",0
15747762,Chigozie,French,Male,32.0,7,"€118,520.41",1,No,No,"€3,815.48",0
15753679,Mullawirraburka,French,Male,24.0,4,€0.00,2,Yes,Yes,"€162,809.20",0
15750049,Steele,French,Male,40.0,10,"€163,823.37",1,No,No,"€89,519.47",0
15606097,Zakharov,Germany,Male,63.0,7,"€104,469.58",1,Yes,Yes,"€25,165.36",1
15802368,Ch'eng,France,Female,47.0,6,€0.00,1,Yes,Yes,"€126,012.57",0
15767488,Berry,Spain,Male,36.0,7,€0.00,2,No,No,"€20,109.21",0
15669946,Jen,Germany,Female,46.0,2,"€141,726.88",1,Yes,Yes,"€58,257.23",0
15612103,Wang,Germany,Female,35.0,2,"€137,852.96",1,Yes,Yes,"€172,269.21",1
15645353,Chubb,FRA,Male,26.0,1,€0.00,1,No,No,"€29,818.20",0
15650018,Chen,France,Female,43.0,8,"€154,100.30",1,No,No,"€114,659.81",0
15659002,Mazzanti,French,Female,45.0,6,€0.00,2,No,No,"€147,184.74",0
15616028,T'ao,France,Male,30.0,2,€0.00,3,Yes,Yes,"€15,039.41",0
15660475,Ndubueze,French,Female,54.0,9,€0.00,1,Yes,Yes,"€76,621.49",0
15652615,Ferri,France,Male,39.0,8,"€140,004.96",1,Yes,Yes,"€92,985.78",0
15653572,Thornton,Spain,Male,43.0,8,"€127,132.96",1,Yes,Yes,"€6,009.27",1
15628059,DeRose,FRA,Male,61.0,1,€0.00,2,Yes,Yes,"€191,370.97",0
15703413,Montes,French,Female,38.0,7,"€125,328.56",1,No,No,"€188,225.67",0
15610433,Kwemto,French,Male,35.0,9,€0.00,2,No,No,"€11,743.89",0
15770548,Lucchese,Germany,Female,28.0,3,"€139,986.65",1,No,No,"€136,846.75",0
15645637,Huggins,Germany,Female,39.0,6,"€119,787.76",1,Yes,Yes,"€164,248.33",0
15590888,Wade,Spain,Female,34.0,10,"€107,556.06",2,No,No,"€154,631.35",0
15568326,Kenenna,FRA,Female,44.0,2,€0.00,2,No,No,"€149,665.65",0
15655368,Wheeler,French,Male,47.0,1,€0.00,1,No,No,"€91,574.92",0
15665579,Cartwright,FRA,Female,28.0,0,"€142,705.95",1,No,No,"€127,233.39",0
15676091,Iloerika,French,Male,42.0,7,€0.00,1,Yes,Yes,"€56,650.47",0
15716984,Palermo,Spain,Female,56.0,4,€0.00,2,No,No,"€84,644.76",0
15715078,Nkemakolam,FRA,Male,35.0,6,"€161,613.94",2,Yes,Yes,"€148,238.16",0
15569452,Butler,Germany,Female,58.0,3,"€116,353.20",2,Yes,Yes,"€193,502.90",0
15628863,Calabresi,French,Male,38.0,4,"€60,013.81",1,Yes,Yes,"€38,020.05",0
15778192,Nkemdilim,Spain,Male,28.0,4,€0.00,2,Yes,Yes,"€176,750.81",0
15793723,Ch'iu,Germany,Male,32.0,9,"€144,272.07",2,No,No,"€176,580.63",0
15798943,Alexander,France,Female,46.0,8,€0.00,2,No,No,"€133,059.15",0
15764708,Chiabuotu,FRA,Male,30.0,6,"€117,696.67",1,No,No,"€100,843.82",0
15791040,Vasilyeva,Spain,Male,58.0,1,"€79,954.61",2,Yes,Yes,"€30,484.19",0
15631512,Schneider,France,Female,26.0,8,"€149,989.39",1,No,No,"€42,330.58",0
15640106,Mason,FRA,Male,40.0,7,"€124,339.90",1,No,No,"€193,309.58",0
15710315,Chukwukadibia,Germany,Male,29.0,4,"€135,759.40",1,No,No,"€112,813.79",1
15771535,Tsui,Spain,Female,37.0,9,€0.00,2,No,No,"€68,008.85",0
15611947,Banks,France,Male,34.0,3,"€83,074.00",1,No,No,"€132,673.22",0
15670266,Shih,France,Female,28.0,4,"€141,792.61",1,Yes,Yes,"€22,001.91",0
15609083,Tretiakova,France,Female,26.0,6,€0.00,1,No,No,"€100,200.40",1
15567923,Barese,FRA,Female,30.0,6,€0.00,1,No,No,"€122,604.44",0
15788183,Longo,Germany,Female,43.0,1,"€106,870.12",2,No,No,"€100,564.37",0
15735782,MacDonald,FRA,Male,31.0,9,"€120,962.59",1,No,No,"€5,419.31",0
15774401,Chambers,Spain,Male,51.0,4,€0.00,2,No,No,"€123,587.83",1
15737971,Cowen,FRA,Female,30.0,5,€0.00,2,No,No,"€13,935.32",0
15758750,Iweobiegbunam,French,Male,31.0,0,"€110,527.17",1,Yes,Yes,"€87,060.77",0
15611767,Mai,Germany,Female,52.0,0,"€133,723.43",1,No,No,"€4,859.59",1
15643770,Yu,FRA,Female,52.0,5,"€112,670.48",1,No,No,"€21,085.17",1
15744717,Duffy,French,Female,44.0,2,€0.00,2,Yes,Yes,"€26,733.86",0
15570681,Chiang,FRA,Male,24.0,1,"€116,084.32",1,No,No,"€89,734.70",0
15792650,Watts,Spain,Male,36.0,0,€0.00,1,Yes,Yes,"€179,540.73",1
15605531,Daly,Spain,Female,38.0,6,€0.00,2,No,No,"€173,219.09",0
15605339,Baker,French,Female,37.0,10,€0.00,2,Yes,Yes,"€37,411.35",0
15672216,Uvarov,French,Female,40.0,4,"€82,441.75",1,No,No,"€80,852.11",0
15812893,Costa,French,Female,39.0,10,€0.00,2,Yes,Yes,"€43,174.49",1
15624180,Genovesi,Germany,Female,37.0,10,"€134,171.80",4,Yes,Yes,"€70,927.11",1
15701364,Doherty,FRA,Male,30.0,10,€0.00,2,Yes,Yes,"€54,265.55",0
15762588,Kaleski,France,Male,31.0,5,€0.00,2,Yes,Yes,"€41,872.17",0
15806318,Wright,Germany,Female,48.0,2,"€124,442.38",1,No,No,"€15,068.53",1
15712596,Huang,FRA,Male,31.0,4,€0.00,1,No,No,"€25,950.49",0
15600399,Trentino,French,Male,60.0,4,€0.00,1,No,No,"€197,727.14",1
15576216,Chienezie,Germany,Female,37.0,4,"€108,862.76",1,No,No,"€79,555.08",1
15620750,Sugden,France,Male,28.0,3,"€141,099.43",1,Yes,Yes,"€15,607.27",0
15623489,Tu,French,Female,67.0,0,"€128,843.67",1,Yes,Yes,"€134,612.48",0
15667944,Onuchukwu,FRA,Male,39.0,0,"€86,843.61",1,Yes,Yes,"€159,830.58",0
15584928,Ugochukwutubelum,Germany,Female,32.0,4,"€120,074.97",2,Yes,Yes,"€162,961.79",0
15779913,Davidson,FRA,Male,27.0,5,"€130,231.80",2,Yes,Yes,"€192,427.16",0
15644977,Goddard,FRA,Female,31.0,5,€0.00,2,No,No,"€92,647.94",0
15749679,Beck,French,Male,39.0,2,"€109,724.38",1,Yes,Yes,"€180,022.39",0
15629010,Beam,Germany,Female,35.0,5,"€111,743.43",1,Yes,Yes,"€183,584.14",0
15768465,Sheppard,Germany,Male,35.0,8,"€121,309.17",2,Yes,Yes,"€28,750.67",0
15767781,Godfrey,France,Male,38.0,10,"€82,697.28",1,No,No,"€74,846.67",0
15635364,Gray,FRA,Female,49.0,9,"€44,301.43",3,Yes,Yes,"€89,729.30",1
15722004,Hsiung,FRA,Female,31.0,4,"€138,317.94",1,No,No,"€61,843.73",0
15766044,Cameron,Germany,Male,49.0,4,"€120,688.61",1,No,No,"€24,770.22",1
15586680,Fleming,France,Male,27.0,4,"€176,913.52",1,No,No,"€80,587.27",0
15635388,Austin,Spain,Male,47.0,6,"€89,047.14",1,No,No,"€116,286.25",0
15655175,Wallace,Germany,Male,40.0,4,"€114,318.78",2,No,No,"€129,333.69",1
15639133,Ku,French,Female,50.0,4,€0.00,2,No,No,"€129,372.94",0
15799653,Fiorentino,Germany,Female,32.0,7,"€94,753.55",2,Yes,Yes,"€18,149.03",0
15723872,Buccho,Spain,Female,46.0,10,€0.00,2,Yes,Yes,"€168,369.37",0
15775627,Gordon,French,Male,35.0,8,€0.00,2,Yes,Yes,"€67,431.28",0
15630704,Haworth,Germany,Male,32.0,9,"€106,520.73",2,No,No,"€177,092.16",0
15815534,Guidry,Spain,Male,37.0,0,"€134,006.39",1,Yes,Yes,"€93,736.69",0
15697249,Lettiere,Germany,Female,25.0,3,"€132,837.70",1,No,No,"€131,647.31",0
15681316,Tai,FRA,Female,41.0,0,"€120,549.29",2,No,No,"€175,722.31",0
15682523,Chigozie,FRA,Male,20.0,1,"€139,432.55",1,Yes,Yes,"€85,606.83",0
15650244,Bezrukov,Spain,Male,29.0,7,"€80,895.44",2,No,No,"€64,945.57",0
15648638,Chia,Spain,Male,34.0,6,€0.00,2,No,No,"€190,347.72",0
15795747,Sheppard,Spain,Female,39.0,7,"€171,646.76",1,Yes,Yes,"€100,791.36",0
15607330,Vasilyev,Spain,Male,42.0,0,"€109,121.71",1,Yes,Yes,"€167,873.49",0
15624013,Maxwell,France,Female,39.0,6,"€109,844.81",1,No,No,"€25,289.23",0
15800805,Maher,French,Female,31.0,7,"€140,931.82",1,Yes,Yes,"€20,388.77",0
15667321,Cocci,Spain,Male,49.0,10,€0.00,2,Yes,Yes,"€145,089.64",0
15601116,P'an,French,Male,32.0,6,€0.00,2,Yes,Yes,"€179,093.26",0
15622033,Rapuluchukwu,Germany,Female,41.0,3,"€101,543.51",4,No,No,"€16,025.17",1
15758451,Azuka,Germany,Male,37.0,7,"€102,708.77",1,No,No,"€9,087.81",0
15688689,Esposito,Germany,Female,37.0,8,"€149,000.91",2,Yes,Yes,"€21,472.42",0
15652674,Hou,French,Male,20.0,0,"€83,459.86",1,Yes,Yes,"€146,752.67",0
15806327,Cyril,FRA,Female,40.0,3,"€75,893.11",2,No,No,"€132,562.23",0
15649618,Tomlinson,Germany,Female,39.0,7,"€167,395.60",2,Yes,Yes,"€139,537.43",0
15677117,Crawford,French,Female,61.0,6,€0.00,2,Yes,Yes,"€133,672.61",0
15751445,Chikwado,Germany,Female,52.0,6,"€71,283.09",2,Yes,Yes,"€38,984.37",0
15749669,Hargreaves,French,Female,31.0,3,€0.00,2,Yes,Yes,"€115,217.59",0
15656351,Laidley,Spain,Male,60.0,3,€0.00,2,Yes,Yes,"€93,844.82",0
15667438,Ferguson,French,Female,38.0,1,"€104,016.88",1,No,No,"€22,068.83",1
15682273,Burns,French,Female,38.0,5,"€127,616.56",1,No,No,"€123,846.07",0
15580912,McNeill,France,Male,32.0,5,"€154,737.88",2,Yes,Yes,"€172,638.13",0
15785183,Chukwuebuka,Spain,Male,29.0,2,€0.00,2,Yes,Yes,"€1,591.19",0
15705383,Shen,French,Male,35.0,4,"€125,476.31",1,Yes,Yes,"€91,775.51",0
15712903,Diaz,French,Female,21.0,3,"€176,511.08",1,Yes,Yes,"€153,920.22",0
15774285,Kentish,Spain,Female,47.0,8,"€110,783.28",1,Yes,Yes,"€71,420.16",0
15583138,Persse,French,Male,42.0,2,"€141,642.92",2,No,No,"€172,149.76",0
15740160,Okwukwe,FRA,Male,31.0,1,€0.00,2,Yes,Yes,"€54,706.75",0
15793425,Watt,Spain,Female,33.0,9,€0.00,1,Yes,Yes,"€183,358.21",0
15749265,Carslaw,Germany,Male,42.0,1,"€75,681.52",1,Yes,Yes,"€57,098.00",0
15623989,Griffin,France,Male,54.0,3,€0.00,1,No,No,"€156,910.46",1
15604832,Hsia,FRA,Male,29.0,7,€0.00,1,Yes,Yes,"€130,224.73",0
15584580,Fyodorova,French,Male,35.0,6,"€161,111.45",1,No,No,"€13,946.66",0
15573854,Chukwujekwu,FRA,Male,62.0,5,€0.00,2,Yes,Yes,"€38,652.96",0
15614847,Townsend,French,Female,45.0,6,"€72,494.69",1,Yes,Yes,"€140,041.78",0
15679966,Marsh,French,Female,31.0,3,"€133,964.30",1,Yes,Yes,"€166,187.10",0
15799435,Hayes,Spain,Male,34.0,1,€0.00,1,No,No,"€139,919.38",0
15752186,Padovano,French,Female,27.0,3,€0.00,2,No,No,"€28,137.03",0
15705544,Ma,France,Male,61.0,3,"€157,201.48",1,Yes,Yes,"€50,368.63",0
15713632,Ham,Spain,Female,48.0,5,"€95,679.29",1,No,No,"€94,978.10",0
15586523,Paten,Germany,Female,29.0,7,"€106,230.92",1,Yes,Yes,"€69,903.93",1
15609176,Cawthorne,French,Female,32.0,5,€0.00,2,Yes,Yes,"€177,607.77",0
15769308,Herbert,Germany,Female,36.0,9,"€81,231.85",2,No,No,"€196,731.08",0
15676810,Jen,French,Female,31.0,1,"€81,480.27",2,Yes,Yes,"€65,234.60",0
15634591,Saunders,French,Male,33.0,8,"€73,059.38",1,Yes,Yes,"€186,281.00",0
15679804,Esquivel,France,Male,36.0,5,"€117,559.05",2,Yes,Yes,"€111,573.30",0
15677764,Chao,Germany,Female,74.0,1,"€186,445.31",2,Yes,Yes,"€196,767.83",0
15571917,Eluemuno,Germany,Female,38.0,5,"€137,657.71",2,No,No,"€72,985.61",0
15574608,Sidorova,France,Male,36.0,8,"€133,889.35",1,Yes,Yes,"€143,265.65",0
15740868,Pirogova,Germany,Female,45.0,9,"€134,562.80",1,Yes,Yes,"€159,268.67",0
15702442,Benson,Germany,Female,56.0,9,"€100,781.75",2,Yes,Yes,"€54,448.41",0
15699797,Santana,FRA,Male,30.0,8,"€174,356.13",1,No,No,"€31,928.50",0
15648047,Williamson,Germany,Male,27.0,5,"€190,125.43",2,No,No,"€21,793.59",0
15766826,North,France,Male,26.0,7,"€146,266.00",1,No,No,"€21,903.62",1
15591628,Davies,Germany,Male,41.0,9,"€164,046.10",1,No,No,"€49,405.93",0
15583857,Siciliano,Spain,Female,43.0,4,"€123,536.52",2,No,No,"€154,908.52",0
15752534,Mironov,FRA,Male,36.0,10,€0.00,2,Yes,Yes,"€182,867.84",0
15741403,Amechi,Spain,Female,38.0,1,"€171,848.38",1,No,No,"€16,957.45",0
15783589,Toscano,France,Male,40.0,9,€0.00,2,No,No,"€93,717.55",0
15598046,Su,France,Female,39.0,5,"€139,562.05",2,No,No,"€61,636.22",0
15643330,Chukwuemeka,French,Male,37.0,2,€0.00,2,Yes,Yes,"€95,864.50",0
15680405,P'eng,FRA,Male,40.0,2,"€168,001.34",2,Yes,Yes,"€167,400.29",0
15728683,Lombardo,France,Male,27.0,0,€0.00,2,Yes,Yes,"€131,534.96",0
15621644,Lombardi,Germany,Male,83.0,6,"€123,356.63",1,Yes,Yes,"€92,934.41",0
15733032,Butler,Spain,Male,47.0,2,€0.00,2,Yes,Yes,"€119,808.64",0
15608381,Dean,Germany,Male,50.0,2,"€125,845.66",1,No,No,"€9,439.31",1
15658946,Piccio,Germany,Male,40.0,10,"€45,408.85",2,No,No,"€18,732.91",0
15757912,Bradley,Germany,Female,37.0,0,"€125,977.81",1,No,No,"€160,162.42",0
15645371,Cameron,Germany,Female,51.0,7,"€147,262.11",1,Yes,Yes,"€53,630.90",1
15653110,Chan,FRA,Male,42.0,8,"€133,767.19",1,No,No,"€36,405.21",0
15766355,Lettiere,Germany,Male,49.0,0,"€108,806.96",3,No,No,"€61,446.92",1
15585249,Mironova,France,Male,42.0,6,"€106,036.52",1,No,No,"€194,686.78",1
15611786,Tsui,Spain,Female,69.0,9,€0.00,1,Yes,Yes,"€134,483.07",0
15575486,Okoli,FRA,Female,27.0,1,€0.00,2,Yes,Yes,"€37,769.98",0
15780215,Berry,France,Male,31.0,6,€0.00,2,Yes,Yes,"€2,382.61",0
15686099,Ruse,Spain,Male,61.0,1,"€82,182.10",1,No,No,"€106,826.92",1
15739042,Bogolyubov,French,Female,35.0,9,€0.00,2,No,No,"€39,511.61",0
15815316,Kennedy,FRA,Male,50.0,9,"€76,817.00",4,No,No,"€196,371.13",1
15778489,Bolton,Germany,Male,71.0,9,"€142,550.25",2,Yes,Yes,"€122,506.78",0
15786389,Chuang,Spain,Female,41.0,10,€0.00,2,Yes,Yes,"€61,994.20",0
15601787,Greco,Germany,Male,35.0,2,"€103,711.56",1,Yes,Yes,"€192,464.21",1
15624715,Ma,Spain,Female,40.0,2,€0.00,1,Yes,Yes,"€5,194.95",0
15763093,Nucci,Germany,Female,35.0,7,"€128,369.75",2,No,No,"€198,256.15",0
15572073,Yao,Spain,Male,35.0,5,€0.00,2,Yes,Yes,"€62,634.94",0
15780256,Palfreyman,FRA,Male,34.0,9,€0.00,2,Yes,Yes,"€114,006.35",0
15659305,Webster,Germany,Male,19.0,8,"€166,133.28",1,Yes,Yes,"€107,994.99",0
15638882,Cardell,Germany,Female,62.0,9,"€148,214.36",1,No,No,"€48,571.14",1
15714680,Bianchi,France,Female,78.0,5,"€121,206.96",1,Yes,Yes,"€76,016.49",0
15777217,Somadina,Spain,Male,25.0,10,€0.00,2,Yes,Yes,"€180,808.39",0
15739123,Mellor,Germany,Male,50.0,4,"€127,552.85",2,No,No,"€4,225.11",0
15594450,Tomlinson,France,Male,49.0,9,"€159,458.53",1,No,No,"€135,841.35",0
15797751,Pai,Germany,Female,47.0,5,"€102,085.72",1,Yes,Yes,"€183,536.24",1
15691543,Lennox,Germany,Male,58.0,2,"€142,537.18",1,Yes,Yes,"€88,791.83",0
15722845,Meldrum,Spain,Male,29.0,1,"€182,781.74",2,Yes,Yes,"€63,732.90",0
15605804,Watson,France,Male,45.0,10,€0.00,2,No,No,"€1,364.54",0
15702061,Findlay,French,Male,29.0,7,€0.00,2,Yes,Yes,"€149,184.15",0
15694321,Su,French,Female,28.0,3,€0.00,2,No,No,"€53,394.12",0
15798749,Davidson,Germany,Female,43.0,3,"€152,063.59",2,No,No,"€97,910.06",0
15720050,Barrett,French,Female,28.0,2,"€110,997.76",1,No,No,"€101,433.76",0
15758048,Miah,France,Male,50.0,2,"€148,942.00",1,Yes,Yes,"€116,944.30",0
15805681,Chamberlain,FRA,Male,41.0,9,€0.00,1,Yes,Yes,"€113,267.48",0
15802809,Vidal,Spain,Female,36.0,0,"€84,438.57",1,Yes,Yes,"€181,449.51",0
15807239,Lung,France,Female,34.0,7,"€93,920.47",1,No,No,"€179,913.98",0
15749093,Tretyakova,FRA,Male,43.0,4,"€158,713.08",2,No,No,"€98,586.14",0
15689344,Montgomery,Spain,Male,42.0,4,€0.00,3,Yes,Yes,"€120,321.09",0
15606076,Golubev,Germany,Male,63.0,7,"€123,204.88",1,Yes,Yes,"€100,538.80",0
15610090,Han,French,Male,40.0,8,"€72,945.29",2,No,No,"€98,931.50",0
15693926,Pan,Spain,Male,37.0,0,"€178,742.71",1,Yes,Yes,"€194,493.57",0
15791501,Carroll,France,Male,43.0,8,€0.00,2,Yes,Yes,"€143,628.31",0
15621870,Hawkins,Spain,Female,40.0,8,€0.00,1,No,No,"€167,030.51",0
15734711,Loggia,French,Male,42.0,7,€0.00,1,No,No,"€77,786.37",1
15814405,Chesnokova,FRA,Female,46.0,9,€0.00,1,Yes,Yes,"€81,014.50",1
15729359,Chambers,French,Female,29.0,9,€0.00,2,Yes,Yes,"€41,866.26",0
15606944,Fleming,Germany,Male,43.0,9,"€140,121.17",1,No,No,"€11,302.70",1
15671934,Veale,Germany,Male,39.0,2,"€132,906.88",1,Yes,Yes,"€149,384.43",0
15641773,Browne,Germany,Male,45.0,2,"€179,334.83",2,Yes,Yes,"€169,303.65",0
15701972,Parsons,FRA,Male,35.0,3,"€137,179.39",1,Yes,Yes,"€37,264.11",0
15749114,Bailey,Spain,Male,35.0,3,€0.00,2,Yes,Yes,"€19,515.48",0
15780362,Ferrari,France,Female,49.0,9,"€119,960.29",2,No,No,"€103,068.22",0
15753229,Genovese,French,Male,29.0,9,"€127,414.55",1,Yes,Yes,"€134,459.12",0
15656009,McIntyre,French,Female,36.0,6,€0.00,1,No,No,"€70,496.66",0
15785024,Warner,FRA,Female,40.0,9,"€137,409.19",1,No,No,"€175,877.70",1
15670492,Gordon,French,Male,28.0,8,€0.00,2,No,No,"€106,390.01",0
15795458,McMillan,Spain,Female,39.0,2,€0.00,1,Yes,Yes,"€52,138.49",0
15732438,Cheng,FRA,Male,43.0,4,€0.00,4,No,No,"€18,522.91",1
15781987,Akhtar,French,Male,31.0,9,"€112,494.99",1,Yes,Yes,"€32,231.60",0
15775826,Iadanza,France,Male,30.0,1,"€78,133.15",1,Yes,Yes,"€174,225.88",0
15807457,Abernathy,Spain,Female,36.0,1,€0.00,2,No,No,"€102,021.39",0
15632538,Watson,Spain,Female,32.0,5,"€145,553.07",1,Yes,Yes,"€31,484.76",0
15641389,Shen,Germany,Male,48.0,4,"€123,593.22",2,No,No,"€82,469.06",1
15657306,Kershaw,French,Female,47.0,2,€0.00,1,No,No,"€110,900.43",1
15709447,Reed,FRA,Female,26.0,0,"€146,286.22",1,No,No,"€105,105.35",0
15762682,Mitchell,Spain,Female,35.0,1,"€111,827.27",2,No,No,"€12,674.68",0
15626042,Webb,Spain,Female,26.0,2,€0.00,2,Yes,Yes,"€93,255.85",0
15597109,Vanzetti,FRA,Male,70.0,1,"€94,416.78",1,Yes,Yes,"€145,299.50",0
15756148,Nnanna,Spain,Male,45.0,2,"€91,549.78",1,Yes,Yes,"€47,139.44",0
15665634,Campbell,FRA,Female,38.0,7,"€59,568.57",1,Yes,Yes,"€167,723.25",0
15739997,Capon,FRA,Female,23.0,2,"€94,464.81",2,Yes,Yes,"€185,900.88",0
15686242,Otutodilichukwu,France,Female,57.0,4,€0.00,1,No,No,"€85,876.67",1
15759244,Boone,Germany,Male,44.0,8,"€95,368.14",2,Yes,Yes,"€1,787.85",0
15672027,McIntyre,Germany,Female,33.0,10,"€102,185.42",2,No,No,"€23,231.93",0
15594576,Zhdanov,French,Male,32.0,1,"€144,875.71",1,No,No,"€187,740.04",0
15707138,Nagy,Spain,Male,39.0,5,€0.00,2,Yes,Yes,"€100,060.54",0
15756954,,France,Female,,2,€0.00,1,Yes,Yes,"-€999,999",0
15619130,Simpson,Germany,Female,37.0,5,"€113,291.05",2,Yes,Yes,"€132,467.54",0
15639665,Herbert,Spain,Male,61.0,0,€0.00,2,Yes,Yes,"€96,202.44",0
15571065,Lehr,Spain,Female,39.0,0,€0.00,2,No,No,"€94,977.30",0
15686060,Chou,Germany,Male,43.0,9,"€111,677.88",1,No,No,"€178,827.30",1
15615753,Upchurch,Germany,Female,35.0,8,"€131,101.04",1,Yes,Yes,"€192,852.67",0
15800961,Ugorji,Germany,Male,52.0,1,"€76,101.81",2,Yes,Yes,"€177,238.35",0
15763065,Palerma,Spain,Female,40.0,2,€0.00,2,No,No,"€199,753.97",0
15672467,Coles,FRA,Female,52.0,7,"€92,510.90",2,Yes,Yes,"€66,193.61",0
15752915,Hsueh,France,Female,34.0,2,€0.00,2,Yes,Yes,"€181,270.84",0
15744695,Tu,France,Male,39.0,5,"€77,652.40",1,Yes,Yes,"€25,407.59",0
15584897,Kuo,France,Female,31.0,3,"€98,360.03",1,No,No,"€20,973.80",0
15601857,Woodhouse,Germany,Female,46.0,4,"€115,518.07",1,No,No,"€76,544.90",1
15674156,Tretiakova,Germany,Male,69.0,3,"€27,288.43",1,Yes,Yes,"€110,509.90",0
15695465,Gibson,France,Female,36.0,6,€0.00,1,No,No,"€164,247.51",0
15792232,Moss,Spain,Female,43.0,5,€0.00,2,No,No,"€105,149.80",0
15807900,Chineze,French,Male,36.0,7,€0.00,1,Yes,Yes,"€55,868.97",1
15743760,Davidson,FRA,Male,31.0,6,"€131,996.66",2,Yes,Yes,"€178,747.43",0
15652835,Liang,Spain,Female,27.0,2,"€121,580.42",1,Yes,Yes,"€134,720.51",0
15767818,Graham,FRA,Male,55.0,10,"€132,436.34",1,No,No,€978.66,0
15591150,Nwebube,Spain,Male,34.0,10,€0.00,2,Yes,Yes,"€183,387.12",0
15734659,Sozonov,Germany,Female,46.0,5,"€107,978.40",2,No,No,"€155,876.06",0
15796115,Forbes,Germany,Female,40.0,4,"€78,119.59",4,No,No,"€119,259.34",1
15724648,Chikezie,France,Male,26.0,6,"€98,684.15",1,No,No,"€133,720.57",0
15737732,Onwuemelie,France,Female,44.0,10,€0.00,2,No,No,"€170,634.49",0
15632280,Toth,Spain,Female,53.0,9,€0.00,1,No,No,"€125,692.07",1
15750407,Hunt,Germany,Female,43.0,2,"€129,264.05",2,No,No,"€19,150.14",0
15795370,Mazure,Germany,Male,37.0,6,"€131,753.41",1,No,No,"€86,894.67",0
15656829,Hughes,Spain,Female,33.0,6,€0.00,2,No,No,"€57,975.80",0
15643794,Bennett,Spain,Female,27.0,2,€0.00,1,Yes,Yes,"€82,938.99",0
15798605,Tien,Germany,Male,26.0,1,"€57,422.62",1,Yes,Yes,"€79,189.40",0
15637324,Kay,France,Female,28.0,7,€0.00,2,Yes,Yes,"€5,177.62",0
15589589,Bryan,FRA,Male,34.0,5,"€144,094.20",1,No,No,"€44,510.26",0
15778936,Ingamells,French,Male,33.0,9,"€147,510.34",1,No,No,"€190,611.92",0
15757385,Milne,Spain,Female,28.0,8,"€161,592.76",1,No,No,"€177,834.79",0
15666200,Lombardo,French,Female,40.0,1,€0.00,2,Yes,Yes,"€119,446.64",0
15683977,Owens,Spain,Female,72.0,4,€0.00,2,Yes,Yes,"€50,267.69",0
15675518,Charlton,Spain,Female,53.0,1,"€75,225.53",2,No,No,"€144,849.10",1
15584812,Overby,Spain,Female,39.0,0,€0.00,2,No,No,"€81,901.60",0
15752984,Chifley,FRA,Female,70.0,9,"€87,542.89",2,Yes,Yes,"€42,576.86",0
15577913,Oliver,French,Female,32.0,8,"€144,581.96",1,Yes,Yes,"€87,609.50",0
15591980,Hill,French,Male,33.0,5,"€122,568.05",2,Yes,Yes,"€82,820.85",0
15598948,DeRose,Spain,Female,24.0,5,"€172,231.93",1,Yes,Yes,"€155,144.12",0
15574142,Chuang,Germany,Female,28.0,2,"€171,932.26",2,Yes,Yes,"€9,578.24",0
15582903,Edwards,French,Male,39.0,7,€0.00,2,Yes,Yes,"€170,392.59",0
15733229,Rodriguez,Spain,Female,34.0,7,€0.00,2,No,No,"€3,946.29",0
15635752,Lo,Germany,Male,38.0,4,"€111,798.06",2,Yes,Yes,"€102,184.66",0
15771000,Powell,French,Male,38.0,4,€0.00,3,No,No,"€75,609.84",0
15804864,Chu,France,Female,27.0,5,"€79,336.61",1,Yes,Yes,"€26,170.08",0
15641175,Munro,Germany,Male,63.0,3,"€120,916.52",3,No,No,"€144,727.45",1
15692226,Onwumelu,French,Female,31.0,3,"€142,905.51",1,Yes,Yes,"€58,134.97",0
15584156,Siciliani,Spain,Male,27.0,10,€0.00,3,No,No,"€94,620.00",1
15702656,Yobachi,French,Female,33.0,1,"€96,834.78",1,No,No,"€108,764.69",0
15606552,Akabueze,French,Male,37.0,9,"€105,261.76",2,Yes,Yes,"€149,503.54",0
15687001,Chiemenam,Germany,Male,54.0,1,"€123,544.00",1,Yes,Yes,"€120,314.75",1
15781903,Odinakachukwu,Germany,Male,41.0,2,"€127,913.71",2,Yes,Yes,"€44,205.95",0
15731951,Reilly,Spain,Female,28.0,5,"€95,328.60",1,No,No,"€6,129.61",1
15580953,Forbes,French,Male,30.0,4,"€73,218.89",1,Yes,Yes,"€126,796.69",0
15810390,Amadi,FRA,Female,41.0,1,€0.00,2,Yes,Yes,"€27,509.52",1
15628274,Ferri,Germany,Male,35.0,8,"€149,995.72",2,No,No,"€42,143.55",0
15615444,Y?an,Germany,Male,28.0,8,"€123,674.28",2,Yes,Yes,"€87,985.20",0
15784010,Williamson,Germany,Male,33.0,2,"€124,125.26",1,No,No,"€81,884.80",0
15571586,Briggs,Spain,Male,29.0,3,"€159,035.45",1,No,No,"€2,705.31",1
15748616,Napolitani,France,Male,27.0,5,€0.00,2,No,No,"€30,546.40",0
15769402,Carpenter,France,Male,27.0,7,"€156,811.74",1,Yes,Yes,"€149,402.59",0
15739248,Lin,France,Male,52.0,4,€0.00,2,Yes,Yes,"€118,429.02",0
15603481,Robinson,Spain,Female,55.0,4,€0.00,2,Yes,Yes,"€58,442.25",0
15723604,Collins,France,Male,39.0,6,"€150,555.83",1,No,No,"€30,414.17",0
15797822,Kingsley,France,Male,28.0,2,"€109,137.12",1,Yes,Yes,"€58,814.41",0
15665064,Harvey,FRA,Male,36.0,8,"€158,351.02",2,No,No,"€155,304.53",0
15640580,Obiora,FRA,Female,47.0,9,€0.00,1,No,No,"€187,943.60",0
15581089,Knight,Spain,Male,35.0,7,€0.00,2,Yes,Yes,"€43,036.60",0
15728605,Hung,French,Male,40.0,4,€0.00,2,Yes,Yes,"€26,543.28",0
15737385,Curtis,Spain,Female,46.0,6,€0.00,2,No,No,"€171,928.04",0
15714789,Perez,France,Male,24.0,7,€0.00,1,Yes,Yes,"€35,611.35",0
15786035,Gosnell,French,Male,39.0,9,€0.00,2,No,No,"€19,047.23",0
15815259,Fang,French,Female,56.0,2,€0.00,2,Yes,Yes,"€39,820.13",0
15592716,Clarke,French,Male,52.0,2,€0.00,1,No,No,"€129,013.59",1
15734850,Milanesi,Spain,Male,36.0,1,"€82,729.49",1,No,No,"€113,810.12",0
15638047,Chia,Germany,Female,45.0,9,"€142,765.24",2,No,No,"€34,749.65",0
15674573,Gearhart,French,Female,25.0,4,"€121,172.97",1,Yes,Yes,"€56,268.98",0
15694859,McLean,Germany,Female,28.0,10,"€132,932.14",2,Yes,Yes,"€46,630.47",0
15776404,Williamson,French,Male,22.0,8,"€123,374.46",1,Yes,Yes,"€124,906.59",0
15579345,Murphy,Germany,Female,74.0,0,"€161,371.50",1,Yes,Yes,"€134,869.93",0
15690733,Angelo,Spain,Male,45.0,4,€0.00,2,No,No,"€36,697.48",1
15631481,Thomson,France,Male,51.0,8,"€79,563.36",2,Yes,Yes,"€172,200.91",0
15620988,Murray,FRA,Male,46.0,2,€0.00,2,No,No,"€137,136.46",0
15571529,Kirby,Germany,Female,48.0,7,"€138,232.24",1,No,No,"€57,594.78",0
15592104,Lane,FRA,Female,41.0,5,€0.00,1,No,No,"€36,548.00",1
15651900,Bergamaschi,Germany,Female,53.0,1,"€81,571.05",1,No,No,"€182,960.46",1
15596212,Yang,Spain,Male,35.0,1,€0.00,2,No,No,"€42,117.90",0
15710687,Mills,French,Female,33.0,0,"€95,927.04",1,No,No,"€199,478.05",0
15613787,Chidubem,Spain,Male,35.0,8,"€116,932.59",1,No,No,"€91,092.84",0
15599211,Findlay,France,Male,40.0,1,€0.00,2,No,No,"€14,090.40",1
15675983,Wood,France,Female,36.0,3,"€79,551.12",1,Yes,Yes,"€178,267.07",0
15622370,Boyle,Germany,Male,30.0,1,"€116,416.94",1,Yes,Yes,"€85,808.22",0
15656319,Toscano,Spain,Male,37.0,4,"€88,141.10",1,No,No,"€109,659.12",0
15605130,Seccombe,French,Male,32.0,6,"€177,729.13",1,Yes,Yes,"€161,642.08",0
15672574,Uspenskaya,Spain,Female,32.0,5,€0.00,1,Yes,Yes,"€3,830.59",0
15659355,McKenzie,Spain,Male,32.0,6,"€123,912.78",2,Yes,Yes,"€146,636.44",0
15777907,Liang,France,Female,33.0,3,€0.00,1,Yes,Yes,"€144,413.92",1
15655171,Yermakova,FRA,Male,80.0,3,€0.00,1,Yes,Yes,"€65,801.44",0
15619674,White,FRA,Female,35.0,4,"€108,306.44",1,Yes,Yes,"€192,486.24",0
15775192,Rounsevell,Germany,Female,48.0,4,"€102,962.62",1,No,No,"€120,852.85",1
15617657,Ts'ai,French,Female,36.0,0,"€103,502.22",1,Yes,Yes,"€146,191.82",0
15688951,Stoneman,Germany,Male,43.0,8,"€119,654.44",2,Yes,Yes,"€148,412.24",1
15763460,Yao,France,Male,33.0,10,"€183,768.47",1,No,No,"€164,119.35",0
15756992,Chukwukere,FRA,Male,37.0,1,€0.00,2,No,No,"€163,457.55",0
15617454,Ifeatu,FRA,Female,25.0,1,€0.00,2,Yes,Yes,"€144,978.47",0
15701932,Millar,France,Female,52.0,6,"€140,900.97",1,Yes,Yes,"€67,288.89",0
15700813,Igwebuike,Germany,Female,25.0,5,"€94,049.92",2,No,No,"€103,269.00",0
15645600,Obidimkpa,Spain,Female,27.0,8,"€98,926.40",1,Yes,Yes,"€106,969.98",0
15634146,Hou,Germany,Male,18.0,2,"€142,872.36",1,Yes,Yes,"€117,632.63",0
15686743,Moody,Spain,Male,29.0,3,"€46,057.96",2,Yes,Yes,"€189,777.66",0
15698792,Keldie,France,Female,48.0,6,"€119,769.77",1,Yes,Yes,"€66,032.65",0
15591724,Liu,FRA,Female,44.0,5,"€143,244.97",1,No,No,"€98,661.27",0
15571281,Ts'ao,France,Male,28.0,10,"€79,562.98",1,Yes,Yes,"€74,687.37",0
15661380,Walker,French,Male,69.0,6,€0.00,2,Yes,Yes,"€149,604.18",0
15728885,Defalco,French,Male,41.0,0,€0.00,1,Yes,Yes,"€79,888.78",0
15618950,Lo Duca,Spain,Male,26.0,8,"€96,659.64",2,Yes,Yes,"€138,775.69",0
15609804,Hyde,French,Male,29.0,1,€0.00,2,No,No,"€154,695.57",0
15735849,Kanayochukwu,French,Female,26.0,2,"€165,947.99",2,Yes,Yes,"€168,834.38",0
15652948,Yen,FRA,Male,33.0,4,"€92,676.30",1,No,No,"€105,817.63",0
15618155,Ts'ui,FRA,Male,45.0,5,"€83,195.12",1,Yes,Yes,"€48,682.10",0
15566378,Tillman,French,Male,48.0,5,"€129,387.94",1,Yes,Yes,"€147,955.91",1
15565879,Riley,French,Female,28.0,9,€0.00,2,Yes,Yes,"€56,185.98",0
15792922,Tu,Spain,Male,38.0,9,"€130,233.14",1,Yes,Yes,"€81,861.10",0
15770567,Ruiz,French,Female,32.0,3,"€123,502.53",1,Yes,Yes,"€69,826.80",0
15738042,Goliwe,Germany,Male,37.0,8,"€140,894.06",2,Yes,Yes,"€118,059.19",0
15714920,Balashov,Germany,Male,44.0,7,"€163,867.86",1,Yes,Yes,"€112,333.22",0
15782121,Leonard,French,Female,27.0,2,€0.00,2,No,No,"€14,546.76",0
15673180,Onyekaozulu,Germany,Female,18.0,2,"€93,816.70",2,No,No,"€126,172.11",0
15660636,Carpenter,Spain,Female,40.0,8,€0.00,2,No,No,"€3,560.00",0
15664504,Beede,France,Male,35.0,7,€0.00,2,Yes,Yes,"€88,878.15",0
15790322,Beneventi,France,Female,32.0,0,"€114,668.89",1,No,No,"€84,605.00",0
15739847,Sadlier,Germany,Male,38.0,5,"€146,756.68",1,No,No,"€78,268.61",0
15699415,Lewis,French,Female,46.0,6,"€150,213.71",1,No,No,"€120,668.46",1
15665521,Chiazagomekpele,Germany,Male,18.0,5,"€111,183.53",2,Yes,Yes,"€10,063.75",0
15682868,Elliott,French,Female,40.0,9,"€99,816.46",1,Yes,Yes,"€163,989.66",1
15584462,Liang,FRA,Male,34.0,9,€0.00,1,No,No,"€60,584.33",0
15661708,She,French,Female,41.0,5,€0.00,2,Yes,Yes,"€94,170.84",0
15584452,Bozeman,FRA,Male,41.0,6,€0.00,2,No,No,"€167,181.77",0
15717010,Yu,France,Female,60.0,5,€0.00,1,Yes,Yes,"€38,914.51",0
15643828,Teng,France,Male,29.0,7,€0.00,2,Yes,Yes,"€91,196.67",0
15733361,Davide,Germany,Female,45.0,6,"€86,714.06",1,No,No,"€85,869.89",1
15795488,Beneventi,Spain,Male,52.0,2,€0.00,2,No,No,"€57,337.79",0
15581551,Yobachukwu,Spain,Male,41.0,8,"€132,838.07",1,Yes,Yes,"€175,347.28",0
15632051,Douglas,Germany,Female,42.0,10,"€128,707.31",1,No,No,"€63,092.65",1
15780409,Egobudike,FRA,Male,40.0,6,€0.00,2,No,No,"€109,742.55",0
15572767,Shelby,French,Male,29.0,2,€0.00,2,No,No,"€124,489.88",0
15590337,Golubov,French,Male,29.0,6,"€123,192.12",1,Yes,Yes,"€56,971.41",1
15634551,Williamson,Germany,Male,46.0,3,"€115,248.11",4,No,No,"€130,752.01",1
15669290,Fan,FRA,Male,38.0,8,"€59,360.77",1,Yes,Yes,"€191,457.06",0
15621140,Nwebube,Spain,Male,37.0,9,€0.00,2,Yes,Yes,"€96,442.86",0
15613518,Bellucci,France,Female,35.0,6,"€112,668.70",1,Yes,Yes,"€122,584.29",0
15728043,Udinese,Germany,Female,37.0,7,"€138,503.51",2,No,No,"€57,215.85",0
15570073,Marian,Spain,Male,57.0,1,€0.00,1,Yes,Yes,"€195,940.96",0
15777033,Chizoba,French,Male,29.0,7,€0.00,2,Yes,Yes,"€105,448.74",0
15682454,McFarland,France,Female,34.0,3,€0.00,2,Yes,Yes,"€37,870.29",0
15758513,McDonald,FRA,Male,43.0,7,€0.00,2,No,No,"€52,534.81",0
15772604,Chiemezie,Spain,Male,36.0,1,"€157,267.95",2,No,No,"€141,533.19",0
15721715,Fane,FRA,Female,40.0,9,"€133,871.05",1,Yes,Yes,"€50,568.02",0
15688563,Marchesi,Germany,Male,31.0,4,"€141,989.27",2,No,No,"€26,116.82",0
15772009,Scott,France,Female,41.0,5,€0.00,1,Yes,Yes,"€152,054.33",0
15809585,H?,FRA,Male,38.0,7,€0.00,2,No,No,"€1,528.40",0
15593778,Craig,FRA,Female,29.0,3,"€46,388.16",3,No,No,"€127,939.26",1
15655360,Chikelu,Germany,Female,72.0,5,"€148,666.99",1,No,No,"€2,605.65",1
15780909,Caffyn,Germany,Male,34.0,7,"€115,101.50",1,No,No,"€57,841.89",1
15757310,Otitodilichukwu,Germany,Male,67.0,6,"€148,363.38",1,Yes,Yes,"€186,995.17",0
15801411,Green,Spain,Male,46.0,4,€0.00,1,No,No,"€5,549.11",1
15761706,Y?an,Spain,Female,39.0,8,"€144,102.32",1,Yes,Yes,"€11,682.36",0
15658409,Mao,French,Male,41.0,5,"€128,876.71",3,Yes,Yes,"€106,939.34",1
15810010,Dahlenburg,Germany,Male,36.0,6,"€118,448.15",2,No,No,"€53,172.02",0
15627027,Shih,French,Male,39.0,5,€0.00,2,Yes,Yes,"€114,388.98",0
15624374,Maclean,France,Male,28.0,9,€0.00,2,Yes,Yes,"€2,151.17",0
15720083,Fiorentino,Spain,Male,42.0,1,€0.00,2,Yes,Yes,"€183,492.90",0
15752294,Long,French,Female,38.0,9,"€135,979.01",4,Yes,Yes,"€76,582.95",1
15743193,Olson,France,Male,37.0,6,"€117,271.80",2,No,No,"€104,217.96",1
15696733,McKenzie,French,Male,29.0,4,€0.00,1,No,No,"€8,982.75",0
15677522,Rossi,FRA,Male,33.0,1,€0.00,2,No,No,"€9,984.40",0
15643523,Power,Spain,Female,30.0,10,€0.00,2,No,No,"€19,500.10",0
15624936,Yen,FRA,Male,35.0,8,"€129,205.49",1,Yes,Yes,"€79,146.36",0
15716085,Norris,Spain,Female,41.0,8,€0.00,1,No,No,"€191,694.77",1
15641688,Collier,Spain,Male,18.0,7,€0.00,1,Yes,Yes,"€59,645.24",1
15796834,Rivers,Germany,Male,35.0,7,"€104,015.54",2,Yes,Yes,"€55,207.88",0
15720123,Hudson,Spain,Male,37.0,3,€0.00,2,No,No,"€166,177.30",0
15604732,Milani,French,Female,30.0,9,€0.00,2,No,No,"€136,356.97",0
15723484,Hunt,Germany,Female,42.0,1,"€103,873.39",1,No,No,"€148,611.52",0
15807120,Oluchukwu,Germany,Female,52.0,3,"€112,383.03",1,No,No,"€85,516.37",1
15810891,Lorenzo,French,Male,34.0,2,"€117,731.79",2,Yes,Yes,"€55,120.79",0
15640407,Chidiegwu,Germany,Male,45.0,0,"€135,827.33",2,Yes,Yes,"€131,778.58",0
15778838,Warren,FRA,Male,38.0,9,"€114,135.17",1,No,No,"€153,269.98",0
15709256,Glover,France,Female,28.0,9,€0.00,2,Yes,Yes,"€164,864.67",0
15742285,Andersen,France,Male,62.0,6,"€118,756.62",1,Yes,Yes,"€20,367.68",0
15729019,Arcuri,Spain,Male,34.0,8,"€98,382.72",1,No,No,"€39,542.00",0
15608588,Mackinlay,Germany,Male,41.0,2,"€100,520.92",1,Yes,Yes,"€19,412.80",1
15610557,McCarthy,Spain,Female,35.0,7,"€79,858.13",2,Yes,Yes,"€127,977.66",0
15786418,Chiu,France,Female,20.0,6,€0.00,1,Yes,Yes,"€20,508.85",0
15653050,Norriss,Germany,Female,76.0,10,"€95,052.29",1,No,No,"€176,244.87",0
15744914,Moore,Germany,Male,42.0,1,"€177,728.55",1,No,No,"€105,013.63",0
15669611,Mott,FRA,Male,71.0,3,"€83,116.68",1,Yes,Yes,"€27,597.76",0
15594786,Ts'ai,Germany,Male,34.0,7,"€111,565.91",1,Yes,Yes,"€121,073.23",0
15649211,Fokina,Spain,Male,40.0,8,"€83,015.71",1,No,No,"€101,089.76",0
15766066,Nikitina,Germany,Female,28.0,1,"€124,511.01",1,No,No,"€114,258.18",0
15772216,Henry,French,Female,67.0,1,"€130,652.52",1,Yes,Yes,"€22,762.23",0
15619898,Chiefo,FRA,Male,55.0,5,€0.00,2,Yes,Yes,"€7,008.65",0
15724543,Mao,French,Male,61.0,5,€0.00,2,Yes,Yes,"€81,299.17",0
15755084,Bezrukova,French,Male,37.0,7,"€121,854.45",1,No,No,"€147,521.35",0
15730441,Dodd,France,Male,26.0,10,€0.00,2,Yes,Yes,"€6,177.83",0
15666767,Lori,French,Male,35.0,1,"€86,893.28",1,No,No,"€59,374.82",0
15690456,Yudina,Germany,Female,32.0,7,"€79,523.13",1,Yes,Yes,"€157,648.12",0
15570533,Conti,Germany,Female,55.0,7,"€131,033.76",1,Yes,Yes,"€75,685.59",1
15797692,Volkova,France,Female,33.0,7,"€89,939.62",1,No,No,"€136,540.09",0
15603135,Boni,Germany,Female,59.0,3,"€95,727.05",1,No,No,"€97,939.40",1
15698927,Ritchie,FRA,Male,39.0,7,€0.00,2,Yes,Yes,"€36,267.21",0
15687363,McMillan,France,Male,31.0,3,"€155,047.56",2,Yes,Yes,"€186,064.34",0
15733444,Phillips,French,Female,29.0,9,€0.00,2,No,No,"€176,152.70",0
15678057,Lombardi,France,Male,44.0,10,"€118,569.03",2,No,No,"€82,117.20",0
15806918,Ireland,France,Male,28.0,5,€0.00,1,Yes,Yes,"€151,925.25",0
15638247,Boan,Spain,Male,44.0,9,€0.00,2,No,No,"€142,287.65",0
15674833,Shao,France,Female,35.0,1,€0.00,2,No,No,"€36,557.55",0
15812534,Chiemenam,FRA,Male,40.0,1,€0.00,3,Yes,Yes,"€129,975.34",0
15586522,Hunter,Spain,Male,37.0,2,"€130,461.02",1,No,No,"€21,967.15",0
15794297,McKay,France,Male,36.0,1,€0.00,2,No,No,"€53,477.76",0
15737025,Roberts,FRA,Male,33.0,1,€0.00,3,No,No,"€178,067.33",1
15615931,Aitken,French,Female,37.0,4,€0.00,2,Yes,Yes,"€171,039.56",0
15664860,Chao,Spain,Female,47.0,3,€0.00,2,No,No,"€150,802.41",1
15664539,Bruce,Spain,Male,35.0,9,"€61,172.04",1,No,No,"€82,951.12",0
15583692,Chan,Germany,Female,35.0,2,"€90,194.34",2,No,No,"€57,064.57",0
15693131,Watts,France,Female,24.0,3,"€95,508.20",1,Yes,Yes,"€45,755.00",0
15779973,Gibbons,Germany,Male,35.0,3,"€99,967.76",1,Yes,Yes,"€176,882.08",0
15620557,Ni,Spain,Male,37.0,4,"€101,470.29",1,Yes,Yes,"€88,838.14",0
15639549,Jen,Germany,Female,33.0,4,"€70,541.06",1,No,No,"€88,592.80",0
15618750,Phillips,France,Male,31.0,8,"€112,211.61",1,No,No,"€26,261.42",0
15796790,Amaechi,France,Female,47.0,8,"€154,543.98",1,No,No,"€29,586.73",0
15668309,Maslow,FRA,Female,40.0,0,"€111,098.85",1,Yes,Yes,"€172,321.21",1
15732437,Rowley,Germany,Female,44.0,0,"€131,873.07",2,Yes,Yes,"€158,036.72",1
15665158,Chukwuemeka,Spain,Male,27.0,1,"€137,275.36",1,Yes,Yes,"€115,733.16",0
15689322,Bevan,Spain,Male,31.0,3,"€153,316.14",1,No,No,"€59,927.99",0
15596624,Topp,France,Female,22.0,9,€0.00,2,Yes,Yes,"€44,377.65",0
15601977,Burgoyne,Spain,Male,44.0,2,"€121,250.04",1,Yes,Yes,"€79,691.40",0
15801462,Yermakov,FRA,Male,31.0,8,"€109,578.04",2,Yes,Yes,"€51,503.51",0
15566139,Ts'ui,France,Female,37.0,5,"€53,573.18",1,No,No,"€62,830.97",0
15791006,Kodilinyechukwu,Germany,Female,34.0,6,"€58,003.41",1,No,No,"€90,346.10",0
15668057,K?,French,Female,31.0,6,"€113,000.66",1,No,No,"€40,467.82",0
15580805,Marino,France,Male,27.0,10,€0.00,2,No,No,"€51,620.94",0
15658768,Lucas,France,Female,49.0,2,€0.00,1,No,No,"€65,466.93",1
15613048,Anderson,Germany,Female,40.0,5,"€139,973.65",1,Yes,Yes,€667.66,1
15803654,Wei,FRA,Female,31.0,2,"€151,290.16",1,Yes,Yes,"€172,437.12",0
15662337,Baldwin,Germany,Female,50.0,1,"€121,498.11",2,Yes,Yes,"€106,061.47",1
15650924,Foster,Spain,Female,32.0,4,"€103,515.39",2,Yes,Yes,"€177,622.38",0
15647203,Gebhart,French,Female,35.0,3,€0.00,1,No,No,"€191,520.50",0
15682778,Fedorov,FRA,Male,34.0,9,€0.00,2,Yes,Yes,"€95,686.60",0
15579820,Robertson,Spain,Male,38.0,6,"€106,687.76",1,No,No,"€173,776.50",0
15709354,Tudawali,France,Female,41.0,2,€0.00,2,Yes,Yes,"€113,089.43",0
15728480,Iloerika,French,Female,35.0,8,€0.00,2,Yes,Yes,"€149,614.81",0
15641091,Onyemauchechukwu,France,Female,31.0,5,"€106,089.20",1,No,No,"€99,537.68",0
15603111,Muir,Spain,Male,71.0,10,"€69,608.14",1,No,No,"€97,893.40",1
15679693,Walker,French,Male,31.0,5,€0.00,2,Yes,Yes,€90.07,0
15797190,Charlton,Germany,Female,40.0,7,"€96,202.32",1,No,No,"€161,154.85",0
15788025,Tseng,France,Female,38.0,0,€0.00,2,Yes,Yes,€332.81,0
15646168,Ifeatu,Spain,Male,33.0,5,€0.00,2,No,No,"€66,285.18",0
15580493,Chin,France,Male,33.0,1,"€127,818.52",1,No,No,"€163,477.22",0
15726720,Blinova,FRA,Female,40.0,7,€0.00,1,No,No,"€170,332.67",1
15735799,Maconochie,Germany,Male,58.0,3,"€137,318.42",1,Yes,Yes,"€126,144.96",0
15773098,Ch'in,Spain,Male,34.0,5,€0.00,2,No,No,"€53,437.10",0
15668971,Nicholson,French,Female,40.0,4,"€55,776.39",2,No,No,"€26,920.43",0
15603221,Burgess,Germany,Male,32.0,4,"€84,421.62",1,Yes,Yes,"€52,314.71",0
15740043,Young,French,Male,32.0,5,"€83,161.65",1,Yes,Yes,"€116,885.59",0
15712264,Plumb,FRA,Female,39.0,10,€0.00,2,Yes,Yes,"€126,263.97",0
15751926,Trentino,Germany,Male,42.0,3,"€87,807.29",2,Yes,Yes,"€64,613.81",0
15589401,Allen,France,Female,30.0,4,€0.00,2,No,No,"€89,216.29",0
15742019,Benford,France,Female,39.0,6,€0.00,2,No,No,"€83,419.15",0
15660611,Gallo,Spain,Male,39.0,3,€0.00,2,Yes,Yes,"€123,998.52",0
15607634,Cobb,Germany,Male,40.0,9,"€95,293.86",2,Yes,Yes,"€96,985.58",0
15595036,Doherty,Germany,Male,30.0,7,"€92,847.59",1,No,No,"€146,154.06",0
15745794,Cocci,France,Male,30.0,6,€0.00,2,Yes,Yes,"€18,471.86",0
15781689,Macadam,Spain,Male,35.0,5,€0.00,2,No,No,"€95,009.60",0
15696054,Tychonoff,France,Male,37.0,2,€0.00,1,Yes,Yes,"€121,175.86",0
15752467,Johnson,Spain,Male,34.0,3,€0.00,2,Yes,Yes,"€77,047.78",0
15597739,Tu,FRA,Male,37.0,3,€0.00,1,No,No,"€158,049.90",0
15651336,Chidiebere,France,Female,32.0,4,€0.00,2,No,No,"€147,040.25",0
15636061,Pope,Germany,Male,78.0,4,"€68,345.86",2,Yes,Yes,"€142,566.75",0
15723013,Sutherland,Germany,Male,28.0,7,"€76,656.40",2,Yes,Yes,"€185,483.24",0
15784148,Beneventi,France,Male,62.0,9,€0.00,2,No,No,"€155,870.82",0
15578098,Jamieson,France,Male,31.0,8,€0.00,2,Yes,Yes,"€121,555.51",0
15638621,Simmons,Spain,Male,39.0,1,"€60,374.98",1,No,No,"€40,223.74",0
15720924,Chijioke,France,Female,34.0,1,€0.00,1,Yes,Yes,"€75,503.60",0
15566531,Iloerika,Germany,Male,33.0,4,"€88,046.88",1,Yes,Yes,"€186,942.49",1
15718064,Chia,Spain,Male,29.0,2,€0.00,2,No,No,"€117,173.80",0
15605067,Nwachinemelu,FRA,Male,19.0,9,€0.00,2,No,No,"€3,453.40",0
15655335,Becher,FRA,Male,36.0,1,€0.00,2,No,No,"€48,876.84",0
15607301,Romano,Spain,Female,63.0,8,"€129,968.67",1,Yes,Yes,"€11,830.53",0
15694628,Walker,Germany,Female,39.0,4,"€157,731.60",2,No,No,"€162,820.60",0
15607112,Chiawuotu,FRA,Male,32.0,6,€0.00,2,Yes,Yes,"€36,540.63",0
15635775,Watt,FRA,Male,33.0,3,"€89,276.48",1,No,No,"€6,959.00",0
15644280,Udegbunam,France,Male,45.0,4,"€138,825.19",1,No,No,"€10,828.78",0
15708362,Watson,French,Male,63.0,4,"€103,729.79",2,Yes,Yes,"€80,272.06",0
15771997,Bryant,France,Female,31.0,10,"€75,499.24",1,No,No,"€22,184.14",0
15730579,Ward,France,Male,68.0,5,"€169,445.40",1,Yes,Yes,"€186,335.07",0
15728005,Urban,France,Female,57.0,9,"€111,359.55",2,No,No,"€105,715.01",0
15791674,Sutherland,FRA,Female,34.0,10,"€142,388.61",2,Yes,Yes,"€68,393.64",1
15754599,K'ung,France,Male,42.0,4,"€123,311.39",2,Yes,Yes,"€82,868.34",0
15693690,Iweobiegbunam,Spain,Male,52.0,7,"€115,532.52",1,No,No,"€196,257.67",0
15728963,Wei,Germany,Female,51.0,10,"€167,273.71",1,No,No,"€93,439.75",1
15659710,Lascelles,FRA,Male,25.0,5,"€77,886.53",2,No,No,"€150,319.49",0
15658675,Ts'ao,Germany,Male,37.0,6,"€135,795.63",1,Yes,Yes,"€46,523.60",0
15638788,Mack,French,Male,32.0,8,"€97,514.07",1,Yes,Yes,"€199,138.84",0
15609735,Campbell,Germany,Male,51.0,6,"€127,545.56",2,No,No,"€79,559.02",1
15771477,Fiorentini,France,Male,49.0,9,"€106,160.37",1,No,No,"€116,893.87",0
15570145,Long,French,Female,23.0,2,€0.00,2,No,No,"€153,983.99",0
15797149,Lloyd,Spain,Female,36.0,4,"€143,680.47",2,Yes,Yes,"€63,531.19",0
15636912,Sneddon,Spain,Male,38.0,3,"€124,483.53",1,No,No,"€126,253.31",0
15687828,Gorshkov,Spain,Female,31.0,5,"€86,006.30",1,Yes,Yes,"€73,922.95",0
15667424,Forbes,Germany,Female,43.0,7,"€111,094.05",2,Yes,Yes,"€64,679.30",0
15759872,L?,France,Male,22.0,9,€0.00,2,No,No,"€157,072.91",0
15572374,Hopetoun,Spain,Male,36.0,1,€0.00,2,Yes,Yes,"€108,377.82",0
15754926,Lucchesi,France,Female,30.0,6,€0.00,2,No,No,"€88,827.31",0
15687431,Faria,French,Female,41.0,7,"€115,171.71",1,Yes,Yes,"€37,674.47",0
15604515,Yefremov,Germany,Female,22.0,10,"€111,543.26",2,No,No,"€106,327.85",0
15682839,Genovesi,France,Female,57.0,8,"€137,936.94",1,Yes,Yes,"€84,475.13",0
15624677,Marquez,Germany,Female,37.0,3,"€122,304.65",2,No,No,"€33,998.70",0
15646366,Trevisani,Germany,Male,41.0,8,"€120,586.54",1,Yes,Yes,"€20,491.15",0
15701768,Tung,FRA,Male,32.0,3,€0.00,2,Yes,Yes,"€197,827.06",0
15623566,Barnhill,FRA,Male,40.0,9,"€46,520.69",1,Yes,Yes,"€96,687.25",0
15681274,Marshall,Spain,Female,56.0,2,"€105,473.74",1,Yes,Yes,"€46,044.70",0
15762573,Bednall,Spain,Female,34.0,7,€0.00,2,No,No,"€98,949.85",0
15706458,Pan,Germany,Male,39.0,5,"€115,730.71",3,Yes,Yes,"€185,599.34",1
15654222,Ogg,Spain,Male,30.0,3,"€145,396.49",1,Yes,Yes,"€198,341.15",0
15704053,T'ang,Spain,Male,62.0,3,"€131,078.42",2,No,No,"€119,348.76",1
15724321,Baresi,Germany,Female,47.0,9,"€128,298.74",1,No,No,"€149,614.17",1
15621815,Obiajulu,FRA,Female,40.0,6,"€165,526.71",1,No,No,"€12,328.08",0
15724876,McGregor,French,Female,38.0,5,"€83,714.41",1,Yes,Yes,"€33,245.97",0
15696588,Lung,FRA,Female,36.0,3,€0.00,2,Yes,Yes,"€2,243.41",0
15612832,Jamieson,French,Male,32.0,7,"€125,540.05",1,No,No,"€86,786.41",0
15804295,Pinto,France,Male,41.0,2,"€100,254.76",2,Yes,Yes,"€12,706.67",0
15712536,Fallaci,FRA,Female,36.0,3,€0.00,2,No,No,"€41,295.10",1
15662494,Goliwe,Spain,Male,43.0,7,"€138,150.57",1,Yes,Yes,"€177,357.16",0
15807728,Ferri,French,Female,45.0,1,€0.00,1,Yes,Yes,"€190,663.89",1
15764916,Rowley,Germany,Female,43.0,7,"€95,984.21",1,Yes,Yes,"€115,262.54",1
15615330,Tretiakova,FRA,Male,23.0,10,€0.00,2,Yes,Yes,"€170,099.23",0
15638487,She,Germany,Male,38.0,2,"€136,858.42",1,Yes,Yes,"€189,143.94",0
15627859,Nebeolisa,Germany,Male,29.0,7,"€102,609.00",1,No,No,"€163,257.44",0
15622192,Young,Spain,Male,39.0,3,€0.00,2,Yes,Yes,"€95,562.81",0
15789413,Fitzgerald,France,Male,64.0,3,€0.00,2,Yes,Yes,"€75,272.63",0
15583221,Arnold,Germany,Male,70.0,3,"€77,356.92",2,Yes,Yes,"€20,881.96",0
15768495,Chidimma,FRA,Female,32.0,8,"€110,923.15",2,Yes,Yes,"€161,845.81",1
15644103,Wells,Spain,Male,78.0,2,"€151,675.65",1,Yes,Yes,"€49,978.67",0
15741197,Calzada,Spain,Male,22.0,8,€0.00,3,No,No,"€107,292.91",0
15664547,Black,France,Male,37.0,7,€0.00,1,No,No,"€32,863.24",1
15797293,Sopuluchukwu,France,Female,25.0,3,€0.00,2,No,No,"€179,608.96",0
15572021,Ts'ao,Germany,Female,29.0,8,"€80,204.11",2,No,No,"€70,223.22",0
15637461,Ukaegbunam,France,Male,35.0,7,€0.00,2,No,No,"€77,951.84",0
15620577,Wood,France,Male,45.0,4,€0.00,2,Yes,Yes,"€55,043.93",0
15609643,Furneaux,Germany,Male,32.0,9,"€115,587.49",2,Yes,Yes,"€101,677.46",0
15785358,Gresswell,Germany,Male,46.0,8,"€106,968.96",1,Yes,Yes,"€79,366.98",1
15603883,Ch'in,France,Male,36.0,4,€0.00,2,Yes,Yes,"€8,037.03",0
15782550,Ma,Germany,Female,41.0,0,"€139,659.04",1,Yes,Yes,"€176,254.12",0
15775761,Iweobiegbunam,Germany,Female,69.0,5,"€86,038.21",3,No,No,"€192,743.06",1
15680201,Marcelo,Germany,Male,24.0,5,"€102,773.20",2,No,No,"€56,793.02",1
15767594,Azubuike,French,Female,35.0,8,€0.00,2,Yes,Yes,"€187,900.12",0
15591985,Stewart,French,Female,51.0,8,"€70,754.18",1,Yes,Yes,"€92,920.04",1
15789339,Yen,France,Male,59.0,4,"€122,781.51",1,Yes,Yes,"€140,166.95",0
15781530,Hsieh,FRA,Male,21.0,8,€0.00,2,Yes,Yes,"€155,782.89",0
15705174,Chiedozie,Germany,Male,68.0,7,"€153,545.11",1,Yes,Yes,"€186,574.68",0
15572114,Shih,Spain,Male,40.0,1,"€121,629.22",1,Yes,Yes,"€3,258.60",0
15804009,Amechi,Germany,Male,36.0,8,"€167,983.17",2,Yes,Yes,"€106,714.28",0
15662698,Ko,Spain,Female,43.0,7,"€81,153.82",1,Yes,Yes,"€144,532.85",1
15696047,Chimezie,FRA,Male,35.0,6,"€99,760.84",1,Yes,Yes,"€13,591.52",0
15701160,Azubuike,Germany,Female,43.0,4,"€125,890.72",1,Yes,Yes,"€74,854.97",0
15790093,Aguirre,FRA,Female,27.0,2,€0.00,2,No,No,"€125,451.01",0
15632143,Lung,France,Male,31.0,2,"€119,148.55",1,No,No,"€149,740.22",0
15736778,Adams,Germany,Female,60.0,1,"€72,948.58",2,Yes,Yes,"€17,355.36",0
15734917,Castiglione,Germany,Male,21.0,8,"€133,974.36",2,No,No,"€50,294.09",0
15643903,Yao,French,Male,27.0,1,"€154,483.98",1,No,No,"€156,394.74",0
15569526,Morales,FRA,Male,40.0,10,"€98,627.13",2,No,No,"€77,977.69",0
15777067,Thomas,French,Male,64.0,2,"€136,770.67",1,Yes,Yes,"€43,678.06",0
15795511,Vasiliev,Germany,Male,39.0,4,"€95,252.72",1,No,No,"€13,906.34",0
15610419,Chukwueloka,FRA,Male,33.0,3,"€117,413.95",1,Yes,Yes,"€12,766.74",0
15644994,Ko,Germany,Male,54.0,4,"€137,986.58",2,Yes,Yes,"€51,308.54",1
15703707,Atkins,French,Male,44.0,10,"€143,571.52",1,No,No,"€127,444.14",0
15659327,Moffitt,French,Male,49.0,5,"€121,197.64",1,No,No,"€72,577.33",1
15771323,Panicucci,Spain,Male,39.0,5,"€121,626.90",1,Yes,Yes,"€82,438.13",0
15750549,Akobundu,Germany,Male,30.0,1,"€84,440.10",2,Yes,Yes,"€60,485.98",0
15698462,Chiu,FRA,Male,36.0,4,€0.00,2,Yes,Yes,"€132,798.78",0
15739692,Tsui,FRA,Male,42.0,1,€0.00,2,No,No,"€71,823.15",0
15744041,Yobanna,France,Female,26.0,3,"€140,356.70",1,No,No,"€117,144.15",0
15700714,Hollis,France,Male,29.0,7,€0.00,2,Yes,Yes,"€141,706.43",0
15777743,Cattaneo,French,Female,39.0,3,"€92,224.56",1,Yes,Yes,"€54,517.25",0
15623143,Lung,FRA,Female,43.0,9,€0.00,2,No,No,"€183,147.17",0
15712568,Angelo,Spain,Male,40.0,10,"€121,355.99",1,No,No,"€138,360.29",0
15617432,Folliero,Germany,Female,40.0,9,"€109,003.26",1,Yes,Yes,"€79,580.56",0
15650424,Bryant,France,Female,48.0,3,"€147,341.43",1,Yes,Yes,"€157,458.61",1
15728829,Weigel,FRA,Male,18.0,7,"€102,983.91",1,No,No,"€171,770.58",0
15680430,Ajuluchukwu,Germany,Female,49.0,4,"€96,252.98",2,No,No,"€104,263.82",0
15687626,Zhirov,FRA,Male,39.0,4,€0.00,2,No,No,"€167,183.07",1
15609187,Cox,FRA,Female,27.0,5,"€155,879.09",2,No,No,"€70,774.97",0
15609521,Chimaraoke,Germany,Male,34.0,4,"€142,929.16",2,Yes,Yes,"€114,869.56",0
15752626,Genovese,French,Male,32.0,7,"€64,082.09",1,Yes,Yes,"€109,159.58",0
15571756,Ohearn,FRA,Female,28.0,5,€0.00,1,No,No,"€59,351.68",0
15814040,Munroe,France,Female,45.0,1,€0.00,2,Yes,Yes,"€199,657.46",0
15658211,Morrison,Spain,Female,39.0,2,€0.00,2,Yes,Yes,"€121,151.10",0
15742091,Parkhill,Germany,Female,35.0,6,"€118,336.95",1,No,No,"€26,342.33",1
15787168,Y?,Spain,Female,28.0,8,"€168,253.21",1,Yes,Yes,"€102,799.14",0
15772363,Hilton,Germany,Female,42.0,0,"€101,979.16",1,No,No,"€90,928.48",0
15659364,Thompson,Spain,Male,23.0,5,"€164,902.43",1,No,No,"€141,152.28",0
15738980,Yobanna,FRA,Male,43.0,2,€0.00,2,No,No,"€105,568.60",0
15794236,Thorpe,Germany,Male,22.0,10,"€111,812.52",2,Yes,Yes,"€183,045.46",0
15721383,Harvey,Spain,Male,40.0,10,€0.00,2,Yes,Yes,"€194,792.42",0
15652981,Robinson,Germany,Male,30.0,2,"€119,755.00",1,Yes,Yes,"€21,852.91",0
15722731,Manna,France,Male,46.0,0,"€119,556.10",1,No,No,"€78,250.13",1
15640507,Li,Spain,Female,35.0,3,"€119,349.69",3,Yes,Yes,"€47,114.18",1
15578878,Hancock,Spain,Female,30.0,3,"€139,528.23",1,Yes,Yes,"€33,230.37",0
15744295,Hao,France,Male,40.0,1,"€94,773.11",1,No,No,"€114,279.63",0
15776558,Nicholls,French,Male,31.0,1,"€108,345.22",1,Yes,Yes,"€38,802.03",0
15596136,Folliero,France,Female,36.0,9,"€166,939.88",1,Yes,Yes,"€72,504.76",0
15704597,Trumbull,FRA,Male,33.0,7,"€174,571.36",1,Yes,Yes,"€43,943.09",0
15648272,Medvedeva,Spain,Male,35.0,9,"€71,829.34",1,Yes,Yes,"€68,141.92",0
15594915,Crist,French,Female,36.0,8,€0.00,2,Yes,Yes,"€109,179.89",0
15581115,Middleton,France,Female,39.0,9,"€76,769.68",1,No,No,"€48,224.72",0
15763907,Watts,France,Female,39.0,1,"€104,614.29",1,No,No,"€61,538.43",1
15705994,Udinese,Spain,Male,27.0,10,€0.00,1,No,No,"€94,544.88",0
15772421,Tretiakov,Germany,Female,31.0,1,"€128,927.93",1,Yes,Yes,"€2,850.01",0
15711572,O'Kane,Germany,Female,31.0,9,"€110,941.93",2,No,No,"€163,484.80",0
15691170,Vasilyeva,Spain,Female,29.0,10,"€99,250.08",1,Yes,Yes,"€129,629.41",0
15600106,Wei,French,Male,36.0,1,€0.00,2,No,No,"€133,141.34",0
15745431,Chinonyelum,France,Male,34.0,7,€0.00,2,Yes,Yes,"€188,078.55",0
15649508,Chin,Spain,Male,48.0,8,€0.00,2,No,No,"€174,729.30",0
15812611,Lorimer,Spain,Female,30.0,5,€0.00,2,Yes,Yes,"€78,700.03",0
15619699,Yeh,French,Male,31.0,7,€0.00,1,No,No,"€198,269.08",0
15813946,Duffy,Germany,Male,51.0,1,"€104,682.83",1,No,No,"€55,266.96",1
15762762,Onyekachukwu,Germany,Female,45.0,5,"€118,886.55",1,No,No,"€51,636.70",0
15629793,Banks,Spain,Male,28.0,8,"€156,823.70",2,No,No,"€198,251.52",0
15781298,Hughes,Germany,Male,39.0,3,"€124,216.93",1,Yes,Yes,"€171,442.36",0
15622658,Lai,France,Female,26.0,2,"€144,258.52",1,No,No,"€49,778.79",0
15658980,Matthews,Germany,Male,26.0,9,"€128,793.63",1,No,No,"€19,262.05",0
15701936,Bell,Germany,Male,28.0,10,"€126,315.26",1,No,No,"€32,349.29",1
15686917,Tu,Spain,Female,40.0,4,€0.00,2,No,No,"€137,402.27",0
15807312,Hsia,Spain,Male,33.0,5,€0.00,2,Yes,Yes,"€64,038.34",0
15574523,Cheng,France,Male,39.0,1,€0.00,2,Yes,Yes,"€68,814.23",0
15724200,Cheng,French,Male,38.0,1,"€115,341.55",1,Yes,Yes,"€173,632.92",0
15738224,Lin,French,Male,32.0,6,"€99,162.29",1,No,No,"€128,384.11",0
15593283,Higgins,Germany,Female,48.0,1,"€156,848.13",2,Yes,Yes,"€99,475.95",1
15814690,Chukwujekwu,Germany,Female,64.0,2,"€105,736.32",1,Yes,Yes,"€89,935.73",1
15807245,McKay,Germany,Female,41.0,1,"€200,117.76",2,No,No,"€94,142.35",0
15799358,Vincent,French,Female,46.0,6,"€62,212.29",1,Yes,Yes,"€171,681.86",1
15616172,Ubanwa,French,Male,31.0,2,€0.00,2,No,No,"€8,222.96",0
15777958,Ch'ien,France,Male,39.0,10,€0.00,2,Yes,Yes,"€170,409.45",0
15809124,T'ien,FRA,Male,38.0,5,"€151,532.40",1,Yes,Yes,"€46,555.15",0
15616367,Ricci,Germany,Male,39.0,1,"€121,523.51",1,No,No,"€161,655.55",1
15687385,McDowell,France,Male,41.0,5,€0.00,1,Yes,Yes,"€74,267.35",0
15607877,Maclean,Spain,Male,26.0,8,€0.00,2,Yes,Yes,"€34,101.06",0
15736327,Manna,Germany,Female,46.0,1,"€68,238.51",2,Yes,Yes,"€109,572.58",0
15746704,Jibunoh,Spain,Male,30.0,9,"€136,808.53",2,Yes,Yes,"€106,642.97",0
15778304,Fan,Germany,Male,24.0,0,"€92,398.08",1,Yes,Yes,"€18,897.29",0
15588456,Hsieh,France,Female,40.0,5,"€143,566.12",1,Yes,Yes,"€189,607.71",0
15664035,Parsons,Spain,Female,38.0,9,€0.00,2,Yes,Yes,"€148,750.16",0
15596405,Udinese,Spain,Male,25.0,7,"€127,728.24",2,Yes,Yes,"€105,279.74",0
15815097,Root,French,Female,34.0,9,€0.00,2,No,No,"€167,916.35",0
15762708,Chiemezie,Spain,Female,38.0,10,"€119,658.49",1,Yes,Yes,"€8,646.58",0
15776211,Toscani,France,Female,34.0,6,€0.00,2,Yes,Yes,"€124,592.84",0
15626012,Obidimkpa,France,Male,26.0,4,"€149,879.66",1,No,No,"€50,016.17",0
15792077,Degtyaryov,Germany,Male,28.0,8,"€119,859.52",2,No,No,"€125,422.66",0
15718765,Maclean,Spain,Male,43.0,6,"€104,533.24",1,No,No,"€81,123.59",1
15576615,Giordano,Spain,Male,37.0,10,"€145,382.61",1,No,No,"€80,408.59",0
15752650,Saad,Spain,Female,37.0,6,"€121,231.39",1,Yes,Yes,"€146,366.08",0
15797502,Lord,Spain,Male,24.0,2,"€141,078.57",1,Yes,Yes,"€24,402.87",0
15687329,Hope,Germany,Female,32.0,1,"€108,465.65",2,No,No,"€60,552.44",1
15779423,K?,France,Male,39.0,1,"€70,657.61",2,Yes,Yes,"€76,476.05",0
15619514,Bull,Germany,Male,40.0,3,"€120,105.43",1,No,No,"€92,075.01",1
15615430,Adams,Germany,Male,55.0,4,"€129,646.91",1,Yes,Yes,"€184,125.10",1
15716431,Brookes,French,Female,30.0,10,"€191,091.74",2,Yes,Yes,"€96,170.38",0
15798341,Victor,FRA,Male,38.0,8,€0.00,1,Yes,Yes,"€98,208.62",0
15651958,Giles,FRA,Male,27.0,8,€0.00,2,Yes,Yes,"€157,932.75",0
15726179,Ferrari,Germany,Female,43.0,5,"€131,433.33",2,Yes,Yes,"€3,497.43",1
15652999,Milne,Germany,Male,33.0,1,"€137,937.95",1,Yes,Yes,"€51,387.10",0
15691950,Parry,French,Male,49.0,3,€0.00,2,No,No,"€50,123.44",0
15632446,Allan,French,Male,24.0,4,€0.00,2,No,No,"€180,329.83",0
15620936,Warren,FRA,Male,32.0,4,€0.00,2,Yes,Yes,"€13,238.93",0
15587640,Rowntree,FRA,Female,43.0,0,"€93,143.39",1,No,No,"€167,554.86",0
15782231,Andrejew,France,Male,38.0,6,€0.00,2,No,No,"€51,454.06",0
15580462,Corby,Spain,Male,40.0,1,"€112,544.45",1,Yes,Yes,"€19,842.22",0
15736371,Kennedy,French,Female,34.0,3,"€123,034.43",2,Yes,Yes,"€38,315.04",0
15648032,Young,Spain,Male,37.0,2,€0.00,2,Yes,Yes,"€187,816.59",0
15610454,Poole,Germany,Female,33.0,9,"€119,278.44",1,Yes,Yes,"€197,148.24",0
15671358,Fletcher,France,Male,44.0,4,€0.00,2,No,No,"€163,471.01",0
15747130,Tsao,FRA,Male,39.0,7,€0.00,2,Yes,Yes,€653.58,0
15578374,Gilroy,Spain,Male,36.0,7,"€169,312.72",1,No,No,"€45,414.09",0
15572182,Onwuamaeze,Germany,Female,33.0,3,"€106,506.77",3,No,No,"€45,445.78",1
15770041,Manna,Spain,Female,43.0,8,"€128,412.61",1,Yes,Yes,"€139,024.31",0
15669414,Pisano,Germany,Male,62.0,9,"€118,356.89",2,No,No,"€168,034.83",1
15777054,Thorpe,Germany,Male,42.0,3,"€137,479.13",1,No,No,"€25,669.10",0
15621021,Dwyer,Spain,Female,40.0,1,€0.00,2,No,No,"€8,207.36",0
15785490,Okeke,French,Male,50.0,3,"€105,229.72",1,Yes,Yes,"€16,281.68",1
15577695,Zito,France,Male,41.0,2,"€148,088.11",1,No,No,"€14,083.12",0
15686974,Sergeyeva,FRA,Female,48.0,4,€0.00,1,Yes,Yes,"€30,165.06",1
15574584,Fang,France,Male,33.0,8,"€126,679.69",1,Yes,Yes,"€39,451.09",0
15719541,Flannagan,Spain,Male,31.0,2,"€90,826.27",2,No,No,"€60,270.87",0
15646310,Mao,Spain,Male,24.0,8,"€143,582.89",1,Yes,Yes,"€22,527.27",0
15697606,Sturdee,France,Female,21.0,10,"€125,712.20",1,No,No,"€175,072.47",0
15711489,Azikiwe,Spain,Female,32.0,2,€0.00,1,Yes,Yes,"€114,565.35",0
15670427,Chidi,Spain,Male,37.0,4,"€155,187.30",1,No,No,"€48,930.80",0
15731755,Hull,France,Male,49.0,10,€0.00,2,No,No,"€187,008.45",0
15796370,Shah,Spain,Male,40.0,5,"€155,455.43",1,Yes,Yes,"€113,581.85",0
15598331,Morgan,FRA,Female,40.0,9,"€100,480.53",1,No,No,"€124,095.69",0
15704795,Vagin,French,Female,77.0,6,€0.00,2,Yes,Yes,"€49,054.10",0
15796764,Bruno,Germany,Female,56.0,3,"€127,585.98",3,Yes,Yes,"€80,593.49",1
15589420,Osinachi,France,Female,40.0,2,"€101,891.10",1,Yes,Yes,"€183,044.86",0
15810563,Ho,Spain,Female,61.0,8,€0.00,2,Yes,Yes,"€159,938.82",0
15746569,Tsui,France,Male,38.0,4,€0.00,1,No,No,"€95,483.48",1
15811594,Gordon,Spain,Female,28.0,3,"€128,929.88",1,Yes,Yes,"€198,069.71",0
15645896,Duncan,Germany,Male,39.0,6,"€121,681.91",2,Yes,Yes,"€61,793.47",0
15802909,Hu,Germany,Female,56.0,3,"€139,603.22",1,Yes,Yes,"€86,383.61",0
15797665,Docherty,French,Female,27.0,7,€0.00,2,No,No,"€144,099.48",0
15778959,Brookes,French,Female,36.0,10,€0.00,2,Yes,Yes,"€155,641.46",0
15722532,Angelo,Spain,Female,36.0,10,"€91,760.11",1,Yes,Yes,"€135,784.94",0
15784124,Emenike,Germany,Male,41.0,2,"€93,925.30",1,No,No,"€123,982.14",1
15776518,Pugh,France,Female,38.0,4,"€175,739.36",1,Yes,Yes,"€193,130.55",0
15611247,McKenzie,France,Female,28.0,10,€0.00,2,No,No,"€145,215.96",0
15721469,Mach,Germany,Male,45.0,9,"€170,295.04",2,No,No,"€164,741.81",0
15773338,Endrizzi,French,Male,58.0,2,"€101,579.28",1,Yes,Yes,"€72,168.53",0
15784042,L?,France,Male,55.0,7,"€118,793.60",1,Yes,Yes,"€95,022.02",1
15776229,MacPherson,FRA,Male,44.0,3,"€115,282.30",1,No,No,"€23,766.40",0
15655903,Michael,Spain,Female,34.0,6,"€107,980.37",1,Yes,Yes,"€119,374.74",0
15590177,Chiedozie,French,Female,44.0,1,"€133,866.22",1,Yes,Yes,"€139,049.24",0
15568876,Hughes,French,Female,34.0,1,"€102,723.35",2,No,No,"€180,844.81",0
15813140,Taylor,Spain,Male,41.0,5,€0.00,2,Yes,Yes,"€143,980.29",0
15770516,Evdokimov,Spain,Female,44.0,7,"€193,213.02",2,Yes,Yes,"€137,392.77",0
15755731,Davis,Germany,Male,53.0,8,"€117,005.55",1,Yes,Yes,"€123,646.57",1
15574480,Ubanwa,Spain,Male,31.0,1,"€132,862.59",1,No,No,"€158,054.49",0
15798084,Murray,FRA,Male,26.0,0,€0.00,2,No,No,"€105,784.85",0
15673020,Smith,FRA,Female,49.0,3,"€204,510.94",1,Yes,Yes,€738.88,1
15643575,Evseev,Germany,Male,36.0,1,"€65,349.71",1,No,No,"€64,539.64",0
15596811,Mitchell,French,Male,36.0,8,"€139,753.35",1,No,No,"€79,871.16",0
15786789,Ni,French,Female,29.0,6,€0.00,2,Yes,Yes,"€190,776.83",0
15578865,Palerma,Germany,Female,50.0,5,"€107,959.39",1,Yes,Yes,"€6,985.34",1
15605672,Yuan,FRA,Female,38.0,5,"€195,926.39",1,Yes,Yes,"€85,522.84",0
15603674,Knight,French,Male,36.0,1,€0.00,2,Yes,Yes,"€149,370.93",0
15759915,Rapuokwu,France,Female,31.0,6,"€87,772.52",1,No,No,"€188,516.45",0
15686219,Wan,French,Male,38.0,4,"€71,018.60",2,No,No,"€2,444.29",0
15696388,Artamonova,Germany,Male,38.0,4,"€111,096.91",1,Yes,Yes,"€19,762.88",0
15713604,Rossi,Germany,Male,40.0,9,"€166,776.60",2,Yes,Yes,"€172,646.88",0
15647800,Greco,France,Female,34.0,6,"€101,266.51",1,No,No,"€33,501.98",0
15813451,Fleetwood-Smith,Spain,Male,18.0,8,"€134,796.87",2,Yes,Yes,"€114,858.90",0
15765375,Butusov,FRA,Female,46.0,8,€0.00,1,No,No,"€162,668.33",0
15774586,West,Germany,Female,43.0,10,"€118,588.83",1,Yes,Yes,"€161,241.65",1
15603454,Sanders,Germany,Male,28.0,5,"€160,454.15",2,Yes,Yes,"€114,957.22",0
15653037,Parks,FRA,Male,77.0,1,€0.00,1,Yes,Yes,"€18,708.76",0
15782475,Edith,France,Female,42.0,8,€0.00,2,Yes,Yes,"€105,305.72",0
15593496,Korovin,Spain,Female,36.0,5,"€91,132.18",1,No,No,"€58,111.71",0
15808971,Lajoie,Spain,Female,57.0,9,€0.00,2,Yes,Yes,"€135,502.77",0
15791972,Bergamaschi,French,Female,20.0,7,€0.00,2,No,No,"€10,792.42",0
15676869,T'ien,Spain,Male,36.0,8,€0.00,2,Yes,Yes,"€123,866.43",0
15683007,Torode,Germany,Female,25.0,5,"€113,113.12",1,No,No,"€129,181.27",0
15659495,Fu,Spain,Male,23.0,2,€0.00,1,Yes,Yes,"€6,847.73",0
15703923,Cameron,Germany,Male,41.0,7,"€190,409.34",2,Yes,Yes,"€138,361.48",0
15674000,Cattaneo,French,Male,44.0,10,€0.00,2,Yes,Yes,"€166,707.22",0
15618171,James,French,Female,33.0,9,€0.00,2,Yes,Yes,"€107,221.03",0
15732202,Abramovich,French,Male,34.0,1,"€83,503.11",2,Yes,Yes,"€73,124.53",1
15735078,Onwughara,Germany,Female,53.0,1,"€139,687.66",2,Yes,Yes,"€12,913.92",0
15798615,Wan,FRA,Female,47.0,9,"€137,301.87",1,No,No,"€44,351.77",0
15638494,Salinas,Germany,Female,39.0,10,"€129,845.26",1,Yes,Yes,"€96,444.88",0
15763874,Ho,Spain,Male,46.0,8,€0.00,2,Yes,Yes,"€60,739.16",0
15696355,Cleveland,Germany,Male,37.0,6,"€125,489.40",1,No,No,"€118,570.53",0
15655952,Burke,France,Male,47.0,2,€0.00,2,Yes,Yes,"€97,057.28",0
15739850,Trentino,France,Male,45.0,6,"€155,417.61",1,Yes,Yes,"€3,449.22",0
15611338,Kashiwagi,Spain,Male,29.0,4,€0.00,2,Yes,Yes,"€37,605.90",0
15707861,Nucci,France,Female,46.0,10,"€85,216.61",1,No,No,"€117,369.52",1
15672237,Oluchi,France,Male,25.0,1,€0.00,1,No,No,"€100,598.98",0
15657771,Ts'ui,FRA,Male,37.0,6,€0.00,1,Yes,Yes,"€17,802.42",0
15677783,Graham,Spain,Male,38.0,4,"€113,607.47",1,No,No,"€91,094.46",0
15681026,Lucciano,Germany,Female,33.0,9,"€104,552.72",1,Yes,Yes,"€120,853.83",1
15566543,Aldridge,Spain,Male,44.0,9,€0.00,2,No,No,"€107,124.17",0
15594612,Flynn,Spain,Male,44.0,9,€0.00,1,No,No,"€59,207.41",1
15814664,Scott,Germany,Male,33.0,2,"€126,524.11",1,No,No,"€136,869.31",0
15642785,Douglas,French,Male,34.0,5,"€117,593.48",2,No,No,"€113,308.29",0
15690164,Shao,Germany,Female,33.0,4,"€83,199.05",1,No,No,"€159,334.93",0
15590213,Ch'en,Spain,Male,35.0,4,"€125,920.98",1,Yes,Yes,"€20,393.44",0
15603794,Pugliesi,French,Male,48.0,5,"€118,469.38",1,Yes,Yes,"€158,590.25",0
15733491,McGregor,Germany,Female,40.0,8,"€153,537.57",2,No,No,"€23,101.13",0
15806360,Hou,FRA,Male,41.0,6,€0.00,1,Yes,Yes,"€112,585.19",0
15587133,Thompson,FRA,Male,42.0,7,"€151,027.05",2,No,No,"€119,377.36",0
15721377,Chou,FRA,Female,34.0,3,"€144,751.81",1,No,No,"€166,472.81",0
15747927,Ch'in,FRA,Male,26.0,4,"€155,739.76",1,No,No,"€171,552.02",0
15806455,Miller,FRA,Male,27.0,7,€0.00,2,Yes,Yes,"€157,474.10",0
15695474,Barker,FRA,Male,33.0,7,"€122,531.86",1,No,No,"€13,549.24",0
15666295,Smith,Germany,Male,50.0,1,"€113,957.01",2,No,No,"€196,526.55",1
15656062,Azikiwe,France,Female,33.0,7,"€103,377.81",1,No,No,"€84,419.78",0
15579969,Mancini,FRA,Female,32.0,9,€0.00,2,Yes,Yes,"€24,991.92",0
15703563,P'eng,French,Male,40.0,9,"€93,017.47",2,No,No,"€191,608.97",0
15692664,Diribe,France,Female,58.0,1,"€90,022.85",1,Yes,Yes,"€2,988.28",0
15719276,T'ao,Spain,Male,35.0,6,"€74,371.49",1,No,No,"€99,595.67",0
15672754,Burbidge,Germany,Male,42.0,3,"€152,039.70",1,Yes,Yes,"€53,445.17",1
15768163,Griffin,Germany,Female,46.0,7,"€137,145.12",1,No,No,"€115,146.40",1
15656710,Cocci,FRA,Male,40.0,4,€0.00,1,No,No,"€151,325.24",0
15696175,Echezonachukwu,Germany,Male,35.0,7,"€90,602.42",2,Yes,Yes,"€51,695.41",0
15586914,Nepean,French,Male,36.0,6,"€123,841.49",2,No,No,"€96,833.00",0
15581736,Bartlett,Germany,Male,47.0,1,"€183,579.54",2,Yes,Yes,"€34,047.54",0
15588839,Mancini,Spain,Male,30.0,8,"€180,307.73",2,Yes,Yes,"€1,914.41",0
15589329,Pirozzi,France,Male,30.0,4,€0.00,2,No,No,"€49,337.84",0
15605622,McMillan,Spain,Male,28.0,4,€0.00,2,Yes,Yes,"€179,436.60",0
15798964,Nkemakonam,Germany,Male,33.0,3,"€35,016.60",1,No,No,"€53,667.08",0
15769959,Ajuluchukwu,France,Female,53.0,4,"€88,381.21",1,No,No,"€69,384.71",1
15657105,Chukwualuka,Spain,Male,36.0,2,€0.00,1,No,No,"€195,192.40",0
15569266,Rahman,FRA,Male,28.0,7,"€155,060.41",1,No,No,"€29,179.52",0
15719294,Wood,France,Female,29.0,2,€0.00,2,No,No,"€167,773.55",0
15606229,Obijiaku,France,Male,39.0,5,€0.00,2,No,No,"€96,270.64",0
15569892,Johnstone,French,Male,35.0,10,"€57,369.61",1,Yes,Yes,"€101,699.77",0
15584532,Liu,FRA,Female,36.0,7,€0.00,1,Yes,Yes,"€42,085.58",1
15682355,Sabbatini,Germany,Male,42.0,3,"€75,075.31",2,No,No,"€92,888.52",1
15628319,Walker,French,Female,28.0,4,"€130,142.79",1,No,No,"€38,190.78",0
15628319,Walker,French,Female,28.0,4,"€130,142.79",1,No,No,"€38,190.78",0
15628319,Walker,French,Female,28.0,4,"€130,142.79",1,No,No,"€38,190.78",0
15628319,Walker,French,Female,28.0,4,"€130,142.79",1,No,No,"€38,190.78",0
